<?xml version="1.0" encoding="UTF-8" ?><!DOCTYPE dokumente SYSTEM "http://www.gesetze-im-internet.de/dtd/1.01/gii-norm.dtd">
<dokumente builddate="20231107213502" doknr="BJNR295910021"><norm builddate="20231107213502" doknr="BJNR295910021"><metadaten><jurabk>LkSG</jurabk><amtabk>LkSG</amtabk><ausfertigung-datum manuell="ja">2021-07-16</ausfertigung-datum><fundstelle typ="amtlich"><periodikum>BGBl I</periodikum><zitstelle>2021, 2959</zitstelle></fundstelle><kurzue>Lieferkettensorgfaltspflichtengesetz</kurzue><langue>Gesetz über die unternehmerischen Sorgfaltspflichten zur Vermeidung von Menschenrechtsverletzungen in Lieferketten</langue></metadaten><textdaten><fussnoten><Content><P><BR/> <pre xml:space="preserve">(+++ Textnachweis ab: 23.7.2021 +++)<BR/><BR/></pre>Das G wurde als Artikel 1 des G v. 16.7.2021 I 2595 vom Bundestag beschlossen.  Es tritt gem. Art. 5 Abs. 1 dieses G am 1.1.2023 in Kraft. § 13 Abs. 3, § 14 Abs. 2 und die §§ 19 bis 21 treten gem. Art. 5 Abs. 2 am 23.7.2021 in Kraft.</P></Content></fussnoten></textdaten></norm>
<norm builddate="20231107213502" doknr="BJNR295910021BJNG000101000"><metadaten><jurabk>LkSG</jurabk><gliederungseinheit><gliederungskennzahl>010</gliederungskennzahl><gliederungsbez>Abschnitt 1</gliederungsbez><gliederungstitel>Allgemeine Bestimmungen</gliederungstitel></gliederungseinheit></metadaten><textdaten/></norm>
<norm builddate="20231107213502" doknr="BJNR295910021BJNE000101000"><metadaten><jurabk>LkSG</jurabk><enbez>§ 1</enbez><titel format="XML">Anwendungsbereich</titel></metadaten><textdaten><text format="XML"><Content><P>(1) Dieses Gesetz ist anzuwenden auf Unternehmen ungeachtet ihrer Rechtsform, die <DL Type="arabic"><DT>1.</DT><DD Font="normal"><LA>ihre Hauptverwaltung, ihre Hauptniederlassung, ihren Verwaltungssitz oder ihren satzungsmäßigen Sitz im Inland haben und</LA></DD><DT>2.</DT><DD Font="normal"><LA>in der Regel mindestens 3 000 Arbeitnehmer im Inland beschäftigen; ins Ausland entsandte Arbeitnehmer sind erfasst.</LA></DD></DL>Abweichend von Satz 1 Nummer 1 ist dieses Gesetz auch anzuwenden auf Unternehmen ungeachtet ihrer Rechtsform, die <DL Type="arabic"><DT>1.</DT><DD Font="normal"><LA>eine Zweigniederlassung gemäß § 13d des Handelsgesetzbuchs im Inland haben und</LA></DD><DT>2.</DT><DD Font="normal"><LA>in der Regel mindestens 3 000 Arbeitnehmer im Inland beschäftigen.</LA></DD></DL>Ab dem 1. Januar 2024 betragen die in Satz 1 Nummer 2 und Satz 2 Nummer 2 vorgesehenen Schwellenwerte jeweils 1 000 Arbeitnehmer.</P><P>(2) Leiharbeitnehmer sind bei der Berechnung der Arbeitnehmerzahl (Absatz 1 Satz 1 Nummer 2 und Satz 2 Nummer 2) des Entleihunternehmens zu berücksichtigen, wenn die Einsatzdauer sechs Monate übersteigt.</P><P>(3) Innerhalb von verbundenen Unternehmen (§ 15 des Aktiengesetzes) sind die im Inland beschäftigten Arbeitnehmer sämtlicher konzernangehöriger Gesellschaften bei der Berechnung der Arbeitnehmerzahl (Absatz 1 Satz 1 Nummer 2) der Obergesellschaft zu berücksichtigen; ins Ausland entsandte Arbeitnehmer sind erfasst.</P></Content></text></textdaten></norm>
<norm builddate="20231107213502" doknr="BJNR295910021BJNE000200000"><metadaten><jurabk>LkSG</jurabk><enbez>§ 2</enbez><titel format="XML">Begriffsbestimmungen</titel></metadaten><textdaten><text format="XML"><Content><P>(1) Geschützte Rechtspositionen im Sinne dieses Gesetzes sind solche, die sich aus den in den Nummern 1 bis 11 der Anlage aufgelisteten Übereinkommen zum Schutz der Menschenrechte ergeben.</P><P>(2) Ein menschenrechtliches Risiko im Sinne dieses Gesetzes ist ein Zustand, bei dem aufgrund tatsächlicher Umstände mit hinreichender Wahrscheinlichkeit ein Verstoß gegen eines der folgenden Verbote droht: <DL Type="arabic"><DT>1.</DT><DD Font="normal"><LA>das Verbot der Beschäftigung eines Kindes unter dem Alter, mit dem nach dem Recht des Beschäftigungsortes die Schulpflicht endet, wobei das Beschäftigungsalter 15 Jahre nicht unterschreiten darf; dies gilt nicht, wenn das Recht des Beschäftigungsortes hiervon in Übereinstimmung mit Artikel 2 Absatz 4 sowie den Artikeln 4 bis 8 des Übereinkommens Nr. 138 der Internationalen Arbeitsorganisation vom 26. Juni 1973 über das Mindestalter für die Zulassung zur Beschäftigung (BGBl. 1976 II S. 201, 202) abweicht;</LA></DD><DT>2.</DT><DD Font="normal"><LA>das Verbot der schlimmsten Formen der Kinderarbeit für Kinder unter 18 Jahren; dies umfasst gemäß Artikel 3 des Übereinkommens Nr. 182 der Internationalen Arbeitsorganisation vom 17. Juni 1999 über das Verbot und unverzügliche Maßnahmen zur Beseitigung der schlimmsten Formen der Kinderarbeit (BGBl. 2001 II S. 1290, 1291): <DL Type="alpha"><DT>a)</DT><DD Font="normal"><LA>alle Formen der Sklaverei oder alle sklavereiähnlichen Praktiken, wie den Verkauf von Kindern und den Kinderhandel, Schuldknechtschaft und Leibeigenschaft sowie Zwangs- oder Pflichtarbeit, einschließlich der Zwangs- oder Pflichtrekrutierung von Kindern für den Einsatz in bewaffneten Konflikten,</LA></DD><DT>b)</DT><DD Font="normal"><LA>das Heranziehen, Vermitteln oder Anbieten eines Kindes zur Prostitution, zur Herstellung von Pornographie oder zu pornographischen Darbietungen,</LA></DD><DT>c)</DT><DD Font="normal"><LA>das Heranziehen, Vermitteln oder Anbieten eines Kindes zu unerlaubten Tätigkeiten, insbesondere zur Gewinnung von und zum Handel mit Drogen,</LA></DD><DT>d)</DT><DD Font="normal"><LA>Arbeit, die ihrer Natur nach oder aufgrund der Umstände, unter denen sie verrichtet wird, voraussichtlich für die Gesundheit, die Sicherheit oder die Sittlichkeit von Kindern schädlich ist;</LA></DD></DL></LA></DD><DT>3.</DT><DD Font="normal"><LA>das Verbot der Beschäftigung von Personen in Zwangsarbeit; dies umfasst jede Arbeitsleistung oder Dienstleistung, die von einer Person unter Androhung von Strafe verlangt wird und für die sie sich nicht freiwillig zur Verfügung gestellt hat, etwa in Folge von Schuldknechtschaft oder Menschenhandel; ausgenommen von der Zwangsarbeit sind Arbeits- oder Dienstleistungen, die mit Artikel 2 Absatz 2 des Übereinkommens Nr. 29 der Internationalen Arbeitsorganisation vom 28. Juni 1930 über Zwangs-oder Pflichtarbeit (BGBl. 1956 II S. 640, 641) oder mit Artikel 8 Buchstabe b und c des Internationen Paktes vom 19. Dezember 1966 über bürgerliche und politische Rechte (BGBl. 1973 II S. 1533, 1534) vereinbar sind;</LA></DD><DT>4.</DT><DD Font="normal"><LA>das Verbot aller Formen der Sklaverei, sklavenähnlicher Praktiken, Leibeigenschaft oder anderer Formen von Herrschaftsausübung oder Unterdrückung im Umfeld der Arbeitsstätte, etwa durch extreme wirtschaftliche oder sexuelle Ausbeutung und Erniedrigungen;</LA></DD><DT>5.</DT><DD Font="normal"><LA>das Verbot der Missachtung der nach dem Recht des Beschäftigungsortes geltenden Pflichten des Arbeitsschutzes, wenn hierdurch die Gefahr von Unfällen bei der Arbeit oder arbeitsbedingte Gesundheitsgefahren entstehen, insbesondere durch: <DL Type="alpha"><DT>a)</DT><DD Font="normal"><LA>offensichtlich ungenügende Sicherheitsstandards bei der Bereitstellung und der Instandhaltung der Arbeitsstätte, des Arbeitsplatzes und der Arbeitsmittel,</LA></DD><DT>b)</DT><DD Font="normal"><LA>das Fehlen geeigneter Schutzmaßnahmen, um Einwirkungen durch chemische, physikalische oder biologische Stoffe zu vermeiden,</LA></DD><DT>c)</DT><DD Font="normal"><LA>das Fehlen von Maßnahmen zur Verhinderung übermäßiger körperlicher und geistiger Ermüdung, insbesondere durch eine ungeeignete Arbeitsorganisation in Bezug auf Arbeitszeiten und Ruhepausen oder</LA></DD><DT>d)</DT><DD Font="normal"><LA>die ungenügende Ausbildung und Unterweisung von Beschäftigten;</LA></DD></DL></LA></DD><DT>6.</DT><DD Font="normal"><LA>das Verbot der Missachtung der Koalitionsfreiheit, nach der <DL Type="alpha"><DT>a)</DT><DD Font="normal"><LA>Arbeitnehmer sich frei zu Gewerkschaften zusammenzuschließen oder diesen beitreten können,</LA></DD><DT>b)</DT><DD Font="normal"><LA>die Gründung, der Beitritt und die Mitgliedschaft zu einer Gewerkschaft nicht als Grund für ungerechtfertigte Diskriminierungen oder Vergeltungsmaßnahmen genutzt werden dürfen,</LA></DD><DT>c)</DT><DD Font="normal"><LA>Gewerkschaften sich frei und in Übereinstimmung mit dem Recht des Beschäftigungsortes betätigen dürfen; dieses umfasst das Streikrecht und das Recht auf Kollektivverhandlungen;</LA></DD></DL></LA></DD><DT>7.</DT><DD Font="normal"><LA>das Verbot der Ungleichbehandlung in Beschäftigung, etwa aufgrund von nationaler und ethnischer Abstammung, sozialer Herkunft, Gesundheitsstatus, Behinderung, sexueller Orientierung, Alter, Geschlecht, politischer Meinung, Religion oder Weltanschauung, sofern diese nicht in den Erfordernissen der Beschäftigung begründet ist; eine Ungleichbehandlung umfasst insbesondere die Zahlung ungleichen Entgelts für gleichwertige Arbeit;</LA></DD><DT>8.</DT><DD Font="normal"><LA>das Verbot des Vorenthaltens eines angemessenen Lohns; der angemessene Lohn ist mindestens der nach dem anwendbaren Recht festgelegte Mindestlohn und bemisst sich ansonsten nach dem Recht des Beschäftigungsortes;</LA></DD><DT>9.</DT><DD Font="normal"><LA>das Verbot der Herbeiführung einer schädlichen Bodenveränderung, Gewässerverunreinigung, Luftverunreinigung, schädlichen Lärmemission oder eines übermäßigen Wasserverbrauchs, die <DL Type="alpha"><DT>a)</DT><DD Font="normal"><LA>die natürlichen Grundlagen zum Erhalt und der Produktion von Nahrung erheblich beeinträchtigt,</LA></DD><DT>b)</DT><DD Font="normal"><LA>einer Person den Zugang zu einwandfreiem Trinkwasser verwehrt,</LA></DD><DT>c)</DT><DD Font="normal"><LA>einer Person den Zugang zu Sanitäranlagen erschwert oder zerstört oder</LA></DD><DT>d)</DT><DD Font="normal"><LA>die Gesundheit einer Person schädigt;</LA></DD></DL></LA></DD><DT>10.</DT><DD Font="normal"><LA>das Verbot der widerrechtlichen Zwangsräumung und das Verbot des widerrechtlichen Entzugs von Land, von Wäldern und Gewässern bei dem Erwerb, der Bebauung oder anderweitigen Nutzung von Land, Wäldern und Gewässern, deren Nutzung die Lebensgrundlage einer Person sichert;</LA></DD><DT>11.</DT><DD Font="normal"><LA>das Verbot der Beauftragung oder Nutzung privater oder öffentlicher Sicherheitskräfte zum Schutz des unternehmerischen Projekts, wenn aufgrund mangelnder Unterweisung oder Kontrolle seitens des Unternehmens bei dem Einsatz der Sicherheitskräfte <DL Type="alpha"><DT>a)</DT><DD Font="normal"><LA>das Verbot von Folter und grausamer, unmenschlicher oder erniedrigender Behandlung missachtet wird,</LA></DD><DT>b)</DT><DD Font="normal"><LA>Leib oder Leben verletzt werden oder</LA></DD><DT>c)</DT><DD Font="normal"><LA>die Vereinigungs- und Koalitionsfreiheit beeinträchtigt werden;</LA></DD></DL></LA></DD><DT>12.</DT><DD Font="normal"><LA>das Verbot eines über die Nummern 1 bis 11 hinausgehenden Tuns oder pflichtwidrigen Unterlassens, das unmittelbar geeignet ist, in besonders schwerwiegender Weise eine geschützte Rechtsposition zu beeinträchtigen und dessen Rechtswidrigkeit bei verständiger Würdigung aller in Betracht kommenden Umstände offensichtlich ist.</LA></DD></DL></P><P>(3) Ein umweltbezogenes Risiko im Sinne dieses Gesetzes ist ein Zustand, bei dem auf Grund tatsächlicher Umstände mit hinreichender Wahrscheinlichkeit ein Verstoß gegen eines der folgenden Verbote droht: <DL Type="arabic"><DT>1.</DT><DD Font="normal"><LA>das Verbot der Herstellung von mit Quecksilber versetzten Produkten gemäß Artikel 4 Absatz 1 und Anlage A Teil I des Übereinkommens von Minamata vom 10. Oktober 2013 über Quecksilber (BGBl. 2017 II S. 610, 611) (Minamata-Übereinkommen);</LA></DD><DT>2.</DT><DD Font="normal"><LA>das Verbot der Verwendung von Quecksilber und Quecksilberverbindungen bei Herstellungsprozessen im Sinne des Artikels 5 Absatz 2 und Anlage B Teil I des Minamata-Übereinkommens ab dem für die jeweiligen Produkte und Prozesse im Übereinkommen festgelegten Ausstiegsdatum;</LA></DD><DT>3.</DT><DD Font="normal"><LA>das Verbot der Behandlung von Quecksilberabfällen entgegen den Bestimmungen des Artikels 11 Absatz 3 des Minamata-Übereinkommens;</LA></DD><DT>4.</DT><DD Font="normal"><LA>das Verbot der Produktion und Verwendung von Chemikalien nach Artikel 3 Absatz 1 Buchstabe a und Anlage A des Stockholmer Übereinkommens vom 23. Mai 2001 über persistente organische Schadstoffe (BGBl. 2002 II S. 803, 804) (POPs-Übereinkommen), zuletzt geändert durch den Beschluss vom 6. Mai 2005 (BGBl. 2009 II S. 1060, 1061), in der Fassung der Verordnung (EU) 2019/1021 des Europäischen Parlaments und des Rates vom 20. Juni 2019 über persistente organische Schadstoffe (ABl. L 169 vom 26.5.2019, S. 45), die zuletzt durch die Delegierte Verordnung (EU) 2021/277 der Kommission vom 16. Dezember 2020 (ABl. L 62 vom 23.2.2021, S. 1) geändert worden ist;</LA></DD><DT>5.</DT><DD Font="normal"><LA>das Verbot der nicht umweltgerechten Handhabung, Sammlung, Lagerung und Entsorgung von Abfällen nach den Regelungen, die in der anwendbaren Rechtsordnung nach den Maßgaben des Artikels 6 Absatz 1 Buchstabe d Ziffer i und ii des POPs-Übereinkommens gelten;</LA></DD><DT>6.</DT><DD Font="normal"><LA>das Verbot der Ausfuhr gefährlicher Abfälle im Sinne des Artikel 1 Absatz 1 und anderer Abfälle im Sinne des Artikel 1 Absatz 2 des Basler Übereinkommens über die Kontrolle der grenzüberschreitenden Verbringung gefährlicher Abfälle und ihrer Entsorgung vom 22. März 1989 (BGBl. 1994 II S. 2703, 2704) (Basler Übereinkommen), zuletzt geändert durch die Dritte Verordnung zur Änderung von Anlagen zum Basler Übereinkommen vom 22. März 1989 vom 6. Mai 2014 (BGBl. II S. 306, 307), und im Sinne der Verordnung (EG) Nr. 1013/2006 des Europäischen Parlaments und des Rates vom 14. Juni 2006 über die Verbringung von Abfällen (ABl. L 190 vom 12.7.2006, S. 1) (Verordnung (EG) Nr. 1013/2006), die zuletzt durch die Delegierte Verordnung (EU) 2020/2174 der Kommission vom 19. Oktober 2020 (ABl. L 433 vom 22.12.2020, S. 11) geändert worden ist <DL Type="alpha"><DT>a)</DT><DD Font="normal"><LA>in eine Vertragspartei, die die Einfuhr solcher gefährlichen und anderer Abfälle verboten hat (Artikel 4 Absatz 1 Buchstabe b des Basler Übereinkommens),</LA></DD><DT>b)</DT><DD Font="normal"><LA>in einen Einfuhrstaat im Sinne des Artikel 2 Nummer 11 des Basler Übereinkommens, der nicht seine schriftliche Einwilligung zu der bestimmten Einfuhr gegeben hat, wenn dieser Einfuhrstaat die Einfuhr dieser gefährlichen Abfälle nicht verboten hat (Artikel 4 Absatz 1 Buchstabe c des Basler Übereinkommens),</LA></DD><DT>c)</DT><DD Font="normal"><LA>in eine Nichtvertragspartei des Basler Übereinkommens (Artikel 4 Absatz 5 des Basler Übereinkommens),</LA></DD><DT>d)</DT><DD Font="normal"><LA>in einen Einfuhrstaat, wenn solche gefährlichen Abfälle oder andere Abfälle in diesem Staat oder anderswo nicht umweltgerecht behandelt werden (Artikel 4 Absatz 8 Satz 1 des Basler Übereinkommens);</LA></DD></DL></LA></DD><DT>7.</DT><DD Font="normal"><LA>das Verbot der Ausfuhr gefährlicher Abfälle von in Anlage VII des Basler Übereinkommens aufgeführten Staaten in Staaten, die nicht in Anlage VII aufgeführt sind (Artikel 4A des Basler Übereinkommens, Artikel 36 der Verordnung (EG) Nr. 1013/2006) sowie</LA></DD><DT>8.</DT><DD Font="normal"><LA>das Verbot der Einfuhr gefährlicher Abfälle und anderer Abfälle aus einer Nichtvertragspartei des Basler Übereinkommens (Artikel 4 Absatz 5 des Basler Übereinkommens).</LA></DD></DL></P><P>(4) Eine Verletzung einer menschenrechtsbezogenen Pflicht im Sinne dieses Gesetzes ist der Verstoß gegen ein in Absatz 2 Nummer 1 bis 12 genanntes Verbot. Eine Verletzung einer umweltbezogenen Pflicht im Sinne dieses Gesetzes ist der Verstoß gegen ein in Absatz 3 Nummer 1 bis 8 genanntes Verbot.</P><P>(5) Die Lieferkette im Sinne dieses Gesetzes bezieht sich auf alle Produkte und Dienstleistungen eines Unternehmens. Sie umfasst alle Schritte im In- und Ausland, die zur Herstellung der Produkte und zur Erbringung der Dienstleistungen erforderlich sind, angefangen von der Gewinnung der Rohstoffe bis zu der Lieferung an den Endkunden und erfasst <DL Type="arabic"><DT>1.</DT><DD Font="normal"><LA>das Handeln eines Unternehmens im eigenen Geschäftsbereich,</LA></DD><DT>2.</DT><DD Font="normal"><LA>das Handeln eines unmittelbaren Zulieferers und</LA></DD><DT>3.</DT><DD Font="normal"><LA>das Handeln eines mittelbaren Zulieferers.</LA></DD></DL></P><P>(6) Der eigene Geschäftsbereich im Sinne dieses Gesetzes erfasst jede Tätigkeit des Unternehmens zur Erreichung des Unternehmensziels. Erfasst ist damit jede Tätigkeit zur Herstellung und Verwertung von Produkten und zur Erbringung von Dienstleistungen, unabhängig davon, ob sie an einem Standort im In- oder Ausland vorgenommen wird. In verbundenen Unternehmen zählt zum eigenen Geschäftsbereich der Obergesellschaft eine konzernangehörige Gesellschaft, wenn die Obergesellschaft auf die konzernangehörige Gesellschaft einen bestimmenden Einfluss ausübt.</P><P>(7) Unmittelbarer Zulieferer im Sinne dieses Gesetzes ist ein Partner eines Vertrages über die Lieferung von Waren oder die Erbringung von Dienstleistungen, dessen Zulieferungen für die Herstellung des Produktes des Unternehmens oder zur Erbringung und Inanspruchnahme der betreffenden Dienstleistung notwendig sind.</P><P>(8) Mittelbarer Zulieferer im Sinne dieses Gesetzes ist jedes Unternehmen, das kein unmittelbarer Zulieferer ist und dessen Zulieferungen für die Herstellung des Produktes des Unternehmens oder zur Erbringung und Inanspruchnahme der betreffenden Dienstleistung notwendig sind.</P></Content></text></textdaten></norm>
<norm builddate="20231107213502" doknr="BJNR295910021BJNG000201000"><metadaten><jurabk>LkSG</jurabk><gliederungseinheit><gliederungskennzahl>020</gliederungskennzahl><gliederungsbez>Abschnitt 2</gliederungsbez><gliederungstitel>Sorgfaltspflichten</gliederungstitel></gliederungseinheit></metadaten><textdaten/></norm>
<norm builddate="20231107213502" doknr="BJNR295910021BJNE000301000"><metadaten><jurabk>LkSG</jurabk><enbez>§ 3</enbez><titel format="XML">Sorgfaltspflichten</titel></metadaten><textdaten><text format="XML"><Content><P>(1) Unternehmen sind dazu verpflichtet, in ihren Lieferketten die in diesem Abschnitt festgelegten menschenrechtlichen und umweltbezogenen Sorgfaltspflichten in angemessener Weise zu beachten mit dem Ziel, menschenrechtlichen oder umweltbezogenen Risiken vorzubeugen oder sie zu minimieren oder die Verletzung menschenrechtsbezogener oder umweltbezogener Pflichten zu beenden. Die Sorgfaltspflichten enthalten: <DL Type="arabic"><DT>1.</DT><DD Font="normal"><LA>die Einrichtung eines Risikomanagements (§ 4 Absatz 1),</LA></DD><DT>2.</DT><DD Font="normal"><LA>die Festlegung einer betriebsinternen Zuständigkeit (§ 4 Absatz 3),</LA></DD><DT>3.</DT><DD Font="normal"><LA>die Durchführung regelmäßiger Risikoanalysen (§ 5),</LA></DD><DT>4.</DT><DD Font="normal"><LA>die Abgabe einer Grundsatzerklärung (§ 6 Absatz 2),</LA></DD><DT>5.</DT><DD Font="normal"><LA>die Verankerung von Präventionsmaßnahmen im eigenen Geschäftsbereich (§ 6 Absatz 1 und 3) und gegenüber unmittelbaren Zulieferern (§ 6 Absatz 4),</LA></DD><DT>6.</DT><DD Font="normal"><LA>das Ergreifen von Abhilfemaßnahmen (§ 7 Absatz 1 bis 3),</LA></DD><DT>7.</DT><DD Font="normal"><LA>die Einrichtung eines Beschwerdeverfahrens (§ 8),</LA></DD><DT>8.</DT><DD Font="normal"><LA>die Umsetzung von Sorgfaltspflichten in Bezug auf Risiken bei mittelbaren Zulieferern (§ 9) und</LA></DD><DT>9.</DT><DD Font="normal"><LA>die Dokumentation (§ 10 Absatz 1) und die Berichterstattung (§ 10 Absatz 2).</LA></DD></DL></P><P>(2) Die angemessene Weise eines Handelns, das den Sorgfaltspflichten genügt, bestimmt sich nach <DL Type="arabic"><DT>1.</DT><DD Font="normal"><LA>Art und Umfang der Geschäftstätigkeit des Unternehmens,</LA></DD><DT>2.</DT><DD Font="normal"><LA>dem Einflussvermögen des Unternehmens auf den unmittelbaren Verursacher eines menschenrechtlichen oder umweltbezogenen Risikos oder der Verletzung einer menschenrechtsbezogenen oder einer umweltbezogenen Pflicht,</LA></DD><DT>3.</DT><DD Font="normal"><LA>der typischerweise zu erwartenden Schwere der Verletzung, der Umkehrbarkeit der Verletzung und der Wahrscheinlichkeit der Verletzung einer menschenrechtsbezogenen oder einer umweltbezogenen Pflicht sowie</LA></DD><DT>4.</DT><DD Font="normal"><LA>nach der Art des Verursachungsbeitrages des Unternehmens zu dem menschenrechtlichen oder umweltbezogenen Risiko oder zu der Verletzung einer menschenrechtsbezogenen oder einer umweltbezogenen Pflicht.</LA></DD></DL></P><P>(3) Eine Verletzung der Pflichten aus diesem Gesetz begründet keine zivilrechtliche Haftung. Eine unabhängig von diesem Gesetz begründete zivilrechtliche Haftung bleibt unberührt.</P></Content></text></textdaten></norm>
<norm builddate="20231107213502" doknr="BJNR295910021BJNE000400000"><metadaten><jurabk>LkSG</jurabk><enbez>§ 4</enbez><titel format="XML">Risikomanagement</titel></metadaten><textdaten><text format="XML"><Content><P>(1) Unternehmen müssen ein angemessenes und wirksames Risikomanagement zur Einhaltung der Sorgfaltspflichten (§ 3 Absatz 1) einrichten. Das Risikomanagement ist in alle maßgebliche Geschäftsabläufe durch angemessene Maßnahmen zu verankern.</P><P>(2) Wirksam sind solche Maßnahmen, die es ermöglichen, menschenrechtliche und umweltbezogene Risiken zu erkennen und zu minimieren sowie Verletzungen menschenrechtsbezogener oder umweltbezogener Pflichten zu verhindern, zu beenden oder deren Ausmaß zu minimieren, wenn das Unternehmen diese Risiken oder Verletzungen innerhalb der Lieferkette verursacht oder dazu beigetragen hat.</P><P>(3) Das Unternehmen hat dafür zu sorgen, dass festgelegt ist, wer innerhalb des Unternehmens dafür zuständig ist, das Risikomanagement zu überwachen, etwa durch die Benennung eines Menschenrechtsbeauftragten. Die Geschäftsleitung hat sich regelmäßig, mindestens einmal jährlich, über die Arbeit der zuständigen Person oder Personen zu informieren.</P><P>(4) Das Unternehmen hat bei der Errichtung und Umsetzung seines Risikomanagementsystems die Interessen seiner Beschäftigten, der Beschäftigten innerhalb seiner Lieferketten und derjenigen, die in sonstiger Weise durch das wirtschaftliche Handeln des Unternehmens oder durch das wirtschaftliche Handeln eines Unternehmens in seinen Lieferketten in einer geschützten Rechtsposition unmittelbar betroffen sein können, angemessen zu berücksichtigen.</P></Content></text></textdaten></norm>
<norm builddate="20231107213502" doknr="BJNR295910021BJNE000500000"><metadaten><jurabk>LkSG</jurabk><enbez>§ 5</enbez><titel format="XML">Risikoanalyse</titel></metadaten><textdaten><text format="XML"><Content><P>(1) Im Rahmen des Risikomanagements hat das Unternehmen eine angemessene Risikoanalyse nach den <I>Absätzen</I> 2 bis 4 durchzuführen, um die menschenrechtlichen und umweltbezogenen Risiken im eigenen Geschäftsbereich sowie bei seinen unmittelbaren Zulieferern zu ermitteln. In Fällen, in denen ein Unternehmen eine missbräuchliche Gestaltung der unmittelbaren Zuliefererbeziehung oder ein Umgehungsgeschäft vorgenommen hat, um die Anforderungen an die Sorgfaltspflichten in Hinblick auf den unmittelbaren Zulieferer zu umgehen, gilt ein mittelbarer Zulieferer als unmittelbarer Zulieferer.</P><P>(2) Die ermittelten menschenrechtlichen und umweltbezogenen Risiken sind angemessen zu gewichten und zu priorisieren. Dabei sind insbesondere die in § 3 Absatz 2 genannten Kriterien maßgeblich.</P><P>(3) Das Unternehmen muss dafür Sorge tragen, dass die Ergebnisse der Risikoanalyse intern an die maßgeblichen Entscheidungsträger, etwa an den Vorstand oder an die Einkaufsabteilung, kommuniziert werden.</P><P>(4) Die Risikoanalyse ist einmal im Jahr sowie anlassbezogen durchzuführen, wenn das Unternehmen mit einer wesentlich veränderten oder wesentlich erweiterten Risikolage in der Lieferkette rechnen muss, etwa durch die Einführung neuer Produkte, Projekte oder eines neuen Geschäftsfeldes. Erkenntnisse aus der Bearbeitung von Hinweisen nach § 8 Absatz 1 sind zu berücksichtigen.</P></Content></text><fussnoten><Content><P>§ 5 Abs. 1 Satz 1 Kursivdruck: Wegen offensichtlicher Unrichtigkeit wird das Wort &quot;Abätzen&quot; durch das Wort &quot;Absätzen&quot; ersetzt</P></Content></fussnoten></textdaten></norm>
<norm builddate="20231107213502" doknr="BJNR295910021BJNE000600000"><metadaten><jurabk>LkSG</jurabk><enbez>§ 6</enbez><titel format="XML">Präventionsmaßnahmen</titel></metadaten><textdaten><text format="XML"><Content><P>(1) Stellt ein Unternehmen im Rahmen einer Risikoanalyse nach § 5 ein Risiko fest, hat es unverzüglich angemessene Präventionsmaßnahmen nach den Absätzen 2 bis 4 zu ergreifen.</P><P>(2) Das Unternehmen muss eine Grundsatzerklärung über seine Menschenrechtsstrategie abgeben. Die Unternehmensleitung hat die Grundsatzerklärung abzugeben. Die Grundsatzerklärung muss mindestens die folgenden Elemente einer Menschenrechtsstrategie des Unternehmens enthalten: <DL Type="arabic"><DT>1.</DT><DD Font="normal"><LA>die Beschreibung des Verfahrens, mit dem das Unternehmen seinen Pflichten nach § 4 Absatz 1, § 5 Absatz 1, § 6 Absatz 3 bis 5, sowie den §§ 7 bis 10 nachkommt,</LA></DD><DT>2.</DT><DD Font="normal"><LA>die für das Unternehmen auf Grundlage der Risikoanalyse festgestellten prioritären menschenrechtlichen und umweltbezogenen Risiken und</LA></DD><DT>3.</DT><DD Font="normal"><LA>die auf Grundlage der Risikoanalyse erfolgte Festlegung der menschenrechtsbezogenen und umweltbezogenen Erwartungen, die das Unternehmen an seine Beschäftigten und Zulieferer in der Lieferkette richtet.</LA></DD></DL></P><P>(3) Das Unternehmen muss angemessene Präventionsmaßnahmen im eigenen Geschäftsbereich verankern, insbesondere: <DL Type="arabic"><DT>1.</DT><DD Font="normal"><LA>die Umsetzung der in der Grundsatzerklärung dargelegten Menschenrechtsstrategie in den relevanten Geschäftsabläufen,</LA></DD><DT>2.</DT><DD Font="normal"><LA>die Entwicklung und Implementierung geeigneter Beschaffungsstrategien und Einkaufspraktiken, durch die festgestellte Risiken verhindert oder minimiert werden,</LA></DD><DT>3.</DT><DD Font="normal"><LA>die Durchführung von Schulungen in den relevanten Geschäftsbereichen,</LA></DD><DT>4.</DT><DD Font="normal"><LA>die Durchführung risikobasierter Kontrollmaßnahmen, mit denen die Einhaltung der in der Grundsatzerklärung enthaltenen Menschenrechtsstrategie im eigenen Geschäftsbereich überprüft wird.</LA></DD></DL></P><P>(4) Das Unternehmen muss angemessene Präventionsmaßnahmen gegenüber einem unmittelbaren Zulieferer verankern, insbesondere: <DL Type="arabic"><DT>1.</DT><DD Font="normal"><LA>die Berücksichtigung der menschenrechtsbezogenen und umweltbezogenen Erwartungen bei der Auswahl eines unmittelbaren Zulieferers,</LA></DD><DT>2.</DT><DD Font="normal"><LA>die vertragliche Zusicherung eines unmittelbaren Zulieferers, dass dieser die von der Geschäftsleitung des Unternehmens verlangten menschenrechtsbezogenen und umweltbezogenen Erwartungen einhält und entlang der Lieferkette angemessen adressiert,</LA></DD><DT>3.</DT><DD Font="normal"><LA>die Durchführung von Schulungen und Weiterbildungen zur Durchsetzung der vertraglichen Zusicherungen des unmittelbaren Zulieferers nach Nummer 2,</LA></DD><DT>4.</DT><DD Font="normal"><LA>die Vereinbarung angemessener vertraglicher Kontrollmechanismen sowie deren risikobasierte Durchführung, um die Einhaltung der Menschenrechtsstrategie bei dem unmittelbaren Zulieferer zu überprüfen.</LA></DD></DL></P><P>(5) Die Wirksamkeit der Präventionsmaßnahmen ist einmal im Jahr sowie anlassbezogen zu überprüfen, wenn das Unternehmen mit einer wesentlich veränderten oder wesentlich erweiterten Risikolage im eigenen Geschäftsbereich oder beim unmittelbaren Zulieferer rechnen muss, etwa durch die Einführung neuer Produkte, Projekte oder eines neuen Geschäftsfeldes. Erkenntnisse aus der Bearbeitung von Hinweisen nach § 8 Absatz 1 sind zu berücksichtigen. Die Maßnahmen sind bei Bedarf unverzüglich zu aktualisieren.</P></Content></text></textdaten></norm>
<norm builddate="20231107213502" doknr="BJNR295910021BJNE000700000"><metadaten><jurabk>LkSG</jurabk><enbez>§ 7</enbez><titel format="XML">Abhilfemaßnahmen</titel></metadaten><textdaten><text format="XML"><Content><P>(1) Stellt das Unternehmen fest, dass die Verletzung einer menschenrechtsbezogenen oder einer umweltbezogenen Pflicht in seinem eigenen Geschäftsbereich oder bei einem unmittelbaren Zulieferer bereits eingetreten ist oder unmittelbar bevorsteht, hat es unverzüglich angemessene Abhilfemaßnahmen zu ergreifen, um diese Verletzung zu verhindern, zu beenden oder das Ausmaß der Verletzung zu minimieren. § 5 Absatz 1 Satz 2 gilt entsprechend. Im eigenen Geschäftsbereich im Inland muss die Abhilfemaßnahme zu einer Beendigung der Verletzung führen. Im eigenen Geschäftsbereich im Ausland und im eigenen Geschäftsbereich gemäß § 2 Absatz 6 Satz 3 muss die Abhilfemaßnahme in der Regel zur Beendigung der Verletzung führen.</P><P>(2) Ist die Verletzung einer menschenrechtsbezogenen oder einer umweltbezogenen Pflicht bei einem unmittelbaren Zulieferer so beschaffen, dass das Unternehmen sie nicht in absehbarer Zeit beenden kann, muss es unverzüglich ein Konzept zur Beendigung oder Minimierung erstellen und umsetzen. Das Konzept muss einen konkreten Zeitplan enthalten. Bei der Erstellung und Umsetzung des Konzepts sind insbesondere folgende Maßnahmen in Betracht zu ziehen: <DL Type="arabic"><DT>1.</DT><DD Font="normal"><LA>die gemeinsame Erarbeitung und Umsetzung eines Plans zur Beendigung oder Minimierung der Verletzung mit dem Unternehmen, durch das die Verletzung verursacht wird,</LA></DD><DT>2.</DT><DD Font="normal"><LA>der Zusammenschluss mit anderen Unternehmen im Rahmen von Brancheninitiativen und Branchenstandards, um die Einflussmöglichkeit auf den Verursacher zu erhöhen,</LA></DD><DT>3.</DT><DD Font="normal"><LA>ein temporäres Aussetzen der Geschäftsbeziehung während der Bemühungen zur Risikominimierung.</LA></DD></DL></P><P>(3) Der Abbruch einer Geschäftsbeziehung ist nur geboten, wenn <DL Type="arabic"><DT>1.</DT><DD Font="normal"><LA>die Verletzung einer geschützten Rechtsposition oder einer umweltbezogenen Pflicht als sehr schwerwiegend bewertet wird,</LA></DD><DT>2.</DT><DD Font="normal"><LA>die Umsetzung der im Konzept erarbeiteten Maßnahmen nach Ablauf der im Konzept festgelegten Zeit keine Abhilfe bewirkt,</LA></DD><DT>3.</DT><DD Font="normal"><LA>dem Unternehmen keine anderen milderen Mittel zur Verfügung stehen und eine Erhöhung des Einflussvermögens nicht aussichtsreich erscheint.</LA></DD></DL>Die bloße Tatsache, dass ein Staat eines der in der Anlage zu diesem Gesetz aufgelisteten Übereinkommen nicht ratifiziert oder nicht in sein nationales Recht umgesetzt hat, führt nicht zu einer Pflicht zum Abbruch der Geschäftsbeziehung. Von Satz 2 unberührt bleiben Einschränkungen des Außenwirtschaftsverkehrs durch oder aufgrund von Bundesrecht, Recht der Europäischen Union oder Völkerrecht.</P><P>(4) Die Wirksamkeit der Abhilfemaßnahmen ist einmal im Jahr sowie anlassbezogen zu überprüfen, wenn das Unternehmen mit einer wesentlich veränderten oder wesentlich erweiterten Risikolage im eigenen Geschäftsbereich oder beim unmittelbaren Zulieferer rechnen muss, etwa durch die Einführung neuer Produkte, Projekte oder eines neuen Geschäftsfeldes. Erkenntnisse aus der Bearbeitung von Hinweisen nach § 8 Absatz 1 sind zu berücksichtigen. Die Maßnahmen sind bei Bedarf unverzüglich zu aktualisieren.</P></Content></text></textdaten></norm>
<norm builddate="20231107213502" doknr="BJNR295910021BJNE000800000"><metadaten><jurabk>LkSG</jurabk><enbez>§ 8</enbez><titel format="XML">Beschwerdeverfahren</titel></metadaten><textdaten><text format="XML"><Content><P>(1) Das Unternehmen hat dafür zu sorgen, dass ein angemessenes unternehmensinternes Beschwerdeverfahren nach den Absätzen 2 bis 4 eingerichtet ist. Das Beschwerdeverfahren ermöglicht Personen, auf menschenrechtliche und umweltbezogene Risiken sowie auf Verletzungen menschenrechtsbezogener oder umweltbezogener Pflichten hinzuweisen, die durch das wirtschaftliche Handeln eines Unternehmens im eigenen Geschäftsbereich oder eines unmittelbaren Zulieferers entstanden sind. Der Eingang des Hinweises ist den Hinweisgebern zu bestätigen. Die von dem Unternehmen mit der Durchführung des Verfahrens betrauten Personen haben den Sachverhalt mit den Hinweisgebern zu erörtern. Sie können ein Verfahren der einvernehmlichen Beilegung anbieten. Die Unternehmen können sich stattdessen an einem entsprechenden externen Beschwerdeverfahren beteiligen, sofern es die nachfolgenden Kriterien erfüllt.</P><P>(2) Das Unternehmen legt eine Verfahrensordnung in Textform fest, die öffentlich zugänglich ist.</P><P>(3) Die von dem Unternehmen mit der Durchführung des Verfahrens betrauten Personen müssen Gewähr für unparteiisches Handeln bieten, insbesondere müssen sie unabhängig und an Weisungen nicht gebunden sein. Sie sind zur Verschwiegenheit verpflichtet.</P><P>(4) Das Unternehmen muss in geeigneter Weise klare und verständliche Informationen zur Erreichbarkeit und Zuständigkeit und zur Durchführung des Beschwerdeverfahrens öffentlich zugänglich machen. Das Beschwerdeverfahren muss für potenzielle Beteiligte zugänglich sein, die Vertraulichkeit der Identität wahren und wirksamen Schutz vor Benachteiligung oder Bestrafung aufgrund einer Beschwerde gewährleisten.</P><P>(5) Die Wirksamkeit des Beschwerdeverfahrens ist mindestens einmal im Jahr sowie anlassbezogen zu überprüfen, wenn das Unternehmen mit einer wesentlich veränderten oder wesentlich erweiterten Risikolage im eigenen Geschäftsbereich oder beim unmittelbaren Zulieferer rechnen muss, etwa durch die Einführung neuer Produkte, Projekte oder eines neuen Geschäftsfeldes. Die Maßnahmen sind bei Bedarf unverzüglich zu wiederholen.</P></Content></text></textdaten></norm>
<norm builddate="20231107213502" doknr="BJNR295910021BJNE000900000"><metadaten><jurabk>LkSG</jurabk><enbez>§ 9</enbez><titel format="XML">Mittelbare Zulieferer; Verordnungsermächtigung</titel></metadaten><textdaten><text format="XML"><Content><P>(1) Das Unternehmen muss das Beschwerdeverfahren nach § 8 so einrichten, dass es Personen auch ermöglicht, auf menschenrechtliche oder umweltbezogene Risiken sowie auf Verletzungen menschenrechtsbezogener oder umweltbezogener Pflichten hinzuweisen, die durch das wirtschaftliche Handeln eines mittelbaren Zulieferers entstanden sind.</P><P>(2) Das Unternehmen muss nach Maßgabe des Absatzes 3 sein bestehendes Risikomanagement im Sinne von § 4 anpassen.</P><P>(3) Liegen einem Unternehmen tatsächliche Anhaltspunkte vor, die eine Verletzung einer menschenrechtsbezogenen oder einer umweltbezogenen Pflicht bei mittelbaren Zulieferern möglich erscheinen lassen (substantiierte Kenntnis), so hat es anlassbezogen unverzüglich <DL Type="arabic"><DT>1.</DT><DD Font="normal"><LA>eine Risikoanalyse gemäß § 5 Absatz 1 bis 3 durchzuführen,</LA></DD><DT>2.</DT><DD Font="normal"><LA>angemessene Präventionsmaßnahmen gegenüber dem Verursacher zu verankern, etwa die Durchführung von Kontrollmaßnahmen, die Unterstützung bei der Vorbeugung und Vermeidung eines Risikos oder die Umsetzung von branchenspezifischen oder branchenübergreifenden Initiativen, denen das Unternehmen beigetreten ist,</LA></DD><DT>3.</DT><DD Font="normal"><LA>ein Konzept zur Verhinderung, Beendigung oder Minimierung zu erstellen und umzusetzen und</LA></DD><DT>4.</DT><DD Font="normal"><LA>gegebenenfalls entsprechend seine Grundsatzerklärung gemäß § 6 Absatz 2 zu aktualisieren.</LA></DD></DL></P><P>(4) Das Bundesministerium für Arbeit und Soziales wird ermächtigt, Näheres zu den Pflichten des Absatzes 3 durch Rechtsverordnung im Einvernehmen mit dem Bundesministerium für Wirtschaft und Energie ohne Zustimmung des Bundesrates zu regeln.</P></Content></text></textdaten></norm>
<norm builddate="20231107213502" doknr="BJNR295910021BJNE001000000"><metadaten><jurabk>LkSG</jurabk><enbez>§ 10</enbez><titel format="XML">Dokumentations- und Berichtspflicht</titel></metadaten><textdaten><text format="XML"><Content><P>(1) Die Erfüllung der Sorgfaltspflichten nach § 3 ist unternehmensintern fortlaufend zu dokumentieren. Die Dokumentation ist ab ihrer Erstellung mindestens sieben Jahre lang aufzubewahren.</P><P>(2) Das Unternehmen hat jährlich einen Bericht über die Erfüllung seiner Sorgfaltspflichten im vergangenen Geschäftsjahr zu erstellen und spätestens vier Monate nach dem Schluss des Geschäftsjahrs auf der Internetseite des Unternehmens für einen Zeitraum von sieben Jahren kostenfrei öffentlich zugänglich zu machen. In dem Bericht ist nachvollziehbar mindestens darzulegen, <DL Type="arabic"><DT>1.</DT><DD Font="normal"><LA>ob und falls ja, welche menschenrechtlichen und umweltbezogenen Risiken oder Verletzungen einer menschenrechtsbezogenen oder umweltbezogenen Pflicht das Unternehmen identifiziert hat,</LA></DD><DT>2.</DT><DD Font="normal"><LA>was das Unternehmen, unter Bezugnahme auf die in den §§ 4 bis 9 beschriebenen Maßnahmen, zur Erfüllung seiner Sorgfaltspflichten unternommen hat; dazu zählen auch die Elemente der Grundsatzerklärung gemäß § 6 Absatz 2, sowie die Maßnahmen, die das Unternehmen aufgrund von Beschwerden nach § 8 oder nach § 9 Absatz 1 getroffen hat,</LA></DD><DT>3.</DT><DD Font="normal"><LA>wie das Unternehmen die Auswirkungen und die Wirksamkeit der Maßnahmen bewertet und</LA></DD><DT>4.</DT><DD Font="normal"><LA>welche Schlussfolgerungen es aus der Bewertung für zukünftige Maßnahmen zieht.</LA></DD></DL></P><P>(3) Hat das Unternehmen kein menschenrechtliches oder umweltbezogenes Risiko und keine Verletzung einer menschenrechtsbezogenen oder einer umweltbezogenen Pflicht festgestellt und dies in seinem Bericht plausibel dargelegt, sind keine weiteren Ausführungen nach Absatz 2 Satz 2 Nummer 2 bis 4 erforderlich.</P><P>(4) Der Wahrung von Betriebs- und Geschäftsgeheimnissen ist dabei gebührend Rechnung zu tragen.</P></Content></text></textdaten></norm>
<norm builddate="20231107213502" doknr="BJNR295910021BJNG000301000"><metadaten><jurabk>LkSG</jurabk><gliederungseinheit><gliederungskennzahl>030</gliederungskennzahl><gliederungsbez>Abschnitt 3</gliederungsbez><gliederungstitel>Zivilprozess</gliederungstitel></gliederungseinheit></metadaten><textdaten/></norm>
<norm builddate="20231107213502" doknr="BJNR295910021BJNE001101000"><metadaten><jurabk>LkSG</jurabk><enbez>§ 11</enbez><titel format="XML">Besondere Prozessstandschaft</titel></metadaten><textdaten><text format="XML"><Content><P>(1) Wer geltend macht, in einer überragend wichtigen geschützten Rechtsposition aus § 2 Absatz 1 verletzt zu sein, kann zur gerichtlichen Geltendmachung seiner Rechte einer inländischen Gewerkschaft oder Nichtregierungsorganisation die Ermächtigung zur Prozessführung erteilen.</P><P>(2) Eine Gewerkschaft oder Nichtregierungsorganisation kann nach Absatz 1 nur ermächtigt werden, wenn sie eine auf Dauer angelegte eigene Präsenz unterhält und sich nach ihrer Satzung nicht gewerbsmäßig und nicht nur vorübergehend dafür einsetzt, die Menschenrechte oder entsprechende Rechte im nationalen Recht eines Staates zu realisieren.</P></Content></text></textdaten></norm>
<norm builddate="20231107213502" doknr="BJNR295910021BJNG000400000"><metadaten><jurabk>LkSG</jurabk><gliederungseinheit><gliederungskennzahl>040</gliederungskennzahl><gliederungsbez>Abschnitt 4</gliederungsbez><gliederungstitel>Behördliche Kontrolle und Durchsetzung</gliederungstitel></gliederungseinheit></metadaten><textdaten/></norm>
<norm builddate="20231107213502" doknr="BJNR295910021BJNG000500000"><metadaten><jurabk>LkSG</jurabk><gliederungseinheit><gliederungskennzahl>040010</gliederungskennzahl><gliederungsbez>Unterabschnitt 1</gliederungsbez><gliederungstitel>Berichtsprüfung</gliederungstitel></gliederungseinheit></metadaten><textdaten/></norm>
<norm builddate="20231107213502" doknr="BJNR295910021BJNE001201000"><metadaten><jurabk>LkSG</jurabk><enbez>§ 12</enbez><titel format="XML">Einreichung des Berichts</titel></metadaten><textdaten><text format="XML"><Content><P>(1) Der Bericht nach § 10 Absatz 2 Satz 1 ist in deutscher Sprache und elektronisch über einen von der zuständigen Behörde bereitgestellten Zugang einzureichen.</P><P>(2) Der Bericht ist spätestens vier Monate nach dem Schluss des Geschäftsjahres, auf das er sich bezieht, einzureichen.</P></Content></text></textdaten></norm>
<norm builddate="20231107213502" doknr="BJNR295910021BJNE001301000"><metadaten><jurabk>LkSG</jurabk><enbez>§ 13</enbez><titel format="XML">Behördliche Berichtsprüfung; Verordnungsermächtigung</titel></metadaten><textdaten><text format="XML"><Content><P>(1) Die zuständige Behörde prüft, ob <DL Type="arabic"><DT>1.</DT><DD Font="normal"><LA>der Bericht nach § 10 Absatz 2 Satz 1 vorliegt und</LA></DD><DT>2.</DT><DD Font="normal"><LA>die Anforderungen nach § 10 Absatz 2 und 3 eingehalten wurden.</LA></DD></DL></P><P>(2) Werden die Anforderungen nach § 10 Absatz 2 und 3 nicht erfüllt, kann die zuständige Behörde verlangen, dass das Unternehmen den Bericht innerhalb einer angemessenen Frist nachbessert.</P><P>(3) Das Bundesministerium für Arbeit und Soziales wird ermächtigt, durch Rechtsverordnung im Einvernehmen mit dem Bundesministerium für Wirtschaft und Energie ohne Zustimmung des Bundesrates folgende Verfahren näher zu regeln: <DL Type="arabic"><DT>1.</DT><DD Font="normal"><LA>das Verfahren der Einreichung des Berichts nach § 12 sowie</LA></DD><DT>2.</DT><DD Font="normal"><LA>das Verfahren der behördlichen Berichtsprüfung nach den Absätzen 1 und 2.</LA></DD></DL></P></Content></text></textdaten></norm>
<norm builddate="20231107213502" doknr="BJNR295910021BJNG000600000"><metadaten><jurabk>LkSG</jurabk><gliederungseinheit><gliederungskennzahl>040020</gliederungskennzahl><gliederungsbez>Unterabschnitt 2</gliederungsbez><gliederungstitel>Risikobasierte Kontrolle</gliederungstitel></gliederungseinheit></metadaten><textdaten/></norm>
<norm builddate="20231107213502" doknr="BJNR295910021BJNE001401000"><metadaten><jurabk>LkSG</jurabk><enbez>§ 14</enbez><titel format="XML">Behördliches Tätigwerden; Verordnungsermächtigung</titel></metadaten><textdaten><text format="XML"><Content><P>(1) Die zuständige Behörde wird tätig: <DL Type="arabic"><DT>1.</DT><DD Font="normal"><LA>von Amts wegen nach pflichtgemäßem Ermessen, <DL Type="alpha"><DT>a)</DT><DD Font="normal"><LA>um die Einhaltung der Pflichten nach den §§ 3 bis 10 Absatz 1 im Hinblick auf mögliche menschenrechtliche und umweltbezogene Risiken sowie Verletzungen einer menschenrechtsbezogenen oder einer umweltbezogenen Pflicht zu kontrollieren und</LA></DD><DT>b)</DT><DD Font="normal"><LA>Verstöße gegen Pflichten nach Buchstabe a festzustellen, zu beseitigen und zu verhindern;</LA></DD></DL></LA></DD><DT>2.</DT><DD Font="normal"><LA>auf Antrag, wenn die antragstellende Person substantiiert geltend macht, <DL Type="alpha"><DT>a)</DT><DD Font="normal"><LA>infolge der Nichterfüllung einer in den §§ 3 bis 9 enthaltenen Pflicht in einer geschützten Rechtsposition verletzt zu sein oder</LA></DD><DT>b)</DT><DD Font="normal"><LA>dass eine in Buchstabe a genannte Verletzung unmittelbar bevorsteht.</LA></DD></DL></LA></DD></DL></P><P>(2) Das Bundesministerium für Arbeit und Soziales wird ermächtigt, durch Rechtsverordnung im Einvernehmen mit dem Bundesministerium für Wirtschaft und Energie ohne Zustimmung des Bundesrates das Verfahren der risikobasierten Kontrolle nach Absatz 1 und den §§ 15 bis 17 näher zu regeln.</P></Content></text></textdaten></norm>
<norm builddate="20231107213502" doknr="BJNR295910021BJNE001501000"><metadaten><jurabk>LkSG</jurabk><enbez>§ 15</enbez><titel format="XML">Anordnungen und Maßnahmen</titel></metadaten><textdaten><text format="XML"><Content><P>Die zuständige Behörde trifft die geeigneten und erforderlichen Anordnungen und Maßnahmen, um Verstöße gegen die Pflichten nach den §§ 3 bis 10 Absatz 1 festzustellen, zu beseitigen und zu verhindern. Sie kann insbesondere <DL Type="arabic"><DT>1.</DT><DD Font="normal"><LA>Personen laden,</LA></DD><DT>2.</DT><DD Font="normal"><LA>dem Unternehmen aufgeben, innerhalb von drei Monaten ab Bekanntgabe der Anordnung einen Plan zur Behebung der Missstände einschließlich klarer Zeitangaben zu dessen Umsetzung vorzulegen und</LA></DD><DT>3.</DT><DD Font="normal"><LA>dem Unternehmen konkrete Handlungen zur Erfüllung seiner Pflichten aufgeben.</LA></DD></DL></P></Content></text></textdaten></norm>
<norm builddate="20231107213502" doknr="BJNR295910021BJNE001600000"><metadaten><jurabk>LkSG</jurabk><enbez>§ 16</enbez><titel format="XML">Betretensrechte</titel></metadaten><textdaten><text format="XML"><Content><P>Soweit dies zur Wahrnehmung der Aufgaben nach § 14 erforderlich ist, sind die zuständige Behörde und ihre Beauftragten befugt, <DL Type="arabic"><DT>1.</DT><DD Font="normal"><LA>Betriebsgrundstücke, Geschäftsräume und Wirtschaftsgebäude der Unternehmen während der üblichen Geschäfts- oder Betriebszeiten zu betreten und zu besichtigen sowie</LA></DD><DT>2.</DT><DD Font="normal"><LA>bei Unternehmen während der üblichen Geschäfts- oder Betriebszeiten geschäftliche Unterlagen und Aufzeichnungen, aus denen sich ableiten lässt, ob die Sorgfaltspflichten nach den §§ 3 bis 10 Absatz 1 eingehalten wurden, einzusehen und zu prüfen.</LA></DD></DL></P></Content></text></textdaten></norm>
<norm builddate="20231107213502" doknr="BJNR295910021BJNE001700000"><metadaten><jurabk>LkSG</jurabk><enbez>§ 17</enbez><titel format="XML">Auskunfts- und Herausgabepflichten</titel></metadaten><textdaten><text format="XML"><Content><P>(1) Unternehmen und nach § 15 Satz 2 Nummer 1 geladene Personen sind verpflichtet, der zuständigen Behörde auf Verlangen die Auskünfte zu erteilen und die Unterlagen herauszugeben, die die Behörde zur Durchführung der ihr durch dieses Gesetz oder aufgrund dieses Gesetzes übertragenen Aufgaben benötigt. Die Verpflichtung erstreckt sich auch auf Auskünfte über verbundene Unternehmen (§ 15 des Aktiengesetzes), unmittelbare und mittelbare Zulieferer und die Herausgabe von Unterlagen dieser Unternehmen, soweit das auskunfts- oder herausgabepflichtige Unternehmen oder die auskunfts- oder herausgabepflichtige Person die Informationen zur Verfügung hat oder aufgrund bestehender vertraglicher Beziehungen zur Beschaffung der verlangten Informationen in der Lage ist.</P><P>(2) Die zu erteilenden Auskünfte und herauszugebenden Unterlagen nach Absatz 1 umfassen insbesondere <DL Type="arabic"><DT>1.</DT><DD Font="normal"><LA>die Angaben und Nachweise zur Feststellung, ob ein Unternehmen in den Anwendungsbereich dieses Gesetzes fällt,</LA></DD><DT>2.</DT><DD Font="normal"><LA>die Angaben und Nachweise über die Erfüllung der Pflichten nach den §§ 3 bis 10 Absatz 1 und</LA></DD><DT>3.</DT><DD Font="normal"><LA>die Namen der zur Überwachung der internen Prozesse des Unternehmens zur Erfüllung der Pflichten nach den §§ 3 bis 10 Absatz 1 zuständigen Personen.</LA></DD></DL></P><P>(3) Wer zur Auskunft nach Absatz 1 verpflichtet ist, kann die Auskunft auf solche Fragen verweigern, deren Beantwortung ihn selbst oder einen der in § 52 Absatz 1 der Strafprozessordnung bezeichneten Angehörigen der Gefahr strafgerichtlicher Verfolgung oder eines Verfahrens nach dem Gesetz über Ordnungswidrigkeiten aussetzen würde. Die auskunftspflichtige Person ist über ihr Recht zur Verweigerung der Auskunft zu belehren. Sonstige gesetzliche Auskunfts- oder Aussageverweigerungsrechte sowie gesetzliche Verschwiegenheitspflichten bleiben unberührt.</P></Content></text></textdaten></norm>
<norm builddate="20231107213502" doknr="BJNR295910021BJNE001800000"><metadaten><jurabk>LkSG</jurabk><enbez>§ 18</enbez><titel format="XML">Duldungs- und Mitwirkungspflichten</titel></metadaten><textdaten><text format="XML"><Content><P>Die Unternehmen haben die Maßnahmen der zuständigen Behörde und ihrer Beauftragten zu dulden und bei der Durchführung der Maßnahmen mitzuwirken. Satz 1 gilt auch für die Inhaber der Unternehmen und ihre Vertretung, bei juristischen Personen für die nach Gesetz oder Satzung zur Vertretung berufenen Personen.</P></Content></text></textdaten></norm>
<norm builddate="20231107213502" doknr="BJNR295910021BJNG000700000"><metadaten><jurabk>LkSG</jurabk><gliederungseinheit><gliederungskennzahl>040030</gliederungskennzahl><gliederungsbez>Unterabschnitt 3</gliederungsbez><gliederungstitel>Zuständige Behörde, Handreichungen, Rechenschaftsbericht</gliederungstitel></gliederungseinheit></metadaten><textdaten/></norm>
<norm builddate="20231107213502" doknr="BJNR295910021BJNE001900000"><metadaten><jurabk>LkSG</jurabk><enbez>§ 19</enbez><titel format="XML">Zuständige Behörde</titel></metadaten><textdaten><text format="XML"><Content><P>(1) Für die behördliche Kontrolle und Durchsetzung nach diesem Abschnitt ist das Bundesamt für Wirtschaft und Ausfuhrkontrolle zuständig. Für die Aufgaben nach diesem Gesetz obliegt die Rechts- und Fachaufsicht über das Bundesamt dem Bundesministerium für Wirtschaft und Energie. Das Bundesministerium für Wirtschaft und Energie übt die Rechts- und Fachaufsicht im Einvernehmen mit dem Bundesministerium für Arbeit und Soziales aus.</P><P>(2) Bei der Wahrnehmung ihrer Aufgaben verfolgt die zuständige Behörde einen risikobasierten Ansatz.</P></Content></text></textdaten></norm>
<norm builddate="20231107213502" doknr="BJNR295910021BJNE002000000"><metadaten><jurabk>LkSG</jurabk><enbez>§ 20</enbez><titel format="XML">Handreichungen</titel></metadaten><textdaten><text format="XML"><Content><P>Die zuständige Behörde veröffentlicht branchenübergreifende oder branchenspezifische Informationen, Hilfestellungen und Empfehlungen zur Einhaltung dieses Gesetzes und stimmt sich dabei mit den fachlich betroffenen Behörden ab. Die Informationen, Hilfestellungen oder Empfehlungen bedürfen vor Veröffentlichung der Zustimmung des Auswärtigen Amtes, insofern außenpolitische Belange davon berührt sind.</P></Content></text></textdaten></norm>
<norm builddate="20231107213502" doknr="BJNR295910021BJNE002100000"><metadaten><jurabk>LkSG</jurabk><enbez>§ 21</enbez><titel format="XML">Rechenschaftsbericht</titel></metadaten><textdaten><text format="XML"><Content><P>(1) Die nach § 19 Absatz 1 Satz 1 zuständige Behörde berichtet einmal jährlich über ihre im vorausgegangenen Kalenderjahr erfolgten Kontroll- und Durchsetzungstätigkeiten nach Abschnitt 4. Der Bericht ist erstmals für das Jahr 2022 zu erstellen und auf der Webseite der zuständigen Behörde zu veröffentlichen.</P><P>(2) Die Berichte sollen auf festgestellte Verstöße und angeordnete Abhilfemaßnahmen hinweisen und diese erläutern sowie eine Auswertung der eingereichten Unternehmensberichte nach § 12 enthalten, ohne die jeweils betroffenen Unternehmen zu benennen.</P></Content></text></textdaten></norm>
<norm builddate="20231107213502" doknr="BJNR295910021BJNG000801000"><metadaten><jurabk>LkSG</jurabk><gliederungseinheit><gliederungskennzahl>050</gliederungskennzahl><gliederungsbez>Abschnitt 5</gliederungsbez><gliederungstitel>Öffentliche Beschaffung</gliederungstitel></gliederungseinheit></metadaten><textdaten/></norm>
<norm builddate="20231107213502" doknr="BJNR295910021BJNE002201000"><metadaten><jurabk>LkSG</jurabk><enbez>§ 22</enbez><titel format="XML">Ausschluss von der Vergabe öffentlicher Aufträge</titel></metadaten><textdaten><text format="XML"><Content><P>(1) Von der Teilnahme an einem Verfahren über die Vergabe eines Liefer-, Bau- oder Dienstleistungsauftrags der in den §§ 99 und 100 des Gesetzes gegen Wettbewerbsbeschränkungen genannten Auftraggeber sollen Unternehmen bis zur nachgewiesenen Selbstreinigung nach § 125 des Gesetzes gegen Wettbewerbsbeschränkungen ausgeschlossen werden, die wegen eines rechtskräftig festgestellten Verstoßes nach § 24 Absatz 1 mit einer Geldbuße nach Maßgabe von Absatz 2 belegt worden sind. Der Ausschluss nach Satz 1 darf nur innerhalb eines angemessenen Zeitraums von bis zu drei Jahren erfolgen.</P><P>(2) Ein Ausschluss nach Absatz 1 setzt einen rechtskräftig festgestellten Verstoß mit einer Geldbuße von wenigstens einhundertfünfundsiebzigtausend Euro voraus. Abweichend von Satz 1 wird <DL Type="arabic"><DT>1.</DT><DD Font="normal"><LA>in den Fällen des § 24 Absatz 2 Satz 2 in Verbindung mit § 24 Absatz 2 Satz 1 Nummer 2 ein rechtskräftig festgestellter Verstoß mit einer Geldbuße von wenigstens eine Million fünfhunderttausend Euro,</LA></DD><DT>2.</DT><DD Font="normal"><LA>in den Fällen des § 24 Absatz 2 Satz 2 in Verbindung mit § 24 Absatz 2 Satz 1 Nummer 1 ein rechtskräftig festgestellter Verstoß mit einer Geldbuße von wenigstens zwei Millionen Euro und</LA></DD><DT>3.</DT><DD Font="normal"><LA>in den Fällen des § 24 Absatz 3 ein rechtskräftig festgestellter Verstoß mit einer Geldbuße von wenigstens 0,35 Prozent des durchschnittlichen Jahresumsatzes vorausgesetzt.</LA></DD></DL></P><P>(3) Vor der Entscheidung über den Ausschluss ist der Bewerber zu hören.</P></Content></text></textdaten></norm>
<norm builddate="20231107213502" doknr="BJNR295910021BJNG000901000"><metadaten><jurabk>LkSG</jurabk><gliederungseinheit><gliederungskennzahl>060</gliederungskennzahl><gliederungsbez>Abschnitt 6</gliederungsbez><gliederungstitel>Zwangsgeld und Bußgeld</gliederungstitel></gliederungseinheit></metadaten><textdaten/></norm>
<norm builddate="20231107213502" doknr="BJNR295910021BJNE002301000"><metadaten><jurabk>LkSG</jurabk><enbez>§ 23</enbez><titel format="XML">Zwangsgeld</titel></metadaten><textdaten><text format="XML"><Content><P>Die Höhe des Zwangsgeldes im Verwaltungszwangsverfahren der nach § 19 Absatz 1 Satz 1 zuständigen Behörde beträgt abweichend von § 11 Absatz 3 des Verwaltungsvollstreckungsgesetzes bis zu 50 000 Euro.</P></Content></text></textdaten></norm>
<norm builddate="20231107213502" doknr="BJNR295910021BJNE002400000"><metadaten><jurabk>LkSG</jurabk><enbez>§ 24</enbez><titel format="XML">Bußgeldvorschriften</titel></metadaten><textdaten><text format="XML"><Content><P>(1) Ordnungswidrig handelt, wer vorsätzlich oder fahrlässig <DL Type="arabic"><DT>1.</DT><DD Font="normal"><LA>entgegen § 4 Absatz 3 Satz 1 nicht dafür sorgt, dass eine dort genannte Festlegung getroffen ist,</LA></DD><DT>2.</DT><DD Font="normal"><LA>entgegen § 5 Absatz 1 Satz 1 oder § 9 Absatz 3 Nummer 1 eine Risikoanalyse nicht, nicht richtig, nicht vollständig oder nicht rechtzeitig durchführt,</LA></DD><DT>3.</DT><DD Font="normal"><LA>entgegen § 6 Absatz 1 eine Präventionsmaßnahme nicht oder nicht rechtzeitig ergreift,</LA></DD><DT>4.</DT><DD Font="normal"><LA>entgegen § 6 Absatz 5 Satz 1, § 7 Absatz 4 Satz 1 oder § 8 Absatz 5 Satz 1 eine Überprüfung nicht oder nicht rechtzeitig vornimmt,</LA></DD><DT>5.</DT><DD Font="normal"><LA>entgegen § 6 Absatz 5 Satz 3, § 7 Absatz 4 Satz 3 oder § 8 Absatz 5 Satz 2 eine Maßnahme nicht oder nicht rechtzeitig aktualisiert,</LA></DD><DT>6.</DT><DD Font="normal"><LA>entgegen § 7 Absatz 1 Satz 1 eine Abhilfemaßnahme nicht oder nicht rechtzeitig ergreift,</LA></DD><DT>7.</DT><DD Font="normal"><LA>entgegen <DL Type="alpha"><DT>a)</DT><DD Font="normal"><LA>§ 7 Absatz 2 Satz 1 oder</LA></DD><DT>b)</DT><DD Font="normal"><LA>§ 9 Absatz 3 Nummer 3</LA><LA>ein Konzept nicht oder nicht rechtzeitig erstellt oder nicht oder nicht rechtzeitig umsetzt,</LA></DD></DL></LA></DD><DT>8.</DT><DD Font="normal"><LA>entgegen § 8 Absatz 1 Satz 1, auch in Verbindung mit § 9 Absatz 1, nicht dafür sorgt, dass ein Beschwerdeverfahren eingerichtet ist,</LA></DD><DT>9.</DT><DD Font="normal"><LA>entgegen § 10 Absatz 1 Satz 2 eine Dokumentation nicht oder nicht mindestens sieben Jahre aufbewahrt,</LA></DD><DT>10.</DT><DD Font="normal"><LA>entgegen § 10 Absatz 2 Satz 1 einen Bericht nicht richtig erstellt,</LA></DD><DT>11.</DT><DD Font="normal"><LA>entgegen § 10 Absatz 2 Satz 1 einen dort genannten Bericht nicht oder nicht rechtzeitig öffentlich zugänglich macht,</LA></DD><DT>12.</DT><DD Font="normal"><LA>entgegen § 12 einen Bericht nicht oder nicht rechtzeitig einreicht oder</LA></DD><DT>13.</DT><DD Font="normal"><LA>einer vollziehbaren Anordnung nach § 13 Absatz 2 oder § 15 Satz 2 Nummer 2 zuwiderhandelt.</LA></DD></DL></P><P>(2) Die Ordnungswidrigkeit kann geahndet werden <DL Type="arabic"><DT>1.</DT><DD Font="normal"><LA>in den Fällen des Absatzes 1 <DL Type="alpha"><DT>a)</DT><DD Font="normal"><LA>Nummer 3, 7 Buchstabe b und Nummer 8</LA></DD><DT>b)</DT><DD Font="normal"><LA>Nummer 6 und 7 Buchstabe a</LA></DD></DL>mit einer Geldbuße bis zu achthunderttausend Euro,</LA></DD><DT>2.</DT><DD Font="normal"><LA>in den Fällen des Absatzes 1 Nummer 1, 2, 4, 5 und 13 mit einer Geldbuße bis zu fünfhunderttausend Euro und</LA></DD><DT>3.</DT><DD Font="normal"><LA>in den übrigen Fällen des Absatzes 1 mit einer Geldbuße bis zu hunderttausend Euro.</LA></DD></DL>In den Fällen des Satzes 1 Nummer 1 und 2 ist § 30 Absatz 2 Satz 3 des Gesetzes über Ordnungswidrigkeiten anzuwenden.</P><P>(3) Bei einer juristischen Person oder Personenvereinigung mit einem durchschnittlichen Jahresumsatz von mehr als 400 Millionen Euro kann abweichend von Absatz 2 Satz 2 in Verbindung mit Satz 1 Nummer 1 Buchstabe b eine Ordnungswidrigkeit nach Absatz 1 Nummer 6 oder 7 Buchstabe a mit einer Geldbuße bis zu 2 Prozent des durchschnittlichen Jahresumsatzes geahndet werden. Bei der Ermittlung des durchschnittlichen Jahresumsatzes der juristischen Person oder Personenvereinigung ist der weltweite Umsatz aller natürlichen und juristischen Personen sowie aller Personenvereinigungen der letzten drei Geschäftsjahre, die der Behördenentscheidung vorausgehen, zugrunde zu legen, soweit diese Personen und Personenvereinigungen als wirtschaftliche Einheit operieren. Der durchschnittliche Jahresumsatz kann geschätzt werden.</P><P>(4) Grundlage für die Bemessung der Geldbuße bei juristischen Personen und Personenvereinigungen ist die Bedeutung der Ordnungswidrigkeit. Bei der Bemessung sind die wirtschaftlichen Verhältnisse der juristischen Person oder Personenvereinigung zu berücksichtigen. Bei der Bemessung sind die Umstände, insoweit sie für und gegen die juristische Person oder Personenvereinigung sprechen, gegeneinander abzuwägen. Dabei kommen insbesondere in Betracht: <DL Type="arabic"><DT>1.</DT><DD Font="normal"><LA>der Vorwurf, der den Täter der Ordnungswidrigkeit trifft,</LA></DD><DT>2.</DT><DD Font="normal"><LA>die Beweggründe und Ziele des Täters der Ordnungswidrigkeit,</LA></DD><DT>3.</DT><DD Font="normal"><LA>Gewicht, Ausmaß und Dauer der Ordnungswidrigkeit,</LA></DD><DT>4.</DT><DD Font="normal"><LA>Art der Ausführung der Ordnungswidrigkeit, insbesondere die Anzahl der Täter und deren Position in der juristischen Person oder Personenvereinigung,</LA></DD><DT>5.</DT><DD Font="normal"><LA>die Auswirkungen der Ordnungswidrigkeit,</LA></DD><DT>6.</DT><DD Font="normal"><LA>vorausgegangene Ordnungswidrigkeiten, für die die juristische Person oder Personenvereinigung nach § 30 des Gesetzes über Ordnungswidrigkeiten, auch in Verbindung mit § 130 des Gesetzes über Ordnungswidrigkeiten, verantwortlich ist, sowie vor der Ordnungswidrigkeit getroffene Vorkehrungen zur Vermeidung und Aufdeckung von Ordnungswidrigkeiten,</LA></DD><DT>7.</DT><DD Font="normal"><LA>das Bemühen der juristischen Person oder Personenvereinigung, die Ordnungswidrigkeit aufzudecken und den Schaden wiedergutzumachen, sowie nach der Ordnungswidrigkeit getroffene Vorkehrungen zur Vermeidung und Aufdeckung von Ordnungswidrigkeiten,</LA></DD><DT>8.</DT><DD Font="normal"><LA>die Folgen der Ordnungswidrigkeit, die die juristische Person oder Personenvereinigung getroffen haben.</LA></DD></DL></P><P>(5) Verwaltungsbehörde im Sinne des § 36 Absatz 1 Nummer 1 des Gesetzes über Ordnungswidrigkeiten ist das Bundesamt für Wirtschaft und Ausfuhrkontrolle. Für die Rechts- und Fachaufsicht über das Bundesamt gilt § 19 Absatz 1 Satz 2 und 3.</P></Content></text></textdaten></norm>
<norm builddate="20231107213502" doknr="BJNR295910021BJNE002501000"><metadaten><jurabk>LkSG</jurabk><enbez>Anlage</enbez><titel format="XML">(zu § 2 Absatz 1, § 7 Absatz 3 Satz 2)<BR/></titel></metadaten><textdaten><text format="XML"><Content><P><noindex><kommentar typ="Fundstelle">(Fundstelle: BGBl. I 2021, 2968)</kommentar></noindex></P><P/><Title Align="auto"><B>Übereinkommen</B></Title><Title Align="justify"/><Title Align="auto"/><P><DL Font="normal" Type="arabic"><DT>1.</DT><DD Font="normal"><LA Size="normal">Übereinkommen Nr. 29 der Internationalen Arbeitsorganisation vom 28. Juni 1930 über Zwangs- oder Pflichtarbeit (BGBl. 1956 II S. 640, 641) (ILO-Übereinkommen Nr. 29)</LA></DD><DT>2.</DT><DD Font="normal"><LA Size="normal">Protokoll vom 11. Juni 2014 zum Übereinkommen Nr. 29 der Internationalen Arbeitsorganisation vom 28. Juni 1930 über Zwangs- oder Pflichtarbeit (BGBl. 2019 II S. 437, 438)</LA></DD><DT>3.</DT><DD Font="normal"><LA Size="normal">Übereinkommen Nr. 87 der Internationalen Arbeitsorganisation vom 9. Juli 1948 über die Vereinigungsfreiheit und den Schutz des Vereinigungsrechtes (BGBl. 1956 II S. 2072, 2071) geändert durch das Übereinkommen vom 26. Juni 1961 (BGBl. 1963 II S. 1135, 1136) (ILO-Übereinkommen Nr. 87)</LA></DD><DT>4.</DT><DD Font="normal"><LA Size="normal">Übereinkommen Nr. 98 der Internationalen Arbeitsorganisation vom 1. Juli 1949 über die Anwendung der Grundsätze des Vereinigungsrechtes und des Rechtes zu Kollektivverhandlungen (BGBl. 1955 II S. 1122, 1123) geändert durch das Übereinkommen vom 26. Juni 1961 (BGBl. 1963 II S. 1135, 1136) (ILO-Übereinkommen Nr. 98)</LA></DD><DT>5.</DT><DD Font="normal"><LA Size="normal">Übereinkommen Nr. 100 der Internationalen Arbeitsorganisation vom 29. Juni 1951 über die Gleichheit des Entgelts männlicher und weiblicher Arbeitskräfte für gleichwertige Arbeit (BGBl. 1956 II S. 23, 24) (ILO-Übereinkommen Nr. 100)</LA></DD><DT>6.</DT><DD Font="normal"><LA Size="normal">Übereinkommen Nr. 105 der Internationalen Arbeitsorganisation vom 25. Juni 1957 über die Abschaffung der Zwangsarbeit (BGBl. 1959 II S. 441, 442) (ILO-Übereinkommen Nr. 105)</LA></DD><DT>7.</DT><DD Font="normal"><LA Size="normal">Übereinkommen Nr. 111 der Internationalen Arbeitsorganisation vom 25. Juni 1958 über die Diskriminierung in Beschäftigung und Beruf (BGBl. 1961 II S. 97, 98) (ILO-Übereinkommen Nr. 111)</LA></DD><DT>8.</DT><DD Font="normal"><LA Size="normal">Übereinkommen Nr. 138 der Internationalen Arbeitsorganisation vom 26. Juni 1973 über das Mindestalter für die Zulassung zur Beschäftigung (BGBl. 1976 II S. 201, 202) (ILO-Übereinkommen Nr. 138)</LA></DD><DT>9.</DT><DD Font="normal"><LA Size="normal">Übereinkommen Nr. 182 der Internationalen Arbeitsorganisation vom 17. Juni 1999 über das Verbot und unverzügliche Maßnahmen zur Beseitigung der schlimmsten Formen der Kinderarbeit (BGBl. 2001 II S. 1290, 1291) (ILO-Übereinkommen Nr. 182)</LA></DD><DT>10.</DT><DD Font="normal"><LA Size="normal">Internationaler Pakt vom 19. Dezember 1966 über bürgerliche und politische Rechte, (BGBl. 1973 II S. 1533, 1534)</LA></DD><DT>11.</DT><DD Font="normal"><LA Size="normal">Internationaler Pakt vom 19. Dezember 1966 über wirtschaftliche, soziale und kulturelle Rechte (BGBl. 1973 II S. 1569, 1570)</LA></DD><DT>12.</DT><DD Font="normal"><LA Size="normal">Übereinkommen von Minamata vom 10. Oktober 2013 über Quecksilber (BGBl. 2017 II S. 610, 611) (Minamata-Übereinkommen)</LA></DD><DT>13.</DT><DD Font="normal"><LA Size="normal">Stockholmer Übereinkommen vom 23. Mai 2001 über persistente organische Schadstoffe (BGBl. 2002 II S. 803, 804) (POPs-Übereinkommen), zuletzt geändert durch den Beschluss vom 6. Mai 2005 (BGBl. 2009 II S. 1060, 1061)</LA></DD><DT>14.</DT><DD Font="normal"><LA Size="normal">Basler Übereinkommen über die Kontrolle der grenzüberschreitenden Verbringung gefährlicher Abfälle und ihrer Entsorgung vom 22. März 1989 (BGBl. 1994 II S. 2703, 2704) (Basler Übereinkommen), zuletzt geändert durch die Dritte Verordnung zur Änderung von Anlagen zum Basler Übereinkommen vom 22. März 1989 vom 6. Mai 2014 (BGBl. II S. 306/307)</LA></DD></DL></P></Content></text></textdaten></norm>
</dokumente>