<?xml version="1.0" encoding="UTF-8" ?><!DOCTYPE dokumente SYSTEM "http://www.gesetze-im-internet.de/dtd/1.01/gii-norm.dtd">
<dokumente builddate="20120625154714" doknr="BJNR008140969"><norm builddate="20120625154714" doknr="BJNR008140969"><metadaten><jurabk>PMeriteSaÄndErl</jurabk><ausfertigung-datum manuell="ja">1969-06-30</ausfertigung-datum><fundstelle typ="amtlich"><periodikum>BGBl I</periodikum><zitstelle>1969, 814</zitstelle></fundstelle><langue>Erlaß über die Genehmigung von Änderungen der Satzung des Ordens Pour le
merite für Wissenschaften und Künste</langue></metadaten><textdaten><text format="XML"><Content><P/></Content></text><fussnoten><Content><P>(+++ Textnachweis ab: 19. 7.1969 +++)</P></Content></fussnoten></textdaten></norm>
<norm builddate="20120625154714" doknr="BJNR008140969BJNE000100304"><metadaten><jurabk>PMeriteSaÄndErl</jurabk><enbez>(XXXX)</enbez></metadaten><textdaten><text format="XML"><Content><P>Das Ordenskapitel des Ordens Pour le <ABWFORMAT typ="A"/>merite für Wissenschaften und Künste hat am 27. Juni 1963 und am 4. Juni 1969 Änderungen der Satzung des Ordens beschlossen.<BR/>Nach Artikel 6 Abs. 1 des Erlasses über die Genehmigung der Stiftung und Verleihung von Orden und Ehrenzeichen und über die Anerkennung als Ehrenzeichen vom 4. Juli 1958 (Bundesgesetzbl. I S. 422) genehmige ich die Satzungsänderungen. Die neue Fassung der Satzung wird vom Bundesminister des Innern im Bundesanzeiger veröffentlicht.</P></Content></text></textdaten></norm>
<norm builddate="20120625154714" doknr="BJNR008140969BJNE000200304"><metadaten><jurabk>PMeriteSaÄndErl</jurabk><enbez>Schlußformel</enbez></metadaten><textdaten><text format="XML"><Content><P><SP>Der Bundespräsident</SP> <BR/><SP>Der Bundesminister des Innern</SP></P></Content></text></textdaten></norm>
</dokumente>