<?xml version="1.0" encoding="UTF-8" ?><!DOCTYPE dokumente SYSTEM "http://www.gesetze-im-internet.de/dtd/1.01/gii-norm.dtd">
<dokumente builddate="20241114214024" doknr="BJNR1610A0024"><norm builddate="20241114214024" doknr="BJNR1610A0024"><metadaten><jurabk>AO1977§139bAbs13Bek 2024</jurabk><ausfertigung-datum manuell="ja">2024-11-11</ausfertigung-datum><fundstelle typ="amtlich"><periodikum>BGBl. I</periodikum><zitstelle>2024, Nr. 353</zitstelle></fundstelle><langue>Bekanntmachung zum Zeitpunkt der Datenübermittlung nach § 139b Absatz 13 Satz 1 der Abgabenordnung</langue></metadaten><textdaten><fussnoten><Content><P><BR/> <pre xml:space="preserve">(+++ Textnachweis ab: 14.11.2024 +++)<BR/><BR/></pre></P></Content></fussnoten></textdaten></norm>
<norm builddate="20241114214024" doknr="BJNR1610A0024BJNE000100000"><metadaten><jurabk>AO1977§139bAbs13Bek 2024</jurabk><enbez>(XXXX)</enbez></metadaten><textdaten><text format="XML"><Content><P>Nach § 139b Absatz 13 Satz 1 der Abgabenordnung in der Fassung der Bekanntmachung vom 1. Oktober 2002 (BGBl. I S. 3866; 2003 I S. 61), die zuletzt durch Artikel 3 des Gesetzes vom 23. Oktober 2024 (BGBl. 2024 I Nr. 323) geändert worden ist, wird hiermit bekannt gemacht, dass eine Datenübermittlung an das Bundeszentralamt für Steuern nach § 139b Absatz 10 Satz 1 Nummer 1 der Abgabenordung erstmals ab dem 2. Dezember 2024 zulässig ist.</P><P>Eine Übermittlung der Daten ist für volljährige natürliche Personen ab 2. Dezember 2024 über das ELSTER-Online-Portal des Bayerischen Landesamtes für Steuern und das Online-Portal des Bundeszentralamts für Steuern zulässig. Die zugehörigen Adressen lauten: www.elster.de und https://online.portal.bzst.de.</P></Content></text></textdaten></norm>
<norm builddate="20241114214024" doknr="BJNR1610A0024BJNE000200000"><metadaten><jurabk>AO1977§139bAbs13Bek 2024</jurabk><enbez>Schlussformel</enbez></metadaten><textdaten><text format="XML"><Content><P><SP>Bundesministerium der Finanzen</SP></P></Content></text></textdaten></norm>
</dokumente>