<?xml version="1.0" encoding="UTF-8" ?><!DOCTYPE dokumente SYSTEM "http://www.gesetze-im-internet.de/dtd/1.01/gii-norm.dtd">
<dokumente builddate="20121214215046" doknr="BJNR516700960"><norm builddate="20121214215046" doknr="BJNR516700960"><metadaten><jurabk>BMFZVersAnO</jurabk><ausfertigung-datum manuell="ja">1960-08-24</ausfertigung-datum><fundstelle typ="amtlich"><periodikum>BAnz</periodikum><zitstelle>1960, Nr 167</zitstelle></fundstelle><langue>Anordnung über die Übertragung von Zuständigkeiten auf dem Gebiet der
beamtenrechtlichen Versorgung im Dienstbereich des Bundesministers der Finanzen</langue></metadaten><textdaten><text format="XML"><Content><P/></Content></text><fussnoten><Content><P>(+++ Textnachweis Geltung ab:  1. 1.1964 +++)</P></Content></fussnoten></textdaten></norm>
<norm builddate="20121214215046" doknr="BJNR516700960BJNE000100326"><metadaten><jurabk>BMFZVersAnO</jurabk><enbez>(XXXX)</enbez></metadaten><textdaten><text format="XML"><Content><P>Auf Grund des § 155 Abs. 1 Satz 2 des Bundesbeamtengesetzes (BBG) vom 14. Juli 1953 in der Fassung vom 18. September 1957 (Bundesgesetzbl. I S. 1337) in Verbindung mit § 2 Abs. 3 des Gesetzes zur Überleitung von Lasten und Deckungsmitteln vom Saarland auf den Bund (Fünftes Überleitungsgesetz) vom 30. Juni 1959 (Bundesgesetzbl. I S. 335) sowie § 1 Satz 1, § 11 Satz 1 des Gesetzes zur Einführung von Beamtenrecht des Bundes im Saarland vom 30. Juni 1959 (Bundesgesetzbl. I S. 332) übertrage ich im Einvernehmen mit dem Bundesminister des Innern meine Befugnisse zur Festsetzung und Regelung der Versorgungsbezüge für die Beamten der früheren Staatlichen Bergbetriebsverwaltung im Saarland und ihrer Hinterbliebenen auf die Oberfinanzdirektion Saarbrücken, Zoll- und Verbrauchsteuerabteilung.<BR/><BR/><SP>Der Bundesminister der Finanzen</SP></P></Content></text></textdaten></norm>
</dokumente>