<?xml version="1.0" encoding="UTF-8" ?><!DOCTYPE dokumente SYSTEM "http://www.gesetze-im-internet.de/dtd/1.01/gii-norm.dtd">
<dokumente builddate="20220909213506" doknr="BJNR039800022"><norm builddate="20220909213506" doknr="BJNR039800022"><metadaten><jurabk>KochAusbV 2022</jurabk><amtabk>KochAusbV</amtabk><ausfertigung-datum manuell="ja">2022-03-09</ausfertigung-datum><fundstelle typ="amtlich"><periodikum>BGBl I</periodikum><zitstelle>2022, 398</zitstelle></fundstelle><kurzue>Kochausbildungsverordnung</kurzue><langue>Verordnung über die Berufsausbildung zum Koch und zur Köchin<FnR ID="F820754_01_BJNR039800022"/></langue><standangabe checked="ja"><standtyp>Sonst</standtyp><standkommentar>Ersetzt V 806-21-1-250 v. 13.2.1998 I 364 (KochAusbV)</standkommentar></standangabe></metadaten><textdaten><text format="XML"><Footnotes><Footnote FnZ="*" Group="column" ID="F820754_01_BJNR039800022" Pos="normal"><noindex>Diese Rechtsverordnung ist eine Ausbildungsordnung im Sinne des § 4 des Berufsbildungsgesetzes. Die Ausbildungsordnung und der damit abgestimmte, von der Ständigen Konferenz der Kultusminister der Länder in der Bundesrepublik Deutschland beschlossene Rahmenlehrplan für die Berufsschule werden demnächst im amtlichen Teil des Bundesanzeigers veröffentlicht.</noindex></Footnote></Footnotes></text><fussnoten><Content><P><BR/> <pre xml:space="preserve">(+++ Textnachweis ab: 1.8.2022 +++)<BR/><BR/></pre></P></Content></fussnoten></textdaten></norm>
<norm builddate="20220909213506" doknr="BJNR039800022BJNE000100000"><metadaten><jurabk>KochAusbV 2022</jurabk><jurabk>KochAusbV</jurabk><enbez>Eingangsformel</enbez></metadaten><textdaten><text format="XML"><Content><P>Auf Grund des § 4 Absatz 1 des Berufsbildungsgesetzes in der Fassung der Bekanntmachung vom 4. Mai 2020 (BGBl. I S. 920) in Verbindung mit § 1 Absatz 2 des Zuständigkeitsanpassungsgesetzes vom 16. August 2002 (BGBl. I S. 3165) und dem Organisationserlass vom 8. Dezember 2021 (BGBl. I S. 5176) verordnet das Bundesministerium für Wirtschaft und Klimaschutz im Einvernehmen mit dem Bundesministerium für Bildung und Forschung:</P></Content></text></textdaten></norm>
<norm builddate="20220909213506" doknr="BJNR039800022BJNE000200000"><metadaten><jurabk>KochAusbV 2022</jurabk><jurabk>KochAusbV</jurabk><enbez>Inhaltsübersicht</enbez></metadaten><textdaten><text format="XML"><TOC><Ident Class="S0">Abschnitt 1</Ident><P/><Title Align="auto" Class="S0">Gegenstand, Dauer und<BR/> Gliederung der Berufsausbildung</Title><P/><table colsep="0" frame="none" pgwide="1" rowsep="0" tocentry="%yes;"><tgroup align="left" char="" charoff="50" cols="2"><colspec colname="col1" colwidth="8*"/><colspec align="justify" colname="col2" colwidth="72*"/><tbody valign="top"><row><entry VJ="1" colname="col1">§  1</entry><entry VJ="1" colname="col2">Staatliche Anerkennung des Ausbildungsberufes</entry></row><row><entry VJ="1" colname="col1">§  2</entry><entry VJ="1" colname="col2">Dauer der Berufsausbildung</entry></row><row><entry VJ="1" colname="col1">§  3</entry><entry VJ="1" colname="col2">Begriffsbestimmungen</entry></row><row><entry VJ="1" colname="col1">§  4</entry><entry VJ="1" colname="col2">Gegenstand der Berufsausbildung und Ausbildungsrahmenplan</entry></row><row><entry VJ="1" colname="col1">§  5</entry><entry VJ="1" colname="col2">Struktur der Berufsausbildung und Ausbildungsberufsbild</entry></row><row><entry VJ="1" colname="col1">§  6</entry><entry VJ="1" colname="col2">Ausbildungsplan</entry></row></tbody></tgroup></table><P/><Ident Class="S0">Abschnitt 2</Ident><P/><Title Align="auto" Class="S0">Abschlussprüfung</Title><P/><table colsep="0" frame="none" pgwide="1" rowsep="0" tocentry="%yes;"><tgroup align="left" char="" charoff="50" cols="2"><colspec colname="col1" colwidth="8*"/><colspec align="justify" colname="col2" colwidth="72*"/><tbody valign="top"><row><entry VJ="1" colname="col1">§  7</entry><entry VJ="1" colname="col2">Aufteilung in zwei Teile und Zeitpunkt</entry></row><row><entry VJ="1" colname="col1">§  8</entry><entry VJ="1" colname="col2">Inhalt des Teiles 1</entry></row><row><entry VJ="1" colname="col1">§  9</entry><entry VJ="1" colname="col2">Prüfungsbereich des Teiles 1</entry></row><row><entry VJ="1" colname="col1">§ 10</entry><entry VJ="1" colname="col2">Inhalt des Teiles 2</entry></row><row><entry VJ="1" colname="col1">§ 11</entry><entry VJ="1" colname="col2">Prüfungsbereiche des Teiles 2</entry></row><row><entry VJ="1" colname="col1">§ 12</entry><entry VJ="1" colname="col2">Prüfungsbereich „Planen, Zubereiten und Präsentieren eines Drei-Gänge-Menüs“</entry></row><row><entry VJ="1" colname="col1">§ 13</entry><entry VJ="1" colname="col2">Prüfungsbereich „Produkte, Lagerhaltung und Warenwirtschaft“</entry></row><row><entry VJ="1" colname="col1">§ 14</entry><entry VJ="1" colname="col2">Prüfungsbereich „Technologie, Gästeinformation und Arbeiten im Team“</entry></row><row><entry VJ="1" colname="col1">§ 15</entry><entry VJ="1" colname="col2">Prüfungsbereich „Wirtschafts- und Sozialkunde“</entry></row><row><entry VJ="1" colname="col1">§ 16</entry><entry VJ="1" colname="col2">Gewichtung der Prüfungsbereiche und Anforderungen für das Bestehen der Abschlussprüfung</entry></row><row><entry VJ="1" colname="col1">§ 17</entry><entry VJ="1" colname="col2">Mündliche Ergänzungsprüfung</entry></row></tbody></tgroup></table><P/><Ident Class="S0">Abschnitt 3</Ident><P/><Title Align="auto" Class="S0">Zusatzqualifikation<BR/>Vertiefung für vegetarische und vegane Küche</Title><P/><table colsep="0" frame="none" pgwide="1" rowsep="0" tocentry="%yes;"><tgroup align="left" char="" charoff="50" cols="2"><colspec colname="col1" colwidth="8*"/><colspec align="justify" colname="col2" colwidth="72*"/><tbody valign="top"><row><entry VJ="1" colname="col1">§ 18</entry><entry VJ="1" colname="col2">Inhalt der Zusatzqualifikation</entry></row><row><entry VJ="1" colname="col1">§ 19</entry><entry VJ="1" colname="col2">Prüfung der Zusatzqualifikation</entry></row></tbody></tgroup></table><P/><Ident Class="S0">Abschnitt 4</Ident><P/><Title Align="auto" Class="S0">Weitere Berufsausbildung</Title><P/><table colsep="0" frame="none" pgwide="1" rowsep="0" tocentry="%yes;"><tgroup align="left" char="" charoff="50" cols="2"><colspec colname="col1" colwidth="8*"/><colspec align="justify" colname="col2" colwidth="72*"/><tbody valign="top"><row><entry VJ="1" colname="col1">§ 20</entry><entry VJ="1" colname="col2">Befreiung von Teil 1 der Abschlussprüfung und Anrechnung von Ausbildungszeiten</entry></row><row><entry VJ="1" colname="col1">§ 21</entry><entry VJ="1" colname="col2">Erwerb des Abschlusses zur Fachkraft Küche nach nichtbestandener Abschlussprüfung zum Koch und zur Köchin</entry></row></tbody></tgroup></table><P/><Ident Class="S0">Abschnitt 5</Ident><P/><Title Align="auto" Class="S0">Schlussvorschriften</Title><P/><table colsep="0" frame="none" pgwide="1" rowsep="0" tocentry="%yes;"><tgroup align="left" char="" charoff="50" cols="3"><colspec colname="col1" colwidth="7.99*"/><colspec align="justify" colname="col2" colwidth="1.24*"/><colspec align="justify" colname="col3" colwidth="70.77*"/><tbody valign="top"><row><entry VJ="1" colname="col1">§ 22</entry><entry VJ="1" nameend="col3" namest="col2">Inkrafttreten, Außerkrafttreten<P/></entry></row><row><entry VJ="1" nameend="col2" namest="col1">Anlage 1</entry><entry VJ="1" colname="col3">Ausbildungsrahmenplan für die Berufsausbildung zum Koch und zur Köchin</entry></row><row><entry VJ="1" nameend="col2" namest="col1">Anlage 2</entry><entry VJ="1" colname="col3">Fertigkeiten, Kenntnisse und Fähigkeiten in der Zusatzqualifikation Vertiefung für vegetarische und vegane Küche</entry></row></tbody></tgroup></table></TOC></text></textdaten></norm>
<norm builddate="20220909213506" doknr="BJNR039800022BJNG000100000"><metadaten><jurabk>KochAusbV 2022</jurabk><jurabk>KochAusbV</jurabk><gliederungseinheit><gliederungskennzahl>010</gliederungskennzahl><gliederungsbez>Abschnitt 1</gliederungsbez><gliederungstitel>Gegenstand, Dauer und Gliederung der Berufsausbildung</gliederungstitel></gliederungseinheit></metadaten><textdaten/></norm>
<norm builddate="20220909213506" doknr="BJNR039800022BJNE000300000"><metadaten><jurabk>KochAusbV 2022</jurabk><jurabk>KochAusbV</jurabk><enbez>§ 1</enbez><titel format="XML">Staatliche Anerkennung des Ausbildungsberufes</titel></metadaten><textdaten><text format="XML"><Content><P>Der Ausbildungsberuf mit der Berufsbezeichnung des Kochs und der Köchin wird nach § 4 Absatz 1 des Berufsbildungsgesetzes staatlich anerkannt.</P></Content></text></textdaten></norm>
<norm builddate="20220909213506" doknr="BJNR039800022BJNE000400000"><metadaten><jurabk>KochAusbV 2022</jurabk><jurabk>KochAusbV</jurabk><enbez>§ 2</enbez><titel format="XML">Dauer der Berufsausbildung</titel></metadaten><textdaten><text format="XML"><Content><P>Die Berufsausbildung dauert drei Jahre.</P></Content></text></textdaten></norm>
<norm builddate="20220909213506" doknr="BJNR039800022BJNE000500000"><metadaten><jurabk>KochAusbV 2022</jurabk><jurabk>KochAusbV</jurabk><enbez>§ 3</enbez><titel format="XML">Begriffsbestimmungen</titel></metadaten><textdaten><text format="XML"><Content><P>(1) Ein HACCP-Konzept im Sinne dieser Verordnung ist ein systematisches, nach übergeordneten Grundsätzen auf Betriebsebene erstelltes und eingesetztes Konzept, durch das Gefahren bei der Herstellung und beim Umgang mit Nahrungsmitteln mit Hilfe kritischer Kontrollpunkte ermittelt, vermieden, überwacht und dokumentiert werden.</P><P>(2) Eine Speise im Sinne dieser Verordnung ist ein Küchenerzeugnis, das einzeln serviert werden kann.</P><P>(3) Ein Gericht im Sinne dieser Verordnung ist eine Kombination verschiedener Komponenten.</P><P>(4) Einfache Speisen und Gerichte im Sinne dieser Verordnung bestehen aus einer geringen Anzahl an Zutaten, die mit einer geringen Anzahl an Garverfahren zubereitet werden. Die Zubereitung erfordert kein vertieftes Fachwissen.</P></Content></text></textdaten></norm>
<norm builddate="20220909213506" doknr="BJNR039800022BJNE000600000"><metadaten><jurabk>KochAusbV 2022</jurabk><jurabk>KochAusbV</jurabk><enbez>§ 4</enbez><titel format="XML">Gegenstand der Berufsausbildung und Ausbildungsrahmenplan</titel></metadaten><textdaten><text format="XML"><Content><P>(1) Gegenstand der Berufsausbildung sind mindestens die im Ausbildungsrahmenplan (Anlage 1) genannten Fertigkeiten, Kenntnisse und Fähigkeiten.</P><P>(2) Von der Organisation der Berufsausbildung, wie sie im Ausbildungsrahmenplan (Anlage 1) vorgegeben ist, darf von den Ausbildenden abgewichen werden, wenn und soweit betriebspraktische Besonderheiten oder Gründe, die in der Person des oder der Auszubildenden liegen, die Abweichung erfordern.</P><P>(3) Die im Ausbildungsrahmenplan (Anlage 1) genannten Fertigkeiten, Kenntnisse und Fähigkeiten sollen von den Ausbildenden so vermittelt werden, dass die Auszubildenden die berufliche Handlungsfähigkeit nach § 1 Absatz 3 des Berufsbildungsgesetzes erlangen. Die berufliche Handlungsfähigkeit schließt insbesondere selbständiges Planen, Durchführen und Kontrollieren bei der Ausübung der beruflichen Aufgaben ein.</P></Content></text></textdaten></norm>
<norm builddate="20220909213506" doknr="BJNR039800022BJNE000700000"><metadaten><jurabk>KochAusbV 2022</jurabk><jurabk>KochAusbV</jurabk><enbez>§ 5</enbez><titel format="XML">Struktur der Berufsausbildung und Ausbildungsberufsbild</titel></metadaten><textdaten><text format="XML"><Content><P>(1) Die Berufsausbildung gliedert sich in: <DL Type="arabic"><DT>1.</DT><DD Font="normal"><LA>berufsprofilgebende Fertigkeiten, Kenntnisse und Fähigkeiten sowie</LA></DD><DT>2.</DT><DD Font="normal"><LA>integrativ zu vermittelnde Fertigkeiten, Kenntnisse und Fähigkeiten.</LA></DD></DL>Die Fertigkeiten, Kenntnisse und Fähigkeiten sind in Berufsbildpositionen gebündelt.</P><P>(2) Die Berufsbildpositionen der berufsprofilgebenden Fertigkeiten, Kenntnisse und Fähigkeiten sind: <DL Type="arabic"><DT>1.</DT><DD Font="normal"><LA>Umgang mit Gästen und Teammitgliedern,</LA></DD><DT>2.</DT><DD Font="normal"><LA>Annahme und Einlagerung von Waren,</LA></DD><DT>3.</DT><DD Font="normal"><LA>Vor- und Nachbereitung von Arbeiten für die Speisenzubereitung sowie Einsatz von Geräten, Maschinen und Arbeitsmitteln,</LA></DD><DT>4.</DT><DD Font="normal"><LA>Anwendung der grundlegenden Arbeitstechniken in der Küche,</LA></DD><DT>5.</DT><DD Font="normal"><LA>Wahrnehmung der grundlegenden Aufgaben in Service und Wirtschaftsdienst,</LA></DD><DT>6.</DT><DD Font="normal"><LA>Zubereitung von einfachen Speisen und Gerichten,</LA></DD><DT>7.</DT><DD Font="normal"><LA>Zubereitung von pflanzlichen Nahrungsmitteln und von Pilzen,</LA></DD><DT>8.</DT><DD Font="normal"><LA>Zubereitung von Suppen, Soßen und Eintöpfen,</LA></DD><DT>9.</DT><DD Font="normal"><LA>Verarbeitung und Zubereitung von Fleisch,</LA></DD><DT>10.</DT><DD Font="normal"><LA>Verarbeitung und Zubereitung von Fisch,</LA></DD><DT>11.</DT><DD Font="normal"><LA>Herstellung und Verarbeitung von Teigen und Massen,</LA></DD><DT>12.</DT><DD Font="normal"><LA>Herstellung von Süßspeisen und Desserts,</LA></DD><DT>13.</DT><DD Font="normal"><LA>Planung und Umsetzung des nachhaltigen Einsatzes von Geräten, Maschinen, Arbeitsmitteln, Lebensmitteln und Ressourcen,</LA></DD><DT>14.</DT><DD Font="normal"><LA>Anwendung der speziellen Hygienevorschriften in der Küche,</LA></DD><DT>15.</DT><DD Font="normal"><LA>Zusammenstellung und Kennzeichnung von Speisen und Gerichten,</LA></DD><DT>16.</DT><DD Font="normal"><LA>Sicherstellung von Warenflüssen sowie Kalkulation von Kosten und Preisen,</LA></DD><DT>17.</DT><DD Font="normal"><LA>küchentechnische Verwaltungsprozesse,</LA></DD><DT>18.</DT><DD Font="normal"><LA>Beratung von Gästen sowie Verkauf von Produkten und Dienstleistungen und</LA></DD><DT>19.</DT><DD Font="normal"><LA>Anleitung und Führung von Mitarbeitenden.</LA></DD></DL></P><P>(3) Die Berufsbildpositionen der integrativ zu vermittelnden Fertigkeiten, Kenntnisse und Fähigkeiten sind: <DL Type="arabic"><DT>1.</DT><DD Font="normal"><LA>Organisation des Ausbildungsbetriebes, Berufsbildung sowie Arbeits- und Tarifrecht,</LA></DD><DT>2.</DT><DD Font="normal"><LA>Sicherheit und Gesundheit bei der Arbeit,</LA></DD><DT>3.</DT><DD Font="normal"><LA>Umweltschutz und Nachhaltigkeit,</LA></DD><DT>4.</DT><DD Font="normal"><LA>digitalisierte Arbeitswelt und</LA></DD><DT>5.</DT><DD Font="normal"><LA>Durchführung von Hygienemaßnahmen.</LA></DD></DL></P></Content></text></textdaten></norm>
<norm builddate="20220909213506" doknr="BJNR039800022BJNE000800000"><metadaten><jurabk>KochAusbV 2022</jurabk><jurabk>KochAusbV</jurabk><enbez>§ 6</enbez><titel format="XML">Ausbildungsplan</titel></metadaten><textdaten><text format="XML"><Content><P>Die Ausbildenden haben spätestens zu Beginn der Ausbildung auf der Grundlage des Ausbildungsrahmenplans (Anlage 1) für jeden Auszubildenden und für jede Auszubildende einen Ausbildungsplan zu erstellen.</P></Content></text></textdaten></norm>
<norm builddate="20220909213506" doknr="BJNR039800022BJNG000200000"><metadaten><jurabk>KochAusbV 2022</jurabk><jurabk>KochAusbV</jurabk><gliederungseinheit><gliederungskennzahl>020</gliederungskennzahl><gliederungsbez>Abschnitt 2</gliederungsbez><gliederungstitel>Abschlussprüfung</gliederungstitel></gliederungseinheit></metadaten><textdaten/></norm>
<norm builddate="20220909213506" doknr="BJNR039800022BJNE000900000"><metadaten><jurabk>KochAusbV 2022</jurabk><jurabk>KochAusbV</jurabk><enbez>§ 7</enbez><titel format="XML">Aufteilung in zwei Teile und Zeitpunkt</titel></metadaten><textdaten><text format="XML"><Content><P>(1) Die Abschlussprüfung besteht aus den Teilen 1 und 2.</P><P>(2) Teil 1 soll im vierten Ausbildungshalbjahr stattfinden.</P><P>(3) Teil 2 findet am Ende der Berufsausbildung statt.</P><P>(4) Wird die Ausbildungsdauer verkürzt, so soll Teil 1 der Abschlussprüfung spätestens drei Monate vor dem Zeitpunkt von Teil 2 der Abschlussprüfung stattfinden.</P><P>(5) Den jeweiligen Zeitpunkt legt die zuständige Stelle fest.</P></Content></text></textdaten></norm>
<norm builddate="20220909213506" doknr="BJNR039800022BJNE001000000"><metadaten><jurabk>KochAusbV 2022</jurabk><jurabk>KochAusbV</jurabk><enbez>§ 8</enbez><titel format="XML">Inhalt des Teiles 1</titel></metadaten><textdaten><text format="XML"><Content><P>Teil 1 der Abschlussprüfung erstreckt sich auf <DL Type="arabic"><DT>1.</DT><DD Font="normal"><LA>die im Ausbildungsrahmenplan (Anlage 1) für die ersten 18 Monate genannten Fertigkeiten, Kenntnisse und Fähigkeiten sowie</LA></DD><DT>2.</DT><DD Font="normal"><LA>den im Berufsschulunterricht zu vermittelnden Lehrstoff, soweit er den im Ausbildungsrahmenplan (Anlage 1) genannten Fertigkeiten, Kenntnissen und Fähigkeiten entspricht.</LA></DD></DL></P></Content></text></textdaten></norm>
<norm builddate="20220909213506" doknr="BJNR039800022BJNE001100000"><metadaten><jurabk>KochAusbV 2022</jurabk><jurabk>KochAusbV</jurabk><enbez>§ 9</enbez><titel format="XML">Prüfungsbereich des Teiles 1</titel></metadaten><textdaten><text format="XML"><Content><P>(1) Teil 1 der Abschlussprüfung findet im Prüfungsbereich „Zubereiten von einfachen Speisen und Gerichten“ statt.</P><P>(2) Im Prüfungsbereich „Zubereiten von einfachen Speisen und Gerichten“ besteht die Prüfung aus zwei Teilen.</P><P>(3) Im ersten Teil hat der Prüfling nachzuweisen, dass er in der Lage ist, <DL Type="arabic"><DT>1.</DT><DD Font="normal"><LA>Lebensmittel ihren Verwendungsmöglichkeiten zuzuordnen und die Zubereitungsmöglichkeiten der Lebensmittel zu erläutern,</LA></DD><DT>2.</DT><DD Font="normal"><LA>die Arbeitsabläufe zu planen,</LA></DD><DT>3.</DT><DD Font="normal"><LA>einfache Speisen und Gerichte unter Verwendung verschiedener Garverfahren zuzubereiten und anzurichten,</LA></DD><DT>4.</DT><DD Font="normal"><LA>bei der Zubereitung und beim Anrichten von einfachen Speisen und Gerichten die Vorschriften für die Produkt-, Personal- und Betriebshygiene zu beachten,</LA></DD><DT>5.</DT><DD Font="normal"><LA>bei der Zubereitung und beim Anrichten von einfachen Speisen und Gerichten Maßnahmen für Umweltschutz, Nachhaltigkeit, Ressourcenschonung, Arbeitssicherheit und Gesundheitsschutz zu ergreifen und</LA></DD><DT>6.</DT><DD Font="normal"><LA>den Umgang mit Gästen sowie mit Kollegen und Kolleginnen zu beschreiben.</LA></DD></DL>Die Aufgaben müssen praxisbezogen sein. Der Prüfling hat die Aufgaben schriftlich zu bearbeiten. Die Prüfungszeit beträgt 60 Minuten.</P><P>(4) Im zweiten Teil hat der Prüfling nachzuweisen, dass er in der Lage ist, <DL Type="arabic"><DT>1.</DT><DD Font="normal"><LA>als Vorspeise einen Salat oder eine einfache Suppe für vier Personen zuzubereiten und anzurichten,</LA></DD><DT>2.</DT><DD Font="normal"><LA>ein einfaches Hauptgericht mit Schlachtfleisch, Hausgeflügel oder Fisch, mit einer Soße, mit einer Gemüsebeilage und mit einer Sättigungsbeilage für vier Personen zuzubereiten und anzurichten,</LA></DD><DT>3.</DT><DD Font="normal"><LA>vor der Zubereitung die Arbeitsschritte zu planen und stichpunktartig einen Arbeitsablaufplan zu erstellen,</LA></DD><DT>4.</DT><DD Font="normal"><LA>die Arbeitsabläufe zu strukturieren und Maßnahmen zur Arbeitsorganisation zu ergreifen,</LA></DD><DT>5.</DT><DD Font="normal"><LA>Arbeits- und Schnitttechniken auszuwählen und anzuwenden,</LA></DD><DT>6.</DT><DD Font="normal"><LA>Geräte und Maschinen einzusetzen,</LA></DD><DT>7.</DT><DD Font="normal"><LA>verschiedene Garverfahren anzuwenden,</LA></DD><DT>8.</DT><DD Font="normal"><LA>die Verkaufsfähigkeit der zubereiteten Speisen und Gerichte sicherzustellen,</LA></DD><DT>9.</DT><DD Font="normal"><LA>die Hygieneanforderungen zu beachten,</LA></DD><DT>10.</DT><DD Font="normal"><LA>wirtschaftlich mit Lebensmitteln, Arbeitsmaterialien, Energie und Wasser umzugehen und</LA></DD><DT>11.</DT><DD Font="normal"><LA>die zeitlichen Vorgaben einzuhalten.</LA></DD></DL>Der Prüfling hat eine Arbeitsaufgabe durchzuführen. Gegenstand der Arbeitsaufgabe ist die Planung, die Zubereitung und das Anrichten einer Vorspeise und eines Hauptgerichtes. Dem Prüfling sind 14 Kalendertage vor dem Prüfungstag zwei Listen mit Lebensmitteln für einen Warenkorb bekanntzugeben. Die eine Liste enthält Pflichtbestandteile. Die andere Liste enthält Wahlbestandteile, aus denen der Prüfling nach Bedarf auswählt. Der Warenkorb muss so zusammengestellt sein, dass dem Prüfling verschiedene Zubereitungsvarianten ermöglicht werden. Auf der Grundlage der bekanntgegebenen Listen für den Warenkorb kann der Prüfling einen Arbeitsablaufplan erstellen, am Prüfungstag mitbringen und als Hilfsmittel für die Zubereitung der Vorspeise und des Hauptgerichtes verwenden. Die Erstellung des Arbeitsablaufplans ist freiwillig. Nach der Durchführung der Arbeitsaufgabe wird mit dem Prüfling ein auftragsbezogenes Fachgespräch über die Arbeitsaufgabe geführt. Die Prüfungszeit beträgt insgesamt vier Stunden. Das auftragsbezogene Fachgespräch dauert höchstens 15 Minuten. Bewertet werden nur die Arbeitsaufgabe und die im auftragsbezogenen Fachgespräch erbrachten Leistungen.</P><P>(5) Bei der Ermittlung des Ergebnisses für den Prüfungsbereich sind die Bewertungen wie folgt zu gewichten: <DL Type="arabic"><DT>1.</DT><DD Font="normal"><LA>die Bewertung für den ersten Teil mit 30 Prozent und</LA></DD><DT>2.</DT><DD Font="normal"><LA>die Bewertung für den zweiten Teil mit 70 Prozent.</LA></DD></DL></P></Content></text></textdaten></norm>
<norm builddate="20220909213506" doknr="BJNR039800022BJNE001200000"><metadaten><jurabk>KochAusbV 2022</jurabk><jurabk>KochAusbV</jurabk><enbez>§ 10</enbez><titel format="XML">Inhalt des Teiles 2</titel></metadaten><textdaten><text format="XML"><Content><P>(1) Teil 2 der Abschlussprüfung erstreckt sich auf <DL Type="arabic"><DT>1.</DT><DD Font="normal"><LA>die im Ausbildungsrahmenplan (Anlage 1) genannten Fertigkeiten, Kenntnisse und Fähigkeiten sowie</LA></DD><DT>2.</DT><DD Font="normal"><LA>den im Berufsschulunterricht zu vermittelnden Lehrstoff, soweit er den im Ausbildungsrahmenplan (Anlage 1) genannten Fertigkeiten, Kenntnissen und Fähigkeiten entspricht.</LA></DD></DL></P><P>(2) In Teil 2 der Abschlussprüfung sollen Fertigkeiten, Kenntnisse und Fähigkeiten, die bereits Gegenstand von Teil 1 der Abschlussprüfung waren, nur insoweit einbezogen werden, als es für die Feststellung der beruflichen Handlungsfähigkeit erforderlich ist.</P></Content></text></textdaten></norm>
<norm builddate="20220909213506" doknr="BJNR039800022BJNE001300000"><metadaten><jurabk>KochAusbV 2022</jurabk><jurabk>KochAusbV</jurabk><enbez>§ 11</enbez><titel format="XML">Prüfungsbereiche des Teiles 2</titel></metadaten><textdaten><text format="XML"><Content><P>Teil 2 der Abschlussprüfung findet in den folgenden Prüfungsbereichen statt: <DL Type="arabic"><DT>1.</DT><DD Font="normal"><LA>„Planen, Zubereiten und Präsentieren eines Drei-Gänge-Menüs“,</LA></DD><DT>2.</DT><DD Font="normal"><LA>„Produkte, Lagerhaltung und Warenwirtschaft“,</LA></DD><DT>3.</DT><DD Font="normal"><LA>„Technologie, Gästeinformation und Arbeiten im Team“ sowie</LA></DD><DT>4.</DT><DD Font="normal"><LA>„Wirtschafts- und Sozialkunde“.</LA></DD></DL></P></Content></text></textdaten></norm>
<norm builddate="20220909213506" doknr="BJNR039800022BJNE001400000"><metadaten><jurabk>KochAusbV 2022</jurabk><jurabk>KochAusbV</jurabk><enbez>§ 12</enbez><titel format="XML">Prüfungsbereich „Planen, Zubereiten und Präsentieren eines Drei-Gänge-Menüs“</titel></metadaten><textdaten><text format="XML"><Content><P>(1) Im Prüfungsbereich „Planen, Zubereiten und Präsentieren eines Drei-Gänge-Menüs“ hat der Prüfling nachzuweisen, dass er in der Lage ist, <DL Type="arabic"><DT>1.</DT><DD Font="normal"><LA>eine Menüplanung und einen Arbeitsablaufplan für ein Drei-Gänge-Menü für sechs Personen zu erstellen und umzusetzen,</LA></DD><DT>2.</DT><DD Font="normal"><LA>als ersten Gang eine warme oder kalte Vorspeise oder eine Suppe als Vorspeise zuzubereiten und anzurichten,</LA></DD><DT>3.</DT><DD Font="normal"><LA>als zweiten Gang ein Hauptgericht aus Schlachtfleisch, Wild, Hausgeflügel oder Fisch, aus einer gezogenen Soße, aus zwei Gemüsebeilagen unter Verwendung von verschiedenen Garverfahren und aus einer Sättigungsbeilage zuzubereiten und anzurichten,</LA></DD><DT>4.</DT><DD Font="normal"><LA>als dritten Gang ein Dessert mit einer Cremespeise und mit einer gefrorenen oder einer gebackenen Komponente zuzubereiten und anzurichten,</LA></DD><DT>5.</DT><DD Font="normal"><LA>die Menükunde zu berücksichtigen,</LA></DD><DT>6.</DT><DD Font="normal"><LA>die Verkaufsfähigkeit der zubereiteten Speisen und Gerichte sicherzustellen,</LA></DD><DT>7.</DT><DD Font="normal"><LA>die Hygieneanforderungen insbesondere an Lebensmittel mit speziellen Hygieneanforderungen und an Geräte zu beachten,</LA></DD><DT>8.</DT><DD Font="normal"><LA>die zeitlichen Vorgaben einzuhalten,</LA></DD><DT>9.</DT><DD Font="normal"><LA>nachhaltig mit Lebensmitteln, Arbeitsmaterialien, Energie und Wasser umzugehen,</LA></DD><DT>10.</DT><DD Font="normal"><LA>Maschinen und Gebrauchsgüter wirtschaftlich und ökologisch einzusetzen sowie</LA></DD><DT>11.</DT><DD Font="normal"><LA>die Sicherheit und den Gesundheitsschutz bei der Arbeit zu berücksichtigen.</LA></DD></DL></P><P>(2) Der Prüfling hat eine Arbeitsaufgabe durchzuführen. Gegenstand der Arbeitsaufgabe ist die Planung, die Zubereitung und das Anrichten eines Drei-Gänge-Menüs.</P><P>(3) Dem Prüfling sind 14 Kalendertage vor dem Prüfungstag jeweils zwei Listen für zwei unterschiedliche Warenkörbe bekanntzugeben. Die eine Liste enthält Pflichtbestandteile. Die andere Liste enthält Wahlbestandteile, aus denen der Prüfling nach Bedarf auswählt. Jeder Warenkorb enthält die Lebensmittel, die am Prüfungstag für das Drei-Gänge-Menü zur Verfügung stehen. Die Lebensmittel müssen so ausgewählt sein, dass dem Prüfling in jedem Gang verschiedene Zubereitungsvarianten ermöglicht werden. Jeder Warenkorb muss pro Gang ein oder zwei Lebensmittel als Pflichtbestandteile und weitere Lebensmittel als Wahlbestandteile enthalten. Pflichtbestandteil ist in jedem Warenkorb <DL Type="arabic"><DT>1.</DT><DD Font="normal"><LA>Schlachtfleisch zum Auslösen,</LA></DD><DT>2.</DT><DD Font="normal"><LA>Wild zum Auslösen,</LA></DD><DT>3.</DT><DD Font="normal"><LA>Fisch zum Filetieren oder</LA></DD><DT>4.</DT><DD Font="normal"><LA>Hausgeflügel zum Auslösen.</LA></DD></DL>Für beide Warenkörbe muss der Prüfling je eine Menüplanung für den Prüfungstag vorbereiten.</P><P>(4) Von den beiden Warenkörben wird vom Prüfungsausschuss ein Warenkorb ausgewählt und dem Prüfling wird zu Beginn der Prüfung mitgeteilt, welchen Warenkorb er verwenden muss. Zunächst muss der Prüfling einen Arbeitsablaufplan für ein Drei-Gänge-Menü mit dem ausgewählten Warenkorb erstellen. Danach wird mit ihm ein fallbezogenes Fachgespräch über die Menüplanung geführt. Anschließend muss der Prüfling das Drei-Gänge-Menü zubereiten und anrichten.</P><P>(5) Die Prüfungszeit beträgt insgesamt sechs Stunden. Für die Erstellung des Arbeitsablaufplans sind dem Prüfling 45 Minuten Zeit zu geben. Das fallbezogene Fachgespräch dauert höchstens 15 Minuten.</P><P>(6) Bewertet werden nur der Arbeitsablaufplan, die im Fachgespräch erbrachten Leistungen und die Arbeitsaufgabe.</P></Content></text></textdaten></norm>
<norm builddate="20220909213506" doknr="BJNR039800022BJNE001500000"><metadaten><jurabk>KochAusbV 2022</jurabk><jurabk>KochAusbV</jurabk><enbez>§ 13</enbez><titel format="XML">Prüfungsbereich „Produkte, Lagerhaltung und Warenwirtschaft“</titel></metadaten><textdaten><text format="XML"><Content><P>(1) Im Prüfungsbereich „Produkte, Lagerhaltung und Warenwirtschaft“ hat der Prüfling nachzuweisen, dass er in der Lage ist, <DL Type="arabic"><DT>1.</DT><DD Font="normal"><LA>den jeweiligen Warenbedarf für Rezepturen zu ermitteln und fachbezogene Berechnungen durchzuführen,</LA></DD><DT>2.</DT><DD Font="normal"><LA>die Warenbeschaffung unter Berücksichtigung von Saisonzeiten vorzubereiten sowie Angebote einzuholen und zu vergleichen,</LA></DD><DT>3.</DT><DD Font="normal"><LA>Waren anzunehmen sowie Produkte zu unterscheiden und werterhaltend einzulagern,</LA></DD><DT>4.</DT><DD Font="normal"><LA>das Lager zu organisieren,</LA></DD><DT>5.</DT><DD Font="normal"><LA>Lebensmittel zu erkennen, zu unterscheiden und unter Beachtung von Nachhaltigkeit unterschiedlichen Verwendungsmöglichkeiten zuzuordnen,</LA></DD><DT>6.</DT><DD Font="normal"><LA>Warenflüsse analog und digital zu dokumentieren,</LA></DD><DT>7.</DT><DD Font="normal"><LA>Bedarfsgegenstände zu erkennen, ihren Verwendungszwecken zuzuordnen sowie die Ergebnisse ihrer Verwendung zu beschreiben und Alternativen aufzuzeigen,</LA></DD><DT>8.</DT><DD Font="normal"><LA>die Produkt-, Personal- und Betriebshygiene zu beachten und betriebliche Hygienekonzepte zu entwickeln und</LA></DD><DT>9.</DT><DD Font="normal"><LA>Maßnahmen für Umweltschutz, Nachhaltigkeit, Ressourcenschonung, Arbeitssicherheit und Gesundheitsschutz zu ergreifen.</LA></DD></DL></P><P>(2) Die Aufgaben müssen praxisbezogen sein. Der Prüfling hat die Aufgaben schriftlich zu bearbeiten.</P><P>(3) Die Prüfungszeit beträgt 90 Minuten.</P></Content></text></textdaten></norm>
<norm builddate="20220909213506" doknr="BJNR039800022BJNE001600000"><metadaten><jurabk>KochAusbV 2022</jurabk><jurabk>KochAusbV</jurabk><enbez>§ 14</enbez><titel format="XML">Prüfungsbereich „Technologie, Gästeinformation und Arbeiten im Team“</titel></metadaten><textdaten><text format="XML"><Content><P>(1) Im Prüfungsbereich „Technologie, Gästeinformation und Arbeiten im Team“ hat der Prüfling nachzuweisen, dass er in der Lage ist, <DL Type="arabic"><DT>1.</DT><DD Font="normal"><LA>Speisen, Gerichte und Menüs unter Berücksichtigung von Saisonzeiten zusammenzustellen,</LA></DD><DT>2.</DT><DD Font="normal"><LA>gast- und unternehmensorientiert im Team zu agieren,</LA></DD><DT>3.</DT><DD Font="normal"><LA>Speisekarten nach rechtlichen Vorgaben zu kennzeichnen,</LA></DD><DT>4.</DT><DD Font="normal"><LA>Gäste unter Berücksichtigung von Gästewünschen, Ernährungsformen, Allergien und Unverträglichkeiten zu informieren und zu beraten,</LA></DD><DT>5.</DT><DD Font="normal"><LA>den Wareneinsatz zu bestimmen sowie für Speisen, Gerichte und Dienstleistungen die Verkaufspreise, Kosten und Erträge zu ermitteln,</LA></DD><DT>6.</DT><DD Font="normal"><LA>Lebensmittel ihren Verwendungsmöglichkeiten zuzuordnen und zuzubereiten,</LA></DD><DT>7.</DT><DD Font="normal"><LA>Garverfahren für die Zubereitung von Fleisch, Fisch und pflanzlichen Lebensmitteln zu unterscheiden, auszuwählen und zu beschreiben,</LA></DD><DT>8.</DT><DD Font="normal"><LA>Rezepturen umzurechnen,</LA></DD><DT>9.</DT><DD Font="normal"><LA>Mitarbeitende anzuleiten und zu führen und für sie Hygieneschulungen vorzubereiten,</LA></DD><DT>10.</DT><DD Font="normal"><LA>Berechnungen zum Verbrauch von Wasser und Energie durchzuführen und</LA></DD><DT>11.</DT><DD Font="normal"><LA>Maßnahmen für Umweltschutz, Nachhaltigkeit, Ressourcenschonung, Arbeitssicherheit und Gesundheitsschutz zu ergreifen.</LA></DD></DL></P><P>(2) Die Aufgaben müssen praxisbezogen sein. Der Prüfling hat die Aufgaben schriftlich zu bearbeiten.</P><P>(3) Die Prüfungszeit beträgt 90 Minuten.</P></Content></text></textdaten></norm>
<norm builddate="20220909213506" doknr="BJNR039800022BJNE001700000"><metadaten><jurabk>KochAusbV 2022</jurabk><jurabk>KochAusbV</jurabk><enbez>§ 15</enbez><titel format="XML">Prüfungsbereich „Wirtschafts- und Sozialkunde“</titel></metadaten><textdaten><text format="XML"><Content><P>(1) Im Prüfungsbereich „Wirtschafts- und Sozialkunde“ hat der Prüfling nachzuweisen, dass er in der Lage ist, allgemeine wirtschaftliche und gesellschaftliche Zusammenhänge der Berufs- und Arbeitswelt darzustellen und zu beurteilen.</P><P>(2) Die Aufgaben müssen praxisbezogen sein. Der Prüfling hat die Aufgaben schriftlich zu bearbeiten.</P><P>(3) Die Prüfungszeit beträgt 60 Minuten.</P></Content></text></textdaten></norm>
<norm builddate="20220909213506" doknr="BJNR039800022BJNE001800000"><metadaten><jurabk>KochAusbV 2022</jurabk><jurabk>KochAusbV</jurabk><enbez>§ 16</enbez><titel format="XML">Gewichtung der Prüfungsbereiche und Anforderungen für das Bestehen der Abschlussprüfung</titel></metadaten><textdaten><text format="XML"><Content><P>(1) Die Bewertungen der einzelnen Prüfungsbereiche sind wie folgt zu gewichten: <table colsep="0" frame="none" pgwide="0" rowsep="0" tocentry="%yes;"><tgroup align="left" char="" charoff="50" cols="3"><colspec colname="col1" colwidth="4*"/><colspec colname="col2" colwidth="53*"/><colspec colname="col3" colwidth="23*"/><tbody valign="top"><row><entry VJ="1" colname="col1">1.</entry><entry VJ="1" colname="col2">„Zubereiten von einfachen<BR/>Gerichten“</entry><entry VJ="1" colname="col3"><BR/> mit 25 Prozent,</entry></row><row><entry VJ="1" colname="col1">2.</entry><entry VJ="1" colname="col2">„Planen, Zubereiten und Präsentieren eines Drei-Gänge-Menüs“</entry><entry VJ="1" colname="col3"><BR/> mit 35 Prozent,</entry></row><row><entry VJ="1" colname="col1">3.</entry><entry VJ="1" colname="col2">„Produkte, Lagerhaltung und<BR/>Warenwirtschaft“</entry><entry VJ="1" colname="col3"><BR/> mit 15 Prozent,</entry></row><row><entry VJ="1" colname="col1">4.</entry><entry VJ="1" colname="col2">„Technologie, Gästeinformation<BR/>und Arbeiten im Team“</entry><entry VJ="1" colname="col3"><BR/> mit 15 Prozent sowie</entry></row><row><entry VJ="1" colname="col1">5.</entry><entry VJ="1" colname="col2">„Wirtschafts- und Sozialkunde“</entry><entry VJ="1" colname="col3">mit 10 Prozent.</entry></row></tbody></tgroup></table></P><P>(2) Die Abschlussprüfung ist bestanden, wenn die Prüfungsleistungen – auch unter Berücksichtigung einer mündlichen Ergänzungsprüfung nach § 17 – wie folgt bewertet worden sind: <DL Type="arabic"><DT>1.</DT><DD Font="normal"><LA>im Gesamtergebnis von Teil 1 und Teil 2 mit mindestens „ausreichend“,</LA></DD><DT>2.</DT><DD Font="normal"><LA>im Ergebnis von Teil 2 mit mindestens „ausreichend“,</LA></DD><DT>3.</DT><DD Font="normal"><LA>in mindestens drei Prüfungsbereichen von Teil 2 mit mindestens „ausreichend“ und</LA></DD><DT>4.</DT><DD Font="normal"><LA>in keinem Prüfungsbereich von Teil 2 mit „ungenügend“.</LA></DD></DL>Über das Bestehen ist ein Beschluss nach § 42 Absatz 1 Nummer 3 des Berufsbildungsgesetzes zu fassen.</P></Content></text></textdaten></norm>
<norm builddate="20220909213506" doknr="BJNR039800022BJNE001900000"><metadaten><jurabk>KochAusbV 2022</jurabk><jurabk>KochAusbV</jurabk><enbez>§ 17</enbez><titel format="XML">Mündliche Ergänzungsprüfung</titel></metadaten><textdaten><text format="XML"><Content><P>(1) Der Prüfling kann in einem Prüfungsbereich eine mündliche Ergänzungsprüfung beantragen.</P><P>(2) Dem Antrag ist stattzugeben, <DL Type="arabic"><DT>1.</DT><DD Font="normal"><LA>wenn er für einen der folgenden Prüfungsbereiche gestellt worden ist: <DL Type="alpha"><DT>a)</DT><DD Font="normal"><LA>„Produkte, Lagerhaltung und Warenwirtschaft“,</LA></DD><DT>b)</DT><DD Font="normal"><LA>„Technologie, Gästeinformation und Arbeiten im Team“ oder</LA></DD><DT>c)</DT><DD Font="normal"><LA>„Wirtschafts- und Sozialkunde“,</LA></DD></DL></LA></DD><DT>2.</DT><DD Font="normal"><LA>wenn der benannte Prüfungsbereich schlechter als mit „ausreichend“ bewertet worden ist und</LA></DD><DT>3.</DT><DD Font="normal"><LA>wenn die mündliche Ergänzungsprüfung für das Bestehen der Abschlussprüfung den Ausschlag geben kann.</LA></DD></DL>Die mündliche Ergänzungsprüfung darf nur in einem einzigen Prüfungsbereich durchgeführt werden.</P><P>(3) Die mündliche Ergänzungsprüfung soll 15 Minuten dauern.</P><P>(4) Bei der Ermittlung des Ergebnisses für den Prüfungsbereich sind das bisherige Ergebnis und das Ergebnis der mündlichen Ergänzungsprüfung im Verhältnis 2 : 1 zu gewichten.</P></Content></text></textdaten></norm>
<norm builddate="20220909213506" doknr="BJNR039800022BJNG000300000"><metadaten><jurabk>KochAusbV 2022</jurabk><jurabk>KochAusbV</jurabk><gliederungseinheit><gliederungskennzahl>030</gliederungskennzahl><gliederungsbez>Abschnitt 3</gliederungsbez><gliederungstitel>Zusatzqualifikation Vertiefung für vegetarische und vegane Küche</gliederungstitel></gliederungseinheit></metadaten><textdaten/></norm>
<norm builddate="20220909213506" doknr="BJNR039800022BJNE002000000"><metadaten><jurabk>KochAusbV 2022</jurabk><jurabk>KochAusbV</jurabk><enbez>§ 18</enbez><titel format="XML">Inhalt der Zusatzqualifikation</titel></metadaten><textdaten><text format="XML"><Content><P>(1) Über das in § 5 beschriebene Ausbildungsberufsbild hinaus kann die Ausbildung in der Zusatzqualifikation Vertiefung für vegetarische und vegane Küche vereinbart werden.</P><P>(2) Gegenstand der Zusatzqualifikation sind die in Anlage 2 genannten Fertigkeiten, Kenntnisse und Fähigkeiten.</P></Content></text></textdaten></norm>
<norm builddate="20220909213506" doknr="BJNR039800022BJNE002100000"><metadaten><jurabk>KochAusbV 2022</jurabk><jurabk>KochAusbV</jurabk><enbez>§ 19</enbez><titel format="XML">Prüfung der Zusatzqualifikation</titel></metadaten><textdaten><text format="XML"><Content><P>(1) Die Zusatzqualifikation wird auf Antrag des oder der Auszubildenden geprüft, wenn der oder die Auszubildende glaubhaft gemacht hat, dass ihm oder ihr die erforderlichen Fertigkeiten, Kenntnisse und Fähigkeiten vermittelt worden sind. Die Prüfung findet im zeitlichen Zusammenhang mit Teil 2 der Abschlussprüfung als gesonderte Prüfung statt.</P><P>(2) Die Prüfung der Zusatzqualifikation erstreckt sich auf die in Anlage 2 genannten Fertigkeiten, Kenntnisse und Fähigkeiten.</P><P>(3) In der Prüfung der Zusatzqualifikation hat der Prüfling nachzuweisen, dass er in der Lage ist, <DL Type="arabic"><DT>1.</DT><DD Font="normal"><LA>vegetarische und vegane Speisen, Gerichte und Menüs zusammenzustellen und zuzubereiten,</LA></DD><DT>2.</DT><DD Font="normal"><LA>die besonderen Anforderungen an die vegetarische und vegane Küche zu beschreiben und</LA></DD><DT>3.</DT><DD Font="normal"><LA>Gäste unter besonderer Berücksichtigung ihrer individuellen Ernährungsweise zu beraten.</LA></DD></DL></P><P>(4) Die Aufgaben müssen praxisbezogen sein. Der Prüfling hat die Aufgaben schriftlich zu bearbeiten.</P><P>(5) Die Prüfungszeit beträgt 90 Minuten.</P><P>(6) Die Prüfung der Zusatzqualifikation ist bestanden, wenn die Prüfungsleistung mit mindestens „ausreichend“ bewertet worden ist.</P></Content></text></textdaten></norm>
<norm builddate="20220909213506" doknr="BJNR039800022BJNG000400000"><metadaten><jurabk>KochAusbV 2022</jurabk><jurabk>KochAusbV</jurabk><gliederungseinheit><gliederungskennzahl>040</gliederungskennzahl><gliederungsbez>Abschnitt 4</gliederungsbez><gliederungstitel>Weitere Berufsausbildung</gliederungstitel></gliederungseinheit></metadaten><textdaten/></norm>
<norm builddate="20220909213506" doknr="BJNR039800022BJNE002200000"><metadaten><jurabk>KochAusbV 2022</jurabk><jurabk>KochAusbV</jurabk><enbez>§ 20</enbez><titel format="XML">Befreiung von Teil 1 der Abschlussprüfung und Anrechnung von Ausbildungszeiten</titel></metadaten><textdaten><text format="XML"><Content><P>Bei erfolgreich abgeschlossener Berufsausbildung nach § 16 Absatz 2 der Fachkraft-Küche-Ausbildungsverordnung vom 9. März 2022 (BGBl. I S. 389) ist <DL Type="arabic"><DT>1.</DT><DD Font="normal"><LA>der oder die Auszubildende von Teil 1 der Abschlussprüfung befreit und</LA></DD><DT>2.</DT><DD Font="normal"><LA>die Berufsausbildung zur Fachkraft Küche im Umfang von 24 Monaten auf die Dauer der Berufsausbildung zum Koch und zur Köchin anzurechnen, wenn die Vertragsparteien dies vereinbaren.</LA></DD></DL></P></Content></text></textdaten></norm>
<norm builddate="20220909213506" doknr="BJNR039800022BJNE002300000"><metadaten><jurabk>KochAusbV 2022</jurabk><jurabk>KochAusbV</jurabk><enbez>§ 21</enbez><titel format="XML">Erwerb des Abschlusses zur Fachkraft Küche nach nicht bestandener Abschlussprüfung zum Koch und zur Köchin</titel></metadaten><textdaten><text format="XML"><Content><P>Besteht der Prüfling die Prüfung nach § 16 nicht, erwirbt er auf seinen Antrag den Abschluss zur Fachkraft Küche nach der Fachkraft-Küche-Ausbildungsverordnung vom 9. März 2022 (BGBl. I S. 389), wenn<DL Type="arabic"><DT>1.</DT><DD Font="normal"><LA>er in Teil 1 der Abschlussprüfung mindestens ausreichende Prüfungsleistungen erbracht hat und</LA></DD><DT>2.</DT><DD Font="normal"><LA>zusätzlich <DL Type="alpha"><DT>a)</DT><DD Font="normal"><LA>die Ergebnisse der in Nummer 1 bezeichneten Prüfung,</LA></DD><DT>b)</DT><DD Font="normal"><LA>das Ergebnis im Prüfungsbereich „Produkte, Lagerhaltung und Warenwirtschaft“ nach § 13 und</LA></DD><DT>c)</DT><DD Font="normal"><LA>das Ergebnis im Prüfungsbereich „Wirtschafts- und Sozialkunde“ nach § 15</LA></DD></DL></LA></DD></DL>die Anforderungen nach § 16 der Fachkraft-Küche-Ausbildungsverordnung vom 9. März 2022 (BGBl. I S. 389) erfüllen.</P></Content></text></textdaten></norm>
<norm builddate="20220909213506" doknr="BJNR039800022BJNG000500000"><metadaten><jurabk>KochAusbV 2022</jurabk><jurabk>KochAusbV</jurabk><gliederungseinheit><gliederungskennzahl>050</gliederungskennzahl><gliederungsbez>Abschnitt 5</gliederungsbez><gliederungstitel>Schlussvorschriften</gliederungstitel></gliederungseinheit></metadaten><textdaten/></norm>
<norm builddate="20220909213506" doknr="BJNR039800022BJNE002400000"><metadaten><jurabk>KochAusbV 2022</jurabk><jurabk>KochAusbV</jurabk><enbez>§ 22</enbez><titel format="XML">Inkrafttreten, Außerkrafttreten</titel></metadaten><textdaten><text format="XML"><Content><P>Diese Verordnung tritt am 1. August 2022 in Kraft. Gleichzeitig tritt die Verordnung über die Berufsausbildung zum Koch/zur Köchin vom 13. Februar 1998 (BGBl. I S. 364) außer Kraft.</P></Content></text></textdaten></norm>
<norm builddate="20220909213506" doknr="BJNR039800022BJNE002500000"><metadaten><jurabk>KochAusbV 2022</jurabk><jurabk>KochAusbV</jurabk><enbez>Anlage 1</enbez><titel format="XML">(zu § 4 Absatz 1)<BR/>Ausbildungsrahmenplan für die Berufsausbildung zum Koch und zur Köchin</titel></metadaten><textdaten><text format="XML"><Content><P><noindex><kommentar typ="Fundstelle">(Fundstelle: BGBl. I 2022, 404 - 411)</kommentar></noindex></P><P/><table frame="all" pgwide="1" tabstyle="Ausbildung" tocentry="%yes;"><Title Align="left" Class="S1"><B>Abschnitt A: berufsprofilgebende Fertigkeiten, Kenntnisse und Fähigkeiten</B></Title><tgroup align="left" char="" charoff="50" cols="5" colsep="1" rowsep="1"><colspec colname="col1" colnum="1" colwidth=".75*"/><colspec colname="col2" colnum="2" colwidth="4.5*"/><colspec colname="col3" colnum="3" colwidth="8.45*"/><colspec colname="col4" colnum="4" colwidth="1.5*"/><colspec colname="col5" colnum="5" colwidth="1.55*"/><thead valign="bottom"><row><entry VJ="1" align="center" colname="col1" morerows="1" valign="middle">Lfd.<BR/> Nr.</entry><entry VJ="1" align="center" colname="col2" morerows="1" valign="middle">Berufsbildposition</entry><entry VJ="1" align="center" colname="col3" morerows="1" valign="middle">Fertigkeiten, Kenntnisse und Fähigkeiten</entry><entry VJ="1" align="center" nameend="col5" namest="col4" valign="middle">Zeitliche Richtwerte<BR/> in Wochen im</entry></row><row><entry VJ="1" align="center" colname="col4" valign="middle">1. bis 18.<BR/> Monat</entry><entry VJ="1" align="center" colname="col5" valign="middle">19. bis 36.<BR/> Monat</entry></row><row><entry VJ="1" align="center" colname="col1" valign="middle">1</entry><entry VJ="1" align="center" colname="col2" valign="middle">2</entry><entry VJ="1" align="center" colname="col3" valign="middle">3</entry><entry VJ="1" align="center" nameend="col5" namest="col4" valign="middle">4</entry></row></thead><tbody valign="top"><row><entry VJ="1" align="center" colname="col1">1</entry><entry VJ="1" colname="col2">Umgang mit Gästen und Teammitgliedern<BR/> (§ 5 Absatz 2 Nummer 1)</entry><entry VJ="1" align="justify" colname="col3"><DL Font="normal" Type="alpha"><DT>a)</DT><DD Font="normal"><LA Size="normal">das persönliche Erscheinungsbild und Verhalten betriebsangemessen gestalten und die jeweiligen Auswirkungen begründen</LA></DD><DT>b)</DT><DD Font="normal"><LA Size="normal">bei der Kommunikation des Betriebsgeschehens, insbesondere über digitale Medien, die betrieblichen und rechtlichen Vorgaben beachten</LA></DD><DT>c)</DT><DD Font="normal"><LA Size="normal">Aufgaben, Befugnisse und Verantwortlichkeiten im Rahmen der Aufbau- und Ablauforganisation, insbesondere an Schnittstellen zu anderen Abteilungen, berücksichtigen</LA></DD><DT>d)</DT><DD Font="normal"><LA Size="normal">das Auftreten gegenüber den Teammitgliedern, insbesondere Kollegen und Kolleginnen sowie Vorgesetzten, reflektieren und sich teamorientiert verhalten sowie Feedback annehmen und reflektieren, konstruktives Feedback geben</LA></DD><DT>e)</DT><DD Font="normal"><LA Size="normal">Ursachen von Konflikten und Kommunikationsstörungen erkennen und zu deren Lösung beitragen sowie Konfliktpotenzial erkennen und Konflikte vermeiden</LA></DD><DT>f)</DT><DD Font="normal"><LA Size="normal">Mitteilungen und Aufträge entgegennehmen, einordnen und angemessen darauf reagieren</LA></DD><DT>g)</DT><DD Font="normal"><LA Size="normal">übermittelte Gästewünsche und Gästeerwartungen entgegennehmen und darauf reagieren</LA></DD><DT>h)</DT><DD Font="normal"><LA Size="normal">übermittelte Gästereaktionen, insbesondere Reklamationen, entgegennehmen, einordnen und situationsbezogen nach betrieblichen Vorgaben darauf reagieren</LA></DD></DL></entry><entry VJ="1" align="center" colname="col4" valign="middle">4</entry><entry VJ="1" colname="col5"/></row><row rowsep="0"><entry VJ="1" align="center" colname="col1">2</entry><entry VJ="1" colname="col2">Annahme und Einlagerung von Waren<BR/> (§ 5 Absatz 2 Nummer 2)</entry><entry VJ="1" align="justify" colname="col3"><DL Font="normal" Type="alpha"><DT>a)</DT><DD Font="normal"><LA Size="normal">Lagerbestände nach Quantität und Qualität kontrollieren, Differenzen zwischen Soll- und Istbeständen dokumentieren und betriebsübliche Korrekturmaßnahmen einleiten sowie bei Inventuren und Bestellungen mitwirken</LA></DD><DT>b)</DT><DD Font="normal"><LA Size="normal">Ware annehmen, dabei Lieferscheine zu Bestellungen zuordnen und Ware anhand des Bestell- und des Lieferscheins auf Gewicht, Quantität, Qualität und sichtbare Mängel prüfen sowie bei Abweichungen die betriebsüblichen Maßnahmen einleiten</LA></DD><DT>c)</DT><DD Font="normal"><LA Size="normal">Ware unter Einhaltung der hygienischen und der rechtlichen Regelungen sowie der betrieblichen Vorgaben prüfen, insbesondere auf die Einhaltung der Kühlkette und auf Haltbarkeit, auch unter Nutzung technischer Hilfsmittel, und bei Abweichungen betriebsübliche Maßnahmen einleiten</LA></DD><DT>d)</DT><DD Font="normal"><LA Size="normal">die Warenannahme, die Leergut- und Transportgutannahme sowie die Leergut- und die Transportgutrückgabe dokumentieren</LA></DD></DL></entry><entry VJ="1" align="center" colname="col4" valign="middle"><BR/><BR/><BR/><BR/><BR/><BR/>4</entry><entry VJ="1" colname="col5"/></row><row><entry VJ="1" align="center" colname="col1"/><entry VJ="1" colname="col2"/><entry VJ="1" align="justify" colname="col3"><DL Font="normal" Type="alpha"><DT>e)</DT><DD Font="normal"><LA Size="normal">Ware ihren Anforderungen gemäß und unter Anwendung der betrieblichen Vorgaben werterhaltend einlagern</LA></DD><DT>f)</DT><DD Font="normal"><LA Size="normal">die Arbeitsschutz-, Sicherheits- und Hygienevorschriften im Lager beachten sowie das Lager nach den betrieblichen Vorgaben prüfen und reinigen</LA></DD></DL></entry><entry VJ="1" align="center" colname="col4" valign="middle"/><entry VJ="1" align="center" colname="col5" valign="middle"/></row><row><entry VJ="1" align="center" colname="col1">3</entry><entry VJ="1" colname="col2">Vor- und Nachbereitung<BR/> von Arbeiten für die Speisenzubereitung sowie Einsatz von Geräten, Maschinen und Arbeitsmitteln<BR/> (§ 5 Absatz 2 Nummer 3)</entry><entry VJ="1" align="justify" colname="col3"><DL Font="normal" Type="alpha"><DT>a)</DT><DD Font="normal"><LA Size="normal">Arbeitsaufgaben erfassen</LA></DD><DT>b)</DT><DD Font="normal"><LA Size="normal">Arbeitsabläufe planen</LA></DD><DT>c)</DT><DD Font="normal"><LA Size="normal">Waren- oder Materialbedarf ermitteln</LA></DD><DT>d)</DT><DD Font="normal"><LA Size="normal">Geräte, Maschinen und Arbeitsmittel unter Berücksichtigung ihrer Einsatzmöglichkeiten auswählen</LA></DD><DT>e)</DT><DD Font="normal"><LA Size="normal">den Arbeitsplatz unter Einhaltung der hygienischen, arbeitssicherheitstechnischen und ergonomischen Anforderungen vorbereiten und einrichten</LA></DD><DT>f)</DT><DD Font="normal"><LA Size="normal">Möglichkeiten für wirtschaftliches und sicheres Arbeiten, auch durch Einsatz von Maschinen, Geräten und Arbeitsmitteln, erkennen und umsetzen</LA></DD><DT>g)</DT><DD Font="normal"><LA Size="normal">den Arbeitsplatz, Maschinen, Geräte und Arbeitsmittel nach den betrieblichen Vorgaben nachbereiten, reinigen und pflegen</LA></DD><DT>h)</DT><DD Font="normal"><LA Size="normal">die Arbeitsergebnisse kontrollieren und bewerten</LA></DD></DL></entry><entry VJ="1" align="center" colname="col4" valign="middle">6</entry><entry VJ="1" colname="col5"/></row><row><entry VJ="1" align="center" colname="col1">4</entry><entry VJ="1" colname="col2">Anwendung der grundlegenden Arbeitstechniken<BR/>in der Küche<BR/> (§ 5 Absatz 2 Nummer 4)</entry><entry VJ="1" align="justify" colname="col3"><DL Font="normal" Type="alpha"><DT>a)</DT><DD Font="normal"><LA Size="normal">Arbeits- und Schnitttechniken anwenden</LA></DD><DT>b)</DT><DD Font="normal"><LA Size="normal">Produkte auf Beschaffenheit prüfen und Verwendungsmöglichkeiten zuordnen</LA></DD><DT>c)</DT><DD Font="normal"><LA Size="normal">Garverfahren unterscheiden und anwenden, insbesondere Blanchieren, Kochen, Braten, Frittieren und Dünsten</LA></DD><DT>d)</DT><DD Font="normal"><LA Size="normal">Rezepturen anwenden und umrechnen</LA></DD><DT>e)</DT><DD Font="normal"><LA Size="normal">Speisen und Gerichte in verschiedenen Formen nach den betrieblichen Vorgaben anrichten</LA></DD><DT>f)</DT><DD Font="normal"><LA Size="normal">berufsbezogene fremdsprachige Fachbegriffe anwenden</LA></DD></DL></entry><entry VJ="1" align="center" colname="col4" valign="middle">10</entry><entry VJ="1" colname="col5"/></row><row><entry VJ="1" align="center" colname="col1">5</entry><entry VJ="1" colname="col2">Wahrnehmung der grundlegenden Aufgaben in<BR/> Service und Wirtschafts-<BR/> dienst<BR/> (§ 5 Absatz 2 Nummer 5)</entry><entry VJ="1" align="justify" colname="col3"><DL Font="normal" Type="alpha"><DT>a)</DT><DD Font="normal"><LA Size="normal">beim Service nach der betrieblichen Serviceform mitwirken</LA></DD><DT>b)</DT><DD Font="normal"><LA Size="normal">Verkaufsfähigkeit von Produkten prüfen</LA></DD><DT>c)</DT><DD Font="normal"><LA Size="normal">Reinigungs-, Desinfektions- und Pflegemaßnahmen unter Beachtung von Nachhaltigkeitsaspekten in Gast- oder Wirtschaftsräumen durchführen, prüfen und dokumentieren</LA></DD><DT>d)</DT><DD Font="normal"><LA Size="normal">Geschirr- und Besteckbedarf nach den betrieblichen Vorgaben ermitteln und Geschirr und Besteck anlassbezogen verwenden</LA></DD></DL></entry><entry VJ="1" align="center" colname="col4" valign="middle">4</entry><entry VJ="1" align="center" colname="col5" valign="middle"/></row><row><entry VJ="1" align="center" colname="col1">6</entry><entry VJ="1" colname="col2">Zubereitung von einfachen Speisen und Gerichten<BR/> (§ 5 Absatz 2 Nummer 6)</entry><entry VJ="1" align="justify" colname="col3"><DL Font="normal" Type="alpha"><DT>a)</DT><DD Font="normal"><LA Size="normal">vorgefertigte Produkte unter Beachtung von Verarbeitungsstufen auswählen und verarbeiten</LA></DD><DT>b)</DT><DD Font="normal"><LA Size="normal">Eierspeisen zubereiten und anrichten, insbesondere gekochte Eier, Rührei, Spiegeleier, Omeletts und Eierpfannkuchen</LA></DD><DT>c)</DT><DD Font="normal"><LA Size="normal">kalte und warme kleine Speisen und Gerichte, insbesondere Fingerfood und Snacks, mit verschiedenen Produkten nach den betrieblichen Vorgaben zubereiten, anrichten und garnieren</LA></DD></DL></entry><entry VJ="1" align="center" colname="col4" valign="middle">12</entry><entry VJ="1" align="center" colname="col5" valign="middle"/></row><row><entry VJ="1" align="center" colname="col1" morerows="1">7</entry><entry VJ="1" colname="col2" morerows="1">Zubereitung von pflanzlichen Nahrungsmitteln und von<BR/> Pilzen<BR/> (§ 5 Absatz 2 Nummer 7)</entry><entry VJ="1" align="justify" colname="col3"><DL Font="normal" Type="alpha"><DT>a)</DT><DD Font="normal"><LA Size="normal">Gemüse, Obst und Kräuter unterscheiden, vorbereiten und verarbeiten</LA></DD><DT>b)</DT><DD Font="normal"><LA Size="normal">Salate aus pflanzlichen Lebensmitteln, insbesondere aus Blattsalaten, Gemüse und Obst, sowie aus Dressings und Salatmarinaden zubereiten</LA></DD><DT>c)</DT><DD Font="normal"><LA Size="normal">Gemüse und Pilze als Vorspeisen, Beilagen, Hauptbestandteile und eigenständige Gerichte zubereiten</LA></DD><DT>d)</DT><DD Font="normal"><LA Size="normal">Kartoffeln zu Vorspeisen, Beilagen und Hauptbestandteilen von Gerichten sowie zu eigenständigen Gerichten zubereiten</LA></DD><DT>e)</DT><DD Font="normal"><LA Size="normal">Hülsenfrüchte, Getreide- und Mahlprodukte ihren Verwendungsmöglichkeiten zuordnen und zubereiten</LA></DD><DT>f)</DT><DD Font="normal"><LA Size="normal">Reis als Beilage und zu eigenständigen Gerichten zubereiten</LA></DD><DT>g)</DT><DD Font="normal"><LA Size="normal">Beilagen sowie eigenständige Gerichte aus vorgefertigten Teigwaren zubereiten</LA></DD><DT>h)</DT><DD Font="normal"><LA Size="normal">Gerichte aus pflanzlichen Nahrungsmitteln und Pilzen anrichten</LA></DD></DL></entry><entry VJ="1" align="center" colname="col4" valign="middle">10</entry><entry VJ="1" align="center" colname="col5" valign="middle"/></row><row><entry VJ="1" align="justify" colname="col3"><DL Font="normal" Type="alpha"><DT>i)</DT><DD Font="normal"><LA Size="normal">vegetarische und vegane Speisen und Gerichte zubereiten</LA></DD></DL></entry><entry VJ="1" align="center" colname="col4" valign="middle"/><entry VJ="1" align="center" colname="col5" valign="middle">5</entry></row><row><entry VJ="1" align="center" colname="col1">8</entry><entry VJ="1" colname="col2">Zubereitung von Suppen, Soßen und Eintöpfen<BR/> (§ 5 Absatz 2 Nummer 8)</entry><entry VJ="1" align="justify" colname="col3"><DL Font="normal" Type="alpha"><DT>a)</DT><DD Font="normal"><LA Size="normal">Brühen und Fonds aus pflanzlichen und tierischen Lebensmitteln zubereiten, insbesondere aus Gemüse, Fisch, Fleisch und Knochen</LA></DD><DT>b)</DT><DD Font="normal"><LA Size="normal">gebundene Suppen, Rahmsuppen, Püreesuppen und kalte Suppen zubereiten</LA></DD><DT>c)</DT><DD Font="normal"><LA Size="normal">klare Suppen mit und ohne Klärvorgang zubereiten</LA></DD><DT>d)</DT><DD Font="normal"><LA Size="normal">Suppeneinlagen herstellen</LA></DD><DT>e)</DT><DD Font="normal"><LA Size="normal">gekochte helle und dunkle Grundsoßen und ihre Ableitungen zubereiten</LA></DD><DT>f)</DT><DD Font="normal"><LA Size="normal">aufgeschlagene warme Soßen zubereiten</LA></DD><DT>g)</DT><DD Font="normal"><LA Size="normal">kalte Soßen, Dips und Buttermischungen zubereiten</LA></DD><DT>h)</DT><DD Font="normal"><LA Size="normal">Gemüsesoßen zubereiten</LA></DD><DT>i)</DT><DD Font="normal"><LA Size="normal">Eintöpfe zubereiten und dabei insbesondere die jeweilige Garzeit der Zutaten berücksichtigen</LA></DD></DL></entry><entry VJ="1" align="center" colname="col4" valign="middle">12</entry><entry VJ="1" align="center" colname="col5" valign="middle"/></row><row><entry VJ="1" align="center" colname="col1" rowsep="0">9</entry><entry VJ="1" colname="col2" rowsep="0">Verarbeitung und Zubereitung von Fleisch<BR/> (§ 5 Absatz 2 Nummer 9)</entry><entry VJ="1" align="justify" colname="col3"><DL Font="normal" Type="alpha"><DT>a)</DT><DD Font="normal"><LA Size="normal">Fleischarten und Fleischteile auswählen, ihre Eigenschaften unterscheiden und ihren Verwendungsmöglichkeiten zuordnen</LA></DD><DT>b)</DT><DD Font="normal"><LA Size="normal">ausgelöste Fleischteile aus Schlachtfleisch parieren, zuschneiden, portionieren und bearbeiten</LA></DD><DT>c)</DT><DD Font="normal"><LA Size="normal">Fleischteile unter Anwendung verschiedener Garverfahren zubereiten</LA></DD><DT>d)</DT><DD Font="normal"><LA Size="normal">Hausgeflügel parieren, zuschneiden und portionieren</LA></DD><DT>e)</DT><DD Font="normal"><LA Size="normal">ausgelöstes Hausgeflügel zubereiten</LA></DD><DT>f)</DT><DD Font="normal"><LA Size="normal">Fleischgerichte anrichten</LA></DD><DT>g)</DT><DD Font="normal"><LA Size="normal">Produkthygiene anwenden</LA></DD></DL></entry><entry VJ="1" align="center" colname="col4" valign="middle">6</entry><entry VJ="1" align="center" colname="col5" valign="middle"/></row><row><entry VJ="1" align="center" colname="col1"/><entry VJ="1" colname="col2"/><entry VJ="1" align="justify" colname="col3"><DL Font="normal" Type="alpha"><DT>h)</DT><DD Font="normal"><LA Size="normal">Rücken, Schulter und Keule auslösen</LA></DD><DT>i)</DT><DD Font="normal"><LA Size="normal">Schlachtfleisch, Wild und Hausgeflügel zu Vorspeisen und Hauptgerichten verarbeiten und dabei unterschiedliche Garverfahren, insbesondere Schmoren, Grillen und Niedrigtemperaturgaren, anwenden und die verschiedenen Garstufen berücksichtigen</LA></DD><DT>j)</DT><DD Font="normal"><LA Size="normal">Innereien und ihre Zubereitungsarten unterscheiden</LA></DD></DL></entry><entry VJ="1" align="center" colname="col4" valign="middle"/><entry VJ="1" align="center" colname="col5" valign="middle">11</entry></row><row><entry VJ="1" align="center" colname="col1" morerows="1">10</entry><entry VJ="1" colname="col2" morerows="1">Verarbeitung und Zubereitung von Fisch<BR/> (§ 5 Absatz 2 Nummer 10)</entry><entry VJ="1" align="justify" colname="col3"><DL Font="normal" Type="alpha"><DT>a)</DT><DD Font="normal"><LA Size="normal">Fischarten und Frischemerkmale unterscheiden</LA></DD><DT>b)</DT><DD Font="normal"><LA Size="normal">Fisch durch Schuppen und Säubern vorbereiten</LA></DD><DT>c)</DT><DD Font="normal"><LA Size="normal">filetierten, vorportionierten und ganzen Fisch zu einfachen Fischgerichten verarbeiten</LA></DD><DT>d)</DT><DD Font="normal"><LA Size="normal">Fischgerichte anrichten</LA></DD><DT>e)</DT><DD Font="normal"><LA Size="normal">Produkthygiene anwenden</LA></DD></DL></entry><entry VJ="1" align="center" colname="col4" valign="middle">4</entry><entry VJ="1" align="center" colname="col5" valign="middle"/></row><row><entry VJ="1" align="justify" colname="col3"><DL Font="normal" Type="alpha"><DT>f)</DT><DD Font="normal"><LA Size="normal">Fisch filetieren und portionieren</LA></DD><DT>g)</DT><DD Font="normal"><LA Size="normal">Fisch zu Vorspeisen und Hauptgerichten verarbeiten und dabei unterschiedliche Garverfahren anwenden</LA></DD><DT>h)</DT><DD Font="normal"><LA Size="normal">Schalen- und Krustentiere und ihre Zubereitung erläutern</LA></DD></DL></entry><entry VJ="1" align="center" colname="col4" valign="middle"/><entry VJ="1" align="center" colname="col5" valign="middle">4</entry></row><row><entry VJ="1" align="center" colname="col1">11</entry><entry VJ="1" colname="col2">Herstellung und Verarbeitung von Teigen und Massen<BR/> (§ 5 Absatz 2 Nummer 11)</entry><entry VJ="1" align="justify" colname="col3"><DL Font="normal" Type="alpha"><DT>a)</DT><DD Font="normal"><LA Size="normal">Mürbeteig, Hefeteig und Backteig herstellen und verarbeiten</LA></DD><DT>b)</DT><DD Font="normal"><LA Size="normal">Nudelteig herstellen und zu Teigwaren verarbeiten</LA></DD><DT>c)</DT><DD Font="normal"><LA Size="normal">Strudelteig und Blätterteig verarbeiten</LA></DD><DT>d)</DT><DD Font="normal"><LA Size="normal">Herstellung und Verarbeitung von Massen erläutern</LA></DD></DL></entry><entry VJ="1" align="center" colname="col4" valign="middle"/><entry VJ="1" align="center" colname="col5" valign="middle">6</entry></row><row><entry VJ="1" align="center" colname="col1" morerows="1">12</entry><entry VJ="1" colname="col2" morerows="1">Herstellung von Süßspeisen und Desserts<BR/> (§ 5 Absatz 2 Nummer 12)</entry><entry VJ="1" align="justify" colname="col3"><DL Font="normal" Type="alpha"><DT>a)</DT><DD Font="normal"><LA Size="normal">Süßspeisen, Desserts und Eis nach den betrieblichen Vorgaben anrichten und garnieren</LA></DD></DL></entry><entry VJ="1" align="center" colname="col4" valign="middle">2</entry><entry VJ="1" align="center" colname="col5" valign="middle"/></row><row><entry VJ="1" align="justify" colname="col3"><DL Font="normal" Type="alpha"><DT>b)</DT><DD Font="normal"><LA Size="normal">Cremespeisen unter Verwendung von verschiedenen Bindemitteln zubereiten</LA></DD><DT>c)</DT><DD Font="normal"><LA Size="normal">süße Eierspeisen zubereiten</LA></DD><DT>d)</DT><DD Font="normal"><LA Size="normal">Obst und Früchte zu Desserts verarbeiten</LA></DD><DT>e)</DT><DD Font="normal"><LA Size="normal">Gefrorenes oder Halbgefrorenes zubereiten</LA></DD><DT>f)</DT><DD Font="normal"><LA Size="normal">Produkthygiene anwenden</LA></DD></DL></entry><entry VJ="1" align="center" colname="col4" valign="middle"/><entry VJ="1" align="center" colname="col5" valign="middle">8</entry></row><row rowsep="0"><entry VJ="1" align="center" colname="col1">13</entry><entry VJ="1" colname="col2">Planung und Umsetzung<BR/>des nachhaltigen Einsatzes von Geräten, Maschinen,<BR/>Arbeitsmitteln, Lebensmitteln und Ressourcen<BR/> (§ 5 Absatz 2 Nummer 13)</entry><entry VJ="1" align="justify" colname="col3"><DL Font="normal" Type="alpha"><DT>a)</DT><DD Font="normal"><LA Size="normal">Energieverbrauch von Maschinen und Geräten sowie Wasserverbrauch bei Arbeitsvorgängen ermitteln</LA></DD><DT>b)</DT><DD Font="normal"><LA Size="normal">Verbrauchskosten einzelner Arbeitsvorgänge berechnen und analysieren sowie Einsparpotenziale durch Organisation der Arbeit und des Arbeitsumfeldes ermitteln und realisieren und die dadurch erzielten Ergebnisse bewerten</LA></DD><DT>c)</DT><DD Font="normal"><LA Size="normal">Geräte, Maschinen, Arbeitsmittel und Verbrauchsgüter auftragsbezogen und unter ökonomischen, ökologischen und ergonomischen Gesichtspunkten auswählen und ihren Einsatz planen</LA></DD><DT>d)</DT><DD Font="normal"><LA Size="normal">Störungen an Geräten und Maschinen erkennen und Maßnahmen zur Beseitigung der Störungen ergreifen</LA></DD><DT>e)</DT><DD Font="normal"><LA Size="normal">Wartung von Geräten und Maschinen sowie Instandsetzung von Arbeitsmitteln veranlassen</LA></DD><DT>f)</DT><DD Font="normal"><LA Size="normal">Einsatz und Anschaffung von Geräten, Maschinen und Arbeitsmitteln beurteilen</LA></DD></DL></entry><entry VJ="1" align="center" colname="col4" valign="middle"/><entry VJ="1" align="center" colname="col5" valign="middle"><BR/><BR/><BR/><BR/><BR/><BR/><BR/><BR/><BR/><BR/><BR/>6</entry></row><row><entry VJ="1" align="center" colname="col1"/><entry VJ="1" colname="col2"/><entry VJ="1" align="justify" colname="col3"><DL Font="normal" Type="alpha"><DT>g)</DT><DD Font="normal"><LA Size="normal">auf Nachhaltigkeit im Umgang mit Lebensmitteln in Bezug auf Herkunft, Saison, ganzheitliche Verarbeitung und Transportwege achten</LA></DD><DT>h)</DT><DD Font="normal"><LA Size="normal">Abfälle vermeiden sowie entstandene Abfälle, insbesondere Speisereste, Fett, Öl, Kartonagen, Kunststoffe, Verbundverpackungen, Glas und Restmüll, unter Beachtung der rechtlichen Vorschriften zur Weiterverarbeitung trennen und einer Weiterverwendung zuführen</LA></DD></DL></entry><entry VJ="1" align="center" colname="col4" valign="middle"/><entry VJ="1" align="center" colname="col5" valign="middle"/></row><row><entry VJ="1" align="center" colname="col1">14</entry><entry VJ="1" colname="col2">Anwendung der speziellen Hygienevorschriften in der Küche<BR/> (§ 5 Absatz 2 Nummer 14)</entry><entry VJ="1" align="justify" colname="col3"><DL Font="normal" Type="alpha"><DT>a)</DT><DD Font="normal"><LA Size="normal">die speziellen Hygienevorschriften, insbesondere zu Fleisch insgesamt sowie zu Geflügel und Hackfleisch, zu Fisch, Eiern, Sahne und Cremes, anwenden und ihre Einhaltung überwachen</LA></DD><DT>b)</DT><DD Font="normal"><LA Size="normal">die gerätespezifischen Hygienevorschriften, insbesondere zu Fleischwolf oder Aufschnittmaschine, anwenden und deren Einhaltung überwachen</LA></DD><DT>c)</DT><DD Font="normal"><LA Size="normal">die Hygieneanforderungen bei Speisenausgabe und Warmhalten einhalten und deren Einhaltung überwachen</LA></DD><DT>d)</DT><DD Font="normal"><LA Size="normal">bei der Vorbereitung und Durchführung von Hygieneschulungen mitwirken</LA></DD><DT>e)</DT><DD Font="normal"><LA Size="normal">bei der Erstellung und Weiterentwicklung des betrieblichen Hygienekonzeptes, insbesondere des HACCP-Konzeptes, mitwirken</LA></DD></DL></entry><entry VJ="1" align="center" colname="col4" valign="middle"/><entry VJ="1" align="center" colname="col5" valign="middle">6</entry></row><row><entry VJ="1" align="center" colname="col1">15</entry><entry VJ="1" colname="col2">Zusammenstellung und Kennzeichnung von Speisen und Gerichten<BR/> (§ 5 Absatz 2 Nummer 15)</entry><entry VJ="1" align="justify" colname="col3"><DL Font="normal" Type="alpha"><DT>a)</DT><DD Font="normal"><LA Size="normal">Menüs erstellen und dabei die Menükunde und nachhaltige Gesichtspunkte berücksichtigen, insbesondere saisonale und regionale Gesichtspunkte</LA></DD><DT>b)</DT><DD Font="normal"><LA Size="normal">Speisekarten, auch im Team, erstellen</LA></DD><DT>c)</DT><DD Font="normal"><LA Size="normal">die Allergene und Zusatzstoffe in Speisen und Gerichten identifizieren und rechtskonform in Speisekarten und anderen betriebsüblichen Informationen kennzeichnen</LA></DD><DT>d)</DT><DD Font="normal"><LA Size="normal">Ernährungsformen, insbesondere vegetarische und vegane Ernährung, Allergien und Unverträglichkeiten, sowie die Möglichkeiten der Reduzierung von Zucker, Fett und Salz bei der Zusammenstellung der Speisen berücksichtigen und darüber informieren</LA></DD></DL></entry><entry VJ="1" align="center" colname="col4" valign="middle"/><entry VJ="1" align="center" colname="col5" valign="middle">4</entry></row><row rowsep="0"><entry VJ="1" align="center" colname="col1">16</entry><entry VJ="1" colname="col2">Sicherstellung von Warenflüssen sowie Kalkulation<BR/>von Kosten und Preisen<BR/> (§ 5 Absatz 2 Nummer 16)</entry><entry VJ="1" align="justify" colname="col3"><DL Font="normal" Type="alpha"><DT>a)</DT><DD Font="normal"><LA Size="normal">Warenbeschaffung unter Berücksichtigung des Lagerbestandes, der Vorratshaltung und der Aufträge vorbereiten, Angebote einholen und unter Berücksichtigung von Preisen, Qualitäten und Konditionen vergleichen sowie Bestellungen vorbereiten</LA></DD><DT>b)</DT><DD Font="normal"><LA Size="normal">Qualitätsunterschiede bei Lebensmitteln beurteilen</LA></DD><DT>c)</DT><DD Font="normal"><LA Size="normal">unterschiedliche Alternativen für die Verwendung von Lebensmitteln entwickeln und die Lebensmittel einer nachhaltigen Verarbeitung zuführen</LA></DD><DT>d)</DT><DD Font="normal"><LA Size="normal">Saisonzeiten und regionale Besonderheiten bei der Warenwirtschaft berücksichtigen</LA></DD><DT>e)</DT><DD Font="normal"><LA Size="normal">Lager organisieren und geeignete Lagerbedingungen zu Werterhalt und Wertsteigerung der Waren erläutern</LA></DD></DL></entry><entry VJ="1" align="center" colname="col4" valign="middle"/><entry VJ="1" align="center" colname="col5" valign="bottom">8<BR/></entry></row><row><entry VJ="1" align="center" colname="col1"/><entry VJ="1" colname="col2"/><entry VJ="1" align="justify" colname="col3"><DL Font="normal" Type="alpha"><DT>f)</DT><DD Font="normal"><LA Size="normal">Verkaufspreise für Speisen, Gerichte und Getränke nach dem betrieblichen Kalkulationsschema ermitteln</LA></DD><DT>g)</DT><DD Font="normal"><LA Size="normal">die Kosten und Erträge erbrachter Dienstleistungen, insbesondere der Veranstaltungen im Haus und außer Haus, errechnen</LA></DD><DT>h)</DT><DD Font="normal"><LA Size="normal">den Zusammenhang zwischen Qualität, Gästezufriedenheit und Betriebserfolg bei Entscheidungen und Handlungen berücksichtigen, Arbeiten wirtschaftlich und gästeorientiert durchführen und durch eigenes Verhalten zum erfolgreichen unternehmerischen Handeln beitragen</LA></DD></DL></entry><entry VJ="1" align="center" colname="col4" valign="middle"/><entry VJ="1" align="center" colname="col5" valign="middle"/></row><row><entry VJ="1" align="center" colname="col1">17</entry><entry VJ="1" colname="col2">Küchentechnische Verwaltungsprozesse<BR/> (§ 5 Absatz 2 Nummer 17)</entry><entry VJ="1" align="justify" colname="col3"><DL Font="normal" Type="alpha"><DT>a)</DT><DD Font="normal"><LA Size="normal">Warenflüsse dokumentieren, insbesondere Rechnungen und Lieferscheine analog oder digital ablegen, sowie Bestellungen auslösen und Verbrauchslisten führen</LA></DD><DT>b)</DT><DD Font="normal"><LA Size="normal">rechtlich erforderliche und betriebsspezifische Dokumentation durchführen, insbesondere zu den Hygieneanforderungen, zur Arbeitssicherheit und zum Gesundheitsschutz</LA></DD><DT>c)</DT><DD Font="normal"><LA Size="normal">Ablaufplanungen analog oder digital dokumentieren</LA></DD></DL></entry><entry VJ="1" align="center" colname="col4" valign="middle"/><entry VJ="1" align="center" colname="col5" valign="middle">4</entry></row><row><entry VJ="1" align="center" colname="col1">18</entry><entry VJ="1" colname="col2">Beratung von Gästen sowie Verkauf von Produkten und Dienstleistungen<BR/> (§ 5 Absatz 2 Nummer 18)</entry><entry VJ="1" align="justify" colname="col3"><DL Font="normal" Type="alpha"><DT>a)</DT><DD Font="normal"><LA Size="normal">Auftreten und Rolle gegenüber den Gästen reflektieren und gastorientiert gestalten</LA></DD><DT>b)</DT><DD Font="normal"><LA Size="normal">beim Service mitwirken</LA></DD><DT>c)</DT><DD Font="normal"><LA Size="normal">Gäste über das betriebliche Angebot von Dienstleistungen und Produkten, insbesondere in Bezug auf Speisen und Gerichte, informieren</LA></DD><DT>d)</DT><DD Font="normal"><LA Size="normal">bei der Gästeinformation mit den angrenzenden Zuständigkeitsbereichen kooperieren</LA></DD><DT>e)</DT><DD Font="normal"><LA Size="normal">einfache Auskünfte in einer Fremdsprache erteilen</LA></DD><DT>f)</DT><DD Font="normal"><LA Size="normal">Gäste unter Berücksichtigung ihrer Wünsche und Bedürfnisse, insbesondere bei Allergien und Unverträglichkeiten sowie bei besonderen Ernährungsformen, beraten</LA></DD></DL></entry><entry VJ="1" align="center" colname="col4" valign="middle"/><entry VJ="1" align="center" colname="col5" valign="middle">8</entry></row><row><entry VJ="1" align="center" colname="col1">19</entry><entry VJ="1" colname="col2">Anleitung und Führung von Mitarbeitenden<BR/> (§ 5 Absatz 2 Nummer 19)</entry><entry VJ="1" align="justify" colname="col3"><DL Font="normal" Type="alpha"><DT>a)</DT><DD Font="normal"><LA Size="normal">sich auf unterschiedliche Persönlichkeiten im Team einstellen und konstruktiv Feedback geben</LA></DD><DT>b)</DT><DD Font="normal"><LA Size="normal">Mitarbeitende aufgabenbezogen und teamorientiert anleiten und motivieren</LA></DD><DT>c)</DT><DD Font="normal"><LA Size="normal">Mitarbeitenden Anerkennung und Wertschätzung vermitteln</LA></DD><DT>d)</DT><DD Font="normal"><LA Size="normal">Dienstpläne erstellen</LA></DD><DT>e)</DT><DD Font="normal"><LA Size="normal">bei der Planung, Durchführung und Nachbereitung von Mitarbeitergesprächen mitwirken</LA></DD><DT>f)</DT><DD Font="normal"><LA Size="normal">an Maßnahmen der Personalentwicklung mitwirken</LA></DD><DT>g)</DT><DD Font="normal"><LA Size="normal">Einweisungen und Unterweisungen im Umgang mit Maschinen, Geräten und Betriebsmitteln durchführen</LA></DD><DT>h)</DT><DD Font="normal"><LA Size="normal">den Bedarf an vorgeschriebenen Schulungen und Belehrungen zu Infektionsschutz und Arbeitssicherheit erkennen und Maßnahmen einleiten</LA></DD></DL></entry><entry VJ="1" align="center" colname="col4" valign="middle"/><entry VJ="1" align="center" colname="col5" valign="middle">8</entry></row></tbody></tgroup></table><table frame="all" pgwide="1" tabstyle="Ausbildung" tocentry="%yes;"><Title Align="left" Class="S1"><B>Abschnitt B: integrativ zu vermittelnde Fertigkeiten, Kenntnisse und Fähigkeiten</B></Title><tgroup align="left" char="" charoff="50" cols="4" colsep="1" rowsep="1"><colspec colname="col1" colnum="1" colwidth=".75*"/><colspec colname="col2" colnum="2" colwidth="4.5*"/><colspec colname="col3" colnum="3" colwidth="8.45*"/><colspec colname="col4" colnum="4" colwidth="3.05*"/><thead valign="bottom"><row><entry VJ="1" align="center" colname="col1" valign="middle">Lfd.<BR/> Nr.</entry><entry VJ="1" align="center" colname="col2" valign="middle">Berufsbildposition</entry><entry VJ="1" align="center" colname="col3" valign="middle">Fertigkeiten, Kenntnisse und Fähigkeiten</entry><entry VJ="1" align="center" colname="col4" valign="middle">Zeitliche Zuordnung</entry></row><row><entry VJ="1" align="center" colname="col1" valign="middle">1</entry><entry VJ="1" align="center" colname="col2" valign="middle">2</entry><entry VJ="1" align="center" colname="col3" valign="middle">3</entry><entry VJ="1" align="center" colname="col4" valign="middle">4</entry></row></thead><tbody valign="top"><row><entry VJ="1" align="center" colname="col1">1</entry><entry VJ="1" colname="col2">Organisation des Ausbildungsbetriebes, Berufsbildung sowie Arbeits- und<BR/>Tarifrecht<BR/> (§ 5 Absatz 3 Nummer 1)</entry><entry VJ="1" align="justify" colname="col3"><DL Font="normal" Type="alpha"><DT>a)</DT><DD Font="normal"><LA Size="normal">den Aufbau und die grundlegenden Arbeits- und Geschäftsprozesse des Ausbildungsbetriebes erläutern</LA></DD><DT>b)</DT><DD Font="normal"><LA Size="normal">Rechte und Pflichten aus dem Ausbildungsvertrag sowie Dauer und Beendigung des Ausbildungsverhältnisses erläutern und Aufgaben der im System der dualen Berufsausbildung Beteiligten beschreiben</LA></DD><DT>c)</DT><DD Font="normal"><LA Size="normal">die Bedeutung, die Funktion und die Inhalte der Ausbildungsordnung und des betrieblichen Ausbildungsplans erläutern sowie zu deren Umsetzung beitragen</LA></DD><DT>d)</DT><DD Font="normal"><LA Size="normal">die für den Ausbildungsbetrieb geltenden arbeits-, sozial-, tarif- und mitbestimmungsrechtlichen Vorschriften erläutern</LA></DD><DT>e)</DT><DD Font="normal"><LA Size="normal">Grundlagen, Aufgaben und Arbeitsweise der betriebsverfassungs- oder personalvertretungsrechtlichen Organe des Ausbildungsbetriebes erläutern</LA></DD><DT>f)</DT><DD Font="normal"><LA Size="normal">Beziehungen des Ausbildungsbetriebes und seiner Beschäftigten zu Wirtschaftsorganisationen und Gewerkschaften erläutern</LA></DD><DT>g)</DT><DD Font="normal"><LA Size="normal">Positionen der eigenen Entgeltabrechnung erläutern</LA></DD><DT>h)</DT><DD Font="normal"><LA Size="normal">wesentliche Inhalte von Arbeitsverträgen erläutern</LA></DD><DT>i)</DT><DD Font="normal"><LA Size="normal">Möglichkeiten des beruflichen Aufstiegs und der beruflichen Weiterentwicklung erläutern</LA></DD></DL></entry><entry VJ="1" align="left" colname="col4" rowsep="0" valign="middle"/></row><row><entry VJ="1" align="center" colname="col1">2</entry><entry VJ="1" colname="col2">Sicherheit und Gesundheit bei der Arbeit<BR/> (§ 5 Absatz 3 Nummer 2)</entry><entry VJ="1" align="justify" colname="col3"><DL Font="normal" Type="alpha"><DT>a)</DT><DD Font="normal"><LA Size="normal">Rechte und Pflichten aus den berufsbezogenen Arbeitsschutz- und Unfallverhütungsvorschriften kennen und diese Vorschriften anwenden</LA></DD><DT>b)</DT><DD Font="normal"><LA Size="normal">Gefährdungen von Sicherheit und Gesundheit am Arbeitsplatz und auf dem Arbeitsweg prüfen und beurteilen</LA></DD><DT>c)</DT><DD Font="normal"><LA Size="normal">sicheres und gesundheitsgerechtes Arbeiten erläutern</LA></DD><DT>d)</DT><DD Font="normal"><LA Size="normal">technische und organisatorische Maßnahmen zur Vermeidung von Gefährdungen sowie von psychischen und physischen Belastungen für sich und andere, auch präventiv, ergreifen</LA></DD><DT>e)</DT><DD Font="normal"><LA Size="normal">ergonomische Arbeitsweisen beachten und anwenden</LA></DD><DT>f)</DT><DD Font="normal"><LA Size="normal">Verhaltensweisen bei Unfällen beschreiben und erste Maßnahmen bei Unfällen einleiten</LA></DD><DT>g)</DT><DD Font="normal"><LA Size="normal">betriebsbezogene Vorschriften des vorbeugenden Brandschutzes anwenden, Verhaltensweisen bei Bränden beschreiben und erste Maßnahmen zur Brandbekämpfung ergreifen</LA></DD></DL></entry><entry VJ="1" colname="col4" rowsep="0"/></row><row rowsep="0"><entry VJ="1" align="center" colname="col1">3</entry><entry VJ="1" colname="col2">Umweltschutz und<BR/>Nachhaltigkeit<BR/> (§ 5 Absatz 3 Nummer 3)</entry><entry VJ="1" align="justify" colname="col3"><DL Font="normal" Type="alpha"><DT>a)</DT><DD Font="normal"><LA Size="normal">Möglichkeiten zur Vermeidung betriebsbedingter Belastungen für Umwelt und Gesellschaft im eigenen Aufgabenbereich erkennen und zu deren Weiterentwicklung beitragen</LA></DD><DT>b)</DT><DD Font="normal"><LA Size="normal">bei Arbeitsprozessen und im Hinblick auf Produkte, Waren oder Dienstleistungen Materialien und Energie unter wirtschaftlichen, umweltverträglichen und sozialen Gesichtspunkten der Nachhaltigkeit nutzen</LA></DD><DT>c)</DT><DD Font="normal"><LA Size="normal">für den Ausbildungsbetrieb geltende Regelungen des Umweltschutzes einhalten</LA></DD></DL></entry><entry VJ="1" colname="col4" valign="bottom">während<BR/> der gesamten<BR/> Ausbildung<BR/><BR/></entry></row><row><entry VJ="1" align="center" colname="col1"/><entry VJ="1" colname="col2"/><entry VJ="1" align="justify" colname="col3"><DL Font="normal" Type="alpha"><DT>d)</DT><DD Font="normal"><LA Size="normal">Abfälle vermeiden sowie Stoffe und Materialien einer umweltschonenden Wiederverwertung oder Entsorgung zuführen</LA></DD><DT>e)</DT><DD Font="normal"><LA Size="normal">Vorschläge für nachhaltiges Handeln für den eigenen Arbeitsbereich entwickeln</LA></DD><DT>f)</DT><DD Font="normal"><LA Size="normal">unter Einhaltung betrieblicher Regelungen im Sinne einer ökonomischen, ökologischen und sozial nachhaltigen Entwicklung zusammenarbeiten und adressatengerecht kommunizieren</LA></DD></DL></entry><entry VJ="1" align="left" colname="col4" rowsep="0"><BR/></entry></row><row><entry VJ="1" align="center" colname="col1">4</entry><entry VJ="1" colname="col2">Digitalisierte Arbeitswelt<BR/> (§ 5 Absatz 3 Nummer 4)</entry><entry VJ="1" align="justify" colname="col3"><DL Font="normal" Type="alpha"><DT>a)</DT><DD Font="normal"><LA Size="normal">mit eigenen und betriebsbezogenen Daten sowie mit Daten Dritter umgehen und dabei die Vorschriften zum Datenschutz und zur Datensicherheit einhalten</LA></DD><DT>b)</DT><DD Font="normal"><LA Size="normal">Risiken bei der Nutzung von digitalen Medien und informationstechnischen Systemen einschätzen und bei deren Nutzung betriebliche Regelungen einhalten</LA></DD><DT>c)</DT><DD Font="normal"><LA Size="normal">ressourcenschonend, adressatengerecht und effizient kommunizieren sowie Kommunikationsergebnisse dokumentieren</LA></DD><DT>d)</DT><DD Font="normal"><LA Size="normal">Störungen in Kommunikationsprozessen erkennen und zu ihrer Lösung beitragen</LA></DD><DT>e)</DT><DD Font="normal"><LA Size="normal">Informationen in digitalen Netzen recherchieren und aus digitalen Netzen beschaffen sowie Informationen, auch fremde, prüfen, bewerten und auswählen</LA></DD><DT>f)</DT><DD Font="normal"><LA Size="normal">Lern- und Arbeitstechniken sowie Methoden des selbstgesteuerten Lernens anwenden, digitale Lernmedien nutzen und Erfordernisse des lebensbegleitenden Lernens erkennen und ableiten</LA></DD><DT>g)</DT><DD Font="normal"><LA Size="normal">Aufgaben zusammen mit Beteiligten, einschließlich der Beteiligten anderer Arbeits- und Geschäftsbereiche, auch unter Nutzung digitaler Medien, planen, bearbeiten und gestalten</LA></DD><DT>h)</DT><DD Font="normal"><LA Size="normal">Wertschätzung anderer unter Berücksichtigung gesellschaftlicher Vielfalt praktizieren</LA></DD></DL></entry><entry VJ="1" colname="col4"/></row></tbody></tgroup></table><table frame="all" pgwide="1" tabstyle="Ausbildung" tocentry="%yes;"><tgroup align="left" char="" charoff="50" cols="5" colsep="1" rowsep="1"><colspec colname="col1" colnum="1" colwidth=".75*"/><colspec colname="col2" colnum="2" colwidth="4.5*"/><colspec colname="col3" colnum="3" colwidth="8.45*"/><colspec colname="col4" colnum="4" colwidth="1.5*"/><colspec colname="col5" colnum="5" colwidth="1.55*"/><thead valign="bottom"><row><entry VJ="1" align="center" colname="col1" morerows="1" valign="middle"/><entry VJ="1" align="center" colname="col2" morerows="1" valign="middle"/><entry VJ="1" align="center" colname="col3" morerows="1" valign="middle"/><entry VJ="1" align="center" nameend="col5" namest="col4" valign="middle">Zeitliche Richtwerte<BR/> in Wochen im</entry></row><row><entry VJ="1" align="center" colname="col4" valign="middle">1. bis 18.<BR/> Monat</entry><entry VJ="1" align="center" colname="col5" valign="middle">19. bis 36.<BR/> Monat</entry></row></thead><tbody valign="top"><row><entry VJ="1" align="center" colname="col1">5</entry><entry VJ="1" colname="col2">Durchführung von Hygienemaßnahmen<BR/> (§ 5 Absatz 3 Nummer 5)</entry><entry VJ="1" align="justify" colname="col3"><DL Font="normal" Type="alpha"><DT>a)</DT><DD Font="normal"><LA Size="normal">die Grundsätze und die Vorschriften zur Personal-, Betriebs- und Produkthygiene sowie zum Arbeits- und Gesundheitsschutz anwenden</LA></DD><DT>b)</DT><DD Font="normal"><LA Size="normal">die rechtlichen Hygienevorschriften und das betriebliche Hygienekonzept, insbesondere das HACCP-Konzept, umsetzen</LA></DD><DT>c)</DT><DD Font="normal"><LA Size="normal">Schädlingsbefall erkennen und Maßnahmen einleiten</LA></DD><DT>d)</DT><DD Font="normal"><LA Size="normal">Desinfektions- und Reinigungsmittel lagern, unter Berücksichtigung der ökologischen Auswirkungen auswählen und ökonomisch einsetzen</LA></DD><DT>e)</DT><DD Font="normal"><LA Size="normal">die Meldepflichten nach dem Infektionsschutzrecht beachten und die Beschäftigungsverbote einhalten</LA></DD></DL></entry><entry VJ="1" align="center" colname="col4" valign="middle">4</entry><entry VJ="1" align="center" colname="col5" valign="middle"/></row></tbody></tgroup></table></Content></text></textdaten></norm>
<norm builddate="20220909213506" doknr="BJNR039800022BJNE002600000"><metadaten><jurabk>KochAusbV 2022</jurabk><jurabk>KochAusbV</jurabk><enbez>Anlage 2</enbez><titel format="XML">(zu § 18 Absatz 2)<BR/>Fertigkeiten, Kenntnisse und Fähigkeiten in der Zusatzqualifikation Vertiefung für vegetarische und vegane Küche</titel></metadaten><textdaten><text format="XML"><Content><P><noindex><kommentar typ="Fundstelle">(Fundstelle: BGBl. I 2022, 412)</kommentar></noindex></P><P/><table frame="all" pgwide="1" tabstyle="Ausbildung" tocentry="%yes;"><tgroup align="left" char="" charoff="50" cols="4" colsep="1" rowsep="1"><colspec colname="col1" colnum="1" colwidth=".75*"/><colspec colname="col2" colnum="2" colwidth="4.5*"/><colspec colname="col3" colnum="3" colwidth="8.5*"/><colspec colname="col4" colnum="4" colwidth="3*"/><thead valign="bottom"><row><entry VJ="1" align="center" colname="col1" valign="middle">Lfd.<BR/> Nr.</entry><entry VJ="1" align="center" colname="col2" valign="middle">Zusatzqualifikation</entry><entry VJ="1" align="center" colname="col3" valign="middle">Zu vermittelnde<BR/>Fertigkeiten, Kenntnisse und Fähigkeiten</entry><entry VJ="1" align="center" colname="col4" valign="middle">Zeitliche Richtwerte<BR/> in Wochen</entry></row><row><entry VJ="1" align="center" colname="col1" valign="middle">1</entry><entry VJ="1" align="center" colname="col2" valign="middle">2</entry><entry VJ="1" align="center" colname="col3" valign="middle">3</entry><entry VJ="1" align="center" colname="col4" valign="middle">4</entry></row></thead><tbody valign="top"><row><entry VJ="1" align="center" colname="col1">1</entry><entry VJ="1" colname="col2">Vertiefung für vegetarische und vegane Küche</entry><entry VJ="1" colname="col3"><DL Font="normal" Type="alpha"><DT>a)</DT><DD Font="normal"><LA Size="normal">vegetarische und vegane Zutaten und Produkte hinsichtlich ihrer Verwendung einordnen, insbesondere Getreide, Vollkornprodukte, Sojaprodukte, Algen, Hülsenfrüchte, Nüsse sowie Würz- und Süßungsmittel</LA></DD><DT>b)</DT><DD Font="normal"><LA Size="normal">Möglichkeiten für Alternativprodukte aufzeigen, insbesondere Alternativen für Fleisch sowie für Eier, Milch und Käse</LA></DD><DT>c)</DT><DD Font="normal"><LA Size="normal">traditionelle und moderne vegetarische und vegane Speisen und Menüs, insbesondere unter Berücksichtigung des Nährstoffgehalts, zusammenstellen und zubereiten</LA></DD><DT>d)</DT><DD Font="normal"><LA Size="normal">pflanzliche Zutaten vitamin- und geschmacksschonend einlagern, haltbar machen und garen</LA></DD><DT>e)</DT><DD Font="normal"><LA Size="normal">vegetarische und vegane Produkte und Alternativprodukte beschaffen</LA></DD><DT>f)</DT><DD Font="normal"><LA Size="normal">beim Einkauf und bei der Lieferantenauswahl insbesondere Nachhaltigkeit, Saisonalität und Regionalität berücksichtigen und Besonderheiten von Zertifikaten und Gütesiegeln kennen</LA></DD><DT>g)</DT><DD Font="normal"><LA Size="normal">Gäste zum vegetarischen und veganen Angebot beraten und dabei die individuelle Ernährungsweise der Gäste berücksichtigen</LA></DD></DL></entry><entry VJ="1" align="center" colname="col4" valign="middle">8</entry></row></tbody></tgroup></table></Content></text></textdaten></norm>
</dokumente>