<?xml version="1.0" encoding="UTF-8" ?><!DOCTYPE dokumente SYSTEM "http://www.gesetze-im-internet.de/dtd/1.01/gii-norm.dtd">
<dokumente builddate="20241223221542" doknr="BJNR1AD0A0024"><norm builddate="20241223221542" doknr="BJNR1AD0A0024"><metadaten><jurabk>PKHB 2025</jurabk><amtabk>PKHB 2025</amtabk><ausfertigung-datum manuell="ja">2024-12-18</ausfertigung-datum><fundstelle typ="amtlich"><periodikum>BGBl. I</periodikum><zitstelle>2024, Nr. 429</zitstelle></fundstelle><kurzue>Prozesskostenhilfebekanntmachung 2025</kurzue><langue>Bekanntmachung zu § 115 der Zivilprozessordnung</langue></metadaten><textdaten><fussnoten><Content><P><BR/> <pre xml:space="preserve">(+++ Textnachweis ab: 23.12.2024 +++)<BR/><BR/></pre></P></Content></fussnoten></textdaten></norm>
<norm builddate="20241223221542" doknr="BJNR1AD0A0024BJNE000100000"><metadaten><jurabk>PKHB 2025</jurabk><enbez>(XXXX)</enbez></metadaten><textdaten><text format="XML"><Content><P>Auf Grund des § 115 Absatz 1 Satz 6 der Zivilprozessordnung, der zuletzt durch Artikel 10 Nummer 3 des Gesetzes vom 21. Dezember 2020 (BGBl. I S. 3229) geändert worden ist, in Verbindung mit § 1 Absatz 2 des Zuständigkeitsanpassungsgesetzes vom 16. August 2002 (BGBl. I S. 3165) und dem Organisationserlass vom 8. Dezember 2021 (BGBl. I S. 5176) werden die ab dem 1. Januar 2025 maßgebenden Beträge, die nach § 115 Absatz 1 Satz 3 Nummer 1 Buchstabe b und Nummer 2 sowie Satz 5 der Zivilprozessordnung vom Einkommen der Partei abzusetzen sind, bekannt gemacht:</P><P><DL Font="normal" Type="arabic"><DT>1.</DT><DD Font="normal"><LA Size="normal">Für den Bund, den Landkreis Fürstenfeldbruck, die Landeshauptstadt München und den Landkreis München werden die Freibeträge entsprechend der Prozesskostenhilfebekanntmachung 2024 vom 22. Dezember 2023 (BGBl. 2023 I Nr. 403) fortgeschrieben: <table colsep="1" frame="all" pgwide="1" rowsep="1" tocentry="%yes;"><tgroup align="left" char="" charoff="50" cols="5"><colspec colname="col1" colnum="1" colwidth="58*"/><colspec align="center" colname="col2" colnum="2" colwidth="21*"/><colspec align="center" colname="col3" colnum="3" colwidth="21*"/><colspec align="center" colname="col4" colnum="4" colwidth="21.8*"/><colspec align="center" colname="col5" colnum="5" colwidth="21*"/><thead valign="bottom"><row valign="middle"><entry VJ="1" colname="col1"/><entry VJ="1" colname="col2">Freibetrag<BR/> Bund</entry><entry VJ="1" colname="col3">Freibetrag<BR/> im Landkreis<BR/> Fürstenfeld-<BR/>bruck</entry><entry VJ="1" colname="col4">Freibetrag<BR/> in der<BR/> Landeshauptstadt<BR/> München</entry><entry VJ="1" colname="col5">Freibetrag<BR/> im Landkreis<BR/> München</entry></row></thead><tbody valign="top"><row><entry VJ="1" colname="col1">Parteien, die ein Einkommen aus Erwerbstätigkeit erzielen<BR/> (§ 115 Absatz 1 Satz 3 Nummer 1 Buchstabe b der Zivilprozessordnung)</entry><entry VJ="1" colname="col2">282 Euro</entry><entry VJ="1" colname="col3">295 Euro</entry><entry VJ="1" colname="col4">296 Euro</entry><entry VJ="1" colname="col5">290 Euro</entry></row><row><entry VJ="1" colname="col1">Partei, Ehegatte oder Lebenspartner<BR/> (§ 115 Absatz 1 Satz 3 Nummer 2 Buchstabe a der Zivilprozessordnung)</entry><entry VJ="1" colname="col2">619 Euro</entry><entry VJ="1" colname="col3">649 Euro</entry><entry VJ="1" colname="col4">650 Euro</entry><entry VJ="1" colname="col5">637 Euro</entry></row><row><entry VJ="1" colname="col1">Freibetrag für unterhaltsberechtigte Erwachsene<BR/> (§ 115 Absatz 1 Satz 3 Nummer 2 Buchstabe b der Zivilprozessordnung – <I>Regelbedarfsstufe 3</I>)</entry><entry VJ="1" colname="col2">496 Euro</entry><entry VJ="1" colname="col3">520 Euro</entry><entry VJ="1" colname="col4">519 Euro</entry><entry VJ="1" colname="col5">510 Euro</entry></row><row><entry VJ="1" colname="col1">Freibetrag für unterhaltsberechtigte Jugendliche vom Beginn des 15. bis zur Vollendung des 18. Lebensjahres<BR/> (§ 115 Absatz 1 Satz 3 Nummer 2 Buchstabe b der Zivilprozessordnung – <I>Regelbedarfsstufe 4</I>)</entry><entry VJ="1" colname="col2">518 Euro</entry><entry VJ="1" colname="col3">540 Euro</entry><entry VJ="1" colname="col4">541 Euro</entry><entry VJ="1" colname="col5">534 Euro</entry></row><row><entry VJ="1" colname="col1">Freibetrag für unterhaltsberechtigte Kinder vom Beginn des siebten bis zur Vollendung des 14. Lebensjahres<BR/> (§ 115 Absatz 1 Satz 3 Nummer 2 Buchstabe b der Zivilprozessordnung – <I>Regelbedarfsstufe 5</I>)</entry><entry VJ="1" colname="col2">429 Euro</entry><entry VJ="1" colname="col3">443 Euro</entry><entry VJ="1" colname="col4">446 Euro</entry><entry VJ="1" colname="col5">441 Euro</entry></row><row><entry VJ="1" colname="col1">Freibetrag für unterhaltsberechtigte Kinder bis zur Vollendung des sechsten Lebensjahres<BR/> (§ 115 Absatz 1 Satz 3 Nummer 2 Buchstabe b der Zivilprozessordnung – <I>Regelbedarfsstufe 6</I>)</entry><entry VJ="1" colname="col2">393 Euro</entry><entry VJ="1" colname="col3">408 Euro</entry><entry VJ="1" colname="col4">407 Euro</entry><entry VJ="1" colname="col5">404 Euro</entry></row></tbody></tgroup></table></LA></DD><DT>2.</DT><DD Font="normal"><LA Size="normal">Für den Landkreis Starnberg werden die Freibeträge neu festgesetzt. Diese entsprechen nun den für den Bund maßgebenden Eurobeträgen nach der Tabelle zu Nummer 1 dieser Bekanntmachung.</LA></DD></DL></P></Content></text></textdaten></norm>
<norm builddate="20241223221542" doknr="BJNR1AD0A0024BJNE000200000"><metadaten><jurabk>PKHB 2025</jurabk><enbez>Schlussformel</enbez></metadaten><textdaten><text format="XML"><Content><P><SP>Der Bundesminister der Justiz</SP></P></Content></text></textdaten></norm>
</dokumente>