<?xml version="1.0" encoding="UTF-8" ?><!DOCTYPE dokumente SYSTEM "http://www.gesetze-im-internet.de/dtd/1.01/gii-norm.dtd">
<dokumente builddate="20120625151901" doknr="BJNR178420993"><norm builddate="20120625151901" doknr="BJNR178420993"><metadaten><jurabk>KlimÄndRÜbk</jurabk><ausfertigung-datum manuell="ja">1992-05-09</ausfertigung-datum><fundstelle typ="amtlich"><periodikum>BGBl II</periodikum><zitstelle>1993, 1784</zitstelle></fundstelle><langue>Rahmenübereinkommen der Vereinten Nationen über Klimaänderungen</langue></metadaten><textdaten><text format="decorated"/><fussnoten><Content><P>G v. 13.9.1993 II 1783</P></Content></fussnoten></textdaten></norm>
</dokumente>