<?xml version="1.0" encoding="UTF-8" ?><!DOCTYPE dokumente SYSTEM "http://www.gesetze-im-internet.de/dtd/1.01/gii-norm.dtd">
<dokumente builddate="20130405125550" doknr="BJNR012570971"><norm builddate="20130405125550" doknr="BJNR012570971"><metadaten><jurabk>RAG 14</jurabk><amtabk>14. RAG</amtabk><ausfertigung-datum manuell="ja">1971-08-10</ausfertigung-datum><fundstelle typ="amtlich"><periodikum>BGBl I</periodikum><zitstelle>1971, 1257</zitstelle></fundstelle><kurzue>Vierzehntes Rentenanpassungsgesetz</kurzue><langue>Vierzehntes Gesetz über die Anpassung der Renten aus den gesetzlichen
Rentenversicherungen sowie über die Anpassung der Geldleistungen aus der
gesetzlichen Unfallversicherung</langue></metadaten><textdaten><text format="XML"><Content><P/></Content></text><fussnoten><Content><P>Die Vorschrift gilt nicht in dem in Art. 3 des Einigungsvertrages genannten Gebiet gem. Anl. I Kap. VIII Sachg. H Abschn. I Nr. 16 EinigVtr v. 31.8.1990 iVm Art. 1 G v. 23.9.1990 II 885, 1057 <BR/>(+++ Textnachweis ab: 14. 8.1971 +++)</P></Content></fussnoten></textdaten></norm>
<norm builddate="20130405125550" doknr="BJNR012570971BJNE000600314"><metadaten><jurabk>RAG 14</jurabk><enbez>Eingangsformel</enbez></metadaten><textdaten><text format="XML"><Content><P>Der Bundestag hat mit Zustimmung des Bundesrates das folgende Gesetz beschlossen:</P></Content></text></textdaten></norm>
<norm builddate="20130405125550" doknr="BJNR012570971BJNG000100314"><metadaten><jurabk>RAG 14</jurabk><gliederungseinheit><gliederungskennzahl>010</gliederungskennzahl><gliederungsbez>Erster Abschnitt</gliederungsbez><gliederungstitel>Anpassung der Renten aus den
gesetzlichen Rentenversicherungen</gliederungstitel></gliederungseinheit></metadaten><textdaten><text format="XML"><Content><P/></Content></text></textdaten></norm>
<norm builddate="20130405125550" doknr="BJNR012570971BJNE000700314"><metadaten><jurabk>RAG 14</jurabk><enbez>§ 1</enbez></metadaten><textdaten><text format="XML"><Content><P>(1) In den gesetzlichen Rentenversicherungen werden aus Anlaß der Veränderung der allgemeinen Bemessungsgrundlage für das Jahr 1971 die Versicherten- und Hinterbliebenenrenten aus Versicherungsfällen, die im Jahr 1970 oder früher eingetreten sind, für Bezugszeiten vom 1. Januar 1972 an nach Maßgabe der §§ 2 bis 8 angepaßt.</P><P>(2) Zu den Renten im Sinne des Absatzes 1 gehören auch die nach Artikel 2 § 38 Abs. 3 Satz 1 und 2 des Arbeiterrentenversicherungs-Neuregelungsgesetzes und Artikel 2 § 37 Abs. 3 Satz 1 und 2 des Angestelltenversicherungs-Neuregelungsgesetzes im Jahr 1971 erhöhten Renten, die Knappschaftsausgleichsleistung nach § 98a des Reichsknappschaftsgesetzes und die Leistung nach den §§ 27, 28 des Sozialversicherungs-Angleichungsgesetzes Saar vom 15. Juni 1963 (Bundesgesetzbl. I S. 402).</P><P>(3) Absatz 1 findet auf den Knappschaftssold keine Anwendung.</P></Content>  </text></textdaten></norm>
<norm builddate="20130405125550" doknr="BJNR012570971BJNE000800314"><metadaten><jurabk>RAG 14</jurabk><enbez>§ 2</enbez></metadaten><textdaten><text format="XML"><Content><P>(1) Renten, die nach den <I>§§ 1253ff. der Reichsversicherungsordnung, §§ 30ff. des Angestelltenversicherungsgesetzes oder §§ 53ff. des Reichsknappschaftsgesetzes</I> berechnet sind, sind so anzupassen, daß sich eine Rente ergibt, wie sie sich nach Anwendung von <I>§ 1255 Abs. 1 letzter Halbsatz der Reichsversicherungsordnung, § 32 Abs. 1 letzter Halbsatz des Angestelltenversicherungsgesetzes und § 54 Abs. 1 letzter Halbsatz des Reichsknappschaftsgesetzes</I> sowie der Kürzungs- und Ruhensvorschriften ergeben würde, wenn die Rente ohne Änderung der übrigen Berechnungsfaktoren unter Zugrundelegung der allgemeinen Bemessungsgrundlage für das Jahr 1971 und der Beitragsbemessungsgrenze der knappschaftlichen Rentenversicherung für dieses Jahr berechnet werden würde; Abweichungen infolge Abrundungen sind zulässig. Bei Leistungen oder Leistungsanteilen aus der knappschaftlichen Rentenversicherung sind die nach <I>Artikel 2 § 9 Abs. 1a des Knappschaftsrentenversicherungs-Neuregelungsgesetzes</I> für Versicherungsfälle des Jahres 1971 maßgebenden Jahresbeträge zu berücksichtigen. Für Knappschaftsausgleichsleistungen gilt <I>§ 98a Abs. 2 Satz 1 des Reichsknappschaftsgesetzes. § 1282 Abs. 2 der Reichsversicherungsordnung, § 59 Abs. 2 des Angestelltenversicherungsgesetzes oder § 79 Abs. 2 des Reichsknappschaftsgesetzes gilt nicht in den Fällen, in denen die §§ 1278, 1279 der Reichsversicherungsordnung, §§ 55, 56 des Angestelltenversicherungsgesetzes oder §§ 75, 76 des Reichsknappschaftsgesetzes angewendet worden sind.</I></P><P>(2) Absatz 1 gilt nicht für Renten, bei denen <I>§ 1253 Abs. 2 Satz 5 allein oder in Verbindung mit § 1254 Abs. 2 Satz 2, § 1268 Abs. 2 Satz 2 der Reichsversicherungsordnung, § 30 Abs. 2 Satz 5 allein oder in Verbindung mit § 31 Abs. 2 Satz 2, § 45 Abs. 2 Satz 2 des Angestelltenversicherungsgesetzes, § 53 Abs. 3 Satz 5 allein oder in Verbindung mit § 53 Abs. 5 Satz 2, § 69 Abs. 2 Satz 2 des Reichsknappschaftsgesetzes, Artikel 2 § 38 Abs. 3 Satz 4 zweiter Halbsatz des Arbeiterrentenversicherungs-Neuregelungsgesetzes oder Artikel 2 § 37 Abs. 3 Satz 4 zweiter Halbsatz des Angestelltenversicherungs-Neuregelungsgesetzes</I> angewendet worden ist.</P><P>(3) Absatz 1 gilt entsprechend für Renten der knappschaftlichen Rentenversicherung, die nach <I>Artikel 2 § 24 Abs. 5 des Knappschaftsrentenversicherungs-Neuregelungsgesetzes</I> gezahlt werden.</P></Content>  </text><fussnoten><Content><P>§ 2 Kursivdruck: §§ 1253 bis 1256, §§ 1267 bis 1286 RVO aufgeh. durch Art. 6 Nr. 24 G v. 18.12.1989 I 2261 mWv 1.1.1992 <BR/>§ 2 Abs. 1 Satz 4 Kursivdruck: § 1282 Abs. 2 RVO aufgeh. durch Art. 2 Nr. 27, § 59 Abs. 2 AVG aufgeh. durch Art. 3 Nr. 3 u. § 79 Abs. 2 RKG aufgeh. durch Art. 4 Nr. 5 G v. 1.12.1981 I 1205 mWv 5.12.1981</P></Content></fussnoten></textdaten></norm>
<norm builddate="20130405125550" doknr="BJNR012570971BJNE000900314"><metadaten><jurabk>RAG 14</jurabk><enbez>§ 3</enbez></metadaten><textdaten><text format="XML"><Content><P>(1) Renten nach Artikel 2 §§ 32 bis 35 des Arbeiterrentenversicherungs-Neuregelungsgesetzes oder Artikel 2 §§ 31 bis 34 des Angestelltenversicherungs-Neuregelungsgesetzes sind so anzupassen, daß sich eine Rente ergibt, wie sie sich nach Anwendung der Ruhensvorschriften ergeben würde, wenn die Rente erneut umgestellt und dabei vor Anwendung der Ruhensvorschriften der ungekürzte Rentenbetrag ohne Kinderzuschuß für jedes Kind und ohne Steigerungsbeträge aus Beiträgen der Höherversicherung mit 2,5618 vervielfältigt und der Kinderzuschuß für jedes Kind nach der allgemeinen Bemessungsgrundlage für das Jahr 1971 berechnet werden würde; Abweichungen infolge Abrundungen sind zulässig. § 2 Abs. 1 Satz 4 ist anzuwenden.</P><P>(2) Artikel 2 § 34 des Arbeiterrentenversicherungs-Neuregelungsgesetzes und Artikel 2 § 33 des Angestelltenversicherungs-Neuregelungsgesetzes sind mit der Maßgabe anzuwenden, daß an Stelle der in diesen Vorschriften genannten Werte die nachstehenden Werte zugrunde zu legen sind: <BR/><table frame="top" tocentry="%yes;">
	<tgroup align="left" char="" charoff="50" cols="3" colsep="0" rowsep="0">
		<colspec colname="col1" colnum="1" colwidth="25*"/>
		<colspec colname="col2" colnum="2" colwidth="25*"/>
		<colspec colname="col3" colnum="3" colwidth="25*"/>
		<thead valign="bottom">
			<row rowsep="1">
				<entry VJ="1" align="left" colsep="0" valign="middle">Bei einer Versicherungsdauer von ... Jahren</entry>
				<entry VJ="1" align="center" colsep="0" valign="middle">Versichertenrenten DM/Monat</entry>
				<entry VJ="1" align="center" colsep="0" valign="middle">Witwen- und Witwerrenten DM/Monat</entry>
			</row>
		</thead>
		<tbody valign="top">
			<row>
				<entry VJ="1" align="center" colsep="0" valign="top">50 und mehr</entry>
				<entry VJ="1" align="center" colsep="0" valign="top">1.370,90</entry>
				<entry VJ="1" align="center" colsep="0" valign="top">822,60</entry>
			</row>
			<row>
				<entry VJ="1" align="center" colsep="0" valign="top">49</entry>
				<entry VJ="1" align="center" colsep="0" valign="top">1.343,50</entry>
				<entry VJ="1" align="center" colsep="0" valign="top">806,10</entry>
			</row>
			<row>
				<entry VJ="1" align="center" colsep="0" valign="top">48</entry>
				<entry VJ="1" align="center" colsep="0" valign="top">1.316,10</entry>
				<entry VJ="1" align="center" colsep="0" valign="top">789,70</entry>
			</row>
			<row>
				<entry VJ="1" align="center" colsep="0" valign="top">47</entry>
				<entry VJ="1" align="center" colsep="0" valign="top">1.288,70</entry>
				<entry VJ="1" align="center" colsep="0" valign="top">773,20</entry>
			</row>
			<row>
				<entry VJ="1" align="center" colsep="0" valign="top">46</entry>
				<entry VJ="1" align="center" colsep="0" valign="top">1.261,30</entry>
				<entry VJ="1" align="center" colsep="0" valign="top">756,80</entry>
			</row>
			<row>
				<entry VJ="1" align="center" colsep="0" valign="top">45</entry>
				<entry VJ="1" align="center" colsep="0" valign="top">1.233,80</entry>
				<entry VJ="1" align="center" colsep="0" valign="top">740,30</entry>
			</row>
			<row>
				<entry VJ="1" align="center" colsep="0" valign="top">44</entry>
				<entry VJ="1" align="center" colsep="0" valign="top">1.206,40</entry>
				<entry VJ="1" align="center" colsep="0" valign="top">723,90</entry>
			</row>
			<row>
				<entry VJ="1" align="center" colsep="0" valign="top">43</entry>
				<entry VJ="1" align="center" colsep="0" valign="top">1.179,00</entry>
				<entry VJ="1" align="center" colsep="0" valign="top">707,40</entry>
			</row>
			<row>
				<entry VJ="1" align="center" colsep="0" valign="top">42</entry>
				<entry VJ="1" align="center" colsep="0" valign="top">1.151,60</entry>
				<entry VJ="1" align="center" colsep="0" valign="top">691,00</entry>
			</row>
			<row>
				<entry VJ="1" align="center" colsep="0" valign="top">41</entry>
				<entry VJ="1" align="center" colsep="0" valign="top">1.124,20</entry>
				<entry VJ="1" align="center" colsep="0" valign="top">674,50</entry>
			</row>
			<row>
				<entry VJ="1" align="center" colsep="0" valign="top">40 und weniger</entry>
				<entry VJ="1" align="center" colsep="0" valign="top">1.096,70</entry>
				<entry VJ="1" align="center" colsep="0" valign="top">658,10</entry>
			</row>
		</tbody>
	</tgroup>
</table> </P><P>(3) Die Verordnung über die Anwendung der Ruhensvorschriften der Reichsversicherungsordnung und des Angestelltenversicherungsgesetzes auf umzustellende Renten der Rentenversicherungen der Arbeiter und Angestellten vom 9. Juli 1957 (Bundesgesetzbl. I S. 704) findet mit der Maßgabe Anwendung, daß in § 1 Abs. 3 und § 2 Abs. 4 der Verordnung an die Stelle des Betrags von 7.650 Deutsche Mark der Betrag von 18.643,90 Deutsche Mark, in § 3 Abs. 1 der Verordnung an die Stelle des Betrags von 171,60 Deutsche Mark der Betrag von 440,20 Deutsche Mark, an die Stelle des Betrags von 471,60 Deutsche Mark der Betrag von 1.208,80 Deutsche Mark und in § 3 Abs. 2 der Verordnung an die Stelle des Betrags von 4.281 Deutsche Mark der Betrag von 10.967 Deutsche Mark tritt.</P></Content>  </text></textdaten></norm>
<norm builddate="20130405125550" doknr="BJNR012570971BJNE001000314"><metadaten><jurabk>RAG 14</jurabk><enbez>§ 4</enbez></metadaten><textdaten><text format="XML"><Content><P>(1) Die übrigen Renten sind so anzupassen, daß sich eine Rente ergibt, wie sie sich ergeben würde, wenn der nach § 5 zu ermittelnde Anpassungsbetrag mit 1,063 und der Leistungszuschlag der knappschaftlichen Rentenversicherung und der nach § 75 Abs. 1 Satz 2 des Reichsknappschaftsgesetzes zu belassende Betrag mit 1,095 vervielfältigt und der Kinderzuschuß für jedes Kind nach der allgemeinen Bemessungsgrundlage des Jahres 1971 berechnet werden würde; Abweichungen infolge Abrundungen sind zulässig. Die Steigerungsbeträge aus Beiträgen der Höherversicherung bleiben unberührt. § 2 Abs. 1 Satz 3 findet Anwendung.</P><P>(2) Renten nach Absatz 1, die mit einer Rente aus der gesetzlichen Unfallversicherung zusammentreffen und auf die die §§ 1278, 1279 der Reichsversicherungsordnung, §§ 55, 56 des Angestelltenversicherungsgesetzes oder §§ 75, 76 des Reichsknappschaftsgesetzes anzuwenden sind, sind so anzupassen, daß sie mindestens den Betrag erreichen, der sich ergibt <DL Font="normal" Type="arabic"><DT>a)</DT><DD Font="normal"><LA Size="normal">bei Renten aus Versicherungsfällen nach dem 31. Dezember 1956 und bei Renten mit Leistungen oder Leistungsanteilen aus der knappschaftlichen Rentenversicherung, wenn sie nach § 2,</LA></DD> <DT>b)</DT><DD Font="normal"><LA Size="normal">bei den übrigen Renten aus Versicherungsfällen vor dem 1. Januar 1957, wenn sie nach § 3</LA></DD> </DL>angepaßt werden würden. Satz 1 gilt entsprechend für Renten nach Absatz 1, auf die § 5 Abs. 1 Satz 3 anzuwenden ist.</P></Content> </text></textdaten></norm>
<norm builddate="20130405125550" doknr="BJNR012570971BJNE001100314"><metadaten><jurabk>RAG 14</jurabk><enbez>§ 5</enbez></metadaten><textdaten><text format="XML"><Content><P>(1) Anpassungsbetrag ist in den Fällen des § 4 der Rentenzahlbetrag für Januar 1972 ohne Kinderzuschuß für jedes Kind und ohne Steigerungsbeträge aus Beiträgen der Höherversicherung. In der knappschaftlichen Rentenversicherung vermindert sich der Rentenzahlbetrag außerdem um den Leistungszuschlag und den nach § 75 Abs. 1 Satz 2 des Reichsknappschaftsgesetzes zu belassenden Betrag. Der sich nach den Sätzen 1 und 2 ergebende Betrag ist vor Anwendung von § 4 Abs. 1 bei Knappschaftsrenten wegen Berufsunfähigkeit nach § 53 Abs. 2 Satz 1 zweiter Halbsatz des Reichsknappschaftsgesetzes und bei nach § 69 Abs. 1 des Reichsknappschaftsgesetzes berechneten Hinterbliebenenrenten mit 0,9787, bei Knappschaftsrenten wegen Erwerbsunfähigkeit, bei Knappschaftsruhegeldern und bei nach § 69 Abs. 2 und 6 des Reichsknappschaftsgesetzes berechneten Hinterbliebenenrenten mit 0,9545 zu vervielfältigen; dies gilt entsprechend für Leistungsanteile aus der knappschaftlichen Rentenversicherung, nicht aber für in Renten der knappschaftlichen Rentenversicherung enthaltene Leistungsanteile aus den Rentenversicherungen der Arbeiter und der Angestellten. Ergibt sich bei erneuter Prüfung, daß die Rente unrichtig festgestellt, umgestellt oder nach Maßgabe des Ersten bis Dreizehnten Rentenanpassungsgesetzes angepaßt worden ist, so tritt an die Stelle des Rentenzahlbetrags im Sinne des Satzes 1 der Betrag, der sich nach erneuter Anwendung der Vorschriften über die Feststellung, Umstellung und Anpassung als Rentenzahlbetrag für Januar 1972 ergeben würde.</P><P>(2) In den Fällen, in denen für Januar 1972 keine Rente gezahlt worden ist oder sich der Zahlbetrag der Rente nach dem 31. Dezember 1971 ändert, tritt an die Stelle des Rentenzahlbetrags im Sinne des Absatzes 1 der Betrag, der für Januar 1972 zu zahlen gewesen wäre, wenn die Voraussetzungen für die Erfüllung des Anspruchs damals bestanden hätten.</P></Content> </text></textdaten></norm>
<norm builddate="20130405125550" doknr="BJNR012570971BJNE001200314"><metadaten><jurabk>RAG 14</jurabk><enbez>§ 6</enbez></metadaten><textdaten><text format="XML"><Content><P>(1) Bei Renten aus der Rentenversicherung der Arbeiter und der Rentenversicherung der Angestellten, die nach § 4 angepaßt werden, findet Artikel 2 § 34 des Arbeiterrentenversicherungs-Neuregelungsgesetzes oder Artikel 2 § 33 des Angestelltenversicherungs-Neuregelungsgesetzes unter Zugrundelegung der Werte nach § 3 Abs. 2 Anwendung.</P><P>(2) Versichertenrenten der knappschaftlichen Rentenversicherung ohne Kinderzuschuß und ohne Leistungszuschlag, die nach § 4 angepaßt werden, dürfen die für den Versicherten maßgebende Rentenbemessungsgrundlage nicht übersteigen. Satz 1 gilt bei Hinterbliebenenrenten mit der Maßgabe, daß an die Stelle der für den Versicherten maßgebenden Rentenbemessungsgrundlage bei den Renten nach den §§ 64, 65, 66 des Reichsknappschaftsgesetzes sechs Zehntel, bei Renten an Halbwaisen ein Zehntel und bei Renten an Vollwaisen ein Fünftel der für den Versicherten maßgebenden Rentenbemessungsgrundlage tritt.</P><P>(3) Versichertenrenten - ohne Kinderzuschuß und ohne Leistungszuschlag - sowie Hinterbliebenenrenten aus Versicherungsfällen nach dem 31. Dezember 1956, die mit einer Rente aus der gesetzlichen Unfallversicherung zusammentreffen und nach § 4 angepaßt werden, dürfen zusammen die in den §§ 1278, 1279 der Reichsversicherungsordnung, §§ 55, 56 des Angestelltenversicherungsgesetzes oder die in den §§ 75, 76 des Reichsknappschaftsgesetzes genannten Grenzbeträge, die bei einer Berechnung der Renten nach § 2 zu berücksichtigen sind, nicht überschreiten. Satz 1 gilt auch für Renten aus Versicherungsfällen vor dem 1. Januar 1957, wenn Leistungen oder Leistungsanteile aus der knappschaftlichen Rentenversicherung zu gewähren sind.</P><P>(4) Die übrigen Renten aus Versicherungsfällen vor dem 1. Januar 1957, die mit einer Rente aus der gesetzlichen Unfallversicherung zusammentreffen und nach § 4 angepaßt werden, dürfen zusammen die in den §§ 1278, 1279 der Reichsversicherungsordnung oder die in den §§ 55, 56 des Angestelltenversicherungsgesetzes genannten Grenzbeträge, die bei der Berechnung der Rente nach § 3 zu berücksichtigen sind, nicht überschreiten.</P></Content>   </text></textdaten></norm>
<norm builddate="20130405125550" doknr="BJNR012570971BJNE001300314"><metadaten><jurabk>RAG 14</jurabk><enbez>§ 7</enbez></metadaten><textdaten><text format="XML"><Content><P>Leistungen nach den §§ 27 und 28 des Sozialversicherungs-Angleichungsgesetzes Saar vom 15. Juni 1963 (Bundesgesetzbl. I S. 402) sind so anzupassen, daß sich ein Zahlbetrag ergibt, wie er sich bei Anwendung des Saarländischen Gesetzes Nr. 345 in der Fassung der Bekanntmachung vom 29. Juli 1953 (Amtsblatt des Saarlandes S. 520) und der Vorschriften dieses Gesetzes unter Zugrundelegung der bisherigen Versicherungszeiten ergeben würde.</P></Content></text></textdaten></norm>
<norm builddate="20130405125550" doknr="BJNR012570971BJNE001400314"><metadaten><jurabk>RAG 14</jurabk><enbez>§ 8</enbez></metadaten><textdaten><text format="XML"><Content><P>Die Vorschriften dieses Abschnitts gelten im Saarland unter Berücksichtigung der Fassung, in der die in den §§ 1 bis 7 aufgeführten Vorschriften im Saarland anzuwenden sind, und zwar auch für Renten, die nach Artikel 2 § 15 des Gesetzes Nr. 591 zur Einführung des Arbeiterrentenversicherungs-Neuregelungsgesetzes im Saarland vom 13. Juli 1957 (Amtsblatt des Saarlandes S. 779), Artikel 2 § 17 des Gesetzes Nr. 590 zur Einführung des Angestelltenversicherungs-Neuregelungsgesetzes im Saarland vom 13. Juli 1957 (Amtsblatt des Saarlandes S. 789) und Artikel 4 § 9 des Gesetzes Nr. 635 zur Einführung des Reichsknappschaftsgesetzes und des Knappschaftsrentenversicherungs-Neuregelungsgesetzes im Saarland vom 18. Juni 1958 (Amtsblatt des Saarlandes S. 1099) gewährt werden.</P></Content></text></textdaten></norm>
<norm builddate="20130405125550" doknr="BJNR012570971BJNG000200314"><metadaten><jurabk>RAG 14</jurabk><gliederungseinheit><gliederungskennzahl>020</gliederungskennzahl><gliederungsbez>Zweiter Abschnitt</gliederungsbez><gliederungstitel>Anpassung der Geldleistungen
und des Pflegegeldes aus der gesetzlichen Unfallversicherung</gliederungstitel></gliederungseinheit></metadaten><textdaten><text format="XML"><Content><P/></Content></text></textdaten></norm>
<norm builddate="20130405125550" doknr="BJNR012570971BJNE001500314"><metadaten><jurabk>RAG 14</jurabk><enbez>§ 9</enbez></metadaten><textdaten><text format="XML"><Content><P>(1) In der gesetzlichen Unfallversicherung werden aus Anlaß der Veränderungen der durchschnittlichen Bruttolohn- und -gehaltssumme zwischen den Kalenderjahren 1969 und 1970 die vom Jahresarbeitsverdienst abhängigen Geldleistungen für Unfälle, die im Jahre 1969 oder früher eingetreten sind, und das Pflegegeld für Bezugszeiten vom 1. Januar 1972 an nach Maßgabe der §§ 10 und 11 angepaßt.</P><P>(2) Absatz 1 gilt nicht, <BR/>soweit die Geldleistungen in der landwirtschaftlichen Unfallversicherung nach einem durchschnittlichen Jahresarbeitsverdienst berechnet sind, soweit die Geldleistungen auf Grund des § 12 Abs. 2 des Dreizehnten Rentenanpassungsgesetzes gewährt werden.</P><P>(3) Als Geldleistung im Sinne des Absatzes 1 gilt auch eine Leistung nach § 27 des Sozialversicherungs-Angleichungsgesetzes Saar vom 15. Juni 1963 (Bundesgesetzbl. I S. 402), die von einem Träger der gesetzlichen Unfallversicherung zu gewähren ist.</P><P>(4) In den Fällen der §§ 565, 566 der Reichsversicherungsordnung in der Fassung des Sechsten Gesetzes über Änderungen in der Unfallversicherung vom 9. März 1942 (Reichsgesetzbl. I S. 107) und in den Fällen des § 573 Abs. 1 und des § 577 der Reichsversicherungsordnung in der Fassung des Gesetzes zur Neuregelung des Rechts der gesetzlichen Unfallversicherung vom 30. April 1963 (Bundesgesetzbl. I S. 241) gilt als Unfalljahr das Jahr, für das der Jahresarbeitsverdienst zuletzt festgelegt worden ist.</P></Content>   </text></textdaten></norm>
<norm builddate="20130405125550" doknr="BJNR012570971BJNE001600314"><metadaten><jurabk>RAG 14</jurabk><enbez>§ 10</enbez></metadaten><textdaten><text format="XML"><Content><P>(1) Die Geldleistungen werden in der Weise angepaßt, daß sie nach einem mit 1,127 vervielfältigten Jahresarbeitsverdienst berechnet werden. Für die nach § 27 des Sozialversicherungs-Angleichungsgesetzes Saar vom 15. Juni 1963 (Bundesgesetzbl. I S. 402) zu gewährenden Geldleistungen gilt als Jahresarbeitsverdienst der Betrag, der ohne eine Kürzung nach § 9 des Saarländischen Gesetzes Nr. 345 in der Fassung der Bekanntmachung vom 29. Juli 1953 (Amtsblatt des Saarlandes S. 520) der Geldleistung zugrunde liegt.</P><P>(2) Das Pflegegeld wird in der Weise angepaßt, daß der für Januar 1972 zu zahlende Betrag mit 1,127 zu vervielfältigen ist.</P></Content> </text></textdaten></norm>
<norm builddate="20130405125550" doknr="BJNR012570971BJNE001700314"><metadaten><jurabk>RAG 14</jurabk><enbez>§ 11</enbez></metadaten><textdaten><text format="XML"><Content><P>Der vervielfältigte Jahresarbeitsverdienst darf den Betrag von 36.000 Deutsche Mark nicht übersteigen, es sei denn, daß gemäß § 575 Abs. 2 Satz 2 und 3 der Reichsversicherungsordnung ein höherer Betrag bestimmt worden ist. In diesem Falle tritt an die Stelle des Betrags von 36.000 Deutsche Mark der höhere Betrag.</P></Content></text></textdaten></norm>
<norm builddate="20130405125550" doknr="BJNR012570971BJNG000300314"><metadaten><jurabk>RAG 14</jurabk><gliederungseinheit><gliederungskennzahl>030</gliederungskennzahl><gliederungsbez>Dritter Abschnitt</gliederungsbez><gliederungstitel>Gemeinsame Vorschriften</gliederungstitel></gliederungseinheit></metadaten><textdaten><text format="XML"><Content><P/></Content></text></textdaten></norm>
<norm builddate="20130405125550" doknr="BJNR012570971BJNE001800314"><metadaten><jurabk>RAG 14</jurabk><enbez>§ 12</enbez></metadaten><textdaten><text format="XML"><Content><P>(1) Renten aus den Rentenversicherungen der Arbeiter und der Angestellten, die nach den §§ 2 und 3 anzupassen sind, Renten mit Leistungen oder Leistungsanteilen aus der knappschaftlichen Rentenversicherung, Renten nach <I>Artikel 2 § 42 des Arbeiterrentenversicherungs-Neuregelungsgesetzes und Artikel 2 § 41 des Angestelltenversicherungs-Neuregelungsgesetzes</I> und die in § 2 Abs. 2 genannten Renten, die mit einer Rente aus der gesetzlichen Unfallversicherung zusammentreffen, dürfen nach Anwendung der <I>§§ 1278, 1279 der Reichsversicherungsordnung, §§ 55, 56 des Angestelltenversicherungsgesetzes und §§ 75, 76 des Reichsknappschaftsgesetzes</I> zusammen mit der Rente aus der Unfallversicherung den Betrag nicht unterschreiten, der als Summe dieser Renten für Dezember 1963 gezahlt worden ist; Kinderzuschüsse und Kinderzulagen bleiben unberücksichtigt. <I>Satz 1 gilt auch in den Fällen des § 1282 Abs. 1 der Reichsversicherungsordnung, § 59 Abs. 1 des Angestelltenversicherungsgesetzes und § 79 Abs. 1 des Reichsknappschaftsgesetzes.</I> Ergibt in den übrigen Fällen die Anpassung nach dem Ersten Abschnitt keinen höheren als den bisherigen Zahlbetrag, so ist dieser weiterzuzahlen.</P><P>(2) Ist eine Geldleistung der gesetzlichen Unfallversicherung, die auf Grund der bisherigen gesetzlichen Vorschriften festgestellt worden ist oder hätte festgestellt werden müssen, höher, als sie bei der Anpassung nach dem Zweiten Abschnitt sein würde, so ist dem Berechtigten die höhere Leistung zu gewähren.</P></Content> </text><fussnoten><Content><P>§ 12 Kursivdruck: §§ 1278 bis 1286 RVO aufgeh. durch Art. 6 Nr. 24 G v. 18.12.1989 I 2261 mWv 1.1.1992</P></Content></fussnoten></textdaten></norm>
<norm builddate="20130405125550" doknr="BJNR012570971BJNE001900314"><metadaten><jurabk>RAG 14</jurabk><enbez>§ 13</enbez></metadaten><textdaten><text format="XML"><Content><P>(1) Soweit bei <BR/>den Leistungen der Kriegsopferfürsorge nach dem Bundesversorgungsgesetz und den Gesetzen, die das Bundesversorgungsgesetz für anwendbar erklären, <BR/>den Leistungen nach dem Bundesentschädigungsgesetz, dem Bundessozialhilfegesetz und dem Gesetz für Jugendwohlfahrt, <BR/>dem Wohngeld (Miet- und Lastenzuschüsse) nach dem Zweiten Wohngeldgesetz vom 14. Dezember 1970 (Bundesgesetzbl. I S. 1637) und <BR/>den Bundesbeihilfen zum Ausgleich von Härten im Rahmen der betrieblichen Altersfürsorge nach den Richtlinien vom 17. Oktober 1951 (Bundesanzeiger Nr. 204 vom 20. Oktober 1951) <BR/>die Gewährung oder die Höhe der Leistungen von anderem Einkommen abhängig ist, bleiben die Erhöhungsbeträge, die für die Monate Januar bis einschließlich Mai 1972 auf Grund der Vorschriften dieses Gesetzes zu leisten sind, für den genannten Zeitraum bei den Ermittlungen des Einkommens unberücksichtigt. Die Erhöhungsbeträge für den in Satz 1 genannten Zeitraum sind ferner bei der Gewährung von Übergangsgeld während der Durchführung von Maßnahmen zur Erhaltung, Besserung oder Wiederherstellung der Erwerbsfähigkeit durch einen Rentenversicherungsträger und bei der Gewährung von Leistungen aus der Arbeitslosenhilfe sowie der Altershilfe für Landwirte nicht zu berücksichtigen.</P><P>(2) Absatz 1 gilt im Saarland mit der Maßgabe, daß das Bundesentschädigungsgesetz unter Berücksichtigung der im Saarland geltenden Fassung anzuwenden ist.</P></Content> </text></textdaten></norm>
<norm builddate="20130405125550" doknr="BJNR012570971BJNE002000314"><metadaten><jurabk>RAG 14</jurabk><enbez>§ 14</enbez></metadaten><textdaten><text format="XML"><Content><P>(1) Jedem Rentenempfänger ist eine schriftliche Mitteilung über die Höhe seiner Rente, die ihm vom 1. Januar 1972 an zusteht, zu geben.</P><P>(2) Ergibt eine spätere Überprüfung, daß die Anpassung fehlerhaft ist, so ist sie zu berichtigen. Die Rente ist in ihrer bisherigen Höhe bis zum Ablauf des Monats zu gewähren, in dem der Berichtigungsbescheid zugestellt wird. Eine Rückforderung überzahlter Beträge findet nicht statt. Die Berichtigung ist nur bis zum 31. Dezember 1972 zulässig.</P><P>(3) <I>Die §§ 627 und 1300 der Reichsversicherungsordnung, § 79 des Angestelltenversicherungsgesetzes und § 93 Abs. 1 des Reichsknappschaftsgesetzes bleiben unberührt.</I></P></Content>  </text><fussnoten><Content><P>§ 14 Abs. 3 Kursivdruck: §§ 627 u. 1300 RVO aufgeh. durch Art. II § 4 Nr. 1, § 79 AVG aufgeh. durch Art. II § 6 Nr. 1 u. § 93 Abs. 1 RKG aufgeh. durch Art. II § 8 Nr. 1 G v. 18.8.1980 I 1469 mWv 1.1.1981</P></Content></fussnoten></textdaten></norm>
<norm builddate="20130405125550" doknr="BJNR012570971BJNG000400314"><metadaten><jurabk>RAG 14</jurabk><gliederungseinheit><gliederungskennzahl>040</gliederungskennzahl><gliederungsbez>Vierter Abschnitt</gliederungsbez></gliederungseinheit></metadaten><textdaten><text format="XML"><Content><P/></Content></text><fussnoten/></textdaten></norm>
<norm builddate="20130405125550" doknr="BJNR012570971BJNE002100314"><metadaten><jurabk>RAG 14</jurabk><enbez>§ 15</enbez></metadaten><textdaten><text format="XML"><Content><P>-</P></Content></text><fussnoten/></textdaten></norm>
<norm builddate="20130405125550" doknr="BJNR012570971BJNG000500314"><metadaten><jurabk>RAG 14</jurabk><gliederungseinheit><gliederungskennzahl>050</gliederungskennzahl><gliederungsbez>Fünfter Abschnitt</gliederungsbez><gliederungstitel>Schlußvorschriften</gliederungstitel></gliederungseinheit></metadaten><textdaten><text format="XML"><Content><P/></Content></text></textdaten></norm>
<norm builddate="20130405125550" doknr="BJNR012570971BJNE002200314"><metadaten><jurabk>RAG 14</jurabk><enbez>§ 16</enbez></metadaten><textdaten><text format="XML"><Content><P>Dieses Gesetz gilt nach Maßgabe des § 13 Abs. 1 des Dritten Überleitungsgesetzes vom 4. Januar 1952 (Bundesgesetzbl. I S. 1) auch im Land Berlin.</P></Content></text></textdaten></norm>
<norm builddate="20130405125550" doknr="BJNR012570971BJNE002300314"><metadaten><jurabk>RAG 14</jurabk><enbez>§ 17</enbez></metadaten><textdaten><text format="XML"><Content><P>Die Vorschrift des § 15 tritt mit Wirkung vom 1. Januar 1972, die übrigen Vorschriften treten am Tag nach der Verkündung in Kraft.</P></Content></text></textdaten></norm>
</dokumente>