<?xml version="1.0" encoding="UTF-8" ?><!DOCTYPE dokumente SYSTEM "http://www.gesetze-im-internet.de/dtd/1.01/gii-norm.dtd">
<dokumente builddate="20120625150326" doknr="BJNR135900010"><norm builddate="20120625150326" doknr="BJNR135900010"><metadaten><jurabk>GrÄndStVtrBB/SNBek</jurabk><ausfertigung-datum manuell="ja">2010-09-23</ausfertigung-datum><fundstelle typ="amtlich"><periodikum>BGBl I</periodikum><zitstelle>2010, 1359</zitstelle></fundstelle><langue>Bekanntmachung über den Abschluss und das Inkrafttreten des Staatsvertrages zwischen dem Land Brandenburg und dem Freistaat Sachsen über die Änderung der gemeinsamen Landesgrenze</langue></metadaten><textdaten><fussnoten><Content><P><BR/> <pre xml:space="preserve">(+++ Textnachweis ab: 8.10.2010 +++)<BR/><BR/></pre></P></Content></fussnoten></textdaten></norm>
<norm builddate="20120625150326" doknr="BJNR135900010BJNE000100000"><metadaten><jurabk>GrÄndStVtrBB/SNBek</jurabk><enbez>(XXXX)</enbez></metadaten><textdaten><text format="XML"><Content><P>Zwischen dem Land Brandenburg und dem Freistaat Sachsen wurde am 21. April/15. Mai 1998 ein Staatsvertrag über die Änderung der gemeinsamen Landesgrenze abgeschlossen. Diesem Vertrag haben der Landtag Brandenburg mit Gesetz vom 23. Oktober 1998 (Gesetz- und Verordnungsblatt für das Land Brandenburg, Teil I S. 206) und der Sächsische Landtag mit Gesetz vom 9. Dezember 1998 (Sächsisches Gesetz- und Verordnungsblatt, S. 635) zugestimmt.</P><P>Der Staatsvertrag ist nach seinem Artikel 7 Absatz 2 am 20. Januar 1999 in Kraft getreten (Bekanntmachung des Ministerpräsidenten des Landes Brandenburg vom 5. Februar 1999 – Gesetz- und Verordnungsblatt für das Land Brandenburg, Teil I S. 53; Bekanntmachung der Sächsischen Staatskanzlei vom 1. Februar 1999 – Sächsisches Gesetz- und Verordnungsblatt, S. 82).</P><P>Die in Artikel 1 Absatz 4 des Staatsvertrages genannten Kartenblätter wurden in den oben genannten Verkündungsblättern des Landes Brandenburg und des Freistaates Sachsen veröffentlicht und liegen in Brandenburg beim Landesvermessungsamt Brandenburg und in Sachsen beim Landesvermessungsamt Sachsen zur Einsicht bereit.</P><P>Gemäß § 2 Absatz 3 des Gesetzes über das Verfahren bei sonstigen Änderungen des Gebietsbestandes der Länder nach Artikel 29 Absatz 7 des Grundgesetzes vom 30. Juli 1979 (BGBl. I S. 1325) wird der dem Bundesministerium des Innern 2010 übermittelte Staatsvertrag nachstehend bekannt gemacht.</P></Content></text></textdaten></norm>
<norm builddate="20120625150326" doknr="BJNR135900010BJNE000200000"><metadaten><jurabk>GrÄndStVtrBB/SNBek</jurabk><enbez>Schlussformel</enbez></metadaten><textdaten><text format="XML"><Content><P><SP>Bundesministerium des Innern</SP></P></Content></text></textdaten></norm>
</dokumente>