<?xml version="1.0" encoding="UTF-8" ?><!DOCTYPE dokumente SYSTEM "http://www.gesetze-im-internet.de/dtd/1.01/gii-norm.dtd">
<dokumente builddate="20120625154156" doknr="BJNR212370990"><norm builddate="20120625154156" doknr="BJNR212370990"><metadaten><jurabk>RegGErkl/EinigVtr</jurabk><ausfertigung-datum manuell="ja">1990-06-15</ausfertigung-datum><fundstelle typ="amtlich"><periodikum>BGBl II</periodikum><zitstelle>1990, 1237</zitstelle></fundstelle><langue>Gemeinsame Erklärung der Regierungen der Bundesrepublik Deutschland und
der Deutschen Demokratischen Republik zur Regelung offener Vermögensfragen
(Anlage III des Vertrages zwischen der Bundesrepublik Deutschland und der
Deutschen Demokratischen Republik über die Herstellung der Einheit
Deutschlands - Einigungsvertrag)</langue></metadaten><textdaten><text format="decorated"/><fussnoten><Content><P>Text siehe: EinigVtr Anlage III</P></Content></fussnoten></textdaten></norm>
</dokumente>