<?xml version="1.0" encoding="UTF-8" ?><!DOCTYPE dokumente SYSTEM "http://www.gesetze-im-internet.de/dtd/1.01/gii-norm.dtd">
<dokumente builddate="20241110213001" doknr="BJNR186700005"><norm builddate="20241110213001" doknr="BJNR186700005"><metadaten><jurabk>BPolZollV</jurabk><amtabk>BPolZollV</amtabk><ausfertigung-datum manuell="ja">2005-06-24</ausfertigung-datum><fundstelle typ="amtlich"><periodikum>BGBl I</periodikum><zitstelle>2005, 1867</zitstelle></fundstelle><langue>Verordnung über die Übertragung von Bundespolizeiaufgaben auf die Zollverwaltung</langue><standangabe checked="ja"><standtyp>Stand</standtyp><standkommentar>Zuletzt geändert durch Art. 1 V v. 21.10.2024 I Nr. 319</standkommentar></standangabe></metadaten><textdaten><text format="XML"><Content><P/></Content></text><fussnoten><Content><P><BR/> <pre xml:space="preserve">(+++ Textnachweis ab: 1.7.2005 +++)<BR/><BR/></pre></P></Content></fussnoten></textdaten></norm>
<norm builddate="20241110213001" doknr="BJNR186700005BJNE000100000"><metadaten><jurabk>BPolZollV</jurabk><enbez>Eingangsformel</enbez></metadaten><textdaten><text format="XML"><Content><P>Auf Grund des § 68 Abs. 1 Satz 1 des Bundespolizeigesetzes vom 19. Oktober 1994 (BGBl. I S. 2978, 2979) verordnet das Bundesministerium des Innern im Einvernehmen mit dem Bundesministerium der Finanzen:</P></Content></text></textdaten></norm>
<norm builddate="20241110213001" doknr="BJNR186700005BJNE000200000"><metadaten><jurabk>BPolZollV</jurabk><enbez>§ 1</enbez></metadaten><textdaten><text format="XML"><Content><P>Unbeschadet der Aufgaben der Bundespolizei werden der Zollverwaltung die Aufgaben <DL Font="normal" Type="arabic"><DT>1.</DT><DD Font="normal"><LA Size="normal">der polizeilichen Überwachung der Grenzen (§ 2 Abs. 2 Nr. 1 des Bundespolizeigesetzes),</LA></DD> <DT>2.</DT><DD Font="normal"><LA Size="normal">der polizeilichen Kontrolle des grenzüberschreitenden Verkehrs (§ 2 Abs. 2 Nr. 2 des Bundespolizeigesetzes) an den in der Anlage aufgeführten Grenzübergangsstellen sowie außerhalb dieser Grenzübergangsstellen und</LA></DD> <DT>3.</DT><DD Font="normal"><LA Size="normal">der Beseitigung von Störungen und der Abwehr von Gefahren, die die Sicherheit der Grenzen beeinträchtigen (§ 2 Abs. 2 Nr. 3 des Bundespolizeigesetzes)</LA></DD> </DL>zur Ausübung übertragen.</P></Content></text></textdaten></norm>
<norm builddate="20241110213001" doknr="BJNR186700005BJNE000301377"><metadaten><jurabk>BPolZollV</jurabk><enbez>§ 2</enbez></metadaten><textdaten><text format="XML"><Content><P>Unbeschadet der Aufgaben der Bundespolizei werden der Zollverwaltung die Aufgaben <DL Font="normal" Type="arabic"><DT>1.</DT><DD Font="normal"><LA Size="normal">nach § 71 Abs. 3 Nr. 1 bis 1e, mit Ausnahme der Zurückschiebung und Abschiebungen an der Grenze sowie der Rückführung von Ausländern aus und in andere Staaten, nach § 71 Abs. 3 Nr. 2 bis 6 und nach § 71 Abs. 4 des Aufenthaltsgesetzes in der jeweils geltenden Fassung,</LA></DD><DT>2.</DT><DD Font="normal"><LA Size="normal">nach den §§ 10 und 19 Abs. 1 Satz 2 des Passgesetzes vom 19. April 1986 (BGBl. I S. 537) in der jeweils geltenden Fassung und</LA></DD><DT>3.</DT><DD Font="normal"><LA Size="normal">nach § 8 Nr. 1 Buchstabe b und Nr. 3 des Freizügigkeitsgesetzes/EU vom 30. Juli 2004 (BGBl. I S. 1950, 1986) in der jeweils geltenden Fassung</LA></DD></DL>zur Ausübung übertragen, soweit sie im Zusammenhang mit der Wahrnehmung der Aufgaben nach § 1 anfallen.</P></Content></text><fussnoten/></textdaten></norm>
<norm builddate="20241110213001" doknr="BJNR186700005BJNE000400000"><metadaten><jurabk>BPolZollV</jurabk><enbez>§ 3</enbez></metadaten><textdaten><text format="XML"><Content><P>Die Zollverwaltung führt nach Maßgabe des § 12 des Bundespolizeigesetzes die erforderlichen unaufschiebbaren Maßnahmen zur Verfolgung von Straftaten und Ordnungswidrigkeiten, die sie bei der Wahrnehmung der Aufgaben nach den §§ 1 und 2 feststellt, durch.</P></Content></text></textdaten></norm>
<norm builddate="20241110213001" doknr="BJNR186700005BJNE000500000"><metadaten><jurabk>BPolZollV</jurabk><enbez>§ 4</enbez></metadaten><textdaten><text format="XML"><Content><P>Die Bundespolizei und die Zollverwaltung unterrichten einander über alle nichtpersonenbezogenen Informationen, die für die Wahrnehmung ihrer Aufgaben von Bedeutung sind und erteilen einander die hierfür erforderlichen Auskünfte. Die §§ 32 und 33 des Bundespolizeigesetzes bleiben unberührt.</P></Content></text></textdaten></norm>
<norm builddate="20241110213001" doknr="BJNR186700005BJNE000600000"><metadaten><jurabk>BPolZollV</jurabk><enbez>§ 5</enbez></metadaten><textdaten><text format="XML"><Content><P>(1) Für die Ausübung der Aufgaben nach den §§ 1 bis 3 durch die Zollverwaltung gelten dieselben Rechts- und Verwaltungsvorschriften, die für die Ausübung der Aufgaben durch die Bundespolizei maßgebend sind. Insbesondere hat die Zollverwaltung die Befugnisse der Bundespolizei, die sich aus dem Zweiten Abschnitt (§§ 14 bis 50) des Bundespolizeigesetzes und aus dem Gesetz über den unmittelbaren Zwang bei Ausübung öffentlicher Gewalt durch Vollzugsbeamte des Bundes in der im Bundesgesetzblatt Teil III, Gliederungsnummer 201-5, veröffentlichten bereinigten Fassung, zuletzt geändert durch Artikel 23 der Verordnung vom 29. Oktober 2001 (BGBl. I S. 2785), in der jeweils geltenden Fassung ergeben.</P><P>(2) Die Zollverwaltung beachtet bei der Aufgabenwahrnehmung die im Rahmen der Fachaufsicht (§ 68 Satz 2 in Verbindung mit § 66 Abs. 2 Satz 3 des Bundespolizeigesetzes) erteilten Weisungen.</P></Content> </text></textdaten></norm>
<norm builddate="20241110213001" doknr="BJNR186700005BJNE000701311"><metadaten><jurabk>BPolZollV</jurabk><enbez>§ 6</enbez></metadaten><textdaten><text format="XML"><Content><P>Das Bundesministerium des Innern, für Bau und Heimat benennt dem Bundesministerium der Finanzen die Bundespolizeibehörden, die es mit der Ausübung der Fachaufsicht beauftragt hat. Das Bundesministerium des Innern, für Bau und Heimat und das Bundesministerium der Finanzen regeln einvernehmlich die Fachaufsicht durch die Bundespolizeibehörden.</P></Content></text><fussnoten/></textdaten></norm>
<norm builddate="20241110213001" doknr="BJNR186700005BJNE000800000"><metadaten><jurabk>BPolZollV</jurabk><enbez>§ 7</enbez></metadaten><textdaten><text format="XML"><Content><P>Diese Verordnung tritt am 1. Juli 2005 in Kraft.</P></Content></text></textdaten></norm>
<norm builddate="20241110213001" doknr="BJNR186700005BJNE000901377"><metadaten><jurabk>BPolZollV</jurabk><enbez>Anlage</enbez><titel format="XML">(zu § 1)</titel></metadaten><textdaten><text format="XML"><Content><P><ABWFORMAT typ="A"/><kommentar typ="Fundstelle">(Fundstelle des Originaltextes: BGBl. I 2005, 1868 - 1869;<BR/>bzgl. der einzelnen Änderungen vgl. Fußnote)</kommentar><BR/><table frame="none" tocentry="%yes;"><tgroup align="left" char="" charoff="50" cols="2" colsep="0" rowsep="0"><colspec colname="col1" colnum="1" colwidth="5*"/><colspec colname="col2" colnum="2" colwidth="80*"/><tbody valign="top"><row><entry VJ="1" align="left" colsep="0" valign="top"><B>1.</B></entry><entry VJ="1" align="left" colsep="0" valign="top"><B>Schleswig-Holstein</B></entry></row><row><entry VJ="1" align="left" colsep="0" valign="top"> </entry><entry VJ="1" align="left" colsep="0" valign="top">Niendorf</entry></row><row><entry VJ="1" align="left" colsep="0" valign="top"> </entry><entry VJ="1" align="left" colsep="0" valign="top">Neustadt</entry></row><row><entry VJ="1" align="left" colsep="0" valign="top"> </entry><entry VJ="1" align="left" colsep="0" valign="top">Grömitz</entry></row><row><entry VJ="1" align="left" colsep="0" valign="top"> </entry><entry VJ="1" align="left" colsep="0" valign="top">Heiligenhafen</entry></row><row><entry VJ="1" align="left" colsep="0" valign="top"> </entry><entry VJ="1" align="left" colsep="0" valign="top">Burgstaaken</entry></row><row><entry VJ="1" align="left" colsep="0" valign="top"> </entry><entry VJ="1" align="left" colsep="0" valign="top">Orth</entry></row><row><entry VJ="1" align="left" colsep="0" valign="top"> </entry><entry VJ="1" align="left" colsep="0" valign="top">Laboe</entry></row><row><entry VJ="1" align="left" colsep="0" valign="top"> </entry><entry VJ="1" align="left" colsep="0" valign="top">Möltenort/Heikendorf</entry></row><row><entry VJ="1" align="left" colsep="0" valign="top"> </entry><entry VJ="1" align="left" colsep="0" valign="top">Schilksee</entry></row><row><entry VJ="1" align="left" colsep="0" valign="top"> </entry><entry VJ="1" align="left" colsep="0" valign="top">Strande</entry></row><row><entry VJ="1" align="left" colsep="0" valign="top"> </entry><entry VJ="1" align="left" colsep="0" valign="top">Rendsburg</entry></row><row><entry VJ="1" align="left" colsep="0" valign="top"> </entry><entry VJ="1" align="left" colsep="0" valign="top">Eckernförde</entry></row><row><entry VJ="1" align="left" colsep="0" valign="top"> </entry><entry VJ="1" align="left" colsep="0" valign="top">Ostseebad Damp</entry></row><row><entry VJ="1" align="left" colsep="0" valign="top"> </entry><entry VJ="1" align="left" colsep="0" valign="top">Schleswig</entry></row><row><entry VJ="1" align="left" colsep="0" valign="top"> </entry><entry VJ="1" align="left" colsep="0" valign="top">Kappeln</entry></row><row><entry VJ="1" align="left" colsep="0" valign="top"> </entry><entry VJ="1" align="left" colsep="0" valign="top">Schleimünde</entry></row><row><entry VJ="1" align="left" colsep="0" valign="top"> </entry><entry VJ="1" align="left" colsep="0" valign="top">Maasholm</entry></row><row><entry VJ="1" align="left" colsep="0" valign="top"> </entry><entry VJ="1" align="left" colsep="0" valign="top">Gelting</entry></row><row><entry VJ="1" align="left" colsep="0" valign="top"> </entry><entry VJ="1" align="left" colsep="0" valign="top">Quern-Neukirchen</entry></row><row><entry VJ="1" align="left" colsep="0" valign="top"> </entry><entry VJ="1" align="left" colsep="0" valign="top">Langballigau</entry></row><row><entry VJ="1" align="left" colsep="0" valign="top"> </entry><entry VJ="1" align="left" colsep="0" valign="top">Glücksburg</entry></row><row><entry VJ="1" align="left" colsep="0" valign="top"> </entry><entry VJ="1" align="left" colsep="0" valign="top">Westerland/Sylt (Flugplatz)</entry></row><row><entry VJ="1" align="left" colsep="0" valign="top"> </entry><entry VJ="1" align="left" colsep="0" valign="top">List/Sylt</entry></row><row><entry VJ="1" align="left" colsep="0" valign="top"> </entry><entry VJ="1" align="left" colsep="0" valign="top">Hörnum/Sylt</entry></row><row><entry VJ="1" align="left" colsep="0" valign="top"> </entry><entry VJ="1" align="left" colsep="0" valign="top">Dagebüll</entry></row><row><entry VJ="1" align="left" colsep="0" valign="top"> </entry><entry VJ="1" align="left" colsep="0" valign="top">Wyk/Föhr</entry></row><row><entry VJ="1" align="left" colsep="0" valign="top"> </entry><entry VJ="1" align="left" colsep="0" valign="top">Wittdün/Amrum</entry></row><row><entry VJ="1" align="left" colsep="0" valign="top"> </entry><entry VJ="1" align="left" colsep="0" valign="top">Pellworm</entry></row><row><entry VJ="1" align="left" colsep="0" valign="top"> </entry><entry VJ="1" align="left" colsep="0" valign="top">Strucklahnungshörn/Nordstrand</entry></row><row><entry VJ="1" align="left" colsep="0" valign="top"> </entry><entry VJ="1" align="left" colsep="0" valign="top">Süderhafen/Nordstrand</entry></row><row><entry VJ="1" align="left" colsep="0" valign="top"> </entry><entry VJ="1" align="left" colsep="0" valign="top">Husum</entry></row><row><entry VJ="1" align="left" colsep="0" valign="top"> </entry><entry VJ="1" align="left" colsep="0" valign="top">Friedrichstadt</entry></row><row><entry VJ="1" align="left" colsep="0" valign="top"> </entry><entry VJ="1" align="left" colsep="0" valign="top">Tönning</entry></row><row><entry VJ="1" align="left" colsep="0" valign="top"> </entry><entry VJ="1" align="left" colsep="0" valign="top">Büsum</entry></row><row><entry VJ="1" align="left" colsep="0" valign="top"> </entry><entry VJ="1" align="left" colsep="0" valign="top">Meldorfer Hafen</entry></row><row><entry VJ="1" align="left" colsep="0" valign="top"> </entry><entry VJ="1" align="left" colsep="0" valign="top">Friedrichskoog</entry></row><row><entry VJ="1" align="left" colsep="0" valign="top"> </entry><entry VJ="1" align="left" colsep="0" valign="top">Helgoland</entry></row><row><entry VJ="1" align="left" colsep="0" valign="top"> </entry><entry VJ="1" align="left" colsep="0" valign="top">Helgoland-Düne (Flugplatz)</entry></row><row><entry VJ="1" align="left" colsep="0" valign="top"> </entry><entry VJ="1" align="left" colsep="0" valign="top">Itzehoe</entry></row><row><entry VJ="1" align="left" colsep="0" valign="top"> </entry><entry VJ="1" align="left" colsep="0" valign="top">Wewelsfleth</entry></row><row><entry VJ="1" align="left" colsep="0" valign="top"> </entry><entry VJ="1" align="left" colsep="0" valign="top">Glückstadt</entry></row><row><entry VJ="1" align="left" colsep="0" valign="top"> </entry><entry VJ="1" align="left" colsep="0" valign="top">Elmshorn</entry></row><row><entry VJ="1" align="left" colsep="0" valign="top"> </entry><entry VJ="1" align="left" colsep="0" valign="top">Uetersen</entry></row><row><entry VJ="1" align="left" colsep="0" valign="top"> </entry><entry VJ="1" align="left" colsep="0" valign="top">Wedel</entry></row><row><entry VJ="1" align="left" colsep="0" valign="top"><B>2.</B></entry><entry VJ="1" align="left" colsep="0" valign="top"><B>Hamburg</B></entry></row><row><entry VJ="1" align="left" colsep="0" valign="top"> </entry><entry VJ="1" align="left" colsep="0" valign="top">Hamburg-Neuenfelde</entry></row><row><entry VJ="1" align="left" colsep="0" valign="top"><B>3.</B></entry><entry VJ="1" align="left" colsep="0" valign="top"><B>Niedersachsen</B></entry></row><row><entry VJ="1" align="left" colsep="0" valign="top"> </entry><entry VJ="1" align="left" colsep="0" valign="top">Buxtehude</entry></row><row><entry VJ="1" align="left" colsep="0" valign="top"> </entry><entry VJ="1" align="left" colsep="0" valign="top">Stade</entry></row><row><entry VJ="1" align="left" colsep="0" valign="top"> </entry><entry VJ="1" align="left" colsep="0" valign="top">Stadersand</entry></row><row><entry VJ="1" align="left" colsep="0" valign="top"> </entry><entry VJ="1" align="left" colsep="0" valign="top">Bützflether Sand</entry></row><row><entry VJ="1" align="left" colsep="0" valign="top"> </entry><entry VJ="1" align="left" colsep="0" valign="top">Otterndorf</entry></row><row><entry VJ="1" align="left" colsep="0" valign="top"> </entry><entry VJ="1" align="left" colsep="0" valign="top">Lemwerder (Hafen)</entry></row><row><entry VJ="1" align="left" colsep="0" valign="top"> </entry><entry VJ="1" align="left" colsep="0" valign="top">Elsfleth</entry></row><row><entry VJ="1" align="left" colsep="0" valign="top"> </entry><entry VJ="1" align="left" colsep="0" valign="top">Brake</entry></row><row><entry VJ="1" align="left" colsep="0" valign="top"> </entry><entry VJ="1" align="left" colsep="0" valign="top">Großensiel</entry></row><row><entry VJ="1" align="left" colsep="0" valign="top"> </entry><entry VJ="1" align="left" colsep="0" valign="top">Nordenham</entry></row><row><entry VJ="1" align="left" colsep="0" valign="top"> </entry><entry VJ="1" align="left" colsep="0" valign="top">Fedderwardersiel</entry></row><row><entry VJ="1" align="left" colsep="0" valign="top"> </entry><entry VJ="1" align="left" colsep="0" valign="top">Eckwarderhörne</entry></row><row><entry VJ="1" align="left" colsep="0" valign="top"> </entry><entry VJ="1" align="left" colsep="0" valign="top">Varel</entry></row><row><entry VJ="1" align="left" colsep="0" valign="top"> </entry><entry VJ="1" align="left" colsep="0" valign="top">Wilhelmshaven</entry></row><row><entry VJ="1" align="left" colsep="0" valign="top"> </entry><entry VJ="1" align="left" colsep="0" valign="top">Hooksiel</entry></row><row><entry VJ="1" align="left" colsep="0" valign="top"> </entry><entry VJ="1" align="left" colsep="0" valign="top">Horumersiel</entry></row><row><entry VJ="1" align="left" colsep="0" valign="top"> </entry><entry VJ="1" align="left" colsep="0" valign="top">Carolinensiel (Harlesiel)</entry></row><row><entry VJ="1" align="left" colsep="0" valign="top"> </entry><entry VJ="1" align="left" colsep="0" valign="top">Neuharlingersiel</entry></row><row><entry VJ="1" align="left" colsep="0" valign="top"> </entry><entry VJ="1" align="left" colsep="0" valign="top">Bensersiel</entry></row><row><entry VJ="1" align="left" colsep="0" valign="top"> </entry><entry VJ="1" align="left" colsep="0" valign="top">Westeraccumersiel</entry></row><row><entry VJ="1" align="left" colsep="0" valign="top"> </entry><entry VJ="1" align="left" colsep="0" valign="top">Norddeich</entry></row><row><entry VJ="1" align="left" colsep="0" valign="top"> </entry><entry VJ="1" align="left" colsep="0" valign="top">Greetsiel</entry></row><row><entry VJ="1" align="left" colsep="0" valign="top"> </entry><entry VJ="1" align="left" colsep="0" valign="top">Wangerooge (Hafen)</entry></row><row><entry VJ="1" align="left" colsep="0" valign="top"> </entry><entry VJ="1" align="left" colsep="0" valign="top">Spiekeroog</entry></row><row><entry VJ="1" align="left" colsep="0" valign="top"> </entry><entry VJ="1" align="left" colsep="0" valign="top">Langeoog (Hafen)</entry></row><row><entry VJ="1" align="left" colsep="0" valign="top"> </entry><entry VJ="1" align="left" colsep="0" valign="top">Baltrum (Hafen)</entry></row><row><entry VJ="1" align="left" colsep="0" valign="top"> </entry><entry VJ="1" align="left" colsep="0" valign="top">Norderney (Hafen)</entry></row><row><entry VJ="1" align="left" colsep="0" valign="top"> </entry><entry VJ="1" align="left" colsep="0" valign="top">Juist (Hafen)</entry></row><row><entry VJ="1" align="left" colsep="0" valign="top"> </entry><entry VJ="1" align="left" colsep="0" valign="top">Borkum (Hafen)</entry></row><row><entry VJ="1" align="left" colsep="0" valign="top"> </entry><entry VJ="1" align="left" colsep="0" valign="top">Leer</entry></row><row><entry VJ="1" align="left" colsep="0" valign="top"> </entry><entry VJ="1" align="left" colsep="0" valign="top">Weener</entry></row><row><entry VJ="1" align="left" colsep="0" valign="top"> </entry><entry VJ="1" align="left" colsep="0" valign="top">Papenburg</entry></row><row><entry VJ="1" align="left" colsep="0" valign="top"> </entry><entry VJ="1" align="left" colsep="0" valign="top">Herbrum</entry></row><row><entry VJ="1" align="left" colsep="0" valign="top"><B>4.</B></entry><entry VJ="1" align="left" colsep="0" valign="top"><B>Baden-Württemberg</B></entry></row><row><entry VJ="1" align="left" colsep="0" valign="top"> </entry><entry VJ="1" align="left" colsep="0" valign="top">Weil-Rheinhafen</entry></row><row><entry VJ="1" align="left" colsep="0" valign="top"> </entry><entry VJ="1" align="left" colsep="0" valign="top">Weil-Schiffsanlegestelle</entry></row><row><entry VJ="1" align="left" colsep="0" valign="top"> </entry><entry VJ="1" align="left" colsep="0" valign="top">Weil-Friedlingen</entry></row><row><entry VJ="1" align="left" colsep="0" valign="top"> </entry><entry VJ="1" align="left" colsep="0" valign="top">Basel Bad. Rangierbahnhof in Weil am Rhein</entry></row><row><entry VJ="1" align="left" colsep="0" valign="top"> </entry><entry VJ="1" align="left" colsep="0" valign="top">Weil-Ost</entry></row><row><entry VJ="1" align="left" colsep="0" valign="top"> </entry><entry VJ="1" align="left" colsep="0" valign="top">Lörrach-Wiesenuferweg</entry></row><row><entry VJ="1" align="left" colsep="0" valign="top"> </entry><entry VJ="1" align="left" colsep="0" valign="top">Lörrach-Wiesentalbahn</entry></row><row><entry VJ="1" align="left" colsep="0" valign="top"> </entry><entry VJ="1" align="left" colsep="0" valign="top">Inzlingen</entry></row><row><entry VJ="1" align="left" colsep="0" valign="top"> </entry><entry VJ="1" align="left" colsep="0" valign="top">Grenzacherhorn</entry></row><row><entry VJ="1" align="left" colsep="0" valign="top"> </entry><entry VJ="1" align="left" colsep="0" valign="top">Grenzach (Fa. Hoffmann La Roche AG)</entry></row><row><entry VJ="1" align="left" colsep="0" valign="top"> </entry><entry VJ="1" align="left" colsep="0" valign="top">Grenzach (Fa. Geigy)</entry></row><row><entry VJ="1" align="left" colsep="0" valign="top"> </entry><entry VJ="1" align="left" colsep="0" valign="top">Wyhlen (Wyhlen GmbH)</entry></row><row><entry VJ="1" align="left" colsep="0" valign="top"> </entry><entry VJ="1" align="left" colsep="0" valign="top">Rheinfelden-Rheinhafen</entry></row><row><entry VJ="1" align="left" colsep="0" valign="top"> </entry><entry VJ="1" align="left" colsep="0" valign="top">Rheinfelden</entry></row><row><entry VJ="1" align="left" colsep="0" valign="top"> </entry><entry VJ="1" align="left" colsep="0" valign="top">Bad Säckingen (Alte Rheinbrücke)</entry></row><row><entry VJ="1" align="left" colsep="0" valign="top"> </entry><entry VJ="1" align="left" colsep="0" valign="top">Laufenburg</entry></row><row><entry VJ="1" align="left" colsep="0" valign="top"> </entry><entry VJ="1" align="left" colsep="0" valign="top">Laufenburg-Stadt</entry></row><row><entry VJ="1" align="left" colsep="0" valign="top"> </entry><entry VJ="1" align="left" colsep="0" valign="top">Albbruck</entry></row><row><entry VJ="1" align="left" colsep="0" valign="top"> </entry><entry VJ="1" align="left" colsep="0" valign="top">Dogern</entry></row><row><entry VJ="1" align="left" colsep="0" valign="top"> </entry><entry VJ="1" align="left" colsep="0" valign="top">Waldshut-Rheinfähre</entry></row><row><entry VJ="1" align="left" colsep="0" valign="top"> </entry><entry VJ="1" align="left" colsep="0" valign="top">Waldshut Bahnhof</entry></row><row><entry VJ="1" align="left" colsep="0" valign="top"> </entry><entry VJ="1" align="left" colsep="0" valign="top">Rheinheim</entry></row><row><entry VJ="1" align="left" colsep="0" valign="top"> </entry><entry VJ="1" align="left" colsep="0" valign="top">Reckingen</entry></row><row><entry VJ="1" align="left" colsep="0" valign="top"> </entry><entry VJ="1" align="left" colsep="0" valign="top">Rötteln</entry></row><row><entry VJ="1" align="left" colsep="0" valign="top"> </entry><entry VJ="1" align="left" colsep="0" valign="top">Herdern</entry></row><row><entry VJ="1" align="left" colsep="0" valign="top"> </entry><entry VJ="1" align="left" colsep="0" valign="top">Günzgen</entry></row><row><entry VJ="1" align="left" colsep="0" valign="top"> </entry><entry VJ="1" align="left" colsep="0" valign="top">Bühl</entry></row><row><entry VJ="1" align="left" colsep="0" valign="top"> </entry><entry VJ="1" align="left" colsep="0" valign="top">Dettighofen</entry></row><row><entry VJ="1" align="left" colsep="0" valign="top"> </entry><entry VJ="1" align="left" colsep="0" valign="top">Baltersweil</entry></row><row><entry VJ="1" align="left" colsep="0" valign="top"> </entry><entry VJ="1" align="left" colsep="0" valign="top">Lottstetten Bahnhof</entry></row><row><entry VJ="1" align="left" colsep="0" valign="top"> </entry><entry VJ="1" align="left" colsep="0" valign="top">Lottstetten-Dorf</entry></row><row><entry VJ="1" align="left" colsep="0" valign="top"> </entry><entry VJ="1" align="left" colsep="0" valign="top">Lottstetten</entry></row><row><entry VJ="1" align="left" colsep="0" valign="top"> </entry><entry VJ="1" align="left" colsep="0" valign="top">Nack</entry></row><row><entry VJ="1" align="left" colsep="0" valign="top"> </entry><entry VJ="1" align="left" colsep="0" valign="top">Altenburg-Rheinbrücke</entry></row><row><entry VJ="1" align="left" colsep="0" valign="top"> </entry><entry VJ="1" align="left" colsep="0" valign="top">Altenburg-Nohl</entry></row><row><entry VJ="1" align="left" colsep="0" valign="top"> </entry><entry VJ="1" align="left" colsep="0" valign="top">Altenburg-Rheinau Bahnhof</entry></row><row><entry VJ="1" align="left" colsep="0" valign="top"> </entry><entry VJ="1" align="left" colsep="0" valign="top">Jestetten-Hardt</entry></row><row><entry VJ="1" align="left" colsep="0" valign="top"> </entry><entry VJ="1" align="left" colsep="0" valign="top">Jestetten Bahnhof</entry></row><row><entry VJ="1" align="left" colsep="0" valign="top"> </entry><entry VJ="1" align="left" colsep="0" valign="top">Jestetten-Wangental</entry></row><row><entry VJ="1" align="left" colsep="0" valign="top"> </entry><entry VJ="1" align="left" colsep="0" valign="top">Weisweil</entry></row><row><entry VJ="1" align="left" colsep="0" valign="top"> </entry><entry VJ="1" align="left" colsep="0" valign="top">Erzingen</entry></row><row><entry VJ="1" align="left" colsep="0" valign="top"> </entry><entry VJ="1" align="left" colsep="0" valign="top">Erzingen Bahnhof</entry></row><row><entry VJ="1" align="left" colsep="0" valign="top"> </entry><entry VJ="1" align="left" colsep="0" valign="top">Eggingen</entry></row><row><entry VJ="1" align="left" colsep="0" valign="top"> </entry><entry VJ="1" align="left" colsep="0" valign="top">Eberfingen</entry></row><row><entry VJ="1" align="left" colsep="0" valign="top"> </entry><entry VJ="1" align="left" colsep="0" valign="top">Stühlingen</entry></row><row><entry VJ="1" align="left" colsep="0" valign="top"> </entry><entry VJ="1" align="left" colsep="0" valign="top">Fützen</entry></row><row><entry VJ="1" align="left" colsep="0" valign="top"> </entry><entry VJ="1" align="left" colsep="0" valign="top">Wiechs-Schlauch</entry></row><row><entry VJ="1" align="left" colsep="0" valign="top"> </entry><entry VJ="1" align="left" colsep="0" valign="top">Wiechs-Dorf</entry></row><row><entry VJ="1" align="left" colsep="0" valign="top"> </entry><entry VJ="1" align="left" colsep="0" valign="top">Büßlingen</entry></row><row><entry VJ="1" align="left" colsep="0" valign="top"> </entry><entry VJ="1" align="left" colsep="0" valign="top">Schlatt am Randen</entry></row><row><entry VJ="1" align="left" colsep="0" valign="top"> </entry><entry VJ="1" align="left" colsep="0" valign="top">Ebringen</entry></row><row><entry VJ="1" align="left" colsep="0" valign="top"> </entry><entry VJ="1" align="left" colsep="0" valign="top">Thayngen Bahnhof</entry></row><row><entry VJ="1" align="left" colsep="0" valign="top"> </entry><entry VJ="1" align="left" colsep="0" valign="top">Randegg</entry></row><row><entry VJ="1" align="left" colsep="0" valign="top"> </entry><entry VJ="1" align="left" colsep="0" valign="top">Gailingen-West</entry></row><row><entry VJ="1" align="left" colsep="0" valign="top"> </entry><entry VJ="1" align="left" colsep="0" valign="top">Gailingen-Brücke</entry></row><row><entry VJ="1" align="left" colsep="0" valign="top"> </entry><entry VJ="1" align="left" colsep="0" valign="top">Gailingen-Ost</entry></row><row><entry VJ="1" align="left" colsep="0" valign="top"> </entry><entry VJ="1" align="left" colsep="0" valign="top">Murbach</entry></row><row><entry VJ="1" align="left" colsep="0" valign="top"> </entry><entry VJ="1" align="left" colsep="0" valign="top">Gottmadingen</entry></row><row><entry VJ="1" align="left" colsep="0" valign="top"> </entry><entry VJ="1" align="left" colsep="0" valign="top">Gasthof &quot;Spießhof&quot; an der B 34</entry></row><row><entry VJ="1" align="left" colsep="0" valign="top"> </entry><entry VJ="1" align="left" colsep="0" valign="top">Rielasingen</entry></row><row><entry VJ="1" align="left" colsep="0" valign="top"> </entry><entry VJ="1" align="left" colsep="0" valign="top">Öhningen</entry></row><row><entry VJ="1" align="left" colsep="0" valign="top"> </entry><entry VJ="1" align="left" colsep="0" valign="top">Öhningen-Oberstaad</entry></row><row><entry VJ="1" align="left" colsep="0" valign="top"> </entry><entry VJ="1" align="left" colsep="0" valign="top">Wangen</entry></row><row><entry VJ="1" align="left" colsep="0" valign="top"> </entry><entry VJ="1" align="left" colsep="0" valign="top">Hemmenhofen</entry></row><row><entry VJ="1" align="left" colsep="0" valign="top"> </entry><entry VJ="1" align="left" colsep="0" valign="top">Gaienhofen</entry></row><row><entry VJ="1" align="left" colsep="0" valign="top"> </entry><entry VJ="1" align="left" colsep="0" valign="top">Radolfzell</entry></row><row><entry VJ="1" align="left" colsep="0" valign="top"> </entry><entry VJ="1" align="left" colsep="0" valign="top">Insel Reichenau</entry></row><row><entry VJ="1" align="left" colsep="0" valign="top"> </entry><entry VJ="1" align="left" colsep="0" valign="top">Konstanz-Paradieser Tor</entry></row><row><entry VJ="1" align="left" colsep="0" valign="top"> </entry><entry VJ="1" align="left" colsep="0" valign="top">Konstanz-Wiesenstraße</entry></row><row><entry VJ="1" align="left" colsep="0" valign="top"> </entry><entry VJ="1" align="left" colsep="0" valign="top">Konstanz-Klein Venedig</entry></row><row><entry VJ="1" align="left" colsep="0" valign="top"> </entry><entry VJ="1" align="left" colsep="0" valign="top">Konstanz-Schweizer Personen Bahnhof</entry></row><row><entry VJ="1" align="left" colsep="0" valign="top"> </entry><entry VJ="1" align="left" colsep="0" valign="top">Konstanz-Hafen</entry></row><row><entry VJ="1" align="left" colsep="0" valign="top"> </entry><entry VJ="1" align="left" colsep="0" valign="top">Mainau</entry></row><row><entry VJ="1" align="left" colsep="0" valign="top"> </entry><entry VJ="1" align="left" colsep="0" valign="top">Überlingen</entry></row><row><entry VJ="1" align="left" colsep="0" valign="top"> </entry><entry VJ="1" align="left" colsep="0" valign="top">Meersburg</entry></row><row><entry VJ="1" align="left" colsep="0" valign="top"> </entry><entry VJ="1" align="left" colsep="0" valign="top">Friedrichshafen-Hafen</entry></row><row><entry VJ="1" align="left" colsep="0" valign="top"> </entry><entry VJ="1" align="left" colsep="0" valign="top">Langenargen</entry></row></tbody></tgroup></table></P></Content></text><fussnoten/></textdaten></norm>
</dokumente>