<?xml version="1.0" encoding="UTF-8" ?><!DOCTYPE dokumente SYSTEM "http://www.gesetze-im-internet.de/dtd/1.01/gii-norm.dtd">
<dokumente builddate="20130405130828" doknr="BJNR090020999"><norm builddate="20130405130828" doknr="BJNR090020999"><metadaten><jurabk>SozSichAbkHUNG</jurabk><ausfertigung-datum manuell="ja">1999-10-04</ausfertigung-datum><fundstelle typ="amtlich"><periodikum>BGBl II</periodikum><zitstelle>1999, 900</zitstelle></fundstelle><langue>Gesetz zu dem Abkommen vom 2. Mai 1998 zwischen der
Bundesrepublik Deutschland und der Republik Ungarn
über Soziale Sicherheit</langue><standangabe checked="ja"><standtyp>Stand</standtyp><standkommentar>Geändert durch Art. 2 Nr. 13 G v. 27. 4.2002 I 1464</standkommentar></standangabe></metadaten><textdaten><fussnoten><Content><P><BR/> <pre xml:space="preserve">(+++ Textnachweis ab: 8.10.1999 +++)<BR/><BR/></pre></P></Content></fussnoten></textdaten></norm>
<norm builddate="20130405130828" doknr="BJNR090020999BJNE000100310"><metadaten><jurabk>SozSichAbkHUNG</jurabk><enbez>Eingangsformel</enbez></metadaten><textdaten><text format="XML"><Content><P>Der Bundestag hat mit Zustimmung des Bundesrates das folgende Gesetz beschlossen:</P></Content></text></textdaten></norm>
<norm builddate="20130405130828" doknr="BJNR090020999BJNE000200310"><metadaten><jurabk>SozSichAbkHUNG</jurabk><enbez>Art 1</enbez></metadaten><textdaten><text format="XML"><Content><P>Folgenden in Budapest am 2. Mai 1998 unterzeichneten zwischenstaatlichen Übereinkünften wird zugestimmt: <DL Font="normal" Type="arabic"><DT>1.</DT><DD Font="normal"><LA Size="normal">dem Abkommen zwischen der Bundesrepublik Deutschland und der Republik Ungarn über Soziale Sicherheit,</LA></DD> <DT>2.</DT><DD Font="normal"><LA Size="normal">der Vereinbarung zur Durchführung des Abkommens vom 2. Mai 1998 zwischen der Bundesrepublik Deutschland und der Republik Ungarn über Soziale Sicherheit.</LA></DD> </DL>Das Abkommen und die Durchführungsvereinbarung werden nachstehend veröffentlicht.</P></Content></text></textdaten></norm>
<norm builddate="20130405130828" doknr="BJNR090020999BJNE000301308"><metadaten><jurabk>SozSichAbkHUNG</jurabk><enbez>Art 2</enbez></metadaten><textdaten><text format="XML"><Content><P>(weggefallen)</P></Content></text><fussnoten/></textdaten></norm>
<norm builddate="20130405130828" doknr="BJNR090020999BJNE000400310"><metadaten><jurabk>SozSichAbkHUNG</jurabk><enbez>Art 3</enbez></metadaten><textdaten><text format="XML"><Content><P>Die Bundesregierung wird ermächtigt, durch Rechtsverordnung mit Zustimmung des Bundesrates Vereinbarungen zur Durchführung des Abkommens in Kraft zu setzen oder in Ermangelung solcher Vereinbarungen das Nähere zu regeln. Die Vereinbarungen können auch Änderungen der in Artikel 1 Nr. 2 genannten Durchführungsvereinbarung vorsehen. Dabei können zur Anwendung und Durchführung des Abkommens insbesondere über folgende Gegenstände Regelungen getroffen werden: <DL Font="normal" Type="arabic"><DT>1.</DT><DD Font="normal"><LA Size="normal">Aufklärungs-, Anzeige- und Mitteilungspflichten sowie das Bereitstellen von Beweismitteln zwischen den in Artikel 28 Abs. 1 des Abkommens genannten Stellen sowie zwischen diesen und den betroffenen Personen,</LA></DD> <DT>2.</DT><DD Font="normal"><LA Size="normal">das Ausstellen, die Vorlage und Übermittlung von Bescheinigungen sowie die Verwendung von Vordrucken,</LA></DD> <DT>3.</DT><DD Font="normal"><LA Size="normal">das Verfahren beim Erbringen von Geld- und Sachleistungen,</LA></DD> <DT>4.</DT><DD Font="normal"><LA Size="normal">die Zuständigkeit der Versicherungsträger oder anderer in Artikel 28 Abs. 1 des Abkommens genannter Stellen,</LA></DD> <DT>5.</DT><DD Font="normal"><LA Size="normal">die gegenseitige Umrechnung von Versicherungszeiten nach den Rechtsvorschriften beider Vertragsstaaten.</LA></DD> </DL></P></Content></text></textdaten></norm>
<norm builddate="20130405130828" doknr="BJNR090020999BJNE000500310"><metadaten><jurabk>SozSichAbkHUNG</jurabk><enbez>Art 4</enbez></metadaten><textdaten><text format="XML"><Content><P>(1) Dieses Gesetz tritt am Tage nach seiner Verkündung in Kraft.</P><P>(2) Die Tage, an denen das Abkommen nach seinem Artikel 42 Abs. 2 und die Vereinbarung zur Durchführung des Abkommens nach ihrem Artikel 13 Abs. 1 in Kraft treten, sind im Bundesgesetzblatt bekanntzugeben.</P></Content> </text></textdaten></norm>
</dokumente>