<?xml version="1.0" encoding="UTF-8" ?><!DOCTYPE dokumente SYSTEM "http://www.gesetze-im-internet.de/dtd/1.01/gii-norm.dtd">
<dokumente builddate="20251114215004" doknr="BJNR1100A0025"><norm builddate="20251114215004" doknr="BJNR1100A0025"><metadaten><jurabk>Münz20EuroBek 2025-11-06/1</jurabk><ausfertigung-datum manuell="ja">2025-11-06</ausfertigung-datum><fundstelle typ="amtlich"><periodikum>BGBl. I</periodikum><zitstelle>2025, Nr. 272</zitstelle></fundstelle><langue>Bekanntmachung über die Ausprägung von deutschen Euro-Gedenkmünzen im Nennwert von 20 Euro (Gedenkmünze „Elly Heuss-Knapp – 75 Jahre Müttergenesungswerk“)</langue></metadaten><textdaten><fussnoten><Content><P><BR/> <pre xml:space="preserve">(+++ Textnachweis ab: 14.11.2025 +++)<BR/><BR/></pre></P></Content></fussnoten></textdaten></norm>
<norm builddate="20251114215004" doknr="BJNR1100A0025BJNE000100000"><metadaten><jurabk>Münz20EuroBek 2025-11-06/1</jurabk><enbez>(XXXX)</enbez></metadaten><textdaten><text format="XML"><Content><P>Gemäß den §§ 2, 4 und 5 des Münzgesetzes vom 16. Dezember 1999 (BGBl. I S. 2402) hat die Bundesregierung beschlossen, zum Thema „Elly Heuss-Knapp – 75 Jahre Müttergenesungswerk“ eine deutsche Euro-Gedenkmünze im Nennwert von 20 Euro prägen zu lassen. Die Münze würdigt Elly Heuss-Knapp (25. Januar 1881 bis 19. Juli 1952) mit dem Müttergenesungswerk (1950). Diese Münze ist die zweite Ausgabe im Rahmen der mehrteiligen Serie „Prägende Frauen“, bei der im Zeitraum 2025 bis 2035 insgesamt zwölf Münzen erscheinen. Im Fokus der Serie steht die Würdigung weiblicher Lebensleistungen und Persönlichkeiten.</P><P>Die Prägung erfolgt durch die Staatlichen Münzen Baden-Württemberg, Prägestätte Stuttgart (Prägezeichen F).</P><P>Der Entwurf stammt von der Künstlerin Susanne Hopmann aus Weimar.</P><P>Die Bildseite zeigt ein Porträt von Elly Heuss-Knapp im Dreiviertelprofil, sensibel ausgeführt und detailliert modelliert. Elly Heuss-Knapp strahlt Offenheit, Empathie und Kraft aus. Im rechten unteren Segment ist das Logomotiv des Müttergenesungswerks und die Jubiläumszahl 75 zu sehen. Die Typografie orientiert sich in gekonnter Weise an Schrifttypen aus der Gründungszeit des Müttergenesungswerks.</P><P>Die Wertseite zeigt einen Adler, den Schriftzug „BUNDESREPUBLIK DEUTSCHLAND“, Wertziffer und Wertbezeichnung, das Prägezeichen „F“ der Staatlichen Münzen Baden-Württemberg, Prägestätte Stuttgart, die Jahreszahl 2025 sowie die zwölf Europasterne. Zusätzlich ist die Angabe „SILBER 925“ geprägt.</P><P>Der glatte Münzrand enthält in vertiefter Prägung die Inschrift:</P><P>„PIONIERIN • NETZWERKERIN • VISIONÄRIN •“.</P><P>Die Münze besteht aus einer Legierung von 925 Tausendteilen Silber und 75 Tausendteilen Kupfer, hat einen Durchmesser von 32,5 Millimetern und eine Masse von 18 Gramm. Das Gepräge auf beiden Seiten ist erhaben und wird von einem schützenden, glatten Randstab umgeben.</P></Content></text></textdaten></norm>
<norm builddate="20251114215004" doknr="BJNR1100A0025BJNE000200000"><metadaten><jurabk>Münz20EuroBek 2025-11-06/1</jurabk><enbez>Schlussformel</enbez></metadaten><textdaten><text format="XML"><Content><P><SP>Der Bundesminister der Finanzen</SP></P></Content></text></textdaten></norm>
<norm builddate="20251114215004" doknr="BJNR1100A0025BJNE000300000"><metadaten><jurabk>Münz20EuroBek 2025-11-06/1</jurabk><enbez>Anlage</enbez></metadaten><textdaten><text format="XML"><Content><P><noindex><kommentar typ="Fundstelle">(Fundstelle: BGBl. 2025 I Nr. 272, S. 2)</kommentar></noindex></P><table frame="none" pgwide="1" tocentry="%yes;"><tgroup align="left" char="" charoff="50" cols="2"><colspec colname="col1"/><colspec colname="col2"/><tbody valign="top"><row><entry VJ="1" align="center" colname="col1" colsep="0"><IMG Align="center" Height="875" Pos="inline" SRC="bgbl1_2025_j02720_0010.jpg" Type="jpg" Units="" Width="886" alt="Der Entwurf zeigt ein Porträt von Elly Heuss-Knapp im Dreiviertelprofil. Es stellt Elly Heuss-Knapp in ihrer Offenheit, Empathie und Kraft dar. Im rechten unteren Segment ist das Logomotiv des Müttergenesungswerks und die Jubiläumszahl 75 zu sehen. Die Typografie orientiert sich an Schrifttypen aus der Gründungszeit des Müttergenesungswerks."/></entry><entry VJ="1" align="center" colname="col2"><IMG Align="center" Height="880" Pos="inline" SRC="bgbl1_2025_j02720_0020.jpg" Type="jpg" Units="" Width="886" alt="Der zentral platzierte Adler ergänzt auf würdige Weise das Motiv. Neben dem Adler sind der Schriftzug „BUNDESREPUBLIK DEUTSCHLAND“, die Wertziffer und Wertbezeichnung, das Prägezeichen „F“ der Staatlichen Münzen Baden-Württemberg, Prägestätte Stuttgart, die Jahreszahl 2025 sowie die zwölf Europasterne zu sehen. Zusätzlich ist die Angabe „SILBER 925“ aufgeprägt."/></entry></row></tbody></tgroup></table></Content></text></textdaten></norm>
</dokumente>