<?xml version="1.0" encoding="UTF-8" ?><!DOCTYPE dokumente SYSTEM "http://www.gesetze-im-internet.de/dtd/1.01/gii-norm.dtd">
<dokumente builddate="20160223215535" doknr="BJNR015600016"><norm builddate="20160223215535" doknr="BJNR015600016"><metadaten><jurabk>WaStrLüheÜbgV</jurabk><ausfertigung-datum manuell="ja">2016-01-15</ausfertigung-datum><fundstelle typ="amtlich"><periodikum>BGBl I</periodikum><zitstelle>2016, 156</zitstelle></fundstelle><langue>Verordnung über den Übergang einer Teilstrecke der Bundeswasserstraße Lühe auf den Unterhaltungsverband Nummer 15 Aue, den Deichverband der I. Meile Altenlandes, den Deichverband der II. Meile Alten Landes und den Flecken Horneburg</langue></metadaten><textdaten><fussnoten><Content><P><BR/> <pre xml:space="preserve">(+++ Textnachweis ab: 5.2.2016 +++)<BR/><BR/></pre></P></Content></fussnoten></textdaten></norm>
<norm builddate="20160223215535" doknr="BJNR015600016BJNE000100000"><metadaten><jurabk>WaStrLüheÜbgV</jurabk><enbez>Eingangsformel</enbez></metadaten><textdaten><text format="XML"><Content><P>Auf Grund des § 2 Absatz 1 Satz 2 in Verbindung mit Absatz 2 des Bundeswasserstraßengesetzes in der Fassung der Bekanntmachung vom 23. Mai 2007 (BGBl. I S. 962; 2008 I S. 1980), von denen § 2 Absatz 1 Satz 2 zuletzt durch Artikel 522 Nummer 1 der Verordnung vom 31. August 2015 (BGBl. I S. 1474) geändert worden ist, verordnet das Bundesministerium für Verkehr und digitale Infrastruktur im Einvernehmen mit dem Bundesministerium der Finanzen:</P></Content></text></textdaten></norm>
<norm builddate="20160223215535" doknr="BJNR015600016BJNE000200000"><metadaten><jurabk>WaStrLüheÜbgV</jurabk><enbez>§ 1</enbez></metadaten><textdaten><text format="XML"><Content><P>Die Teilstrecke der Bundeswasserstraße Lühe vom Unterwasser der Au-Mühle (Lühe-km 0,00) bis zur Nordkante der Marschdammbrücke (Lühe-km 0,26) in Horneburg verliert die Eigenschaft einer dem allgemeinen Verkehr dienenden Binnenwasserstraße des Bundes und geht auf den Unterhaltungsverband Nummer 15 Aue, den Deichverband der I. Meile Altenlandes, den Deichverband der II. Meile Alten Landes und den Flecken Horneburg über.</P></Content></text></textdaten></norm>
<norm builddate="20160223215535" doknr="BJNR015600016BJNE000300000"><metadaten><jurabk>WaStrLüheÜbgV</jurabk><enbez>§ 2</enbez></metadaten><textdaten><text format="XML"><Content><P/></Content></text><fussnoten/></textdaten></norm>
<norm builddate="20160223215535" doknr="BJNR015600016BJNE000400000"><metadaten><jurabk>WaStrLüheÜbgV</jurabk><enbez>§ 3</enbez></metadaten><textdaten><text format="XML"><Content><P>Diese Verordnung tritt am Tag nach der Verkündung in Kraft.</P></Content></text></textdaten></norm>
</dokumente>