<?xml version="1.0" encoding="UTF-8" ?><!DOCTYPE dokumente SYSTEM "http://www.gesetze-im-internet.de/dtd/1.01/gii-norm.dtd">
<dokumente builddate="20120625152235" doknr="BJNR209260985"><norm builddate="20120625152235" doknr="BJNR209260985"><metadaten><jurabk>VtrRKonvG</jurabk><ausfertigung-datum manuell="ja">1985-08-03</ausfertigung-datum><fundstelle typ="amtlich"><periodikum>BGBl II</periodikum><zitstelle>1985, 926</zitstelle></fundstelle><langue>Gesetz zu dem Wiener Übereinkommen vom 23. Mai 1969 über das Recht der Verträge</langue></metadaten><textdaten><text format="decorated"/></textdaten></norm>
</dokumente>