<?xml version="1.0" encoding="UTF-8" ?><!DOCTYPE dokumente SYSTEM "http://www.gesetze-im-internet.de/dtd/1.01/gii-norm.dtd">
<dokumente builddate="20241024214006" doknr="BJNR10E0A0024"><norm builddate="20241024214006" doknr="BJNR10E0A0024"><metadaten><jurabk>GntDLSVVDV</jurabk><amtabk>GntDLSVVDV</amtabk><ausfertigung-datum manuell="ja">2024-08-22</ausfertigung-datum><fundstelle typ="amtlich"><periodikum>BGBl. I</periodikum><zitstelle>2024, Nr. 270</zitstelle></fundstelle><langue>Verordnung über den Vorbereitungsdienst für den gehobenen nichttechnischen Dienst des Bundes in der Landwirtschaftlichen Sozialversicherung</langue></metadaten><textdaten><fussnoten><Content><P><BR/> <pre xml:space="preserve">(+++ Textnachweis ab: 1.10.2023 +++)<BR/> <BR/>(+++ Zur Anwendung vgl. §§ 13, 16 +++)</pre></P></Content></fussnoten></textdaten></norm>
<norm builddate="20241024214006" doknr="BJNR10E0A0024BJNE000100000"><metadaten><jurabk>GntDLSVVDV</jurabk><enbez>Eingangsformel</enbez></metadaten><textdaten><text format="XML"><Content><P>Auf Grund des § 26 Absatz 2 des Bundesbeamtengesetzes, der durch Artikel 1 Nummer 9 des Gesetzes vom 28. Juni 2021 (BGBl. I S. 2250) neu gefasst worden ist, in Verbindung mit § 10 Absatz 1 und 2, § 10a Absatz 8 sowie Anlage 2 Nummer 17 der Bundeslaufbahnverordnung vom 12. Februar 2009 (BGBl. I S. 284), von denen § 10 Absatz 1 durch Artikel 1 Nummer 2 der Verordnung vom 20. Februar 2013 (BGBl. I S. 316) neu gefasst worden ist, § 10a Absatz 8 durch Artikel 1 Nummer 7 Buchstabe d der Verordnung vom 16. August 2021 (BGBl. I S. 3582) geändert worden ist und Anlage 2 Nummer 17 durch Artikel 1 Nummer 2 Buchstabe c der Verordnung vom 27. Januar 2023 (BGBl. 2023 I Nr. 30) eingefügt worden ist, verordnet der Vorstand der Sozialversicherung für Landwirtschaft, Forsten und Gartenbau:</P></Content></text></textdaten></norm>
<norm builddate="20241024214006" doknr="BJNR10E0A0024BJNE000201000"><metadaten><jurabk>GntDLSVVDV</jurabk><enbez>Inhaltsübersicht</enbez></metadaten><textdaten><text format="XML"><Content><TOC><Ident Class="S5">Abschnitt 1</Ident><P/><Title Align="auto" Class="S5">Allgemeines</Title><P/><table colsep="0" frame="none" pgwide="1" rowsep="0" tocentry="%yes;"><tgroup align="left" char="" charoff="50" cols="2"><colspec colname="col1" colwidth="10*"/><colspec colname="col2" colwidth="155*"/><tbody valign="top"><row><entry VJ="1" colname="col1">§ 1</entry><entry VJ="1" colname="col2">Studium</entry></row><row><entry VJ="1" colname="col1">§ 2</entry><entry VJ="1" colname="col2">Ziel des Studiums</entry></row><row><entry VJ="1" colname="col1">§ 3</entry><entry VJ="1" colname="col2">Dienstbehörde</entry></row><row><entry VJ="1" colname="col1">§ 4</entry><entry VJ="1" colname="col2">Ausbildungsstandorte; Ausbildungsverantwortliche</entry></row><row><entry VJ="1" colname="col1">§ 5</entry><entry VJ="1" colname="col2">Dienstaufsicht</entry></row><row><entry VJ="1" colname="col1">§ 6</entry><entry VJ="1" colname="col2">Erholungsurlaub</entry></row><row><entry VJ="1" colname="col1">§ 7</entry><entry VJ="1" colname="col2">Nachteilsausgleich</entry></row></tbody></tgroup></table><P/><Ident Class="S5">Abschnitt 2</Ident><P/><Title Align="auto" Class="S5">Auswahlverfahren</Title><P/><table colsep="0" frame="none" pgwide="1" rowsep="0" tocentry="%yes;"><tgroup align="left" char="" charoff="50" cols="2"><colspec colname="col1" colwidth="10*"/><colspec colname="col2" colwidth="155*"/><tbody valign="top"><row><entry VJ="1" colname="col1">§ 8</entry><entry VJ="1" colname="col2">Zweck des Auswahlverfahrens</entry></row><row><entry VJ="1" colname="col1">§ 9</entry><entry VJ="1" colname="col2">Zulassung zum Auswahlverfahren</entry></row><row><entry VJ="1" colname="col1">§ 10</entry><entry VJ="1" colname="col2">Auswahlkommission</entry></row><row><entry VJ="1" colname="col1">§ 11</entry><entry VJ="1" colname="col2">Teile des Auswahlverfahrens</entry></row><row><entry VJ="1" colname="col1">§ 12</entry><entry VJ="1" colname="col2">Festlegungen zum Auswahlverfahren</entry></row><row><entry VJ="1" colname="col1">§ 13</entry><entry VJ="1" colname="col2">Schriftlicher Teil des Auswahlverfahrens</entry></row><row><entry VJ="1" colname="col1">§ 14</entry><entry VJ="1" colname="col2">Zulassung zum mündlichen Teil des Auswahlverfahrens</entry></row><row><entry VJ="1" colname="col1">§ 15</entry><entry VJ="1" colname="col2">Mündlicher Teil des Auswahlverfahrens</entry></row><row><entry VJ="1" colname="col1">§ 16</entry><entry VJ="1" colname="col2">Gesamtergebnis und Rangfolge</entry></row><row><entry VJ="1" colname="col1">§ 17</entry><entry VJ="1" colname="col2">Ausnahmeregelung zur Rangfolge</entry></row><row><entry VJ="1" colname="col1">§ 18</entry><entry VJ="1" colname="col2">Täuschung</entry></row><row><entry VJ="1" colname="col1">§ 19</entry><entry VJ="1" colname="col2">Einstellung und gesundheitliche Eignung</entry></row></tbody></tgroup></table><P/><Ident Class="S5">Abschnitt 3</Ident><P/><Title Align="auto" Class="S5">Studienordnung</Title><P/><table colsep="0" frame="none" pgwide="1" rowsep="0" tocentry="%yes;"><tgroup align="left" char="" charoff="50" cols="2"><colspec colname="col1" colwidth="10*"/><colspec colname="col2" colwidth="155*"/><tbody valign="top"><row><entry VJ="1" colname="col1">§ 20</entry><entry VJ="1" colname="col2">Dauer und Gliederung des Studiums</entry></row><row><entry VJ="1" colname="col1">§ 21</entry><entry VJ="1" colname="col2">Studienplan</entry></row><row><entry VJ="1" colname="col1">§ 22</entry><entry VJ="1" colname="col2">Studieninhalte</entry></row><row><entry VJ="1" colname="col1">§ 23</entry><entry VJ="1" colname="col2">Fachstudien</entry></row><row><entry VJ="1" colname="col1">§ 24</entry><entry VJ="1" colname="col2">Praxisintegrierende Studienphasen</entry></row><row><entry VJ="1" colname="col1">§ 25</entry><entry VJ="1" colname="col2">Durchführung der Praktika</entry></row><row><entry VJ="1" colname="col1">§ 26</entry><entry VJ="1" colname="col2">Ausbilderinnen und Ausbilder</entry></row><row><entry VJ="1" colname="col1">§ 27</entry><entry VJ="1" colname="col2">Praxisbezogene Lehrveranstaltungen</entry></row></tbody></tgroup></table><P/><Ident Class="S5">Abschnitt 4</Ident><P/><Title Align="auto" Class="S5">Laufbahnprüfung</Title><P/><Ident Class="S5">Unterabschnitt 1</Ident><P/><Title Align="auto" Class="S5">Allgemeine Bestimmungen</Title><P/><table colsep="0" frame="none" pgwide="1" rowsep="0" tocentry="%yes;"><tgroup align="left" char="" charoff="50" cols="2"><colspec colname="col1" colwidth="10*"/><colspec colname="col2" colwidth="155*"/><tbody valign="top"><row><entry VJ="1" colname="col1">§ 28</entry><entry VJ="1" colname="col2">Laufbahnprüfung</entry></row><row><entry VJ="1" colname="col1">§ 29</entry><entry VJ="1" colname="col2">Organisation und Durchführung</entry></row><row><entry VJ="1" colname="col1">§ 30</entry><entry VJ="1" colname="col2">Bewertung</entry></row><row><entry VJ="1" colname="col1">§ 31</entry><entry VJ="1" colname="col2">Prüferinnen und Prüfer</entry></row><row><entry VJ="1" colname="col1">§ 32</entry><entry VJ="1" colname="col2">Prüfungskommission</entry></row><row><entry VJ="1" colname="col1">§ 33</entry><entry VJ="1" colname="col2">Durchführung von Prüfungsleistungen</entry></row><row><entry VJ="1" colname="col1">§ 34</entry><entry VJ="1" colname="col2">Termine von Prüfungsleistungen</entry></row><row><entry VJ="1" colname="col1">§ 35</entry><entry VJ="1" colname="col2">Verhinderung bei Prüfungsleistungen und Teilen von Prüfungsleistungen</entry></row><row><entry VJ="1" colname="col1">§ 36</entry><entry VJ="1" colname="col2">Täuschung und Ordnungsverstoß</entry></row><row><entry VJ="1" colname="col1">§ 37</entry><entry VJ="1" colname="col2">Anerkennung von Studienleistungen und Prüfungsleistungen</entry></row></tbody></tgroup></table><P/><Ident Class="S5">Unterabschnitt 2</Ident><P/><Title Align="auto" Class="S5">Leistungsnachweise und Praktikumsbewertungen</Title><P/><table colsep="0" frame="none" pgwide="1" rowsep="0" tocentry="%yes;"><tgroup align="left" char="" charoff="50" cols="2"><colspec colname="col1" colwidth="10*"/><colspec colname="col2" colwidth="155*"/><tbody valign="top"><row><entry VJ="1" colname="col1">§ 38</entry><entry VJ="1" colname="col2">Leistungsnachweise</entry></row><row><entry VJ="1" colname="col1">§ 39</entry><entry VJ="1" colname="col2">Praktikumsbewertungen</entry></row></tbody></tgroup></table><P/><Ident Class="S5">Unterabschnitt 3</Ident><P/><Title Align="auto" Class="S5">Zwischenprüfung</Title><P/><table colsep="0" frame="none" pgwide="1" rowsep="0" tocentry="%yes;"><tgroup align="left" char="" charoff="50" cols="2"><colspec colname="col1" colwidth="10*"/><colspec colname="col2" colwidth="155*"/><tbody valign="top"><row><entry VJ="1" colname="col1">§ 40</entry><entry VJ="1" colname="col2">Zeitpunkt und Inhalt der Zwischenprüfung</entry></row><row><entry VJ="1" colname="col1">§ 41</entry><entry VJ="1" colname="col2">Zusammensetzung der Prüfungskommission</entry></row><row><entry VJ="1" colname="col1">§ 42</entry><entry VJ="1" colname="col2">Ergebnis der Zwischenprüfung</entry></row></tbody></tgroup></table><P/><Ident Class="S5">Unterabschnitt 4</Ident><P/><Title Align="auto" Class="S5">Abschlussprüfung</Title><P/><table colsep="0" frame="none" pgwide="1" rowsep="0" tocentry="%yes;"><tgroup align="left" char="" charoff="50" cols="2"><colspec colname="col1" colwidth="10*"/><colspec colname="col2" colwidth="155*"/><tbody valign="top"><row><entry VJ="1" colname="col1">§ 43</entry><entry VJ="1" colname="col2">Ziel und Inhalt der Abschlussprüfung</entry></row><row><entry VJ="1" colname="col1">§ 44</entry><entry VJ="1" colname="col2">Zusammensetzung der Prüfungskommission</entry></row><row><entry VJ="1" colname="col1">§ 45</entry><entry VJ="1" colname="col2">Schriftlicher Teil</entry></row><row><entry VJ="1" colname="col1">§ 46</entry><entry VJ="1" colname="col2">Zulassung zum mündlichen Teil</entry></row><row><entry VJ="1" colname="col1">§ 47</entry><entry VJ="1" colname="col2">Mündlicher Teil</entry></row><row><entry VJ="1" colname="col1">§ 48</entry><entry VJ="1" colname="col2">Wiederholung</entry></row></tbody></tgroup></table><P/><Ident Class="S5">Unterabschnitt 5</Ident><P/><Title Align="auto" Class="S5">Abschluss und Prüfungsakte</Title><P/><table colsep="0" frame="none" pgwide="1" rowsep="0" tocentry="%yes;"><tgroup align="left" char="" charoff="50" cols="2"><colspec colname="col1" colwidth="10*"/><colspec colname="col2" colwidth="155*"/><tbody valign="top"><row><entry VJ="1" colname="col1">§ 49</entry><entry VJ="1" colname="col2">Abschlussnote und Bestehen der Laufbahnprüfung</entry></row><row><entry VJ="1" colname="col1">§ 50</entry><entry VJ="1" colname="col2">Abschlusszeugnis</entry></row><row><entry VJ="1" colname="col1">§ 51</entry><entry VJ="1" colname="col2">Prüfungsakten; Einsichtnahme</entry></row></tbody></tgroup></table><P/><Ident Class="S5">Abschnitt 5</Ident><P/><Title Align="auto" Class="S5">Übergangs- und Schlussvorschriften</Title><P/><table colsep="0" frame="none" pgwide="1" rowsep="0" tocentry="%yes;"><tgroup align="left" char="" charoff="50" cols="2"><colspec colname="col1" colwidth="10*"/><colspec colname="col2" colwidth="155*"/><tbody valign="top"><row><entry VJ="1" colname="col1">§ 52</entry><entry VJ="1" colname="col2">Übergangsvorschriften</entry></row><row><entry VJ="1" colname="col1">§ 53</entry><entry VJ="1" colname="col2">Inkrafttreten</entry></row></tbody></tgroup></table></TOC></Content></text></textdaten></norm>
<norm builddate="20241024214006" doknr="BJNR10E0A0024BJNG000100000"><metadaten><jurabk>GntDLSVVDV</jurabk><gliederungseinheit><gliederungskennzahl>010</gliederungskennzahl><gliederungsbez>Abschnitt 1</gliederungsbez><gliederungstitel>Allgemeines</gliederungstitel></gliederungseinheit></metadaten><textdaten/></norm>
<norm builddate="20241024214006" doknr="BJNR10E0A0024BJNE000300000"><metadaten><jurabk>GntDLSVVDV</jurabk><enbez>§ 1</enbez><titel format="XML">Studium</titel></metadaten><textdaten><text format="XML"><Content><P>(1) Das duale Studium zur Diplom-Verwaltungswirtin und zum Diplom-Verwaltungswirt am Fachbereich Landwirtschaftliche Sozialversicherung der Hochschule des Bundes für öffentliche Verwaltung stellt den Vorbereitungsdienst für den gehobenen nichttechnischen Dienst des Bundes in der Landwirtschaftlichen Sozialversicherung dar.</P><P>(2) Studienbeginn ist der 1. Oktober jedes Jahres.</P></Content></text></textdaten></norm>
<norm builddate="20241024214006" doknr="BJNR10E0A0024BJNE000400000"><metadaten><jurabk>GntDLSVVDV</jurabk><enbez>§ 2</enbez><titel format="XML">Ziel des Studiums</titel></metadaten><textdaten><text format="XML"><Content><P>Das Studium vermittelt den Studierenden die wissenschaftlichen Erkenntnisse und Methoden und die berufspraktischen Fähigkeiten, Kenntnisse und Fertigkeiten, die zur Erfüllung selbständiger und eigenverantwortlicher Wahrnehmung gehobener Funktionen in der landwirtschaftlichen Sozialversicherung befähigen.</P></Content></text></textdaten></norm>
<norm builddate="20241024214006" doknr="BJNR10E0A0024BJNE000500000"><metadaten><jurabk>GntDLSVVDV</jurabk><enbez>§ 3</enbez><titel format="XML">Dienstbehörde</titel></metadaten><textdaten><text format="XML"><Content><P>(1) Dienstbehörde ist die Sozialversicherung für Landwirtschaft, Forsten und Gartenbau.</P><P>(2) Die Dienstbehörde ist für alle beamtenrechtlichen Entscheidungen zuständig.</P></Content></text></textdaten></norm>
<norm builddate="20241024214006" doknr="BJNR10E0A0024BJNE000600000"><metadaten><jurabk>GntDLSVVDV</jurabk><enbez>§ 4</enbez><titel format="XML">Ausbildungsstandorte; Ausbildungsverantwortliche</titel></metadaten><textdaten><text format="XML"><Content><P>(1) Ausbildungsstandorte können alle Standorte der Dienstbehörde sein.</P><P>(2) Für jeden Ausbildungsstandort wird durch die Dienstbehörde eine Ausbildungsverantwortliche oder ein Ausbildungsverantwortlicher bestellt und eine Person, die sie oder ihn vertritt. Die oder der Ausbildungsverantwortliche hat eine sorgfältige Ausbildung sicherzustellen, leitet und überwacht die Ausbildung am Standort und berät die Studierenden in Fragen des Studiums.</P></Content></text></textdaten></norm>
<norm builddate="20241024214006" doknr="BJNR10E0A0024BJNE000700000"><metadaten><jurabk>GntDLSVVDV</jurabk><enbez>§ 5</enbez><titel format="XML">Dienstaufsicht</titel></metadaten><textdaten><text format="XML"><Content><P>(1) Dienstvorgesetzte oder Dienstvorgesetzter der Studierenden ist die Leiterin oder der Leiter der Dienstbehörde.</P><P>(2) Daneben unterstehen die Studierenden während der Fachstudien der Dienstaufsicht der Dekanin oder des Dekans des Fachbereichs Landwirtschaftliche Sozialversicherung.</P></Content></text></textdaten></norm>
<norm builddate="20241024214006" doknr="BJNR10E0A0024BJNE000800000"><metadaten><jurabk>GntDLSVVDV</jurabk><enbez>§ 6</enbez><titel format="XML">Erholungsurlaub</titel></metadaten><textdaten><text format="XML"><Content><P>Erholungsurlaub ist in der Regel während der praxisintegrierenden Studienphasen zu nehmen.</P></Content></text></textdaten></norm>
<norm builddate="20241024214006" doknr="BJNR10E0A0024BJNE000900000"><metadaten><jurabk>GntDLSVVDV</jurabk><enbez>§ 7</enbez><titel format="XML">Nachteilsausgleich</titel></metadaten><textdaten><text format="XML"><Content><P>(1) Schwerbehinderten, diesen gleichgestellte Menschen mit Behinderungen und Menschen mit Beeinträchtigungen, die die Umsetzung der nachzuweisenden Kenntnisse einschränken, wird auf Antrag im Auswahlverfahren und für die Teilnahme an Leistungsnachweisen und Prüfungen angemessener Nachteilsausgleich gewährt. Auf die Möglichkeit des Nachteilsausgleichs ist vor dem Auswahlverfahren durch die Dienstbehörde und vor jedem Leistungsnachweis und jeder Prüfung durch das Prüfungsamt des Fachbereichs Landwirtschaftliche Sozialversicherung hinzuweisen. Die inhaltlichen Anforderungen des Auswahlverfahrens und der Prüfungen bleiben von Erleichterungen unberührt.</P><P>(2) Über die Gewährung von Nachteilsausgleichen entscheidet <DL Type="arabic"><DT>1.</DT><DD Font="normal"><LA>im Auswahlverfahren die Dienstbehörde und</LA></DD><DT>2.</DT><DD Font="normal"><LA>bei Leistungsnachweisen und Prüfungen das Prüfungsamt des Fachbereichs Landwirtschaftliche Sozialversicherung.</LA></DD></DL></P><P>(3) Gewährter Nachteilsausgleich ist aktenkundig zu machen.</P></Content></text></textdaten></norm>
<norm builddate="20241024214006" doknr="BJNR10E0A0024BJNG000201000"><metadaten><jurabk>GntDLSVVDV</jurabk><gliederungseinheit><gliederungskennzahl>020</gliederungskennzahl><gliederungsbez>Abschnitt 2</gliederungsbez><gliederungstitel>Auswahlverfahren</gliederungstitel></gliederungseinheit></metadaten><textdaten/></norm>
<norm builddate="20241024214006" doknr="BJNR10E0A0024BJNE001001000"><metadaten><jurabk>GntDLSVVDV</jurabk><enbez>§ 8</enbez><titel format="XML">Zweck des Auswahlverfahrens</titel></metadaten><textdaten><text format="XML"><Content><P>(1) Auf Grundlage eines Auswahlverfahrens entscheidet die Dienstbehörde über die Einstellung in den Vorbereitungsdienst.</P><P>(2) In dem Auswahlverfahren wird festgestellt, ob die Bewerberinnen und Bewerber für den Vorbereitungsdienst geeignet und befähigt sind. Hinsichtlich ihrer Kenntnisse, Fähigkeiten und persönlichen Eigenschaften soll insbesondere festgestellt werden, ob die Bewerberinnen und Bewerber über Folgendes verfügen: <DL Type="arabic"><DT>1.</DT><DD Font="normal"><LA>die erforderlichen kognitiven Kompetenzen,</LA></DD><DT>2.</DT><DD Font="normal"><LA>die erforderlichen sozialen Kompetenzen,</LA></DD><DT>3.</DT><DD Font="normal"><LA>die erforderliche Leistungsmotivation,</LA></DD><DT>4.</DT><DD Font="normal"><LA>die erforderliche Kommunikationsfähigkeit und</LA></DD><DT>5.</DT><DD Font="normal"><LA>das erforderliche Allgemeinwissen.</LA></DD></DL></P></Content></text></textdaten></norm>
<norm builddate="20241024214006" doknr="BJNR10E0A0024BJNE001100000"><metadaten><jurabk>GntDLSVVDV</jurabk><enbez>§ 9</enbez><titel format="XML">Zulassung zum Auswahlverfahren</titel></metadaten><textdaten><text format="XML"><Content><P>(1) Zum Auswahlverfahren wird von der Dienstbehörde zugelassen, wer nach den eingereichten Unterlagen die in der Ausschreibung bestimmten Voraussetzungen erfüllt.</P><P>(2) Innerhalb eines Bewerbungszeitraums ist nur eine einmalige Teilnahme am jeweiligen Auswahlverfahren zulässig. Eine weitere Teilnahme wird als Täuschung nach § 18 gewertet und führt automatisch zu einem Ausschluss aus sämtlichen Auswahlverfahren dieses Bewerbungszeitraums.</P><P>(3) Übersteigt die Zahl der nach Absatz 1 geeigneten Bewerberinnen und Bewerber das Dreifache der Zahl der Studienplätze, die der Dienstbehörde zur Verfügung stehen, so kann die Zahl der am Auswahlverfahren Teilnehmenden beschränkt werden. Jedoch sind mindestens dreimal so viele Bewerberinnen und Bewerber zuzulassen, wie Studienplätze zur Verfügung stehen. Ist die Zahl der Teilnehmenden beschränkt, wird zum Auswahlverfahren zugelassen, wer nach den Bewerbungsunterlagen am besten geeignet erscheint. Insbesondere wird dabei nach den Zeugnisnoten entschieden.</P><P>(4) Schwerbehinderte Bewerberinnen und Bewerber und diesen gleichgestellte Bewerberinnen und Bewerber mit Behinderungen sind unabhängig von einer Beschränkung der Zahl der Teilnehmenden zum Auswahlverfahren zugelassen.</P><P>(5) Wer nicht zum Auswahlverfahren zugelassen wird, erhält eine schriftliche oder elektronische Mitteilung über die Ablehnung. Die Bewerbungsunterlagen sind auf Wunsch zurückzusenden, ansonsten spätestens ein Jahr nach der Ablehnung zu vernichten. Elektronisch übermittelte Bewerbungsunterlagen sind innerhalb der Frist zu löschen.</P></Content></text></textdaten></norm>
<norm builddate="20241024214006" doknr="BJNR10E0A0024BJNE001200000"><metadaten><jurabk>GntDLSVVDV</jurabk><enbez>§ 10</enbez><titel format="XML">Auswahlkommission</titel></metadaten><textdaten><text format="XML"><Content><P>(1) Für die Durchführung des Auswahlverfahrens richtet die Dienstbehörde eine Auswahlkommission ein. Bei Bedarf kann sie mehrere Auswahlkommissionen einrichten. Die Dienstbehörde stellt sicher, dass in allen Auswahlkommissionen einheitliche Bewertungs- und Auswahlmaßstäbe angelegt werden.</P><P>(2) Eine Auswahlkommission besteht aus <DL Type="arabic"><DT>1.</DT><DD Font="normal"><LA>einer oder einem Angehörigen des höheren oder gehobenen Dienstes als Vorsitzender oder Vorsitzendem und</LA></DD><DT>2.</DT><DD Font="normal"><LA>mindestens einer oder einem Angehörigen des höheren oder gehobenen Dienstes als Beisitzerin oder Beisitzer.</LA></DD></DL>In begründeten Fällen kann eine Tarifbeschäftigte oder ein Tarifbeschäftigter je Auswahlkommission als Beisitzerin oder Beisitzer bestellt werden, wenn sie oder er eine mit den Personen nach Satz 1 Nummer 2 vergleichbare Qualifikation vorweist.</P><P>(3) Die Dienstbehörde bestellt die Mitglieder der Auswahlkommission und eine ausreichende Zahl von Vertreterinnen oder Vertretern in der Regel für die Dauer von einem Jahr. Wiederbestellung ist zulässig.</P><P>(4) Eine Auswahlkommission soll geschlechterparitätisch besetzt sein. Ist eine geschlechterparitätische Besetzung aus gewichtigen Gründen nicht möglich, sind diese Gründe aktenkundig zu machen.</P><P>(5) Die Mitglieder der Auswahlkommission sind bei ihren Entscheidungen unabhängig und nicht weisungsgebunden.</P><P>(6) Die Auswahlkommission ist beschlussfähig, wenn mindestens die oder der Vorsitzende und eine Beisitzerin oder ein Beisitzer anwesend sind oder vertreten werden.</P><P>(7) Die Auswahlkommission entscheidet mit Stimmenmehrheit. Stimmenthaltung ist nicht zulässig. Bei Stimmengleichheit gibt die Stimme der oder des Vorsitzenden den Ausschlag.</P></Content></text></textdaten></norm>
<norm builddate="20241024214006" doknr="BJNR10E0A0024BJNE001300000"><metadaten><jurabk>GntDLSVVDV</jurabk><enbez>§ 11</enbez><titel format="XML">Teile des Auswahlverfahrens</titel></metadaten><textdaten><text format="XML"><Content><P>Das Auswahlverfahren besteht aus einem schriftlichen und einem mündlichen Teil.</P></Content></text></textdaten></norm>
<norm builddate="20241024214006" doknr="BJNR10E0A0024BJNE001400000"><metadaten><jurabk>GntDLSVVDV</jurabk><enbez>§ 12</enbez><titel format="XML">Festlegungen zum Auswahlverfahren</titel></metadaten><textdaten><text format="XML"><Content><P>(1) Die Dienstbehörde legt bundeseinheitlich fest: <DL Type="arabic"><DT>1.</DT><DD Font="normal"><LA>die Inhalte der Teile des Auswahlverfahrens,</LA></DD><DT>2.</DT><DD Font="normal"><LA>den Ablauf des Auswahlverfahrens und die Dauer der einzelnen Teile,</LA></DD><DT>3.</DT><DD Font="normal"><LA>falls der schriftliche Teil aus mehreren Auswahlinstrumenten besteht: ob von der Möglichkeit Gebrauch gemacht wird, Bewerberinnen und Bewerber, die den Leistungstest nach § 13 Absatz 2 nicht bestehen, von der weiteren Teilnahme am Auswahlverfahren auszuschließen,</LA></DD><DT>4.</DT><DD Font="normal"><LA>die Bewertungs- und Gewichtungssystematik und</LA></DD><DT>5.</DT><DD Font="normal"><LA>die für das Bestehen erforderlichen Mindestpunktzahlen.</LA></DD></DL></P><P>(2) Die Festlegung erfolgt vor dem Beginn des Auswahlverfahrens oder vor jedem Teil des Auswahlverfahrens.</P><P>(3) Die Dienstbehörde kann die Bewertungssystematik im laufenden Auswahlverfahren bundeseinheitlich für jeden Teil des Auswahlverfahrens ändern.</P></Content></text></textdaten></norm>
<norm builddate="20241024214006" doknr="BJNR10E0A0024BJNE001500000"><metadaten><jurabk>GntDLSVVDV</jurabk><enbez>§ 13</enbez><titel format="XML">Schriftlicher Teil des Auswahlverfahrens</titel></metadaten><textdaten><text format="XML"><Content><P>(1) Im schriftlichen Teil des Auswahlverfahrens können folgende Kompetenzbereiche geprüft werden: <DL Type="arabic"><DT>1.</DT><DD Font="normal"><LA>kognitive Kompetenzen,</LA></DD><DT>2.</DT><DD Font="normal"><LA>Kommunikationsfähigkeit,</LA></DD><DT>3.</DT><DD Font="normal"><LA>Allgemeinwissen und</LA></DD><DT>4.</DT><DD Font="normal"><LA>Persönlichkeitseigenschaften.</LA></DD></DL></P><P>(2) Der schriftliche Teil des Auswahlverfahrens besteht mindestens aus einem Leistungstest und kann weitere Auswahlinstrumente umfassen. Die Bearbeitungszeit für den Leistungstest beträgt höchstens vier Zeitstunden.</P><P>(3) Zusätzlich zum Leistungstest können weitere Auswahlinstrumente angewendet werden, jedoch höchstens zwei der folgenden: <DL Type="arabic"><DT>1.</DT><DD Font="normal"><LA>ein weiterer Test zur Erfassung von Leistungsmerkmalen,</LA></DD><DT>2.</DT><DD Font="normal"><LA>ein Persönlichkeitstest und</LA></DD><DT>3.</DT><DD Font="normal"><LA>Simulationsaufgaben.</LA></DD></DL></P><P>(4) Falls im schriftlichen Teil neben dem Leistungstest nach Absatz 2 weitere Auswahlinstrumente angewendet werden, kann von der weiteren Teilnahme am Auswahlverfahren ausgeschlossen werden, wer in diesem Leistungstest nicht die jeweils erforderliche Mindestpunktzahl erreicht hat. Dies gilt nicht für schwerbehinderte Bewerberinnen und Bewerber und diesen gleichgestellten Bewerberinnen und Bewerber mit Behinderungen.</P><P>(5) Der schriftliche Teil des Auswahlverfahrens ist bestanden, wenn in allen Auswahlinstrumenten die festgelegten Mindestpunktzahlen erreicht werden.</P><P>(6) Anhand der erzielten Ergebnisse wird eine Rangfolge der Bewerberinnen und Bewerber festgelegt, die den schriftlichen Teil des Auswahlverfahrens bestanden haben. Sind mehrere Auswahlkommissionen eingerichtet, wird eine gemeinsame Rangfolge aller Bewerberinnen und Bewerber gebildet.</P></Content></text><fussnoten><Content><P>(+++ § 13 Abs. 6: Zur Geltung vgl. § 16 Abs. 3 +++)</P></Content></fussnoten></textdaten></norm>
<norm builddate="20241024214006" doknr="BJNR10E0A0024BJNE001600000"><metadaten><jurabk>GntDLSVVDV</jurabk><enbez>§ 14</enbez><titel format="XML">Zulassung zum mündlichen Teil des Auswahlverfahrens</titel></metadaten><textdaten><text format="XML"><Content><P>(1) Zum mündlichen Teil des Auswahlverfahrens wird zugelassen, wer den schriftlichen Teil des Auswahlverfahrens bestanden hat.</P><P>(2) Übersteigt die Zahl der Bewerberinnen und Bewerber, die den schriftlichen Teil des Auswahlverfahrens bestanden haben, die Zahl der Studienplätze, die der Dienstbehörde zur Verfügung stehen, um mehr als das Doppelte, so kann die Zahl der Teilnehmerinnen und Teilnehmer am mündlichen Teil des Auswahlverfahrens beschränkt werden. Es sind jedoch mindestens doppelt so viele Bewerberinnen und Bewerber zuzulassen, wie Studienplätze zur Verfügung stehen. Ist die Zahl der Teilnehmerinnen und Teilnehmer beschränkt, wird zum mündlichen Teil des Auswahlverfahrens zugelassen, wer nach der Rangfolge, die anhand der im schriftlichen Teil erzielten Ergebnisse festgelegt worden ist, am besten geeignet ist.</P><P>(3) Schwerbehinderte Bewerberinnen und Bewerber und diesen gleichgestellte Bewerberinnen und Bewerber mit Behinderungen, die am schriftlichen Teil des Auswahlverfahrens teilgenommen haben, werden immer zum mündlichen Teil zugelassen. Ihnen ist im mündlichen Teil Gelegenheit zu geben, die Auswahlkommission von ihrer Eignung zu überzeugen, soweit die Eignung im schriftlichen Teil des Auswahlverfahrens noch nicht festgestellt werden konnte.</P></Content></text></textdaten></norm>
<norm builddate="20241024214006" doknr="BJNR10E0A0024BJNE001700000"><metadaten><jurabk>GntDLSVVDV</jurabk><enbez>§ 15</enbez><titel format="XML">Mündlicher Teil des Auswahlverfahrens</titel></metadaten><textdaten><text format="XML"><Content><P>(1) Der mündliche Teil des Auswahlverfahrens dient dazu, die Eignung der Bewerberinnen und Bewerber in verschiedenen persönlichen und sozialen Kompetenzbereichen zu ermitteln.</P><P>(2) Der mündliche Teil besteht aus einem strukturierten Interview.</P><P>(3) Für die Durchführung des mündlichen Teils des Auswahlverfahrens kann Videokonferenztechnik genutzt werden, wenn dafür geeignete technische Einrichtungen zur Verfügung stehen.</P><P>(4) Am mündlichen Teil des Auswahlverfahrens können die Gleichstellungsbeauftragte, ein Mitglied der Personalvertretung und gegebenenfalls die Schwerbehindertenvertretung teilnehmen.</P><P>(5) Am Ende jedes Auswahlverfahrens führt die jeweilige Auswahlkommission eine Beratung über die Bewertungen durch. Die Gleichstellungsbeauftragte kann an der Beratung teilnehmen. Dem Mitglied der Personalvertretung und gegebenenfalls der Schwerbehindertenvertretung ist vor Beginn der Beratung Gelegenheit zur Stellungnahme zu geben.</P><P>(6) Der mündliche Teil des Auswahlverfahrens ist bestanden, wenn im strukturierten Interview die festgelegte Mindestpunktzahl erreicht worden ist.</P></Content></text></textdaten></norm>
<norm builddate="20241024214006" doknr="BJNR10E0A0024BJNE001800000"><metadaten><jurabk>GntDLSVVDV</jurabk><enbez>§ 16</enbez><titel format="XML">Gesamtergebnis und Rangfolge</titel></metadaten><textdaten><text format="XML"><Content><P>(1) Die Auswahlkommission ermittelt für jede Bewerberin und jeden Bewerber, die oder der den mündlichen Teil des Auswahlverfahrens bestanden hat, das Gesamtergebnis des Auswahlverfahrens.</P><P>(2) In das Gesamtergebnis geht das Ergebnis des schriftlichen Teils mit 20 Prozent und das Ergebnis des mündlichen Teils mit 80 Prozent ein.</P><P>(3) Anhand des Gesamtergebnisses bildet die Dienstbehörde eine Rangfolge der Bewerberinnen und Bewerber. § 13 Absatz 6 Satz 2 gilt entsprechend. Die festgelegte Rangfolge ist für die Einstellung maßgebend.</P><P>(4) Wer erfolglos am Auswahlverfahren teilgenommen hat, erhält eine schriftliche oder elektronische Mitteilung über die Ablehnung. Die Bewerbungsunterlagen sind spätestens ein Jahr nach Mitteilung der Ablehnung zu vernichten. Elektronisch übermittelte Bewerbungsunterlagen sind innerhalb der Frist zu löschen.</P></Content></text><fussnoten><Content><P>(+++ § 16 Abs. 4: Zur Geltung vgl. § 19 Abs. 3 +++)</P></Content></fussnoten></textdaten></norm>
<norm builddate="20241024214006" doknr="BJNR10E0A0024BJNE001900000"><metadaten><jurabk>GntDLSVVDV</jurabk><enbez>§ 17</enbez><titel format="XML">Ausnahmeregelung zur Rangfolge</titel></metadaten><textdaten><text format="XML"><Content><P>(1) Schwerbehinderte Bewerberinnen und Bewerber und diesen gleichgestellte Bewerberinnen und Bewerber mit Behinderungen, die den schriftlichen Teil des Auswahlverfahrens nicht bestanden haben, werden abweichend von § 16 Absatz 3 nur in die Rangfolge aufgenommen, wenn <DL Type="arabic"><DT>1.</DT><DD Font="normal"><LA>das Gesamtergebnis des Auswahlverfahrens die Gesamtmindestpunktzahl erreicht und</LA></DD><DT>2.</DT><DD Font="normal"><LA>die Auswahlkommission festgestellt hat, dass sie von der Eignung der Bewerberin oder des Bewerbers überzeugt ist.</LA></DD></DL>Die Gesamtmindestpunktzahl ermittelt sich aus der Summe der Mindestpunktzahlen für das Bestehen des schriftlichen Teils des Auswahlverfahrens multipliziert mit 20 Prozent und der Mindestpunktzahl für das Bestehen des mündlichen Teils des Auswahlverfahrens multipliziert mit 80 Prozent.</P><P>(2) Wer nach Absatz 1 in der Rangfolge aufgenommen wird, jedoch einen Platz jenseits der festgelegten Grenze der maximalen Teilnehmerzahl belegt, hat erfolglos am Auswahlverfahren teilgenommen.</P></Content></text></textdaten></norm>
<norm builddate="20241024214006" doknr="BJNR10E0A0024BJNE002000000"><metadaten><jurabk>GntDLSVVDV</jurabk><enbez>§ 18</enbez><titel format="XML">Täuschung</titel></metadaten><textdaten><text format="XML"><Content><P>(1) Wer im Auswahlverfahren täuscht, eine Täuschung versucht oder an einer Täuschung oder einem Täuschungsversuch mitwirkt, wird vom Auswahlverfahren ausgeschlossen.</P><P>(2) Vor einer Entscheidung sind die Betroffenen anzuhören.</P></Content></text></textdaten></norm>
<norm builddate="20241024214006" doknr="BJNR10E0A0024BJNE002100000"><metadaten><jurabk>GntDLSVVDV</jurabk><enbez>§ 19</enbez><titel format="XML">Einstellung und gesundheitliche Eignung</titel></metadaten><textdaten><text format="XML"><Content><P>(1) In den Vorbereitungsdienst kann eingestellt werden, wer <DL Type="arabic"><DT>1.</DT><DD Font="normal"><LA>erfolgreich am Auswahlverfahren teilgenommen hat,</LA></DD><DT>2.</DT><DD Font="normal"><LA>die nach dem Anforderungsprofil der Stellenausschreibung erforderlichen Unterlagen und Nachweise rechtzeitig vorgelegt hat und</LA></DD><DT>3.</DT><DD Font="normal"><LA>die gesundheitlichen Anforderungen an den Dienst in der landwirtschaftlichen Sozialversicherung erfüllt.</LA></DD></DL></P><P>(2) Zur Feststellung der gesundheitlichen Eignung veranlasst die Dienstbehörde für die zur Einstellung vorgesehenen Bewerberinnen und Bewerber eine ärztliche Einstellungsuntersuchung. Die Kosten der Untersuchung trägt die Dienstbehörde.</P><P>(3) Wer erfolgreich am Auswahlverfahren teilgenommen hat, aber nicht eingestellt wird, erhält eine schriftliche oder elektronische Mitteilung über die Nichteinstellung. § 16 Absatz 4 Satz 2 und 3 gilt entsprechend.</P></Content></text></textdaten></norm>
<norm builddate="20241024214006" doknr="BJNR10E0A0024BJNG000300000"><metadaten><jurabk>GntDLSVVDV</jurabk><gliederungseinheit><gliederungskennzahl>030</gliederungskennzahl><gliederungsbez>Abschnitt 3</gliederungsbez><gliederungstitel>Studienordnung</gliederungstitel></gliederungseinheit></metadaten><textdaten/></norm>
<norm builddate="20241024214006" doknr="BJNR10E0A0024BJNE002200000"><metadaten><jurabk>GntDLSVVDV</jurabk><enbez>§ 20</enbez><titel format="XML">Dauer und Gliederung des Studiums</titel></metadaten><textdaten><text format="XML"><Content><P>(1) Die Regelstudienzeit beträgt drei Jahre.</P><P>(2) Das Studium ist als dualer Studiengang konzipiert und besteht aus Fachstudien am Fachbereich Landwirtschaftliche Sozialversicherung der Hochschule des Bundes und aus praxisintegrierenden Studienphasen.</P><P>(3) Das Studium gliedert sich in folgende Studienabschnitte: <table colsep="1" frame="all" pgwide="1" rowsep="1" tocentry="%yes;"><tgroup align="left" char="" charoff="50" cols="4"><colspec colname="col1" colwidth="8*"/><colspec colname="col2" colwidth="31*"/><colspec colname="col3" colwidth="35*"/><colspec colname="col4" colwidth="31*"/><thead valign="bottom"><row valign="middle"><entry VJ="1" align="center" colname="col1"/><entry VJ="1" align="center" colname="col2">Studienabschnitt</entry><entry VJ="1" align="center" colname="col3">Studienart</entry><entry VJ="1" align="center" colname="col4">Dauer</entry></row><row valign="middle"><entry VJ="1" align="center" colname="col1"/><entry VJ="1" align="center" colname="col2">1</entry><entry VJ="1" align="center" colname="col3">2</entry><entry VJ="1" align="center" colname="col4">3</entry></row></thead><tbody valign="top"><row><entry VJ="1" colname="col1">1</entry><entry VJ="1" colname="col2">Einführungspraktikum</entry><entry VJ="1" colname="col3">praxisintegrierende Studienphase</entry><entry VJ="1" colname="col4">ein Monat</entry></row><row><entry VJ="1" colname="col1">2</entry><entry VJ="1" colname="col2">Grundstudium</entry><entry VJ="1" colname="col3">Fachstudien</entry><entry VJ="1" colname="col4">sechs Monate</entry></row><row><entry VJ="1" colname="col1">3</entry><entry VJ="1" colname="col2">Praktikum I</entry><entry VJ="1" colname="col3">praxisintegrierende Studienphase</entry><entry VJ="1" colname="col4">sechs Monate</entry></row><row><entry VJ="1" colname="col1">4</entry><entry VJ="1" colname="col2">Hauptstudium I</entry><entry VJ="1" colname="col3">Fachstudien</entry><entry VJ="1" colname="col4">drei Monate</entry></row><row><entry VJ="1" colname="col1">5</entry><entry VJ="1" colname="col2">Praktikum II</entry><entry VJ="1" colname="col3">praxisintegrierende Studienphase</entry><entry VJ="1" colname="col4">fünf Monate</entry></row><row><entry VJ="1" colname="col1">6</entry><entry VJ="1" colname="col2">Hauptstudium II</entry><entry VJ="1" colname="col3">Fachstudien</entry><entry VJ="1" colname="col4">drei Monate</entry></row><row><entry VJ="1" colname="col1">7</entry><entry VJ="1" colname="col2">Praktikum III</entry><entry VJ="1" colname="col3">praxisintegrierende Studienphase</entry><entry VJ="1" colname="col4">drei Monate</entry></row><row><entry VJ="1" colname="col1">8</entry><entry VJ="1" colname="col2">Hauptstudium III</entry><entry VJ="1" colname="col3">Fachstudien</entry><entry VJ="1" colname="col4">drei Monate</entry></row><row><entry VJ="1" colname="col1">9</entry><entry VJ="1" colname="col2">Hauptstudium IV</entry><entry VJ="1" colname="col3">Fachstudien</entry><entry VJ="1" colname="col4">drei Monate</entry></row><row><entry VJ="1" colname="col1">10</entry><entry VJ="1" colname="col2">Praktikum IV</entry><entry VJ="1" colname="col3">praxisintegrierende Studienphase</entry><entry VJ="1" colname="col4">drei Monate</entry></row></tbody></tgroup></table></P></Content></text></textdaten></norm>
<norm builddate="20241024214006" doknr="BJNR10E0A0024BJNE002300000"><metadaten><jurabk>GntDLSVVDV</jurabk><enbez>§ 21</enbez><titel format="XML">Studienplan</titel></metadaten><textdaten><text format="XML"><Content><P>(1) Das Studium wird nach einem Studienplan durchgeführt, der vom Fachbereich Landwirtschaftliche Sozialversicherung erstellt wird. Der Studienplan bestimmt, getrennt nach den Studienabschnitten für die Fachstudien und die praxisintegrierenden Studienphasen: <DL Type="arabic"><DT>1.</DT><DD Font="normal"><LA>die Einzelheiten zu den Studieninhalten,</LA></DD><DT>2.</DT><DD Font="normal"><LA>die Anzahl der Lehrveranstaltungsstunden,</LA></DD><DT>3.</DT><DD Font="normal"><LA>Vorgaben zu Inhalt, Art und Dauer der Leistungsnachweise und Prüfungen und</LA></DD><DT>4.</DT><DD Font="normal"><LA>Art und Dauer der Teilabschnitte der Praktika.</LA></DD></DL></P><P>(2) Der Studienplan wird auf der Internetseite des Fachbereichs Landwirtschaftliche Sozialversicherung veröffentlicht und beim Fachbereich Landwirtschaftliche Sozialversicherung in der jeweils geltenden Fassung in unveränderlicher Form vorgehalten und archiviert. Maßgeblich ist jeweils die Fassung, die bei Beginn des Studiums gilt.</P></Content></text></textdaten></norm>
<norm builddate="20241024214006" doknr="BJNR10E0A0024BJNE002400000"><metadaten><jurabk>GntDLSVVDV</jurabk><enbez>§ 22</enbez><titel format="XML">Studieninhalte</titel></metadaten><textdaten><text format="XML"><Content><P>(1) Das Studium vermittelt rechtswissenschaftliche, ökonomische und sozialwissenschaftliche Grundlagen sowie vertiefte sozialrechtliche Inhalte in den Gebieten der landwirtschaftlichen Krankenversicherung, der landwirtschaftlichen Alterssicherung und der landwirtschaftlichen Unfallsicherung.</P><P>(2) Die Studieninhalte des Grundstudiums sind: <DL Font="normal" Type="arabic"><DT>1.</DT><DD Font="normal"><LA Size="normal"><I>staatsrechtliche und -politische</I> Grundlagen des Verwaltungshandelns,</LA></DD><DT>2.</DT><DD Font="normal"><LA Size="normal">verwaltungs- und zivilrechtliche Grundlagen des Verwaltungshandelns,</LA></DD><DT>3.</DT><DD Font="normal"><LA Size="normal">volks- und finanzwirtschaftliche Grundlagen des Verwaltungshandelns,</LA></DD><DT>4.</DT><DD Font="normal"><LA Size="normal">betriebswirtschaftliche Grundlagen des Verwaltungshandelns, Organisation und Informationsverarbeitung,</LA></DD><DT>5.</DT><DD Font="normal"><LA Size="normal">sozialwissenschaftliche Grundlagen des Verwaltungshandelns, Psychologie, Soziologie und Pädagogik sowie</LA></DD><DT>6.</DT><DD Font="normal"><LA Size="normal">typische Bereiche der Aufgabenerfüllung in der landwirtschaftlichen Sozialversicherung.</LA></DD></DL></P><P>(3) Studieninhalte des Hauptstudiums sind folgende Bereiche: <DL Font="normal" Type="arabic"><DT>1.</DT><DD Font="normal"><LA Size="normal">Sozialpolitik und soziale Sicherung,</LA></DD><DT>2.</DT><DD Font="normal"><LA Size="normal">Organisation und Verwaltungsabläufe der Sozialversicherung für Landwirtschaft, Forsten und Gartenbau,</LA></DD><DT>3.</DT><DD Font="normal"><LA Size="normal">Selbstverwaltung und Aufsicht,</LA></DD><DT>4.</DT><DD Font="normal"><LA Size="normal">Verwaltungsverfahren der Sozialversicherung für Landwirtschaft, Forsten und Gartenbau,</LA></DD><DT>5.</DT><DD Font="normal"><LA Size="normal">bereichsübergreifendes Leistungsrecht der landwirtschaftlichen Sozialversicherung,</LA></DD><DT>6.</DT><DD Font="normal"><LA Size="normal">Leistungen der landwirtschaftlichen Krankenversicherung,</LA></DD><DT>7.</DT><DD Font="normal"><LA Size="normal">Pflegeversicherung,</LA></DD><DT>8.</DT><DD Font="normal"><LA Size="normal">Leistungen der landwirtschaftlichen Unfallversicherung,</LA></DD><DT>9.</DT><DD Font="normal"><LA Size="normal">Leistungen der Alterssicherung der Landwirte,</LA></DD><DT>10.</DT><DD Font="normal"><LA Size="normal">Zusatzversorgung der Arbeitnehmer in der Land- und Forstwirtschaft,</LA></DD><DT>11.</DT><DD Font="normal"><LA Size="normal">Kreis der versicherten Personen und Zuständigkeit in der landwirtschaftlichen Sozialversicherung,</LA></DD><DT>12.</DT><DD Font="normal"><LA Size="normal">Finanzierung und Beiträge der landwirtschaftlichen Sozialversicherung,</LA></DD><DT>13.</DT><DD Font="normal"><LA Size="normal">Digitalisierung und Datenschutz sowie</LA></DD><DT>14.</DT><DD Font="normal"><LA Size="normal">Dienst- und Tarifrecht der landwirtschaftlichen Sozialversicherung.</LA></DD></DL></P></Content></text><fussnoten><Content><P>§ 22 Abs. 2 Nummer 1 Kursivdruck: Die Wörter &quot;staatsrechtliche- und politische&quot; werden wegen offensichtlicher Unrichtigkeit durch die Wörter &quot;staatsrechtliche und -politische&quot; ersetzt</P></Content></fussnoten></textdaten></norm>
<norm builddate="20241024214006" doknr="BJNR10E0A0024BJNE002500000"><metadaten><jurabk>GntDLSVVDV</jurabk><enbez>§ 23</enbez><titel format="XML">Fachstudien</titel></metadaten><textdaten><text format="XML"><Content><P>(1) Die Fachstudien werden am Fachbereich Landwirtschaftliche Sozialversicherung durchgeführt. Die Studierenden werden zu diesem Zweck dem Fachbereich Landwirtschaftliche Sozialversicherung zugewiesen.</P><P>(2) Die Fachstudien bestehen aus fachtheoretischen Lehrveranstaltungen. Die Teilnahme an den Lehrveranstaltungen ist verpflichtend.</P><P>(3) Die fachtheoretischen Lehrveranstaltungen umfassen insgesamt 1920 Lehrveranstaltungsstunden. Davon entfallen 720 Lehrveranstaltungsstunden auf das Grundstudium. Auf der Grundlage des Studienplans erstellt der Fachbereich Landwirtschaftliche Sozialversicherung einen Lehrveranstaltungsplan.</P><P>(4) Die fachtheoretischen Lehrveranstaltungen sind Präsenzveranstaltungen. In besonderen Ausnahmefällen können synchrone digitale Lehrveranstaltungen durchgeführt werden.</P><P>(5) Die fachtheoretischen Lehrveranstaltungen werden von hauptamtlich Lehrenden oder Lehrbeauftragten des Fachbereichs Landwirtschaftliche Sozialversicherung durchgeführt. Die Freiheit der Lehre einschließlich der inhaltlichen und methodischen Gestaltung der Lehrveranstaltungen und der Forschung werden gewährleistet.</P></Content></text></textdaten></norm>
<norm builddate="20241024214006" doknr="BJNR10E0A0024BJNE002600000"><metadaten><jurabk>GntDLSVVDV</jurabk><enbez>§ 24</enbez><titel format="XML">Praxisintegrierende Studienphasen</titel></metadaten><textdaten><text format="XML"><Content><P>(1) In den praxisintegrierenden Studienphasen sollen die Studierenden berufliche Kenntnisse und Erfahrungen als Grundlage für die Fachstudien erwerben sowie die in den Fachstudien erworbenen Kenntnisse vertiefen und lernen, sie in der Praxis anzuwenden.</P><P>(2) Die praxisintegrierenden Studienphasen bestehen aus <DL Type="arabic"><DT>1.</DT><DD Font="normal"><LA>Praktika an den verschiedenen Ausbildungsstandorten und</LA></DD><DT>2.</DT><DD Font="normal"><LA>praxisbezogenen Lehrveranstaltungen.</LA></DD></DL></P><P>(3) Die Durchführung der praxisintegrierenden Studienphasen erfolgt an den jeweiligen Ausbildungsstandorten.</P></Content></text></textdaten></norm>
<norm builddate="20241024214006" doknr="BJNR10E0A0024BJNE002700000"><metadaten><jurabk>GntDLSVVDV</jurabk><enbez>§ 25</enbez><titel format="XML">Durchführung der Praktika</titel></metadaten><textdaten><text format="XML"><Content><P>(1) Die Praktika werden in den für das Ziel des Studiums wesentlichen fachlichen Bereichen der Dienstbehörde unter Anleitung hierfür qualifizierter Personen durchgeführt. Die Teilnahme an den Praktika ist verpflichtend.</P><P>(2) Die fachlichen Bereiche der Dienstbehörde, denen die Studierenden zuzuweisen sind, richten sich nach den Inhalten des jeweiligen Studienabschnitts und werden im Studienplan festgelegt.</P><P>(3) Vor Beginn jeder praxisintegrierenden Studienphase wird von der oder dem Ausbildungsverantwortlichen für jede Studierende und jeden Studierenden entsprechend dem Studienplan ein Einsatzplan aufgestellt, aus dem sich die fachlichen Bereiche ergeben, in denen die oder der Studierende ausgebildet werden soll. Der Plan ist dem Prüfungsamt schriftlich oder elektronisch vorzulegen. Die oder der Studierende erhält eine schriftliche oder elektronische Ausfertigung.</P></Content></text></textdaten></norm>
<norm builddate="20241024214006" doknr="BJNR10E0A0024BJNE002800000"><metadaten><jurabk>GntDLSVVDV</jurabk><enbez>§ 26</enbez><titel format="XML">Ausbilderinnen und Ausbilder</titel></metadaten><textdaten><text format="XML"><Content><P>(1) Jeder Ausbildungsstandort bestellt Ausbilderinnen und Ausbilder.</P><P>(2) Die Ausbilderinnen und Ausbilder betreuen die Studierenden während der Praktika und leiten sie an.</P><P>(3) Bestellt werden darf nur, wer über die erforderlichen Fähigkeiten und Kenntnisse verfügt und nach seiner Persönlichkeit geeignet ist.</P><P>(4) Einer Ausbilderin oder einem Ausbilder sollen nicht mehr Studierende zugewiesen werden, als sie oder er mit Sorgfalt ausbilden kann.</P></Content></text></textdaten></norm>
<norm builddate="20241024214006" doknr="BJNR10E0A0024BJNE002900000"><metadaten><jurabk>GntDLSVVDV</jurabk><enbez>§ 27</enbez><titel format="XML">Praxisbezogene Lehrveranstaltungen</titel></metadaten><textdaten><text format="XML"><Content><P>(1) Durch praxisbezogene Lehrveranstaltungen werden die in den Fachstudien gewonnenen Kenntnisse in enger Beziehung zur Praxis vertieft. Die Lehrveranstaltungen und der praktische Einsatz am Arbeitsplatz werden aufeinander abgestimmt. Die Teilnahme an den praxisbezogenen Lehrveranstaltungen ist verpflichtend.</P><P>(2) Praxisbezogene Lehrveranstaltungen werden im Umfang von 300 Lehrstunden während der praxisintegrierenden Studienphasen durchgeführt. Die Lerninhalte der praxisbezogenen Lehrveranstaltungen richten sich nach dem Studienplan.</P><P>(3) Die Durchführung der praxisbezogenen Lehrveranstaltungen erfolgt grundsätzlich an den Ausbildungsstandorten. Die fachlichen Bereiche der Dienstbehörde haben die Vermittlung der Lerninhalte sicherzustellen und Dozentinnen und Dozenten zu benennen.</P></Content></text></textdaten></norm>
<norm builddate="20241024214006" doknr="BJNR10E0A0024BJNG000400000"><metadaten><jurabk>GntDLSVVDV</jurabk><gliederungseinheit><gliederungskennzahl>040</gliederungskennzahl><gliederungsbez>Abschnitt 4</gliederungsbez><gliederungstitel>Laufbahnprüfung</gliederungstitel></gliederungseinheit></metadaten><textdaten/></norm>
<norm builddate="20241024214006" doknr="BJNR10E0A0024BJNG000500000"><metadaten><jurabk>GntDLSVVDV</jurabk><gliederungseinheit><gliederungskennzahl>040010</gliederungskennzahl><gliederungsbez>Unterabschnitt 1</gliederungsbez><gliederungstitel>Allgemeine Bestimmungen</gliederungstitel></gliederungseinheit></metadaten><textdaten/></norm>
<norm builddate="20241024214006" doknr="BJNR10E0A0024BJNE003000000"><metadaten><jurabk>GntDLSVVDV</jurabk><enbez>§ 28</enbez><titel format="XML">Laufbahnprüfung</titel></metadaten><textdaten><text format="XML"><Content><P>(1) Die Laufbahnprüfung besteht aus den folgenden Prüfungsleistungen: <DL Type="arabic"><DT>1.</DT><DD Font="normal"><LA>den Leistungsnachweisen,</LA></DD><DT>2.</DT><DD Font="normal"><LA>den Praktikumsbewertungen,</LA></DD><DT>3.</DT><DD Font="normal"><LA>der Zwischenprüfung und</LA></DD><DT>4.</DT><DD Font="normal"><LA>der Abschlussprüfung.</LA></DD></DL></P><P>(2) Prüfungsleistungen können aus mehreren Teilen bestehen.</P></Content></text></textdaten></norm>
<norm builddate="20241024214006" doknr="BJNR10E0A0024BJNE003100000"><metadaten><jurabk>GntDLSVVDV</jurabk><enbez>§ 29</enbez><titel format="XML">Organisation und Durchführung</titel></metadaten><textdaten><text format="XML"><Content><P>(1) Für die Organisation und Durchführung der Prüfungsleistungen ist das Prüfungsamt des Fachbereichs Landwirtschaftliche Sozialversicherung zuständig, sofern diese Aufgabe durch diese Verordnung nicht anderen Stellen übertragen ist.</P><P>(2) Das Prüfungsamt des Fachbereichs Landwirtschaftliche Sozialversicherung ist Widerspruchsbehörde für alle Entscheidungen im Rahmen der Prüfungsleistungen.</P><P>(3) Das Prüfungsamt des Fachbereichs Landwirtschaftliche Sozialversicherung kann von den Studierenden eine Versicherung verlangen, dass die jeweilige Prüfungsleistung von Ihnen selbständig und ohne unzulässige Hilfsmittel erbracht worden ist.</P></Content></text></textdaten></norm>
<norm builddate="20241024214006" doknr="BJNR10E0A0024BJNE003200000"><metadaten><jurabk>GntDLSVVDV</jurabk><enbez>§ 30</enbez><titel format="XML">Bewertung</titel></metadaten><textdaten><text format="XML"><Content><P>(1) Die Prüfungsleistungen werden mit folgenden Rangpunkten und Noten bewertet: <table colsep="1" frame="all" pgwide="1" rowsep="1" tocentry="%yes;"><tgroup align="left" char="" charoff="50" cols="4"><colspec align="center" colname="col1" colwidth="7*"/><colspec align="center" colname="col2" colwidth="20*"/><colspec align="center" colname="col3" colwidth="20*"/><colspec align="center" colname="col4" colwidth="53*"/><thead valign="bottom"><row valign="middle"><entry VJ="1" colname="col1"/><entry VJ="1" colname="col2">Note</entry><entry VJ="1" colname="col3">Rangpunkte</entry><entry VJ="1" colname="col4">Beschreibung</entry></row><row valign="middle"><entry VJ="1" colname="col1"/><entry VJ="1" colname="col2">1</entry><entry VJ="1" colname="col3">2</entry><entry VJ="1" colname="col4">3</entry></row></thead><tbody valign="top"><row><entry VJ="1" colname="col1" morerows="1">1</entry><entry VJ="1" colname="col2" morerows="1">sehr gut</entry><entry VJ="1" colname="col3" rowsep="0">15</entry><entry VJ="1" colname="col4" morerows="1">Eine Leistung, die den Anforderungen in besonderem Maße entspricht.</entry></row><row><entry VJ="1" colname="col3">14</entry></row><row><entry VJ="1" colname="col1" morerows="2">2</entry><entry VJ="1" colname="col2" morerows="2">gut</entry><entry VJ="1" colname="col3" rowsep="0">13</entry><entry VJ="1" colname="col4" morerows="2">Eine Leistung, die den Anforderungen voll entspricht.</entry></row><row><entry VJ="1" colname="col3" rowsep="0">12</entry></row><row><entry VJ="1" colname="col3">11</entry></row><row><entry VJ="1" colname="col1" morerows="2">3</entry><entry VJ="1" colname="col2" morerows="2">befriedigend</entry><entry VJ="1" colname="col3" rowsep="0">10</entry><entry VJ="1" colname="col4" morerows="2">Eine Leistung, die im Allgemeinen den Anforderungen entspricht.</entry></row><row><entry VJ="1" colname="col3" rowsep="0">9</entry></row><row><entry VJ="1" colname="col3">8</entry></row><row><entry VJ="1" colname="col1" morerows="2">4</entry><entry VJ="1" colname="col2" morerows="2">ausreichend</entry><entry VJ="1" colname="col3" rowsep="0">7</entry><entry VJ="1" colname="col4" morerows="2">Eine Leistung, die zwar Mängel aufweist,<BR/>aber im Ganzen den Anforderungen noch entspricht.</entry></row><row><entry VJ="1" colname="col3" rowsep="0">6</entry></row><row><entry VJ="1" colname="col3">5</entry></row><row><entry VJ="1" colname="col1" morerows="2">5</entry><entry VJ="1" colname="col2" morerows="2">mangelhaft</entry><entry VJ="1" colname="col3" rowsep="0">4</entry><entry VJ="1" colname="col4" morerows="2">Eine Leistung, die den Anforderungen nicht entspricht,<BR/>die jedoch erkennen lässt, dass die notwendigen Grundkenntnisse vorhanden sind und die Mängel in absehbarer Zeit behoben werden könnten.</entry></row><row><entry VJ="1" colname="col3" rowsep="0">3</entry></row><row><entry VJ="1" colname="col3">2</entry></row><row><entry VJ="1" colname="col1" morerows="1">6</entry><entry VJ="1" colname="col2" morerows="1">ungenügend</entry><entry VJ="1" colname="col3" rowsep="0">1</entry><entry VJ="1" colname="col4" morerows="1">Eine Leistung, die den Anforderungen nicht entspricht<BR/>und bei der selbst die Grundkenntnisse so lückenhaft sind, dass die Mängel in absehbarer Zeit nicht behoben<BR/>werden könnten.</entry></row><row><entry VJ="1" colname="col3">0</entry></row></tbody></tgroup></table></P><P>(2) Aus den Rangpunkten werden Durchschnittsrangpunktzahlen errechnet. Sie sind auf zwei Dezimalstellen hinter dem Komma ohne Auf- oder Abrundung zu berechnen. Für die Zuordnung zu einer Note nach der Tabelle in Absatz 1 ist die errechnete Durchschnittsrangpunktzahl aufzurunden, wenn sie mindestens 5 beträgt und der Wert der beiden Dezimalstellen gleich oder größer 50 ist. Im Übrigen bleiben Dezimalstellen bei der Zuordnung zu einer Note unberücksichtigt.</P><P>(3) Als Bewertungshilfsgröße können Bewertungspunkte verwendet werden. Die Zuordnung von Bewertungspunkten zu dem numerischen Notenwert wird wie folgt bestimmt: <table colsep="1" frame="all" pgwide="1" rowsep="1" tocentry="%yes;"><tgroup align="left" char="" charoff="50" cols="4"><colspec align="center" colname="col1" colwidth="7*"/><colspec align="center" colname="col2" colwidth="35*"/><colspec align="center" colname="col3" colwidth="25*"/><colspec align="center" colname="col4" colwidth="30*"/><thead valign="bottom"><row valign="middle"><entry VJ="1" colname="col1"/><entry VJ="1" colname="col2">Bewertungspunkte (Prozentanteile)</entry><entry VJ="1" colname="col3">Rangpunkte</entry><entry VJ="1" colname="col4">Note</entry></row><row valign="middle"><entry VJ="1" colname="col1"/><entry VJ="1" colname="col2">1</entry><entry VJ="1" colname="col3">2</entry><entry VJ="1" colname="col4">3</entry></row></thead><tbody valign="top"><row><entry VJ="1" colname="col1" morerows="1">1</entry><entry VJ="1" colname="col2" rowsep="0">ab 93,7</entry><entry VJ="1" colname="col3" rowsep="0">15</entry><entry VJ="1" colname="col4" morerows="1">sehr gut</entry></row><row><entry VJ="1" colname="col2">ab 87,5</entry><entry VJ="1" colname="col3">14</entry></row><row><entry VJ="1" colname="col1" morerows="2">2</entry><entry VJ="1" colname="col2" rowsep="0">ab 83,4</entry><entry VJ="1" colname="col3" rowsep="0">13</entry><entry VJ="1" colname="col4" morerows="2">gut</entry></row><row><entry VJ="1" colname="col2" rowsep="0">ab 79,2</entry><entry VJ="1" colname="col3" rowsep="0">12</entry></row><row><entry VJ="1" colname="col2">ab 75,0</entry><entry VJ="1" colname="col3">11</entry></row><row><entry VJ="1" colname="col1" morerows="2">3</entry><entry VJ="1" colname="col2" rowsep="0">ab 70,9</entry><entry VJ="1" colname="col3" rowsep="0">10</entry><entry VJ="1" colname="col4" morerows="2">befriedigend</entry></row><row><entry VJ="1" colname="col2" rowsep="0">ab 66,7</entry><entry VJ="1" colname="col3" rowsep="0">9</entry></row><row><entry VJ="1" colname="col2">ab 62,5</entry><entry VJ="1" colname="col3">8</entry></row><row><entry VJ="1" colname="col1" morerows="2">4</entry><entry VJ="1" colname="col2" rowsep="0">ab 58,4</entry><entry VJ="1" colname="col3" rowsep="0">7</entry><entry VJ="1" colname="col4" morerows="2">ausreichend</entry></row><row><entry VJ="1" colname="col2" rowsep="0">ab 54,2</entry><entry VJ="1" colname="col3" rowsep="0">6</entry></row><row><entry VJ="1" colname="col2">ab 50,0</entry><entry VJ="1" colname="col3">5</entry></row><row><entry VJ="1" colname="col1" morerows="2">5</entry><entry VJ="1" colname="col2" rowsep="0">ab 41,7</entry><entry VJ="1" colname="col3" rowsep="0">4</entry><entry VJ="1" colname="col4" morerows="2">mangelhaft</entry></row><row><entry VJ="1" colname="col2" rowsep="0">ab 33,4</entry><entry VJ="1" colname="col3" rowsep="0">3</entry></row><row><entry VJ="1" colname="col2">ab 25,0</entry><entry VJ="1" colname="col3">2</entry></row><row><entry VJ="1" colname="col1" morerows="1">6</entry><entry VJ="1" colname="col2" rowsep="0">ab 12,5</entry><entry VJ="1" colname="col3" rowsep="0">1</entry><entry VJ="1" colname="col4" morerows="1">ungenügend</entry></row><row><entry VJ="1" colname="col2">unter 12,5</entry><entry VJ="1" colname="col3">0</entry></row></tbody></tgroup></table></P><P>(4) Die Note „ausreichend“ setzt voraus, dass die Anforderungen mindestens zur Hälfte erfüllt sind.</P></Content></text></textdaten></norm>
<norm builddate="20241024214006" doknr="BJNR10E0A0024BJNE003300000"><metadaten><jurabk>GntDLSVVDV</jurabk><enbez>§ 31</enbez><titel format="XML">Prüferinnen und Prüfer</titel></metadaten><textdaten><text format="XML"><Content><P>(1) Prüferinnen und Prüfer für die Leistungsnachweise sind hauptamtlich Lehrende oder Lehrbeauftragte des Fachbereichs Landwirtschaftliche Sozialversicherung. Für die Praktikumsbewertungen können Angehörige des gehobenen oder höheren Dienstes mit besonderer Eignung als Prüferinnen und Prüfer eingesetzt werden.</P><P>(2) Prüferinnen und Prüfer werden vom Prüfungsamt des Fachbereichs der Landwirtschaftlichen Sozialversicherung bestellt.</P><P>(3) Prüferinnen und Prüfer sind in ihrer Prüfungstätigkeit unabhängig und nicht weisungsgebunden.</P></Content></text></textdaten></norm>
<norm builddate="20241024214006" doknr="BJNR10E0A0024BJNE003400000"><metadaten><jurabk>GntDLSVVDV</jurabk><enbez>§ 32</enbez><titel format="XML">Prüfungskommission</titel></metadaten><textdaten><text format="XML"><Content><P>(1) Die Zwischenprüfung und die Abschlussprüfung werden vor einer Prüfungskommission abgelegt. Es können mehrere Prüfungskommissionen eingerichtet werden, wenn die Zahl der zu prüfenden Studierenden und die Zeitplanung zum fristgemäßen Abschluss der Prüfung es erfordern.</P><P>(2) Die Mitglieder der Prüfungskommissionen und deren Vorsitzende oder Vorsitzender werden auf Vorschlag der Dienstbehörde durch das Prüfungsamt des Fachbereichs der Landwirtschaftlichen Sozialversicherung bestellt. Für die Mitglieder der Prüfungskommission sind Vertreterinnen und Vertreter zu bestellen.</P><P>(3) Die Mitglieder und ihre Vertreterinnen und Vertreter werden für eine Dauer von höchstens drei Jahren bestellt. Die Wiederbestellung ist zulässig.</P><P>(4) Die Prüfungskommission ist beschlussfähig, wenn <DL Type="arabic"><DT>1.</DT><DD Font="normal"><LA>bei der Zwischenprüfung alle ihre Mitglieder anwesend sind oder vertreten werden und</LA></DD><DT>2.</DT><DD Font="normal"><LA>bei der Abschlussprüfung mindestens vier ihrer Mitglieder anwesend sind oder vertreten werden.</LA></DD></DL></P><P>(5) Die Prüfungskommission entscheidet mit Stimmenmehrheit. Stimmenthaltung ist nicht zulässig. Bei Stimmengleichheit gibt die Stimme der oder des Vorsitzenden den Ausschlag.</P><P>(6) Prüfung und Beratung sind nicht öffentlich.</P><P>(7) Die Mitglieder der Prüfungskommission sind bei ihrer Tätigkeit als Prüferinnen und Prüfer unabhängig und an Weisungen nicht gebunden.</P></Content></text></textdaten></norm>
<norm builddate="20241024214006" doknr="BJNR10E0A0024BJNE003500000"><metadaten><jurabk>GntDLSVVDV</jurabk><enbez>§ 33</enbez><titel format="XML">Durchführung von Prüfungsleistungen</titel></metadaten><textdaten><text format="XML"><Content><P>(1) Die Inhalte der Prüfungsleistungen sind bis zum Beginn der Prüfungsleistung geheim zu halten.</P><P>(2) Für jede schriftliche Prüfungsleistung, die unter Aufsicht stattfindet, ist von der aufsichtführenden Person ein Protokoll zu erstellen.</P><P>(3) Schriftliche Aufsichtsarbeiten für Zwischen- und Abschlussprüfungen sind von zwei Prüferinnen und Prüfern unabhängig voneinander zu bewerten. Weichen die Bewertungen voneinander ab, entscheidet die Prüfungskommission.</P><P>(4) Mündliche Prüfungsleistungen, die im Rahmen von Leistungsnachweisen erbracht werden, sind von zwei Prüferinnen und Prüfern abzunehmen. Die Prüferinnen und Prüfer erstellen ein Protokoll.</P></Content></text></textdaten></norm>
<norm builddate="20241024214006" doknr="BJNR10E0A0024BJNE003600000"><metadaten><jurabk>GntDLSVVDV</jurabk><enbez>§ 34</enbez><titel format="XML">Termine von Prüfungsleistungen</titel></metadaten><textdaten><text format="XML"><Content><P>(1) Das Prüfungsamt des Fachbereichs Landwirtschaftliche Sozialversicherung setzt im Einvernehmen mit der Dienstbehörde Ort und Zeitpunkte der Prüfungsleistungen fest, es sei denn, es ist in dieser Verordnung etwas Abweichendes geregelt.</P><P>(2) Schriftliche Aufsichtsarbeiten sollen an aufeinanderfolgenden Arbeitstagen geschrieben werden. Nach zwei Arbeitstagen soll ein freier Tag vorgesehen werden. An einem Tag darf nur eine Aufsichtsarbeit gestellt werden.</P><P>(3) Der schriftliche Teil der Abschlussprüfung ist spätestens zwei Wochen vor dem Beginn des mündlichen Teils abzuschließen. Der mündliche Teil der Abschlussprüfung soll bis zum Ende des letzten Studienabschnitts abgeschlossen sein.</P><P>(4) Die Zeitpunkte und die Art der Prüfungsleistungen sind den Studierenden rechtzeitig mitzuteilen.</P></Content></text></textdaten></norm>
<norm builddate="20241024214006" doknr="BJNR10E0A0024BJNE003700000"><metadaten><jurabk>GntDLSVVDV</jurabk><enbez>§ 35</enbez><titel format="XML">Verhinderung bei Prüfungsleistungen und Teilen von Prüfungsleistungen</titel></metadaten><textdaten><text format="XML"><Content><P>(1) Ist eine Studierende oder ein Studierender ganz oder teilweise daran gehindert, eine Prüfungsleistung oder einen Teil der Prüfungsleistung abzulegen, so kann sie oder er beim Fachbereich Landwirtschaftliche Sozialversicherung schriftlich oder elektronisch beantragen, dass die Verhinderung anerkannt wird. Die Verhinderung wird nur anerkannt, wenn <DL Type="arabic"><DT>1.</DT><DD Font="normal"><LA>ein wichtiger Grund für die Verhinderung vorliegt und</LA></DD><DT>2.</DT><DD Font="normal"><LA>die oder der Studierende <DL Type="alpha"><DT>a)</DT><DD Font="normal"><LA>den Antrag unverzüglich stellt, nachdem ihr oder ihm der Grund für die Verhinderung bekannt ist, und</LA></DD><DT>b)</DT><DD Font="normal"><LA>den Grund für die Verhinderung unverzüglich nachweist.</LA></DD></DL></LA></DD></DL></P><P>(2) Eine Erkrankung ist durch Vorlage eines ärztlichen Attestes nachzuweisen. Auf Verlangen des Prüfungsamtes des Fachbereichs Landwirtschaftliche Sozialversicherung ist ein amtsärztliches Attest vorzulegen.</P><P>(3) Wird die Verhinderung anerkannt, so gelten die Prüfungsleistung oder der Teil der Prüfungsleistung als nicht begonnen. Das Prüfungsamt des Fachbereichs Landwirtschaftliche Sozialversicherung bestimmt, zu welchen Zeitpunkten die Prüfungsleistung oder der Teil der Prüfungsleistung nachgeholt wird.</P><P>(4) Wird die Verhinderung nicht anerkannt, so gilt die Zeit der Verhinderung als Bearbeitungszeit. Wird in diesem Fall gar keine Leistung erbracht, so wird die Prüfungsleistung oder der Teil der Prüfungsleistung mit „ungenügend“, Rangpunkte 0, bewertet.</P></Content></text></textdaten></norm>
<norm builddate="20241024214006" doknr="BJNR10E0A0024BJNE003800000"><metadaten><jurabk>GntDLSVVDV</jurabk><enbez>§ 36</enbez><titel format="XML">Täuschung und Ordnungsverstoß</titel></metadaten><textdaten><text format="XML"><Content><P>(1) Wer bei der Ablegung einer Prüfungsleistung täuscht, eine Täuschung versucht oder dazu beiträgt oder gegen die Ordnung verstößt, kann von der weiteren Teilnahme an dem betreffenden Teil der Prüfungsleistung ausgeschlossen werden. Über den sofortigen Ausschluss entscheidet die nach Absatz 2 zuständige Stelle.</P><P>(2) Über das Vorliegen und die Folgen eines Verstoßes nach Absatz 1 entscheidet <DL Type="arabic"><DT>1.</DT><DD Font="normal"><LA>bei Leistungsnachweisen und Praktikumsbewertungen: das Prüfungsamt des Fachbereichs Landwirtschaftliche Sozialversicherung und</LA></DD><DT>2.</DT><DD Font="normal"><LA>bei Zwischen- und Abschlussprüfung: die jeweils zuständige Prüfungskommission.</LA></DD></DL></P><P>(3) Wird ein Verstoß nach Absatz 1 festgestellt, kann je nach Schwere des Verstoßes <DL Type="arabic"><DT>1.</DT><DD Font="normal"><LA>die Wiederholung der Prüfungsleistung als Ganzes oder des betreffenden Teils der Prüfungsleistung angeordnet werden,</LA></DD><DT>2.</DT><DD Font="normal"><LA>die Prüfungsleistung als Ganzes oder der betreffende Teil der Prüfungsleistung mit „ungenügend“, Rangpunkte 0, bewertet werden,</LA></DD><DT>3.</DT><DD Font="normal"><LA>die Laufbahnprüfung für nicht bestanden erklärt werden oder</LA></DD><DT>4.</DT><DD Font="normal"><LA>die Laufbahnprüfung für endgültig nicht bestanden erklärt werden.</LA></DD></DL></P><P>(4) Wird eine Täuschung erst nach Abschluss der Laufbahnprüfung bekannt oder kann sie dann erst nachgewiesen werden, kann das Prüfungsamt des Fachbereichs Landwirtschaftliche Sozialversicherung im Benehmen mit der Dienstbehörde innerhalb von fünf Jahren nach dem Tag, an dem die betroffene Person die Abschlussprüfung absolviert hat, die Laufbahnprüfung für nicht bestanden erklären. Wird die Laufbahnprüfung für nicht bestanden erklärt, ist das Abschlusszeugnis zurückzugeben.</P><P>(5) Die oder der Betroffene ist vor einer Entscheidung nach Absatz 3 oder Absatz 4 anzuhören.</P></Content></text></textdaten></norm>
<norm builddate="20241024214006" doknr="BJNR10E0A0024BJNE003900000"><metadaten><jurabk>GntDLSVVDV</jurabk><enbez>§ 37</enbez><titel format="XML">Anerkennung von Studienleistungen und Prüfungsleistungen</titel></metadaten><textdaten><text format="XML"><Content><P>(1) Auf schriftlichen oder elektronischen Antrag der oder des Studierenden können folgende Leistungen anerkannt werden: <DL Type="arabic"><DT>1.</DT><DD Font="normal"><LA>Studienleistungen und Prüfungsleistungen aus anderen Studiengängen staatlicher Hochschulen oder staatlich anerkannter Hochschulen sowie</LA></DD><DT>2.</DT><DD Font="normal"><LA>Prüfungsleistungen, die erfolgreich abgelegt worden sind <DL Type="alpha"><DT>a)</DT><DD Font="normal"><LA>an einer öffentlichen Bildungseinrichtung,</LA></DD><DT>b)</DT><DD Font="normal"><LA>an einer staatlich anerkannten Bildungseinrichtung oder</LA></DD><DT>c)</DT><DD Font="normal"><LA>vor einem staatlichen Prüfungsausschuss.</LA></DD></DL></LA></DD></DL></P><P>(2) In dem Antrag auf Anerkennung von Studien- oder Prüfungsleistungen hat die oder der Studierende die für die Anerkennung erforderlichen Unterlagen vorzulegen.</P><P>(3) Der Fachbereich Landwirtschaftliche Sozialversicherung erkennt die Leistungen an, wenn sie gleichwertig sind mit den Leistungen, die nach dieser Verordnung für das Studium zu erbringen sind. Wesentliche Unterschiede führen zur Nichtanerkennung.</P><P>(4) Das Nähere zur Anerkennung von Studien- und Prüfungsleistungen, insbesondere zur Übernahme der Bewertung oder zur Zuordnung einer Bewertung, regelt der Fachbereich Landwirtschaftliche Sozialversicherung in einer Richtlinie. Die Richtlinie wird auf der Internetseite des Fachbereichs Landwirtschaftliche Sozialversicherung veröffentlicht und beim Fachbereich Landwirtschaftliche Sozialversicherung in der jeweils geltenden Fassung in unveränderlicher Form vorgehalten und archiviert. Maßgeblich ist jeweils die Fassung, die bei Beginn des Studiums gilt.</P></Content></text></textdaten></norm>
<norm builddate="20241024214006" doknr="BJNR10E0A0024BJNG000600000"><metadaten><jurabk>GntDLSVVDV</jurabk><gliederungseinheit><gliederungskennzahl>040020</gliederungskennzahl><gliederungsbez>Unterabschnitt 2</gliederungsbez><gliederungstitel>Leistungsnachweise und Praktikumsbewertungen</gliederungstitel></gliederungseinheit></metadaten><textdaten/></norm>
<norm builddate="20241024214006" doknr="BJNR10E0A0024BJNE004000000"><metadaten><jurabk>GntDLSVVDV</jurabk><enbez>§ 38</enbez><titel format="XML">Leistungsnachweise</titel></metadaten><textdaten><text format="XML"><Content><P>(1) Während der Fachstudien und praxisintegrierenden Studienphasen haben die Studierenden Leistungsnachweise gemäß den Festlegungen im Studienplan zu erbringen. Zur Erbringung eines Leistungsnachweises können folgende Leistungen dienen: <DL Type="arabic"><DT>1.</DT><DD Font="normal"><LA>schriftliche Aufsichtsarbeiten,</LA></DD><DT>2.</DT><DD Font="normal"><LA>Hausarbeiten,</LA></DD><DT>3.</DT><DD Font="normal"><LA>sonstige schriftliche Ausarbeitungen,</LA></DD><DT>4.</DT><DD Font="normal"><LA>Referate,</LA></DD><DT>5.</DT><DD Font="normal"><LA>sonstige mündlich zu erbringende Leistungen, insbesondere Beiträge zu Fachgesprächen und Kolloquien, und</LA></DD><DT>6.</DT><DD Font="normal"><LA>Leistungstests in schriftlicher oder mündlicher Form.</LA></DD></DL></P><P>(2) Aufgaben für zu erbringende Leistungsnachweise werden von den Prüferinnen und Prüfern gestellt und bewertet. Die Bewertung der erbrachten Leistung wird der oder dem Studierenden durch das Prüfungsamt des Fachbereichs Landwirtschaftliche Sozialversicherung schriftlich oder elektronisch mitgeteilt. In der Mitteilung des Leistungsnachweises sind Studienabschnitt, Lehrinhalt, Art des Nachweises, Rangpunkte und Note zu bezeichnen.</P><P>(3) Die Leistungsnachweise in den Hauptstudien I bis III sollen einen Monat vor Ende des jeweiligen Studienabschnitts, im Hauptstudium IV einen Monat vor Beginn des schriftlichen Teils der Abschlussprüfung erbracht sein. Ist im Falle des § 35 Absatz 3 der Leistungsnachweis nicht bis zum ersten Tag des schriftlichen Teils der Abschlussprüfung nachgeholt worden, gilt er als mit „ungenügend“, Rangpunkte 0, bewertet.</P><P>(4) Zum Ende des Studiums stellt das Prüfungsamt des Fachbereichs Landwirtschaftliche Sozialversicherung ein Zeugnis in schriftlicher oder elektronischer Form aus, in dem die Bewertungen der Leistungsnachweise mit ihren Rangpunkten und Noten aufgeführt werden. Die Teilnahme an Lehrveranstaltungen in Fächern, in denen keine Leistungsnachweise gefordert sind, ist in schriftlicher oder elektronischer Form zu bescheinigen.</P></Content></text></textdaten></norm>
<norm builddate="20241024214006" doknr="BJNR10E0A0024BJNE004100000"><metadaten><jurabk>GntDLSVVDV</jurabk><enbez>§ 39</enbez><titel format="XML">Praktikumsbewertungen</titel></metadaten><textdaten><text format="XML"><Content><P>(1) Die oder der Ausbildungsverantwortliche erstellt für die Praktika I bis IV jeweils eine Praktikumsbewertung über die Leistungen und den Befähigungsstand der oder des Studierenden. Die Ausbilderinnen und Ausbilder für die Teilabschnitte sind ins Benehmen zu setzen. Die Praktikumsbewertung soll insbesondere auf das Ergebnis selbständiger Bearbeitung von berufspraktischen Aufgaben am Arbeitsplatz gestützt werden. Der Entwurf der Bewertung der Teilabschnitte wird durch die Ausbildungsverantwortliche oder den Ausbildungsverantwortlichen oder die Ausbilderin oder den Ausbilder der oder dem Studierenden eröffnet und mit dieser oder diesem erörtert. Die oder der Studierende kann schriftlich oder elektronisch Stellung nehmen.</P><P>(2) Für die Bewertung können Teilabschnitte je nach der Bedeutung, die sie für die zu erwerbende Befähigung haben, zusammengefasst <I>werden. Die</I> Praktikumsbewertung wird der oder dem Studierenden schriftlich oder elektronisch mitgeteilt. Studienabschnitt, Art des Nachweises, Rangpunkte und Note sind zu bezeichnen.</P><P>(3) Zum Ende des Studiums stellt das Prüfungsamt des Fachbereichs Landwirtschaftliche Sozialversicherung der oder dem Studierenden ein Zeugnis in schriftlicher oder elektronischer Form aus, in dem die Praxisbewertungen mit den Rangpunkten und Noten aufgeführt werden.</P></Content></text><fussnoten><Content><P>§ 39 Abs. 2 Satz 1 Kursivdruck: Wegen offensichtlicher Unrichtigkeit wird zwischen den Worten &quot;werden Die&quot; das Satzzeichen &quot;.&quot; (Punkt) ergänzt.</P></Content></fussnoten></textdaten></norm>
<norm builddate="20241024214006" doknr="BJNR10E0A0024BJNG000700000"><metadaten><jurabk>GntDLSVVDV</jurabk><gliederungseinheit><gliederungskennzahl>040030</gliederungskennzahl><gliederungsbez>Unterabschnitt 3</gliederungsbez><gliederungstitel>Zwischenprüfung</gliederungstitel></gliederungseinheit></metadaten><textdaten/></norm>
<norm builddate="20241024214006" doknr="BJNR10E0A0024BJNE004200000"><metadaten><jurabk>GntDLSVVDV</jurabk><enbez>§ 40</enbez><titel format="XML">Zeitpunkt und Inhalt der Zwischenprüfung</titel></metadaten><textdaten><text format="XML"><Content><P>(1) Am Ende des Grundstudiums findet eine Zwischenprüfung statt. In der Zwischenprüfung haben Studierende nachzuweisen, dass sie den Wissens- und Kenntnisstand erreicht haben, der ein erfolgreiches weiteres Studium erwarten lässt.</P><P>(2) Die Zwischenprüfung ist an den Lernzielen auszurichten. Sie besteht aus vier schriftlichen Aufsichtsarbeiten, deren Aufgabenschwerpunkte jeweils in einem der Studieninhalte nach § 22 Absatz 2 Nummer 1 bis 4 liegen.</P><P>(3) Die Bearbeitungszeit für die Aufsichtsarbeiten beträgt jeweils drei Zeitstunden.</P></Content></text></textdaten></norm>
<norm builddate="20241024214006" doknr="BJNR10E0A0024BJNE004300000"><metadaten><jurabk>GntDLSVVDV</jurabk><enbez>§ 41</enbez><titel format="XML">Zusammensetzung der Prüfungskommission</titel></metadaten><textdaten><text format="XML"><Content><P>Die Prüfungskommission besteht aus mindestens drei Personen, die hauptamtlich Lehrende beziehungsweise Lehrbeauftragte des Fachbereichs Landwirtschaftliche Sozialversicherung sind und von denen eine den Vorsitz führt.</P></Content></text></textdaten></norm>
<norm builddate="20241024214006" doknr="BJNR10E0A0024BJNE004400000"><metadaten><jurabk>GntDLSVVDV</jurabk><enbez>§ 42</enbez><titel format="XML">Ergebnis der Zwischenprüfung</titel></metadaten><textdaten><text format="XML"><Content><P>(1) Die Zwischenprüfung ist bestanden, wenn zwei Aufsichtsarbeiten mindestens mit der Note „ausreichend“ bewertet worden sind und insgesamt die Durchschnittsrangpunktzahl 5 erreicht worden ist.</P><P>(2) Ist die Zwischenprüfung nicht bestanden, kann sie spätestens fünf Monate nach Abschluss des Grundstudiums und frühestens einen Monat nach Bekanntgabe des Ergebnisses wiederholt werden.</P><P>(3) In begründeten Ausnahmefällen kann die Dienstbehörde eine zweite Wiederholung zulassen, wenn hinreichend Aussicht auf das Bestehen der Zwischenprüfung besteht.</P><P>(4) Das weitere Studium wird wegen der Wiederholung der Prüfung nicht ausgesetzt.</P><P>(5) Ist die Wiederholung der Zwischenprüfung endgültig nicht bestanden, ist das Studium beendet.</P><P>(6) Die Hochschule des Bundes erteilt der oder dem Studierenden über das Ergebnis der bestandenen Zwischenprüfung ein Zeugnis in schriftlicher oder elektronischer Form, das die Rangpunkte, die Noten und die Durchschnittsrangpunktzahl enthält.</P></Content></text></textdaten></norm>
<norm builddate="20241024214006" doknr="BJNR10E0A0024BJNG000800000"><metadaten><jurabk>GntDLSVVDV</jurabk><gliederungseinheit><gliederungskennzahl>040040</gliederungskennzahl><gliederungsbez>Unterabschnitt 4</gliederungsbez><gliederungstitel>Abschlussprüfung</gliederungstitel></gliederungseinheit></metadaten><textdaten/></norm>
<norm builddate="20241024214006" doknr="BJNR10E0A0024BJNE004500000"><metadaten><jurabk>GntDLSVVDV</jurabk><enbez>§ 43</enbez><titel format="XML">Ziel und Inhalt der Abschlussprüfung</titel></metadaten><textdaten><text format="XML"><Content><P>(1) Durch die Prüfung ist festzustellen, ob die Studierenden das Ziel des Studiums erreicht haben.</P><P>(2) Die Abschlussprüfung besteht aus einem schriftlichen und einem mündlichen Teil.</P><P>(3) Die Prüfung ist an den Lernzielen auszurichten. In ihr sollen die Studierenden nachweisen, dass sie gründliche Fachkenntnisse erworben haben und fähig sind, methodisch und selbständig auf wissenschaftlicher Grundlage zu arbeiten. Insoweit ist die Abschlussprüfung auch auf die Feststellung von Einzelkenntnissen gerichtet.</P></Content></text></textdaten></norm>
<norm builddate="20241024214006" doknr="BJNR10E0A0024BJNE004600000"><metadaten><jurabk>GntDLSVVDV</jurabk><enbez>§ 44</enbez><titel format="XML">Zusammensetzung der Prüfungskommission</titel></metadaten><textdaten><text format="XML"><Content><P>(1) Die Prüfungskommission besteht aus: <DL Type="arabic"><DT>1.</DT><DD Font="normal"><LA>einer oder einem Angehörigen des höheren Dienstes als Vorsitzende beziehungsweise Vorsitzender,</LA></DD><DT>2.</DT><DD Font="normal"><LA>zwei Angehörigen des höheren Dienstes als Beisitzerinnen beziehungsweise Beisitzer,</LA></DD><DT>3.</DT><DD Font="normal"><LA>zwei Angehörigen des gehobenen Dienstes als Beisitzerinnen beziehungsweise Beisitzer.</LA></DD></DL></P><P>(2) Mindestens drei der Mitglieder der Prüfungskommission sollen dem nichttechnischen Dienst angehören. Zwei der Mitglieder sollen Lehrende beziehungsweise Lehrbeauftrage des Fachbereichs Landwirtschaftliche Sozialversicherung sein.</P><P>(3) Anstelle der Angehörigen des höheren Dienstes können der Prüfungskommission Professorinnen beziehungsweise Professoren an Fachhochschulen der Verwaltung oder an gleichstehenden Bildungseinrichtungen der Verwaltung angehören. Der Prüfungskommission können auch andere Beschäftigte des öffentlichen Dienstes angehören, wenn sie dieselben fachlichen Voraussetzungen wie die Angehörigen des gehobenen oder höheren Dienstes erfüllen.</P></Content></text></textdaten></norm>
<norm builddate="20241024214006" doknr="BJNR10E0A0024BJNE004700000"><metadaten><jurabk>GntDLSVVDV</jurabk><enbez>§ 45</enbez><titel format="XML">Schriftlicher Teil</titel></metadaten><textdaten><text format="XML"><Content><P>(1) Die Prüfungsaufgaben des schriftlichen Teils bestimmt das Prüfungsamt des Fachbereichs Landwirtschaftliche Sozialversicherung auf Vorschlag der Dienstbehörde. Der Fachbereich Landwirtschaftliche Sozialversicherung wird bei der Erarbeitung beteiligt.</P><P>(2) Im schriftlichen Teil sind je eine schriftliche Aufsichtsarbeit aus den Studieninhalten des Hauptstudiums mit folgenden Aufgabenschwerpunkten zu erstellen: <DL Type="arabic"><DT>1.</DT><DD Font="normal"><LA>Kreis der versicherten Personen und Mitgliedschaft in der landwirtschaftlichen Sozialversicherung,</LA></DD><DT>2.</DT><DD Font="normal"><LA>Leistungen der landwirtschaftlichen Unfallversicherung,</LA></DD><DT>3.</DT><DD Font="normal"><LA>Leistungen in der Alterssicherung der Landwirte und Zusatzversorgung und Qualifizierung der Arbeitnehmer in der Land- und Forstwirtschaft,</LA></DD><DT>4.</DT><DD Font="normal"><LA>Leistungen der landwirtschaftlichen Krankenversicherung und Pflegeversicherung,</LA></DD><DT>5.</DT><DD Font="normal"><LA>Finanzierung und Beiträge der landwirtschaftlichen Sozialversicherung und</LA></DD><DT>6.</DT><DD Font="normal"><LA>Verwaltungsverfahren der Dienstbehörde und bereichsübergreifendes Leistungsrecht der landwirtschaftlichen Sozialversicherung.</LA></DD></DL></P><P>(3) Die übrigen Studieninhalte des Hauptstudiums sind bei der Aufgabenstellung angemessen zu berücksichtigen.</P><P>(4) Für die Bearbeitung ist eine Zeit von jeweils vier Zeitstunden anzusetzen.</P></Content></text></textdaten></norm>
<norm builddate="20241024214006" doknr="BJNR10E0A0024BJNE004800000"><metadaten><jurabk>GntDLSVVDV</jurabk><enbez>§ 46</enbez><titel format="XML">Zulassung zum mündlichen Teil</titel></metadaten><textdaten><text format="XML"><Content><P>(1) Zum mündlichen Teil wird zugelassen, wer für mindestens vier schriftliche Aufsichtsarbeiten mindestens die Bewertung „ausreichend“ erreicht hat.</P><P>(2) Wer zum mündlichen Teil nicht zugelassen ist, hat die Abschlussprüfung nicht bestanden.</P><P>(3) Die Zulassung oder Nichtzulassung ist der oder dem Studierenden rechtzeitig vor der mündlichen Prüfung durch das Prüfungsamt des Fachbereichs Landwirtschaftliche Sozialversicherung schriftlich oder elektronisch bekanntzugeben. Im Fall der Zulassung sollen dabei auch die in den einzelnen schriftlichen Aufsichtsarbeiten erzielten Rangpunkte mitgeteilt werden.</P></Content></text></textdaten></norm>
<norm builddate="20241024214006" doknr="BJNR10E0A0024BJNE004900000"><metadaten><jurabk>GntDLSVVDV</jurabk><enbez>§ 47</enbez><titel format="XML">Mündlicher Teil</titel></metadaten><textdaten><text format="XML"><Content><P>(1) Die Prüfungskommission bestimmt für das Prüfungsgespräch unterschiedliche Themen, die sich nach den Studieninhalten des Studienplans richten. Der mündliche Teil soll sich im Wesentlichen auf Studieninhalte des Hauptstudiums erstrecken, die nicht Gegenstand des schriftlichen Teils waren. Im Prüfungsgespräch können auch konkrete berufliche Situationen behandelt werden, zu denen die oder der Studierende unter rechtlichen, verfahrensmäßigen und verhaltensmäßigen Gesichtspunkten Lösungswege aufzeigen soll.</P><P>(2) Die oder der Vorsitzende der Prüfungskommission leitet die Prüfung und stellt sicher, dass die Studierenden in geeigneter Weise geprüft werden.</P><P>(3) Die Dauer des mündlichen Teils soll 40 Minuten je Prüfling nicht unterschreiten. Es sollen mindestens zwei und nicht mehr als fünf Studierende gleichzeitig geprüft werden.</P><P>(4) Die Prüfungskommission bewertet die Leistungen.</P><P>(5) Über den Ablauf des mündlichen Teils ist für jede Prüfungsgruppe ein Protokoll zu fertigen, das von den Mitgliedern der Prüfungskommission zu unterschreiben ist.</P><P>(6) Der mündliche Teil ist bestanden, wenn mindestens die Durchschnittsrangpunktzahl 5 erreicht worden ist.</P></Content></text></textdaten></norm>
<norm builddate="20241024214006" doknr="BJNR10E0A0024BJNE005000000"><metadaten><jurabk>GntDLSVVDV</jurabk><enbez>§ 48</enbez><titel format="XML">Wiederholung</titel></metadaten><textdaten><text format="XML"><Content><P>(1) Studierende, die die Abschlussprüfung nicht bestanden haben, können die Abschlussprüfung wiederholen.</P><P>(2) Das Prüfungsamt des Fachbereichs Landwirtschaftliche Sozialversicherung bestimmt auf Vorschlag der Prüfungskommission, innerhalb welcher Frist die Abschlussprüfung wiederholt werden kann. Die Wiederholungsfrist soll mindestens drei Monate betragen und ein Jahr nicht überschreiten. Die Abschlussprüfung ist vollständig zu wiederholen.</P><P>(3) Das Prüfungsamt des Fachbereichs Landwirtschaftliche Sozialversicherung kann auf Vorschlag der Prüfungskommission bestimmen, ob und welche Studienabschnitte die oder der Studierende zur Vorbereitung auf die Wiederholungsabschlussprüfung erneut zu absolvieren hat. Alle Leistungsnachweise sind innerhalb dieser zu wiederholenden Studienabschnitte erneut zu erbringen. Die dabei erreichten Rangpunkte und Noten ersetzen die bisherigen. Das Studium wird bis zum Ablauf der Wiederholungsfrist verlängert.</P><P>(4) Wird die Abschlussprüfung auch im Wiederholungsversuch nicht bestanden, so ist die Laufbahnprüfung endgültig nicht bestanden und das Studium beendet.</P><P>(5) In begründeten Ausnahmefällen kann die Dienstbehörde eine zweite Wiederholung zulassen, wenn hinreichend Aussicht auf das Bestehen der Abschlussprüfung besteht. Die Absätze 2 bis 4 gelten entsprechend.</P></Content></text></textdaten></norm>
<norm builddate="20241024214006" doknr="BJNR10E0A0024BJNG000900000"><metadaten><jurabk>GntDLSVVDV</jurabk><gliederungseinheit><gliederungskennzahl>040050</gliederungskennzahl><gliederungsbez>Unterabschnitt 5</gliederungsbez><gliederungstitel>Abschluss und Prüfungsakte</gliederungstitel></gliederungseinheit></metadaten><textdaten/></norm>
<norm builddate="20241024214006" doknr="BJNR10E0A0024BJNE005100000"><metadaten><jurabk>GntDLSVVDV</jurabk><enbez>§ 49</enbez><titel format="XML">Abschlussnote und Bestehen der Laufbahnprüfung</titel></metadaten><textdaten><text format="XML"><Content><P>(1) Im Anschluss an den mündlichen Teil der Abschlussprüfung setzt die Prüfungskommission die Abschlussnote der Laufbahnprüfung fest. Für die Festsetzung der Abschlussnote wird eine Durchschnittsrangpunktzahl gebildet, in die die folgenden Rangpunkte mit folgender Gewichtung eingehen: <DL Type="arabic"><DT>1.</DT><DD Font="normal"><LA>die Durchschnittsrangpunktzahl der Zwischenprüfung mit fünf Prozent,</LA></DD><DT>2.</DT><DD Font="normal"><LA>die Durchschnittsrangpunktzahl der Leistungsnachweise des Hauptstudiums, die keine Hausarbeit sind, mit sechs Prozent,</LA></DD><DT>3.</DT><DD Font="normal"><LA>die Rangpunkte der Hausarbeit mit drei Prozent,</LA></DD><DT>4.</DT><DD Font="normal"><LA>die Durchschnittsrangpunktzahl der Praktika mit neun Prozent,</LA></DD><DT>5.</DT><DD Font="normal"><LA>die Rangpunkte der sechs schriftlichen Aufsichtsarbeiten des schriftlichen Teils der Abschlussprüfung mit jeweils neun Prozent, insgesamt mit 54 Prozent,</LA></DD><DT>6.</DT><DD Font="normal"><LA>die Durchschnittsrangpunktzahl des mündlichen Teils der Abschlussprüfung mit 23 Prozent.</LA></DD></DL></P><P>(2) Die Laufbahnprüfung ist bestanden, wenn insgesamt und im mündlichen Teil der Abschlussprüfung jeweils mindestens die Durchschnittsrangpunktzahl 5 erreicht ist.</P><P>(3) Im Anschluss an die Beratung der Prüfungskommission gibt die oder der Vorsitzende den Studierenden das Prüfungsergebnis mündlich bekannt.</P><P>(4) Ist die Laufbahnprüfung nicht bestanden, gibt das Prüfungsamt des Fachbereichs Landwirtschaftliche Sozialversicherung der oder dem Studierenden dies in schriftlicher oder elektronischer Form bekannt.</P></Content></text></textdaten></norm>
<norm builddate="20241024214006" doknr="BJNR10E0A0024BJNE005200000"><metadaten><jurabk>GntDLSVVDV</jurabk><enbez>§ 50</enbez><titel format="XML">Abschlusszeugnis</titel></metadaten><textdaten><text format="XML"><Content><P>(1) Das Prüfungsamt des Fachbereichs Landwirtschaftliche Sozialversicherung erteilt der oder dem Studierenden über das Ergebnis der bestandenen Laufbahnprüfung ein Abschlusszeugnis in schriftlicher oder elektronischer Form.</P><P>(2) Das Abschlusszeugnis enthält: <DL Type="arabic"><DT>1.</DT><DD Font="normal"><LA>die Feststellung, dass die oder der Studierende die Laufbahnprüfung bestanden und die Befähigung für den gehobenen nichttechnischen Verwaltungsdienst des Bundes erlangt hat,</LA></DD><DT>2.</DT><DD Font="normal"><LA>die Durchschnittsrangpunktzahl nach § 49 Absatz 1 Satz 2 und</LA></DD><DT>3.</DT><DD Font="normal"><LA>die Abschlussnote.</LA></DD></DL></P><P>(3) Fehler und offensichtliche Unrichtigkeiten bei der Ermittlung oder Mitteilung der Prüfungsergebnisse werden durch das Prüfungsamt des Fachbereichs Landwirtschaftliche Sozialversicherung berichtigt. Unrichtige schriftliche Abschlusszeugnisse sind zurückzugeben, unrichtige Abschlusszeugnisse in elektronischer Form zu löschen.</P></Content></text></textdaten></norm>
<norm builddate="20241024214006" doknr="BJNR10E0A0024BJNE005300000"><metadaten><jurabk>GntDLSVVDV</jurabk><enbez>§ 51</enbez><titel format="XML">Prüfungsakten; Einsichtnahme</titel></metadaten><textdaten><text format="XML"><Content><P>(1) Zu jeder und jedem Studierenden führt das Prüfungsamt des Fachbereichs Landwirtschaftliche Sozialversicherung eine Prüfungsakte.</P><P>(2) In die Prüfungsakte sind aufzunehmen: <DL Type="arabic"><DT>1.</DT><DD Font="normal"><LA>der Einsatzplan,</LA></DD><DT>2.</DT><DD Font="normal"><LA>die Bewertungen der Leistungsnachweise,</LA></DD><DT>3.</DT><DD Font="normal"><LA>die Praktikumsbewertungen,</LA></DD><DT>4.</DT><DD Font="normal"><LA>die Bewertungen der schriftlichen Prüfungsleistungen,</LA></DD><DT>5.</DT><DD Font="normal"><LA>die Protokolle der schriftlichen Aufsichtsarbeiten,</LA></DD><DT>6.</DT><DD Font="normal"><LA>eine Ausfertigung des Zeugnisses über das Bestehen der Zwischenprüfung oder der Bescheid über das Nichtbestehen der Zwischenprüfung,</LA></DD><DT>7.</DT><DD Font="normal"><LA>eine Ausfertigung des Abschlusszeugnisses oder der Bescheid über das Nichtbestehen der Abschlussprüfung,</LA></DD><DT>8.</DT><DD Font="normal"><LA>Ausfertigungen von Entscheidungen über die Gewährung von Nachteilsausgleichen,</LA></DD><DT>9.</DT><DD Font="normal"><LA>das Protokoll über den mündlichen Teil der Abschlussprüfung und</LA></DD><DT>10.</DT><DD Font="normal"><LA>die Feststellung des Gesamtergebnisses der Laufbahnprüfung.</LA></DD></DL></P><P>(3) Das Prüfungsamt des Fachbereichs Landwirtschaftliche Sozialversicherung gewährt der oder dem Studierenden auf Antrag Einsicht in die Prüfungsakte.</P></Content></text></textdaten></norm>
<norm builddate="20241024214006" doknr="BJNR10E0A0024BJNG001000000"><metadaten><jurabk>GntDLSVVDV</jurabk><gliederungseinheit><gliederungskennzahl>050</gliederungskennzahl><gliederungsbez>Abschnitt 5</gliederungsbez><gliederungstitel>Übergangs- und Schlussvorschriften</gliederungstitel></gliederungseinheit></metadaten><textdaten/></norm>
<norm builddate="20241024214006" doknr="BJNR10E0A0024BJNE005400000"><metadaten><jurabk>GntDLSVVDV</jurabk><enbez>§ 52</enbez><titel format="XML">Übergangsvorschriften</titel></metadaten><textdaten><text format="XML"><Content><P>Für Studierende, die vor dem 1. Oktober 2023 ein Studium bei der Dienstbehörde begonnen haben, ist diese Verordnung nicht anzuwenden.</P></Content></text></textdaten></norm>
<norm builddate="20241024214006" doknr="BJNR10E0A0024BJNE005500000"><metadaten><jurabk>GntDLSVVDV</jurabk><enbez>§ 53</enbez><titel format="XML">Inkrafttreten</titel></metadaten><textdaten><text format="XML"><Content><P>(1) Diese Verordnung tritt vorbehaltlich des Absatzes 2 mit Wirkung vom 1. Oktober 2023 in Kraft.</P><P>(2) Abschnitt 2 dieser Verordnung tritt am 1. Oktober 2024 in Kraft.</P></Content></text></textdaten></norm>
</dokumente>