<?xml version="1.0" encoding="UTF-8" ?><!DOCTYPE dokumente SYSTEM "http://www.gesetze-im-internet.de/dtd/1.01/gii-norm.dtd">
<dokumente builddate="20120625150010" doknr="BJNR046700096"><norm builddate="20120625150010" doknr="BJNR046700096"><metadaten><jurabk>ÖlHaftÜbk 1992</jurabk><ausfertigung-datum manuell="ja">1992-11-27</ausfertigung-datum><fundstelle typ="amtlich"><periodikum>BGBl II</periodikum><zitstelle>1996, 671</zitstelle></fundstelle><kurzue>Haftungsübereinkommen von 1992</kurzue><langue>Internationales Übereinkommen von 1992 über die zivilrechtliche Haftung 
für Ölverschmutzungsschäden</langue></metadaten><textdaten><fussnoten><Content><P>Neufassung des Übereinkommens von 1969 - vgl. Bek. v. 23.4.1996 II 670 -</P></Content></fussnoten></textdaten></norm>
</dokumente>