<?xml version="1.0" encoding="UTF-8" ?><!DOCTYPE dokumente SYSTEM "http://www.gesetze-im-internet.de/dtd/1.01/gii-norm.dtd">
<dokumente builddate="20240424214513" doknr="BJNR504230998"><norm builddate="20240424214513" doknr="BJNR504230998"><metadaten><jurabk>LuftVODV 187</jurabk><ausfertigung-datum manuell="ja">1998-02-16</ausfertigung-datum><fundstelle typ="amtlich"><periodikum>BAnz</periodikum><zitstelle>1998, Nr 42, 2713</zitstelle></fundstelle><fundstelle typ="amtlich"><periodikum>BAnz</periodikum><zitstelle>1998, 2713</zitstelle></fundstelle><langue>Hundertsiebenundachtzigste Durchführungsverordnung
zur Luftverkehrs-Ordnung (Festlegung von
Flugverfahren für An- und Abflüge nach
Sichtflugregeln zum und vom
Flughafen Stuttgart)</langue></metadaten><textdaten><text format="decorated"/><fussnoten><Content><P>Wegen nicht darstellbarer Zeichen nur mit der Überschrift aufgenommen.</P></Content></fussnoten></textdaten></norm>
</dokumente>