<?xml version="1.0" encoding="UTF-8" ?><!DOCTYPE dokumente SYSTEM "http://www.gesetze-im-internet.de/dtd/1.01/gii-norm.dtd">
<dokumente builddate="20120625151910" doknr="BJNR007490977"><norm builddate="20120625151910" doknr="BJNR007490977"><metadaten><jurabk>OFDSaarbrAufgV</jurabk><ausfertigung-datum manuell="ja">1977-05-09</ausfertigung-datum><fundstelle typ="amtlich"><periodikum>BGBl I</periodikum><zitstelle>1977, 749</zitstelle></fundstelle><langue>Verordnung zur Übertragung von Aufgaben der Oberfinanzdirektion
Saarbrücken</langue></metadaten><textdaten><text format="XML"><Content><P/></Content></text><fussnoten><Content><P>(+++ Textnachweis ab:  1. 7.1977 +++)</P></Content></fussnoten></textdaten></norm>
<norm builddate="20120625151910" doknr="BJNR007490977BJNE000100311"><metadaten><jurabk>OFDSaarbrAufgV</jurabk><enbez>Eingangsformel</enbez></metadaten><textdaten><text format="XML"><Content><P>Auf Grund des § 8 Abs. 3 des Finanzverwaltungsgesetzes in der Fassung des Artikels 5 des Finanzanpassungsgesetzes vom 30. August 1971 (BGBl. I S. 1426) wird verordnet:</P></Content></text></textdaten></norm>
<norm builddate="20120625151910" doknr="BJNR007490977BJNE000200311"><metadaten><jurabk>OFDSaarbrAufgV</jurabk><enbez>§ 1</enbez></metadaten><textdaten><text format="XML"><Content><P>Die Aufgaben der Bundesvermögensabteilung der Oberfinanzdirektion Saarbrücken werden auf die Bundesvermögensabteilung der Oberfinanzdirektion Koblenz übertragen. Sitz und Bezirk der örtlichen Behörden ändern sich hierdurch nicht.</P></Content></text></textdaten></norm>
<norm builddate="20120625151910" doknr="BJNR007490977BJNE000300311"><metadaten><jurabk>OFDSaarbrAufgV</jurabk><enbez>§ 2</enbez></metadaten><textdaten><text format="XML"><Content><P>Diese Verordnung gilt nach Maßgabe des § 14 des Dritten Überleitungsgesetzes in Verbindung mit § 23 des Finanzverwaltungsgesetzes auch im Land Berlin.</P></Content></text></textdaten></norm>
<norm builddate="20120625151910" doknr="BJNR007490977BJNE000400311"><metadaten><jurabk>OFDSaarbrAufgV</jurabk><enbez>§ 3</enbez></metadaten><textdaten><text format="XML"><Content><P>Diese Verordnung tritt am 1. Juli 1977 in Kraft.</P></Content></text></textdaten></norm>
<norm builddate="20120625151910" doknr="BJNR007490977BJNE000500311"><metadaten><jurabk>OFDSaarbrAufgV</jurabk><enbez>Schlußformel</enbez></metadaten><textdaten><text format="XML"><Content><P><SP>Der Bundesminister der Finanzen</SP></P></Content></text></textdaten></norm>
</dokumente>