<?xml version="1.0" encoding="UTF-8" ?><!DOCTYPE dokumente SYSTEM "http://www.gesetze-im-internet.de/dtd/1.01/gii-norm.dtd">
<dokumente builddate="20120625145838" doknr="BJNR113620982"><norm builddate="20120625145838" doknr="BJNR113620982"><metadaten><jurabk>WZG§35DOMBek</jurabk><ausfertigung-datum manuell="ja">1982-09-20</ausfertigung-datum><fundstelle typ="amtlich"><periodikum>BGBl I</periodikum><zitstelle>1982, 1362</zitstelle></fundstelle><langue>Bekanntmachung zu § 35 des Warenzeichengesetzes</langue></metadaten><textdaten><text format="XML"><Content><P/></Content></text><fussnoten><Content><P>(+++ Textnachweis ab: 28. 9.1982 +++)</P></Content></fussnoten></textdaten></norm>
<norm builddate="20120625145838" doknr="BJNR113620982BJNE000100303"><metadaten><jurabk>WZG§35DOMBek</jurabk><enbez>(XXXX)</enbez></metadaten><textdaten><text format="XML"><Content><P>Auf Grund des § 35 Abs. 3 Satz 2 des Warenzeichengesetzes in der Fassung der Bekanntmachung vom 2. Januar 1968 (BGBl. I S. 1, 29) wird gemäß einer Erklärung des dominikanischen Außenministeriums bekanntgemacht: <BR/>Deutsche Staatsangehörige, die ein Warenzeichen in der Dominikanischen Republik anmelden, brauchen nicht den Nachweis zu erbringen, daß sie für das Zeichen in dem Staat, in dem sich ihre Niederlassung befindet, den Markenschutz nachgesucht und erhalten haben.</P></Content></text></textdaten></norm>
<norm builddate="20120625145838" doknr="BJNR113620982BJNE000200303"><metadaten><jurabk>WZG§35DOMBek</jurabk><enbez>Schlussformel</enbez></metadaten><textdaten><text format="XML"><Content><P>Der Bundesminister der Justiz</P></Content></text></textdaten></norm>
</dokumente>