<?xml version="1.0" encoding="UTF-8" ?><!DOCTYPE dokumente SYSTEM "http://www.gesetze-im-internet.de/dtd/1.01/gii-norm.dtd">
<dokumente builddate="20151215215043" doknr="BJNR179100005"><norm builddate="20151215215043" doknr="BJNR179100005"><metadaten><jurabk>TelekomJubV</jurabk><amtabk>TelekomJubV</amtabk><ausfertigung-datum manuell="ja">2005-06-21</ausfertigung-datum><fundstelle typ="amtlich"><periodikum>BGBl I</periodikum><zitstelle>2005, 1791</zitstelle></fundstelle><kurzue>Telekom-Jubiläumsverordnung</kurzue><langue>Verordnung über die Gewährung von Jubiläumszuwendungen an Beamtinnen und
Beamte bei der Deutschen Telekom AG</langue><standangabe checked="ja"><standtyp>Stand</standtyp><standkommentar>Geändert durch Art. 2 V v. 12.10.2015 I 1685</standkommentar></standangabe></metadaten><textdaten><text format="XML"><Content><P/></Content></text><fussnoten><Content><P><BR/> <pre xml:space="preserve">(+++ Textnachweis ab: 29. 6.2005 +++)<BR/> <BR/>Kurzüberschrift: IdF d. Art. 2 Nr. 1 V v. 12.10.2015 I 1685 mWv 21.10.2015</pre></P></Content></fussnoten></textdaten></norm>
<norm builddate="20151215215043" doknr="BJNR179100005BJNE000100000"><metadaten><jurabk>TelekomJubV</jurabk><enbez>Eingangsformel</enbez></metadaten><textdaten><text format="XML"><Content><P>Auf Grund des § 3 Abs. 5 des Postpersonalrechtsgesetzes vom 14. September 1994 (BGBl. I S. 2325, 2353), der durch Artikel 1 Nr. 3 des Gesetzes vom 9. November 2004 (BGBl. I S. 2774) eingefügt worden ist, verordnet das Bundesministerium der Finanzen auf Vorschlag des Vorstands der Deutschen Telekom AG:</P></Content></text></textdaten></norm>
<norm builddate="20151215215043" doknr="BJNR179100005BJNE000201305"><metadaten><jurabk>TelekomJubV</jurabk><enbez>§ 1</enbez><titel format="XML">Geltungsbereich</titel></metadaten><textdaten><text format="XML"><Content><P>Ergänzend zu den Vorschriften der Dienstjubiläumsverordnung vom 18. Dezember 2014 (BGBl. I S. 2267) gelten für die Beamtinnen und Beamten, die bei der Deutschen Telekom AG beschäftigt sind, die Vorschriften des § 2. Gleiches gilt auch für die Beamtinnen und Beamten bei der Deutschen Telekom AG, denen nach § 4 Abs. 4 des Postpersonalrechtsgesetzes Tätigkeiten bei Unternehmen zugewiesen sind.</P></Content></text><fussnoten/></textdaten></norm>
<norm builddate="20151215215043" doknr="BJNR179100005BJNE000301305"><metadaten><jurabk>TelekomJubV</jurabk><enbez>§ 2</enbez><titel format="XML">Jubiläumszuwendung</titel></metadaten><textdaten><text format="XML"><Content><P>(1) Anstelle der Jubiläumszuwendung nach § 2 Absatz 2 der Dienstjubiläumsverordnung können die Beamtinnen und Beamten nach § 1 aus einem wertmäßig dieser Jubiläumszuwendung entsprechenden Angebot von Sachbezügen oder von anderen Vergünstigungen wählen, die die Deutsche Telekom AG auch für ihre Arbeitnehmerinnen und Arbeitnehmer auf Grund von Betriebsvereinbarungen mit dem Gesamtbetriebsrat oder dem Konzernbetriebsrat oder von Tarifverträgen aus gleichem Anlass bereitstellt. Die Beamtinnen und Beamten sind spätestens zwei Monate vor dem Tag des Dienstjubiläums über das Angebot zu informieren.</P><P>(2) Üben die Beamtinnen und Beamten ihr Wahlrecht bis vier Wochen vor dem Jubiläumstag nicht aus oder verzichten sie bis dahin ausdrücklich auf ihr Wahlrecht, gilt § 2 Absatz 2 der Dienstjubiläumsverordnung.</P></Content></text><fussnoten/></textdaten></norm>
<norm builddate="20151215215043" doknr="BJNR179100005BJNE000400000"><metadaten><jurabk>TelekomJubV</jurabk><enbez>§ 3</enbez><titel format="parat">Inkrafttreten</titel></metadaten><textdaten><text format="XML"><Content><P>Diese Verordnung tritt am Tag nach der Verkündung in Kraft.</P></Content></text></textdaten></norm>
</dokumente>