<?xml version="1.0" encoding="UTF-8" ?><!DOCTYPE dokumente SYSTEM "http://www.gesetze-im-internet.de/dtd/1.01/gii-norm.dtd">
<dokumente builddate="20251231215623" doknr="BJNR211800022"><norm builddate="20251231215623" doknr="BJNR211800022"><metadaten><jurabk>HZAZustV 2023</jurabk><amtabk>HZAZustV</amtabk><ausfertigung-datum manuell="ja">2022-11-22</ausfertigung-datum><fundstelle typ="amtlich"><periodikum>BGBl I</periodikum><zitstelle>2022, 2118</zitstelle></fundstelle><kurzue>Hauptzollamtszuständigkeitsverordnung</kurzue><langue>Verordnung zur Übertragung von Zuständigkeiten auf Hauptzollämter für den Bereich mehrerer Hauptzollämter</langue><standangabe checked="ja"><standtyp>Stand</standtyp><standkommentar>Zuletzt geändert durch Art. 2 V v. 1.12.2025 I Nr. 300</standkommentar></standangabe><standangabe checked="ja"><standtyp>Sonst</standtyp><standkommentar>Ersetzt V 600-1-3-20 v. 14.2.2022 I 175 (HZAZustV 2022)</standkommentar></standangabe></metadaten><textdaten><fussnoten><Content><P><BR/> <pre xml:space="preserve">(+++ Textnachweis ab: 1.1.2023 +++)<BR/>(+++ EU-Vollzitate: vgl. Liste EU-Rechtsakte V v. 1.12.2025 I Nr. 300 +++)<BR/><BR/></pre></P></Content></fussnoten></textdaten></norm>
<norm builddate="20251231215623" doknr="BJNR211800022BJNE000100000"><metadaten><jurabk>HZAZustV 2023</jurabk><jurabk>HZAZustV</jurabk><enbez>Eingangsformel</enbez></metadaten><textdaten><text format="XML"><Content><P>Auf Grund des § 12 Absatz 3 des Finanzverwaltungsgesetzes, der durch Artikel 1 Nummer 7 Buchstabe b des Gesetzes vom 3. Dezember 2015 (BGBl. I S. 2178) geändert worden ist, und des § 387 Absatz 2 Satz 1 bis 3 sowie des § 409 Satz 2 in Verbindung mit § 387 Absatz 2 Satz 1 bis 3 der Abgabenordnung in der Fassung der Bekanntmachung vom 1. Oktober 2002 (BGBl. I S. 3866; 2003 I S. 61) verordnet das Bundesministerium der Finanzen:</P></Content></text></textdaten></norm>
<norm builddate="20251231215623" doknr="BJNR211800022BJNE000201123"><metadaten><jurabk>HZAZustV 2023</jurabk><jurabk>HZAZustV</jurabk><enbez>Inhaltsübersicht</enbez></metadaten><textdaten><text format="XML"><Content><TOC><Ident Class="S0">Abschnitt 1</Ident><P/><Title Align="auto" Class="S0">Allgemeine Vorschriften</Title><P/><table colsep="0" frame="none" pgwide="1" rowsep="0" tocentry="%yes;"><tgroup align="left" char="" charoff="50" cols="2"><colspec colname="col1" colwidth="8*"/><colspec colname="col2" colwidth="72*"/><tbody valign="top"><row><entry VJ="1" colname="col1">§  1</entry><entry VJ="1" colname="col2">Anwendungsbereich, Begriffsbestimmungen</entry></row></tbody></tgroup></table><P/><Ident Class="S0">Abschnitt 2</Ident><P/><Title Align="auto" Class="S0">Zuständigkeitsübertragungen</Title><P/><table colsep="0" frame="none" pgwide="1" rowsep="0" tocentry="%yes;"><tgroup align="left" char="" charoff="50" cols="2"><colspec colname="col1" colwidth="8*"/><colspec colname="col2" colwidth="72*"/><tbody valign="top"><row><entry VJ="1" colname="col1">§  2</entry><entry VJ="1" colname="col2">Hauptzollamt Aachen</entry></row><row><entry VJ="1" colname="col1">§  3</entry><entry VJ="1" colname="col2">Hauptzollamt Augsburg</entry></row><row><entry VJ="1" colname="col1">§  4</entry><entry VJ="1" colname="col2">Hauptzollamt Berlin</entry></row><row><entry VJ="1" colname="col1">§  5</entry><entry VJ="1" colname="col2">Hauptzollamt Bielefeld</entry></row><row><entry VJ="1" colname="col1">§  6</entry><entry VJ="1" colname="col2">Hauptzollamt Braunschweig</entry></row><row><entry VJ="1" colname="col1">§  7</entry><entry VJ="1" colname="col2">Hauptzollamt Bremen</entry></row><row><entry VJ="1" colname="col1">§  8</entry><entry VJ="1" colname="col2">Hauptzollamt Darmstadt</entry></row><row><entry VJ="1">§  9</entry><entry VJ="1">Hauptzollamt Dortmund</entry></row><row><entry VJ="1" colname="col1">§ 10</entry><entry VJ="1" colname="col2">Hauptzollamt Dresden</entry></row><row><entry VJ="1" colname="col1">§ 11</entry><entry VJ="1" colname="col2">Hauptzollamt Duisburg</entry></row><row><entry VJ="1" colname="col1">§ 12</entry><entry VJ="1" colname="col2">Hauptzollamt Düsseldorf</entry></row><row><entry VJ="1" colname="col1">§ 13</entry><entry VJ="1" colname="col2">Hauptzollamt Erfurt</entry></row><row><entry VJ="1" colname="col1">§ 14</entry><entry VJ="1" colname="col2">Hauptzollamt Frankfurt am Main</entry></row><row><entry VJ="1" colname="col1">§ 15</entry><entry VJ="1" colname="col2">Hauptzollamt Frankfurt (Oder)</entry></row><row><entry VJ="1" colname="col1">§ 16</entry><entry VJ="1" colname="col2">Hauptzollamt Gießen</entry></row><row><entry VJ="1" colname="col1">§ 17</entry><entry VJ="1" colname="col2">Hauptzollamt Hamburg</entry></row><row><entry VJ="1" colname="col1">§ 18</entry><entry VJ="1" colname="col2">Hauptzollamt Hannover</entry></row><row><entry VJ="1" colname="col1">§ 19</entry><entry VJ="1" colname="col2">Hauptzollamt Heilbronn</entry></row><row><entry VJ="1" colname="col1">§ 20</entry><entry VJ="1" colname="col2">Hauptzollamt Itzehoe</entry></row><row><entry VJ="1" colname="col1">§ 21</entry><entry VJ="1" colname="col2">Hauptzollamt Karlsruhe</entry></row><row><entry VJ="1" colname="col1">§ 22</entry><entry VJ="1" colname="col2">Hauptzollamt Kiel</entry></row><row><entry VJ="1" colname="col1">§ 23</entry><entry VJ="1" colname="col2">Hauptzollamt Koblenz</entry></row><row><entry VJ="1" colname="col1">§ 24</entry><entry VJ="1" colname="col2">Hauptzollamt Köln</entry></row><row><entry VJ="1" colname="col1">§ 25</entry><entry VJ="1" colname="col2">Hauptzollamt Krefeld</entry></row><row><entry VJ="1" colname="col1">§ 26</entry><entry VJ="1" colname="col2">Hauptzollamt Landshut</entry></row><row><entry VJ="1" colname="col1">§ 27</entry><entry VJ="1" colname="col2">Hauptzollamt Lörrach</entry></row><row><entry VJ="1" colname="col1">§ 28</entry><entry VJ="1" colname="col2">Hauptzollamt Magdeburg</entry></row><row><entry VJ="1" colname="col1">§ 29</entry><entry VJ="1" colname="col2">Hauptzollamt München</entry></row><row><entry VJ="1" colname="col1">§ 30</entry><entry VJ="1" colname="col2">Hauptzollamt Münster</entry></row><row><entry VJ="1" colname="col1">§ 31</entry><entry VJ="1" colname="col2">Hauptzollamt Nürnberg</entry></row><row><entry VJ="1" colname="col1">§ 32</entry><entry VJ="1" colname="col2">Hauptzollamt Oldenburg</entry></row><row><entry VJ="1" colname="col1">§ 33</entry><entry VJ="1" colname="col2">Hauptzollamt Osnabrück</entry></row><row><entry VJ="1" colname="col1">§ 34</entry><entry VJ="1" colname="col2">Hauptzollamt Potsdam</entry></row><row><entry VJ="1" colname="col1">§ 35</entry><entry VJ="1" colname="col2">Hauptzollamt Regensburg</entry></row><row><entry VJ="1" colname="col1">§ 36</entry><entry VJ="1" colname="col2">Hauptzollamt Rosenheim</entry></row><row><entry VJ="1" colname="col1">§ 37</entry><entry VJ="1" colname="col2">Hauptzollamt Saarbrücken</entry></row><row><entry VJ="1" colname="col1">§ 38</entry><entry VJ="1" colname="col2">Hauptzollamt Schweinfurt</entry></row><row><entry VJ="1" colname="col1">§ 39</entry><entry VJ="1" colname="col2">Hauptzollamt Singen</entry></row><row><entry VJ="1" colname="col1">§ 40</entry><entry VJ="1" colname="col2">Hauptzollamt Stuttgart</entry></row><row><entry VJ="1" colname="col1">§ 41</entry><entry VJ="1" colname="col2">Hauptzollamt Ulm</entry></row></tbody></tgroup></table><P/><Ident Class="S0">Abschnitt 3</Ident><P/><Title Align="auto" Class="S0">Schlussbestimmungen</Title><P/><table colsep="0" frame="none" pgwide="1" rowsep="0" tocentry="%yes;"><tgroup align="left" char="" charoff="50" cols="2"><colspec colname="col1" colwidth="12*"/><colspec colname="col2" colwidth="68*"/><tbody valign="top"><row><entry VJ="1" colname="col1">§ 42</entry><entry VJ="1" colname="col2">Inkrafttreten, Außerkrafttreten</entry></row></tbody></tgroup></table></TOC></Content></text><fussnoten/></textdaten></norm>
<norm builddate="20251231215623" doknr="BJNR211800022BJNG000100000"><metadaten><jurabk>HZAZustV 2023</jurabk><jurabk>HZAZustV</jurabk><gliederungseinheit><gliederungskennzahl>010</gliederungskennzahl><gliederungsbez>Abschnitt 1</gliederungsbez><gliederungstitel>Allgemeine Vorschriften</gliederungstitel></gliederungseinheit></metadaten><textdaten/></norm>
<norm builddate="20251231215623" doknr="BJNR211800022BJNE000301123"><metadaten><jurabk>HZAZustV 2023</jurabk><jurabk>HZAZustV</jurabk><enbez>§ 1</enbez><titel format="XML">Anwendungsbereich, Begriffsbestimmungen</titel></metadaten><textdaten><text format="XML"><Content><P>(1) Die in Abschnitt 2 dieser Verordnung aufgeführten Zuständigkeitsübertragungen für die Festsetzung und die Erhebung der Kraftfahrzeugsteuer schließen die Zuständigkeit für das gerichtliche und das außergerichtliche Rechtsbehelfsverfahren mit ein. Satz 1 gilt nicht für die Festsetzung und die Erhebung der Kraftfahrzeugsteuer mittels Steuerkarte durch die Zollämter und die Kontrolleinheiten der Sachgebiete C in folgenden Fällen: <DL Font="normal" Type="arabic"><DT>1.</DT><DD Font="normal"><LA Size="normal">bei vorübergehendem Aufenthalt ausländischer Fahrzeuge im Inland,</LA></DD><DT>2.</DT><DD Font="normal"><LA Size="normal">bei einer widerrechtlichen Benutzung ausländischer Fahrzeuge nach § 2 Absatz 5 Satz 1 des Kraftfahrzeugsteuergesetzes sowie</LA></DD><DT>3.</DT><DD Font="normal"><LA Size="normal">bei der Bearbeitung dazu eingehender Erstattungsanträge durch das jeweilige Sachgebiet B.</LA></DD></DL></P><P>(2) Die Übertragung der Zuständigkeit für Prüfungen umfasst weder die Zuständigkeit für die Anordnung von Prüfungen noch für die sich aus den Feststellungen ergebenden Maßnahmen.</P><P>(3) Zollprüfungen sind nachträgliche Prüfungen auf dem Gebiet des Zollrechts, einschließlich der Prüfung des Verkehrs mit verbrauchsteuerpflichtigen Waren oder Marktordnungswaren über die Grenzen der Europäischen Union.</P><P>(4) Präferenzprüfungen sind nachträgliche Prüfungen der Warenausfuhr zu Präferenzbedingungen auf Grund völkerrechtlicher Verträge oder auf Grund des Rechts der Europäischen Union.</P><P>(5) Außenprüfungen sind nachträgliche Prüfungen auf dem Gebiet der Verbrauchsteuern und der Verkehrsteuern.</P><P>(6) Außenwirtschaftsprüfungen sind nachträgliche Prüfungen der Einhaltung <DL Font="normal" Type="arabic"><DT>1.</DT><DD Font="normal"><LA Size="normal">des Außenwirtschaftsgesetzes und der zu diesem Gesetz erlassenen Rechtsverordnungen und Anordnungen sowie</LA></DD><DT>2.</DT><DD Font="normal"><LA Size="normal">von Rechtsakten des Rates oder der Kommission der Europäischen Union im Bereich des Außenwirtschaftsrechts.</LA></DD></DL></P><P>(7) Überwachungsmaßnahmen sind durch den Prüfungsdienst vorgenommene Maßnahmen der zollamtlichen und der außenwirtschaftsrechtlichen Überwachung sowie der Steueraufsicht.</P><P>(8) Sonderprüfungen sind Prüfungen der Selbstkosten nach § 9 des Zollverwaltungsgesetzes und Prüfungen der wirtschaftlichen Lage.</P><P>(9) Die in Abschnitt 2 dieser Verordnung aufgeführten Zuständigkeitsübertragungen für die Finanzkontrolle Schwarzarbeit umfassen die Wahrnehmung der den Behörden der Zollverwaltung übertragenen Aufgaben im Zusammenhang mit der Bekämpfung der Schwarzarbeit und der illegalen Beschäftigung.</P><P>(10) Die in Abschnitt 2 dieser Verordnung aufgeführten Zuständigkeitsübertragungen für Straf- und Bußgeldsachen umfassen weder die Ermittlung von Straftaten noch die Verfolgung und Ahndung von Ordnungswidrigkeiten durch die Finanzkontrolle Schwarzarbeit.</P><P>(11) Die in Abschnitt 2 dieser Verordnung aufgeführten Zuständigkeitsübertragungen für den Aufgabenbereich Vollstreckung umfassen <DL Font="normal" Type="arabic"><DT>1.</DT><DD Font="normal"><LA Size="normal">die Vollstreckung wegen Geldforderungen und die Erzwingung von Sicherheiten, sofern diese Aufgaben Hauptzollämtern als Vollstreckungsbehörden obliegen, sowie</LA></DD><DT>2.</DT><DD Font="normal"><LA Size="normal">die Anforderung von Säumniszuschlägen durch die Vollstreckungsbehörden, einschließlich der Verwertung beweglicher Sachen.</LA></DD></DL></P></Content></text><fussnoten/></textdaten></norm>
<norm builddate="20251231215623" doknr="BJNR211800022BJNG000200000"><metadaten><jurabk>HZAZustV 2023</jurabk><jurabk>HZAZustV</jurabk><gliederungseinheit><gliederungskennzahl>020</gliederungskennzahl><gliederungsbez>Abschnitt 2</gliederungsbez><gliederungstitel>Zuständigkeitsübertragungen</gliederungstitel></gliederungseinheit></metadaten><textdaten/></norm>
<norm builddate="20251231215623" doknr="BJNR211800022BJNE000400000"><metadaten><jurabk>HZAZustV 2023</jurabk><jurabk>HZAZustV</jurabk><enbez>§ 2</enbez><titel format="XML">Hauptzollamt Aachen</titel></metadaten><textdaten><text format="XML"><Content><P>Dem Hauptzollamt Aachen werden die Zuständigkeiten übertragen für <DL Type="arabic"><DT>1.</DT><DD Font="normal"><LA>die Suchverfahren im Rahmen zollrechtlicher Versandverfahren, einschließlich der Inanspruchnahme von Bürgen in Suchverfahren und der Abgabenerhebung in Suchverfahren, <DL Type="alpha"><DT>a)</DT><DD Font="normal"><LA>der Hauptzollämter Bielefeld, Dortmund, Duisburg, Düsseldorf, Köln, Krefeld und Münster,</LA></DD><DT>b)</DT><DD Font="normal"><LA>aller Hauptzollämter bundesweit, wenn das Hauptzollamt Aachen als erstes mit dem Suchverfahren befasst ist,</LA></DD></DL></LA></DD><DT>2.</DT><DD Font="normal"><LA>die Straf- und Bußgeldsachen des Hauptzollamts Köln sowie</LA></DD><DT>3.</DT><DD Font="normal"><LA>den Aufgabenbereich Vollstreckung des Hauptzollamts Köln, mit Ausnahme des Oberbergischen Kreises, des Rheinisch-Bergischen Kreises und der kreisfreien Stadt Leverkusen.</LA></DD></DL></P></Content></text></textdaten></norm>
<norm builddate="20251231215623" doknr="BJNR211800022BJNE000501123"><metadaten><jurabk>HZAZustV 2023</jurabk><jurabk>HZAZustV</jurabk><enbez>§ 3</enbez><titel format="XML">Hauptzollamt Augsburg</titel></metadaten><textdaten><text format="XML"><Content><P>Dem Hauptzollamt Augsburg werden die Zuständigkeiten übertragen für <DL Font="normal" Type="arabic"><DT>1.</DT><DD Font="normal"><LA Size="normal">die Festsetzung und die Erhebung der Kraftfahrzeugsteuer des Hauptzollamts Rosenheim,</LA></DD><DT>2.</DT><DD Font="normal"><LA Size="normal">die Straf- und Bußgeldsachen der Hauptzollämter Landshut, München und Rosenheim.</LA></DD></DL></P></Content></text><fussnoten/></textdaten></norm>
<norm builddate="20251231215623" doknr="BJNR211800022BJNE000601123"><metadaten><jurabk>HZAZustV 2023</jurabk><jurabk>HZAZustV</jurabk><enbez>§ 4</enbez><titel format="XML">Hauptzollamt Berlin</titel></metadaten><textdaten><text format="XML"><Content><P>Dem Hauptzollamt Berlin werden die Zuständigkeiten übertragen für <DL Font="normal" Type="arabic"><DT>1.</DT><DD Font="normal"><LA Size="normal">die Vergütung der Energiesteuer nach § 59 des Energiesteuergesetzes in Verbindung mit § 104 der Energiesteuer-Durchführungsverordnung aller Hauptzollämter bundesweit,</LA></DD><DT>2.</DT><DD Font="normal"><LA Size="normal">die Überwachung der Kontingente und Bezugsmengen von Diplomatengut sowie der Bezugsmengen von Konsulargut aller Hauptzollämter bundesweit,</LA></DD><DT>3.</DT><DD Font="normal"><LA Size="normal">die Erteilung von Grenzempfehlungen aller Hauptzollämter bundesweit,</LA></DD><DT>4.</DT><DD Font="normal"><LA Size="normal">die Zollprüfungen, die Präferenzprüfungen, die Außenwirtschaftsprüfungen und die Sonderprüfungen, einschließlich der Überwachungsmaßnahmen, der Hauptzollämter Frankfurt (Oder) und Potsdam,</LA></DD><DT>5.</DT><DD Font="normal"><LA Size="normal">die Straf- und Bußgeldsachen des Hauptzollamts Potsdam sowie</LA></DD><DT>6.</DT><DD Font="normal"><LA Size="normal">die Durchführung von Ermittlungsverfahren der Finanzkontrolle Schwarzarbeit im Zusammenhang mit Organisierter Kriminalität und Schwerer struktureller Kriminalität der Hauptzollämter Frankfurt (Oder) und Potsdam.</LA></DD></DL></P></Content></text><fussnoten/></textdaten></norm>
<norm builddate="20251231215623" doknr="BJNR211800022BJNE000700000"><metadaten><jurabk>HZAZustV 2023</jurabk><jurabk>HZAZustV</jurabk><enbez>§ 5</enbez><titel format="XML">Hauptzollamt Bielefeld</titel></metadaten><textdaten><text format="XML"><Content><P>Dem Hauptzollamt Bielefeld wird die Zuständigkeit für den Aufgabenbereich Vollstreckung des Hauptzollamts Münster, mit Ausnahme des Kreises Borken, übertragen.</P></Content></text></textdaten></norm>
<norm builddate="20251231215623" doknr="BJNR211800022BJNE000801123"><metadaten><jurabk>HZAZustV 2023</jurabk><jurabk>HZAZustV</jurabk><enbez>§ 6</enbez><titel format="XML">Hauptzollamt Braunschweig</titel></metadaten><textdaten><text format="XML"><Content><P>Dem Hauptzollamt Braunschweig werden die Zuständigkeiten übertragen für <DL Font="normal" Type="arabic"><DT>1.</DT><DD Font="normal"><LA Size="normal">die Anmahnung öffentlich-rechtlicher Geldforderungen und die Anforderung von Säumniszuschlägen des Hauptzollamts Hannover, sofern der Zollzahlstelle des Hauptzollamts Hannover die Überwachung des Zahlungseingangs obliegt,</LA></DD><DT>2.</DT><DD Font="normal"><LA Size="normal">die Suchverfahren im Rahmen zollrechtlicher Versandverfahren, einschließlich der Inanspruchnahme von Bürgen in Suchverfahren und der Abgabenerhebung in Suchverfahren, <DL Font="normal" Type="alpha"><DT>a)</DT><DD Font="normal"><LA Size="normal">der Hauptzollämter Bremen, Hannover, Magdeburg, Oldenburg und Osnabrück,</LA></DD><DT>b)</DT><DD Font="normal"><LA Size="normal">aller Hauptzollämter bundesweit, wenn das Hauptzollamt Braunschweig als erstes mit dem Suchverfahren befasst ist,</LA></DD></DL></LA></DD><DT>3.</DT><DD Font="normal"><LA Size="normal">die Festsetzung und die Erhebung der Kraftfahrzeugsteuer des Hauptzollamts Hannover für den Landkreis Gifhorn,</LA></DD><DT>4.</DT><DD Font="normal"><LA Size="normal">die Aufgaben einer Kontrolleinheit Verkehrswege des Hauptzollamts Hannover für die Landkreise Hameln-Pyrmont und Holzminden,</LA></DD><DT>5.</DT><DD Font="normal"><LA Size="normal">die Zollprüfungen, die Präferenzprüfungen und die Außenprüfungen, einschließlich der Überwachungsmaßnahmen, des Hauptzollamts Hannover für den Landkreis Holzminden,</LA></DD><DT>6.</DT><DD Font="normal"><LA Size="normal">die Finanzkontrolle Schwarzarbeit des Hauptzollamts Hannover für die Landkreise Hameln-Pyrmont und Holzminden,</LA></DD><DT>7.</DT><DD Font="normal"><LA Size="normal">die Straf- und Bußgeldsachen der Hauptzollämter Hannover und Magdeburg,</LA></DD><DT>8.</DT><DD Font="normal"><LA Size="normal">den Aufgabenbereich Vollstreckung des Hauptzollamts Hannover sowie</LA></DD><DT>9.</DT><DD Font="normal"><LA Size="normal">die Verwaltung aller auf postalischem Weg versendeten Belege zwischen deutschen und ausländischen Zollstellen, die im Zusammenhang mit dem Versandverfahren stehen, für alle Hauptzollämter bundesweit.</LA></DD></DL></P></Content></text><fussnoten/></textdaten></norm>
<norm builddate="20251231215623" doknr="BJNR211800022BJNE000902123"><metadaten><jurabk>HZAZustV 2023</jurabk><jurabk>HZAZustV</jurabk><enbez>§ 7</enbez><titel format="XML">Hauptzollamt Bremen</titel></metadaten><textdaten><text format="XML"><Content><P>Dem Hauptzollamt Bremen werden die Zuständigkeiten übertragen für <DL Font="normal" Type="arabic"><DT>1.</DT><DD Font="normal"><LA Size="normal">die Aufgaben einer Kontrolleinheit Grenznaher Raum des Hauptzollamts Oldenburg für die Landkreise Cuxhaven, Rotenburg (Wümme) und Stade und des Hauptzollamts Osnabrück für die Gemeinde Stuhr, begrenzt von der Bundesstraße 75, der Bundesautobahn 28 und Bundesautobahn 1 bis an die Landesgrenze der Freien Hansestadt Bremen,</LA></DD><DT>2.</DT><DD Font="normal"><LA Size="normal">die Aufgaben einer Kontrolleinheit Zollboot des Hauptzollamts Oldenburg für den Bereich der Unterweser, beginnend ab der Landesgrenze Bremen in Bremerhaven weserabwärts bis hin zur Wesermündung in der Nordsee,</LA></DD><DT>3.</DT><DD Font="normal"><LA Size="normal">die Zollprüfungen, die Präferenzprüfungen und die Außenprüfungen, einschließlich der Überwachungsmaßnahmen, des Hauptzollamts Oldenburg für die Landkreise Cuxhaven, Rotenburg (Wümme) und Stade,</LA></DD><DT>4.</DT><DD Font="normal"><LA Size="normal">die Finanzkontrolle Schwarzarbeit des Hauptzollamts Oldenburg für die Landkreise Cuxhaven, Rotenburg (Wümme) und Stade sowie</LA></DD><DT>5.</DT><DD Font="normal"><LA Size="normal">die Straf- und Bußgeldsachen der Hauptzollämter Oldenburg und Osnabrück.</LA></DD></DL></P></Content></text><fussnoten/></textdaten></norm>
<norm builddate="20251231215623" doknr="BJNR211800022BJNE001001123"><metadaten><jurabk>HZAZustV 2023</jurabk><jurabk>HZAZustV</jurabk><enbez>§ 8</enbez><titel format="XML">Hauptzollamt Darmstadt</titel></metadaten><textdaten><text format="XML"><Content><P>Dem Hauptzollamt Darmstadt werden die Zuständigkeiten übertragen für <DL Font="normal" Type="arabic"><DT>1.</DT><DD Font="normal"><LA Size="normal">die Aufgaben einer Kontrolleinheit Verkehrswege des Hauptzollamts Frankfurt am Main,</LA></DD><DT>2.</DT><DD Font="normal"><LA Size="normal">die Zollprüfungen, die Präferenzprüfungen und die Außenprüfungen, einschließlich der Überwachungsmaßnahmen, des Hauptzollamts Frankfurt am Main für die kreisfreie Stadt Frankfurt am Main, mit Ausnahme der Stadtteile westlich der Flüsse Main und Nidda sowie</LA></DD><DT>3.</DT><DD Font="normal"><LA Size="normal">die Sonderprüfungen der Hauptzollämter Frankfurt am Main, Gießen, Koblenz und Saarbrücken.</LA></DD></DL></P></Content></text><fussnoten/></textdaten></norm>
<norm builddate="20251231215623" doknr="BJNR211800022BJNE004400123"><metadaten><jurabk>HZAZustV 2023</jurabk><jurabk>HZAZustV</jurabk><enbez>§ 9</enbez><titel format="XML">Hauptzollamt Dortmund</titel></metadaten><textdaten><text format="XML"><Content><P>Dem Hauptzollamt Dortmund wird die Zuständigkeit für die Durchführung von Ermittlungsverfahren der Finanzkontrolle Schwarzarbeit im Zusammenhang mit Organisierter Kriminalität und Schwerer struktureller Kriminalität der Hauptzollämter Bielefeld und Münster übertragen.</P></Content></text><fussnoten/></textdaten></norm>
<norm builddate="20251231215623" doknr="BJNR211800022BJNE001101123"><metadaten><jurabk>HZAZustV 2023</jurabk><jurabk>HZAZustV</jurabk><enbez>§ 10</enbez><titel format="XML">Hauptzollamt Dresden</titel></metadaten><textdaten><text format="XML"><Content><P>Dem Hauptzollamt Dresden werden die Zuständigkeiten übertragen für <DL Font="normal" Type="arabic"><DT>1.</DT><DD Font="normal"><LA Size="normal">die Suchverfahren im Rahmen zollrechtlicher Versandverfahren, einschließlich der Inanspruchnahme von Bürgen in Suchverfahren und der Abgabenerhebung in Suchverfahren, <DL Font="normal" Type="alpha"><DT>a)</DT><DD Font="normal"><LA Size="normal">des Hauptzollamts Erfurt,</LA></DD><DT>b)</DT><DD Font="normal"><LA Size="normal">aller Hauptzollämter bundesweit, wenn das Hauptzollamt Dresden als erstes mit dem Suchverfahren befasst ist,</LA></DD></DL></LA></DD><DT>2.</DT><DD Font="normal"><LA Size="normal">die Entlastung von der Energiesteuer nach § 57 des Energiesteuergesetzes in Verbindung mit § 103 der Energiesteuer-Durchführungsverordnung der Hauptzollämter Darmstadt, Erfurt, Frankfurt am Main, Gießen, Hamburg, Heilbronn, Itzehoe, Karlsruhe, Kiel, Koblenz, Lörrach, Saarbrücken, Singen, Stralsund, Stuttgart und Ulm sowie</LA></DD><DT>3.</DT><DD Font="normal"><LA Size="normal">die Festsetzung und die Erhebung der Kraftfahrzeugsteuer des Hauptzollamts Erfurt für die Landkreise Meißen und Mittelsachsen.</LA></DD></DL></P></Content></text><fussnoten/></textdaten></norm>
<norm builddate="20251231215623" doknr="BJNR211800022BJNE001201123"><metadaten><jurabk>HZAZustV 2023</jurabk><jurabk>HZAZustV</jurabk><enbez>§ 11</enbez><titel format="XML">Hauptzollamt Duisburg</titel></metadaten><textdaten><text format="XML"><Content><P>Dem Hauptzollamt Duisburg werden die Zuständigkeiten übertragen für <DL Type="arabic"><DT>1.</DT><DD Font="normal"><LA>die Anmahnung öffentlich-rechtlicher Geldforderungen und die Anforderung von Säumniszuschlägen des Hauptzollamts Krefeld, sofern der Zollzahlstelle des Hauptzollamts Duisburg die Überwachung des Zahlungseingangs obliegt,</LA></DD><DT>2.</DT><DD Font="normal"><LA>die Festsetzung und die Erhebung der Kraftfahrzeugsteuer des Hauptzollamts Krefeld für den Kreis Wesel,</LA></DD><DT>3.</DT><DD Font="normal"><LA>die Aufgaben einer Kontrolleinheit Verkehrswege des Hauptzollamts Düsseldorf,</LA></DD><DT>4.</DT><DD Font="normal"><LA>die Finanzkontrolle Schwarzarbeit des Hauptzollamts Krefeld für den Kreis Wesel sowie</LA></DD><DT>5.</DT><DD Font="normal"><LA>den Aufgabenbereich Vollstreckung des Hauptzollamts Krefeld, mit Ausnahme des Rhein-Kreises Neuss, und des Hauptzollamts Münster für den Kreis Borken.</LA></DD></DL></P></Content></text><fussnoten/></textdaten></norm>
<norm builddate="20251231215623" doknr="BJNR211800022BJNE001301123"><metadaten><jurabk>HZAZustV 2023</jurabk><jurabk>HZAZustV</jurabk><enbez>§ 12</enbez><titel format="XML">Hauptzollamt Düsseldorf</titel></metadaten><textdaten><text format="XML"><Content><P>Dem Hauptzollamt Düsseldorf werden die Zuständigkeiten übertragen für <DL Type="arabic"><DT>1.</DT><DD Font="normal"><LA>die Außenwirtschaftsprüfungen, einschließlich der Überwachungsmaßnahmen, der Hauptzollämter Aachen, Duisburg, Köln und Krefeld,</LA></DD><DT>2.</DT><DD Font="normal"><LA>die Sonderprüfungen der Hauptzollämter Aachen, Bielefeld, Dortmund, Duisburg, Köln, Krefeld und Münster sowie</LA></DD><DT>3.</DT><DD Font="normal"><LA>den Aufgabenbereich Vollstreckung des Hauptzollamts Köln für den Oberbergischen Kreis, den Rheinisch-Bergischen Kreis und die kreisfreie Stadt Leverkusen und des Hauptzollamts Krefeld für den Rhein-Kreis Neuss.</LA></DD></DL></P></Content></text><fussnoten/></textdaten></norm>
<norm builddate="20251231215623" doknr="BJNR211800022BJNE001401123"><metadaten><jurabk>HZAZustV 2023</jurabk><jurabk>HZAZustV</jurabk><enbez>§ 13</enbez><titel format="XML">Hauptzollamt Erfurt</titel></metadaten><textdaten><text format="XML"><Content><P>Dem Hauptzollamt Erfurt wird die Zuständigkeit für die Außenwirtschaftsprüfungen, einschließlich der Überwachungsmaßnahmen, des Hauptzollamts Dresden übertragen.</P></Content></text><fussnoten/></textdaten></norm>
<norm builddate="20251231215623" doknr="BJNR211800022BJNE001501123"><metadaten><jurabk>HZAZustV 2023</jurabk><jurabk>HZAZustV</jurabk><enbez>§ 14</enbez><titel format="XML">Hauptzollamt Frankfurt am Main</titel></metadaten><textdaten><text format="XML"><Content><P>Dem Hauptzollamt Frankfurt am Main werden die Zuständigkeiten übertragen für <DL Font="normal" Type="arabic"><DT>1.</DT><DD Font="normal"><LA Size="normal">die Bewilligung von Versandvereinfachungen im Luftverkehr gemäß Artikel 233 Absatz 4 Buchstabe e der Verordnung (EU) Nr. 952/2013 in Verbindung mit Artikel 199 der Delegierten Verordnung (EU) 2015/2446 für in Deutschland ansässige Luftverkehrsgesellschaften und zur Durchführung des Konsultationsverfahrens und des weiteren Schriftwechsels zwischen der deutschen Zollverwaltung und den Verwaltungen der übrigen Mitgliedstaaten der Europäischen Union im Zusammenhang mit Anträgen zu Versandvereinfachung im Luftverkehr aller Hauptzollämter bundesweit,</LA></DD><DT>2.</DT><DD Font="normal"><LA Size="normal">die Straf- und Bußgeldsachen des Hauptzollamts Gießen sowie</LA></DD><DT>3.</DT><DD Font="normal"><LA Size="normal">die Durchführung von Ermittlungsverfahren der Finanzkontrolle Schwarzarbeit im Zusammenhang mit Organisierter Kriminalität und Schwerer struktureller Kriminalität der Hauptzollämter Darmstadt und Gießen.</LA></DD></DL></P></Content></text><fussnoten><Content><P>(+++ EU-Vollzitate: vgl. Liste EU-Rechtsakte V v. 1.12.2025 I Nr. 300 +++)</P></Content></fussnoten></textdaten></norm>
<norm builddate="20251231215623" doknr="BJNR211800022BJNE001601123"><metadaten><jurabk>HZAZustV 2023</jurabk><jurabk>HZAZustV</jurabk><enbez>§ 15</enbez><titel format="XML">Hauptzollamt Frankfurt (Oder)</titel></metadaten><textdaten><text format="XML"><Content><P>Dem Hauptzollamt Frankfurt (Oder) werden die Zuständigkeiten übertragen für <DL Type="arabic"><DT>1.</DT><DD Font="normal"><LA>die Entlastung von der Energiesteuer nach § 57 des Energiesteuergesetzes in Verbindung mit § 103 der Energiesteuer-Durchführungsverordnung der Hauptzollämter Aachen, Berlin, Bielefeld, Braunschweig, Bremen, Dortmund, Duisburg, Düsseldorf, Hannover, Köln, Krefeld, Magdeburg, Münster, Oldenburg, Osnabrück und Potsdam sowie</LA></DD><DT>2.</DT><DD Font="normal"><LA>die Festsetzung und die Erhebung der Kraftfahrzeugsteuer der Hauptzollämter Berlin, Potsdam und des Hauptzollamts Erfurt, mit Ausnahme der Landkreise Mittelsachsen und Meißen.</LA></DD></DL></P></Content></text><fussnoten/></textdaten></norm>
<norm builddate="20251231215623" doknr="BJNR211800022BJNE001701123"><metadaten><jurabk>HZAZustV 2023</jurabk><jurabk>HZAZustV</jurabk><enbez>§ 16</enbez><titel format="XML">Hauptzollamt Gießen</titel></metadaten><textdaten><text format="XML"><Content><P>Dem Hauptzollamt Gießen werden die Zuständigkeiten übertragen für <DL Type="arabic"><DT>1.</DT><DD Font="normal"><LA>die Suchverfahren im Rahmen zollrechtlicher Versandverfahren, einschließlich der Inanspruchnahme von Bürgen in Suchverfahren und der Abgabenerhebung in Suchverfahren, <DL Type="alpha"><DT>a)</DT><DD Font="normal"><LA>der Hauptzollämter Darmstadt, Frankfurt am Main, Koblenz und Saarbrücken,</LA></DD><DT>b)</DT><DD Font="normal"><LA>aller Hauptzollämter bundesweit, wenn das Hauptzollamt Gießen als erstes mit dem Suchverfahren befasst ist,</LA></DD></DL></LA></DD><DT>2.</DT><DD Font="normal"><LA>die Festsetzung und die Erhebung der Kraftfahrzeugsteuer des Hauptzollamts Frankfurt am Main und des Hauptzollamts Darmstadt für den Main-Taunus-Kreis,</LA></DD><DT>3.</DT><DD Font="normal"><LA>die Zollprüfungen, die Präferenzprüfungen und die Außenprüfungen, einschließlich der Überwachungsmaßnahmen, des Hauptzollamts Frankfurt am Main für die Stadtteile der kreisfreien Stadt Frankfurt am Main westlich der Flüsse Main und Nidda,</LA></DD><DT>4.</DT><DD Font="normal"><LA>die Außenwirtschaftsprüfungen, einschließlich der Überwachungsmaßnahmen, der Hauptzollämter Darmstadt und Frankfurt am Main,</LA></DD><DT>5.</DT><DD Font="normal"><LA>den Aufgabenbereich Vollstreckung der Hauptzollämter Darmstadt und Frankfurt am Main,</LA></DD><DT>6.</DT><DD Font="normal"><LA>die Vollstreckung von Geldforderungen nach dem Luftverkehrsteuergesetz gegen ausländische Luftverkehrsunternehmen aller Hauptzollämter bundesweit, wenn <DL Type="alpha"><DT>a)</DT><DD Font="normal"><LA>die Luftverkehrsunternehmen keinen nach § 8 des Luftverkehrsteuergesetzes zugelassenen steuerlichen Beauftragten benannt haben oder</LA></DD><DT>b)</DT><DD Font="normal"><LA>eine Beitreibung der Forderungen bei ihrem steuerlichen Beauftragten erfolglos war sowie</LA></DD></DL></LA></DD><DT>7.</DT><DD Font="normal"><LA>die Vollstreckung und die Erzwingung von Sicherheiten wegen öffentlich-rechtlicher Geldforderungen der Bundespolizei gegen ausländische Luftverkehrsgesellschaften aller Hauptzollämter bundesweit.</LA></DD></DL></P></Content></text><fussnoten/></textdaten></norm>
<norm builddate="20251231215623" doknr="BJNR211800022BJNE001802123"><metadaten><jurabk>HZAZustV 2023</jurabk><jurabk>HZAZustV</jurabk><enbez>§ 17</enbez><titel format="XML">Hauptzollamt Hamburg</titel></metadaten><textdaten><text format="XML"><Content><P>Dem Hauptzollamt Hamburg werden die Zuständigkeiten übertragen für <DL Font="normal" Type="arabic"><DT>1.</DT><DD Font="normal"><LA Size="normal">die Einnahme, die Auszahlung und die dazugehörigen Buchungen der Zuckerabgaben einschließlich der entsprechenden Zinsen aller Hauptzollämter bundesweit,</LA></DD><DT>2.</DT><DD Font="normal"><LA Size="normal">die Einnahme und die Buchung der Abgaben im Milchsektor aller Hauptzollämter bundesweit,</LA></DD><DT>3.</DT><DD Font="normal"><LA Size="normal">die Bewilligung des laufenden Zahlungsaufschubs der Hauptzollämter Bremen und Oldenburg,</LA></DD><DT>4.</DT><DD Font="normal"><LA Size="normal">die Bewilligung von Stundungen, die Anforderung und den Erlass von Stundungs-, Säumnis-, Verzugs- oder Kreditzinsen und Säumniszuschlägen sowie die Vollstreckung der daraus resultierenden Geldforderungen im Zusammenhang mit dem vom Hauptzollamt Hamburg bewilligten laufenden Zahlungsaufschub aller Hauptzollämter bundesweit,</LA></DD><DT>5.</DT><DD Font="normal"><LA Size="normal">die Festsetzung und die Erhebung der Kraftfahrzeugsteuer des Hauptzollamts Itzehoe für das Stadtgebiet Hamburg,</LA></DD><DT>6.</DT><DD Font="normal"><LA Size="normal">die Festsetzung und Erhebung von Antidumping- sowie von Ausgleichszöllen gemäß der Durchführungsverordnung (EU) 2019/1131 der Kommission vom 2. Juli 2019 zur Einführung eines Zollinstruments für die Durchführung von Artikel 14a der Verordnung (EU) 2016/1036 des Europäischen Parlaments und des Rates und Artikel 24a der Verordnung (EU) 2016/1037 des Europäischen Parlaments und des Rates (ABl. L 179 vom 3.7.2019, S. 12) in der jeweils geltenden Fassung, aller Hauptzollämter bundesweit,</LA></DD><DT>7.</DT><DD Font="normal"><LA Size="normal">die Außenwirtschaftsprüfungen, einschließlich der Überwachungsmaßnahmen der Hauptzollämter Itzehoe, Kiel und Stralsund,</LA></DD><DT>8.</DT><DD Font="normal"><LA Size="normal">die Sonderprüfungen der Hauptzollämter Bremen, Itzehoe, Kiel, Oldenburg und Stralsund sowie</LA></DD><DT>9.</DT><DD Font="normal"><LA Size="normal">den Aufgabenbereich Vollstreckung des Hauptzollamts Itzehoe für das Stadtgebiet Hamburg.</LA></DD></DL></P></Content></text><fussnoten/></textdaten></norm>
<norm builddate="20251231215623" doknr="BJNR211800022BJNE001901123"><metadaten><jurabk>HZAZustV 2023</jurabk><jurabk>HZAZustV</jurabk><enbez>§ 18</enbez><titel format="XML">Hauptzollamt Hannover</titel></metadaten><textdaten><text format="XML"><Content><P>Dem Hauptzollamt Hannover werden die Zuständigkeiten übertragen für <DL Type="arabic"><DT>1.</DT><DD Font="normal"><LA>die Bewilligung des laufenden Zahlungsaufschubs der Hauptzollämter Berlin, Bielefeld, Braunschweig, Dresden, Frankfurt (Oder), Magdeburg, Osnabrück und Potsdam,</LA></DD><DT>2.</DT><DD Font="normal"><LA>die Bewilligung von Stundungen, die Anforderung und den Erlass von Stundungs-, Säumnis-, Verzugs- oder Kreditzinsen und Säumniszuschlägen sowie die Vollstreckung der daraus resultierenden Geldforderungen im Zusammenhang mit dem vom Hauptzollamt Hannover bewilligten laufenden Zahlungsaufschub aller Hauptzollämter bundesweit,</LA></DD><DT>3.</DT><DD Font="normal"><LA>die Festsetzung und die Erhebung der Kraftfahrzeugsteuer des Hauptzollamts Oldenburg für den Landkreis Rotenburg (Wümme),</LA></DD><DT>4.</DT><DD Font="normal"><LA>die Aufgaben einer Kontrolleinheit Verkehrswege des Hauptzollamts Braunschweig für den Landkreis Gifhorn,</LA></DD><DT>5.</DT><DD Font="normal"><LA>die zentrale Erfassung von Barmittelanmeldungen aller Hauptzollämter bundesweit sowie</LA></DD><DT>6.</DT><DD Font="normal"><LA>die Außenwirtschaftsprüfungen, einschließlich der Überwachungsmaßnahmen, der Hauptzollämter Braunschweig, Bremen, Magdeburg, Oldenburg und Osnabrück.</LA></DD></DL></P></Content></text><fussnoten/></textdaten></norm>
<norm builddate="20251231215623" doknr="BJNR211800022BJNE002002123"><metadaten><jurabk>HZAZustV 2023</jurabk><jurabk>HZAZustV</jurabk><enbez>§ 19</enbez><titel format="XML">Hauptzollamt Heilbronn</titel></metadaten><textdaten><text format="XML"><Content><P>Dem Hauptzollamt Heilbronn werden die Zuständigkeiten übertragen für <DL Font="normal" Type="arabic"><DT>1.</DT><DD Font="normal"><LA Size="normal">die Suchverfahren im Rahmen zollrechtlicher Versandverfahren, einschließlich der Inanspruchnahme von Bürgen in Suchverfahren und der Abgabenerhebung in Suchverfahren, <DL Font="normal" Type="alpha"><DT>a)</DT><DD Font="normal"><LA Size="normal">der Hauptzollämter Karlsruhe, Lörrach, Singen, Stuttgart und Ulm,</LA></DD><DT>b)</DT><DD Font="normal"><LA Size="normal">aller Hauptzollämter bundesweit, wenn das Hauptzollamt Heilbronn als erstes mit dem Suchverfahren befasst ist,</LA></DD></DL></LA></DD><DT>2.</DT><DD Font="normal"><LA Size="normal">die Festsetzung und die Erhebung der Kraftfahrzeugsteuer des Hauptzollamts Stuttgart für den Landkreis Ludwigsburg,</LA></DD><DT>3.</DT><DD Font="normal"><LA Size="normal">die zollamtliche Abfertigung des Warenverkehrs des Hauptzollamts Karlsruhe für den Neckar-Odenwald-Kreis,</LA></DD><DT>4.</DT><DD Font="normal"><LA Size="normal">die Aufgaben einer Kontrolleinheit Verkehrswege des Hauptzollamts Stuttgart,</LA></DD><DT>5.</DT><DD Font="normal"><LA Size="normal">die Zollprüfungen, die Präferenzprüfungen und die Außenprüfungen, einschließlich der Überwachungsmaßnahmen, des Hauptzollamts Stuttgart,</LA></DD><DT>6.</DT><DD Font="normal"><LA Size="normal">die Außenwirtschaftsprüfungen, einschließlich der Überwachungsmaßnahmen, der Hauptzollämter Stuttgart und Ulm,</LA></DD><DT>7.</DT><DD Font="normal"><LA Size="normal">die Sonderprüfungen der Hauptzollämter Karlsruhe, Lörrach, Singen, Stuttgart und Ulm,</LA></DD><DT>8.</DT><DD Font="normal"><LA Size="normal">den Aufgabenbereich Vollstreckung der Hauptzollämter Stuttgart und Ulm sowie</LA></DD><DT>9.</DT><DD Font="normal"><LA Size="normal">den Aufgabenbereich Vollstreckung aller Hauptzollämter bundesweit, sofern eine rückständige Abgabe auf Kaffee, kaffeehaltige Waren, Schaumwein, Zwischenerzeugnisse sowie auf Alkohol und alkoholhaltige Waren im Rahmen eines IT-Verbrauchsteuerverfahrens bei der Zollzahlstelle des Hauptzollamts Stuttgart zum Soll gestellt wurde.</LA></DD></DL></P></Content></text><fussnoten/></textdaten></norm>
<norm builddate="20251231215623" doknr="BJNR211800022BJNE002101123"><metadaten><jurabk>HZAZustV 2023</jurabk><jurabk>HZAZustV</jurabk><enbez>§ 20</enbez><titel format="XML">Hauptzollamt Itzehoe</titel></metadaten><textdaten><text format="XML"><Content><P>Dem Hauptzollamt Itzehoe werden die Zuständigkeiten übertragen für <DL Type="arabic"><DT>1.</DT><DD Font="normal"><LA>die Suchverfahren im Rahmen zollrechtlicher Versandverfahren, einschließlich der Inanspruchnahme von Bürgen in Suchverfahren und der Abgabenerhebung in Suchverfahren, <DL Type="alpha"><DT>a)</DT><DD Font="normal"><LA>der Hauptzollämter Hamburg, Kiel und Stralsund,</LA></DD><DT>b)</DT><DD Font="normal"><LA>aller Hauptzollämter bundesweit, wenn das Hauptzollamt Itzehoe als erstes mit dem Suchverfahren befasst ist,</LA></DD></DL></LA></DD><DT>2.</DT><DD Font="normal"><LA>die Festsetzung und die Erhebung der Kraftfahrzeugsteuer des Hauptzollamts Kiel für die Kreise Herzogtum Lauenburg, Schleswig-Flensburg, Segeberg und Stormarn, des Hauptzollamts Oldenburg für die kreisfreie Stadt Wilhelmshaven und die Landkreise Ammerland, Cuxhaven, Friesland, Stade, Wesermarsch und des Hauptzollamts Bremen für den Landkreis Cuxhaven sowie</LA></DD><DT>3.</DT><DD Font="normal"><LA>die Straf- und Bußgeldsachen des Hauptzollamts Kiel.</LA></DD></DL></P></Content></text><fussnoten/></textdaten></norm>
<norm builddate="20251231215623" doknr="BJNR211800022BJNE002201123"><metadaten><jurabk>HZAZustV 2023</jurabk><jurabk>HZAZustV</jurabk><enbez>§ 21</enbez><titel format="XML">Hauptzollamt Karlsruhe</titel></metadaten><textdaten><text format="XML"><Content><P>Dem Hauptzollamt Karlsruhe werden die Zuständigkeiten übertragen für <DL Type="arabic"><DT>1.</DT><DD Font="normal"><LA>die Außenwirtschaftsprüfungen, einschließlich der Überwachungsmaßnahmen, der Hauptzollämter Lörrach und Singen sowie</LA></DD><DT>2.</DT><DD Font="normal"><LA>die Straf- und Bußgeldsachen der Hauptzollämter Lörrach und Singen.</LA></DD></DL></P></Content></text><fussnoten/></textdaten></norm>
<norm builddate="20251231215623" doknr="BJNR211800022BJNE002302123"><metadaten><jurabk>HZAZustV 2023</jurabk><jurabk>HZAZustV</jurabk><enbez>§ 22</enbez><titel format="XML">Hauptzollamt Kiel</titel></metadaten><textdaten><text format="XML"><Content><P>Dem Hauptzollamt Kiel werden die Zuständigkeiten übertragen für <DL Font="normal" Type="arabic"><DT>1.</DT><DD Font="normal"><LA Size="normal">die Anmahnung öffentlich-rechtlicher Geldforderungen und die Anforderung von Säumniszuschlägen des Hauptzollamts Itzehoe, sofern der Zollzahlstelle des Hauptzollamts Kiel die Überwachung des Zahlungseingangs obliegt,</LA></DD><DT>2.</DT><DD Font="normal"><LA Size="normal">die Bewilligung des laufenden Zahlungsaufschubs der Hauptzollämter Itzehoe und Stralsund,</LA></DD><DT>3.</DT><DD Font="normal"><LA Size="normal">die Bewilligung von Stundungen, die Anforderung und den Erlass von Stundungs-, Säumnis-, Verzugs- oder Kreditzinsen und Säumniszuschlägen sowie die Vollstreckung der daraus resultierenden Geldforderungen im Zusammenhang mit dem vom Hauptzollamt Kiel bewilligten laufenden Zahlungsaufschub aller Hauptzollämter bundesweit,</LA></DD><DT>4.</DT><DD Font="normal"><LA Size="normal">die Festsetzung und die Erhebung der Kraftfahrzeugsteuer des Hauptzollamts Itzehoe für den Kreis Rendsburg-Eckernförde,</LA></DD><DT>5.</DT><DD Font="normal"><LA Size="normal">das Konsultationsverfahren und den weiteren Schriftwechsel zwischen der deutschen Zollverwaltung und den Verwaltungen der übrigen Mitgliedstaaten der Europäischen Union im Zusammenhang mit Anträgen von Schifffahrtsgesellschaften auf Einrichtung eines Linienverkehrs nach Artikel 120 der Delegierten Verordnung (EU) 2015/2446 und zu Versandvereinfachungen im Seeverkehr aller Hauptzollämter bundesweit,</LA></DD><DT>6.</DT><DD Font="normal"><LA Size="normal">die Aufgaben einer Kontrolleinheit Verkehrswege der Hauptzollämter Hamburg und Itzehoe,</LA></DD><DT>7.</DT><DD Font="normal"><LA Size="normal">die Aufgaben einer Kontrolleinheit Zollboot des Hauptzollamts Itzehoe für die Küstengewässer der Ostsee und die Aufgaben einer Kontrolleinheit Grenznaher Raum von der Ostseeküste bis einschließlich zur Bundesautobahn 7,</LA></DD><DT>8.</DT><DD Font="normal"><LA Size="normal">die Zollprüfungen, die Präferenzprüfungen und die Außenprüfungen, einschließlich der Überwachungsmaßnahmen, der Hauptzollämter Itzehoe und Stralsund sowie</LA></DD><DT>9.</DT><DD Font="normal"><LA Size="normal">den Aufgabenbereich Vollstreckung des Hauptzollamts Itzehoe, mit Ausnahme des Hamburger Stadtgebiets.</LA></DD></DL></P></Content></text><fussnoten><Content><P>(+++ EU-Vollzitate: vgl. Liste EU-Rechtsakte V v. 1.12.2025 I Nr. 300 +++)</P></Content></fussnoten></textdaten></norm>
<norm builddate="20251231215623" doknr="BJNR211800022BJNE002401123"><metadaten><jurabk>HZAZustV 2023</jurabk><jurabk>HZAZustV</jurabk><enbez>§ 23</enbez><titel format="XML">Hauptzollamt Koblenz</titel></metadaten><textdaten><text format="XML"><Content><P>Dem Hauptzollamt Koblenz werden die Zuständigkeiten für den Aufgabenbereich Vollstreckung des Hauptzollamts Saarbrücken übertragen.</P></Content></text><fussnoten/></textdaten></norm>
<norm builddate="20251231215623" doknr="BJNR211800022BJNE002501123"><metadaten><jurabk>HZAZustV 2023</jurabk><jurabk>HZAZustV</jurabk><enbez>§ 24</enbez><titel format="XML">Hauptzollamt Köln</titel></metadaten><textdaten><text format="XML"><Content><P>Dem Hauptzollamt Köln wird die Zuständigkeit für die Zollprüfungen, die Präferenzprüfungen und die Außenprüfungen, einschließlich der Überwachungsmaßnahmen, des Hauptzollamts Aachen übertragen.</P></Content></text><fussnoten/></textdaten></norm>
<norm builddate="20251231215623" doknr="BJNR211800022BJNE002601123"><metadaten><jurabk>HZAZustV 2023</jurabk><jurabk>HZAZustV</jurabk><enbez>§ 25</enbez><titel format="XML">Hauptzollamt Krefeld</titel></metadaten><textdaten><text format="XML"><Content><P>Dem Hauptzollamt Krefeld werden die Zuständigkeiten übertragen für <DL Font="normal" Type="arabic"><DT>1.</DT><DD Font="normal"><LA Size="normal">die Zollprüfungen und die Präferenzprüfungen, einschließlich der Überwachungsmaßnahmen, des Hauptzollamts Duisburg,</LA></DD><DT>2.</DT><DD Font="normal"><LA Size="normal">die Außenprüfungen, einschließlich der Überwachungsmaßnahmen, der Hauptzollämter Duisburg und Düsseldorf sowie</LA></DD><DT>3.</DT><DD Font="normal"><LA Size="normal">die Straf- und Bußgeldsachen der Hauptzollämter Duisburg und Düsseldorf.</LA></DD></DL></P></Content></text><fussnoten/></textdaten></norm>
<norm builddate="20251231215623" doknr="BJNR211800022BJNE002701123"><metadaten><jurabk>HZAZustV 2023</jurabk><jurabk>HZAZustV</jurabk><enbez>§ 26</enbez><titel format="XML">Hauptzollamt Landshut</titel></metadaten><textdaten><text format="XML"><Content><P>Dem Hauptzollamt Landshut werden die Zuständigkeiten übertragen für <DL Type="arabic"><DT>1.</DT><DD Font="normal"><LA>die Entlastung von der Energiesteuer nach § 57 des Energiesteuergesetzes in Verbindung mit § 103 der Energiesteuer-Durchführungsverordnung der Hauptzollämter Augsburg, München und Rosenheim,</LA></DD><DT>2.</DT><DD Font="normal"><LA>die Zollprüfungen, die Präferenzprüfungen und die Außenprüfungen, einschließlich der Überwachungsmaßnahmen, des Hauptzollamts Rosenheim sowie</LA></DD><DT>3.</DT><DD Font="normal"><LA>den Aufgabenbereich Vollstreckung, mit Ausnahme des Verwertungsverfahrens, des Hauptzollamts Augsburg und des Hauptzollamts München für die Städte Garching bei München und Unterschleißheim sowie die Gemeinden Aschheim, Ismaning, Kirchheim bei München, Oberschleißheim und Unterföhring des Landkreises München und das Gebiet des Flughafens München.</LA></DD></DL></P></Content></text><fussnoten/></textdaten></norm>
<norm builddate="20251231215623" doknr="BJNR211800022BJNE002802123"><metadaten><jurabk>HZAZustV 2023</jurabk><jurabk>HZAZustV</jurabk><enbez>§ 27</enbez><titel format="XML">Hauptzollamt Lörrach</titel></metadaten><textdaten><text format="XML"><Content><P>Dem Hauptzollamt Lörrach werden die Zuständigkeiten übertragen für <DL Font="normal" Type="arabic"><DT>1.</DT><DD Font="normal"><LA Size="normal">die Bewilligung einer Gesamtsicherheit nach Artikel 95 Absatz 1 der Verordnung (EU) Nr. 952/2013 für Zollanmelder mit Sitz in der Schweiz oder Liechtenstein, die nach Artikel 110 Buchstabe b der Verordnung (EU) Nr. 952/2013 laufenden Zahlungsaufschub in Anspruch nehmen, der Hauptzollämter Singen und Ulm,</LA></DD><DT>2.</DT><DD Font="normal"><LA Size="normal">die Aufgaben einer Kontrolleinheit Verkehrswege des Hauptzollamts Singen,</LA></DD><DT>3.</DT><DD Font="normal"><LA Size="normal">die Zollprüfungen von Zollanmeldern mit Sitz in der Schweiz oder in Liechtenstein, die bei den Zollstellen der Hauptzollämter Lörrach, Singen und Ulm Zollanmeldungen im eigenen Namen abgegeben haben, sowie</LA></DD><DT>4.</DT><DD Font="normal"><LA Size="normal">den Aufgabenbereich Vollstreckung der Hauptzollämter Karlsruhe und Singen.</LA></DD></DL></P></Content></text><fussnoten/></textdaten></norm>
<norm builddate="20251231215623" doknr="BJNR211800022BJNE002901123"><metadaten><jurabk>HZAZustV 2023</jurabk><jurabk>HZAZustV</jurabk><enbez>§ 28</enbez><titel format="XML">Hauptzollamt Magdeburg</titel></metadaten><textdaten><text format="XML"><Content><P>Dem Hauptzollamt Magdeburg wird die Zuständigkeit für die Sonderprüfungen der Hauptzollämter Braunschweig, Hannover und Osnabrück übertragen.</P></Content></text><fussnoten/></textdaten></norm>
<norm builddate="20251231215623" doknr="BJNR211800022BJNE003001123"><metadaten><jurabk>HZAZustV 2023</jurabk><jurabk>HZAZustV</jurabk><enbez>§ 29</enbez><titel format="XML">Hauptzollamt München</titel></metadaten><textdaten><text format="XML"><Content><P>Dem Hauptzollamt München werden die Zuständigkeiten übertragen für <DL Type="arabic"><DT>1.</DT><DD Font="normal"><LA>die Bewilligung des laufenden Zahlungsaufschubs der Hauptzollämter Augsburg, Landshut und Rosenheim,</LA></DD><DT>2.</DT><DD Font="normal"><LA>die Bewilligung von Stundungen, die Anforderung und den Erlass von Stundungs-, Säumnis-, Verzugs- oder Kreditzinsen und Säumniszuschlägen sowie die Vollstreckung der daraus resultierenden Geldforderungen im Zusammenhang mit dem vom Hauptzollamt München bewilligten laufenden Zahlungsaufschub aller Hauptzollämter bundesweit,</LA></DD><DT>3.</DT><DD Font="normal"><LA>die Bewilligung der Inanspruchnahme einer Gesamtbürgschaft oder der Befreiung von der Sicherheitsleistung nach den Artikeln 89 bis 96 der Verordnung (EU) Nr. 952/2013 und den Artikeln 48 bis 61 der Anlage I zum Übereinkommen über ein gemeinsames Versandverfahren (ABl. L 226 vom 13.8.1987, S. 2), das zuletzt durch den Beschluss Nr. 1/2019 (ABl. L 103 vom 3.4.2020, S. 47) geändert worden ist, in der jeweils geltenden Fassung der Hauptzollämter Augsburg, Landshut und Rosenheim sowie</LA></DD><DT>4.</DT><DD Font="normal"><LA>die Außenwirtschaftsprüfungen, einschließlich der Überwachungsmaßnahmen, der Hauptzollämter Augsburg, Landshut und Rosenheim.</LA></DD></DL></P></Content></text><fussnoten/></textdaten></norm>
<norm builddate="20251231215623" doknr="BJNR211800022BJNE003102123"><metadaten><jurabk>HZAZustV 2023</jurabk><jurabk>HZAZustV</jurabk><enbez>§ 30</enbez><titel format="XML">Hauptzollamt Münster</titel></metadaten><textdaten><text format="XML"><Content><P>Dem Hauptzollamt Münster werden die Zuständigkeiten übertragen für <DL Type="arabic"><DT>1.</DT><DD Font="normal"><LA>die Bewilligung des laufenden Zahlungsaufschubs der Hauptzollämter Aachen, Dortmund, Duisburg, Düsseldorf, Frankfurt am Main, Gießen, Köln und Krefeld,</LA></DD><DT>2.</DT><DD Font="normal"><LA>die Bewilligung von Stundungen, die Anforderung und den Erlass von Stundungs-, Säumnis-, Verzugs- oder Kreditzinsen und Säumniszuschlägen sowie die Vollstreckung der daraus resultierenden Geldforderungen im Zusammenhang mit dem vom Hauptzollamt Münster bewilligten laufenden Zahlungsaufschub aller Hauptzollämter bundesweit,</LA></DD><DT>3.</DT><DD Font="normal"><LA>die Festsetzung und die Erhebung der Kraftfahrzeugsteuer der Hauptzollämter Aachen und Düsseldorf, des Hauptzollamts Köln, mit Ausnahme der kreisfreien Stadt Köln, und des Hauptzollamts Bielefeld für den Kreis Warendorf,</LA></DD><DT>4.</DT><DD Font="normal"><LA>die Erfassung, die Auswertung, die Ergänzung und die Weiterleitung aller ein- und ausgehenden Nachprüfungsersuchen von Präferenznachweisen und Echtheitsbescheinigungen oder Echtheitszeugnissen sowie die Mitteilung von Prüfungsergebnissen außerhalb förmlicher Nachprüfungsersuchen an die Zollbehörden der Einfuhrstaaten aller Hauptzollämter bundesweit,</LA></DD><DT>5.</DT><DD Font="normal"><LA>die Erfassung, die Ergänzung und die Weiterleitung der mitgliedstaatenübergreifenden ein- und ausgehenden Ersuchen zur Überprüfung von Lieferantenerklärungen sowie die Auswertung aller Ersuchen zur Überprüfung von Lieferantenerklärungen,</LA></DD><DT>6.</DT><DD Font="normal"><LA>die Zollprüfungen, die Präferenzprüfungen und die Außenprüfungen, einschließlich der Überwachungsmaßnahmen, des Hauptzollamts Dortmund,</LA></DD><DT>7.</DT><DD Font="normal"><LA>die Außenwirtschaftsprüfungen, einschließlich der Überwachungsmaßnahmen, der Hauptzollämter Bielefeld und Dortmund sowie</LA></DD><DT>8.</DT><DD Font="normal"><LA>die Straf- und Bußgeldsachen der Hauptzollämter Bielefeld und Dortmund.</LA></DD></DL></P></Content></text><fussnoten/></textdaten></norm>
<norm builddate="20251231215623" doknr="BJNR211800022BJNE003201123"><metadaten><jurabk>HZAZustV 2023</jurabk><jurabk>HZAZustV</jurabk><enbez>§ 31</enbez><titel format="XML">Hauptzollamt Nürnberg</titel></metadaten><textdaten><text format="XML"><Content><P>Dem Hauptzollamt Nürnberg werden die Zuständigkeiten übertragen für <DL Font="normal" Type="arabic"><DT>1.</DT><DD Font="normal"><LA Size="normal">die Anmahnung öffentlich-rechtlicher Geldforderungen und die Anforderung von Säumniszuschlägen des Hauptzollamts Schweinfurt, sofern der Zollzahlstelle des Hauptzollamts Nürnberg die Überwachung des Zahlungseingangs obliegt,</LA></DD><DT>2.</DT><DD Font="normal"><LA Size="normal">die Bewilligung des laufenden Zahlungsaufschubs der Hauptzollämter Erfurt, Regensburg und Schweinfurt,</LA></DD><DT>3.</DT><DD Font="normal"><LA Size="normal">die Bewilligung von Stundungen, die Anforderung und den Erlass von Stundungs-, Säumnis-, Verzugs- oder Kreditzinsen und Säumniszuschlägen sowie die Vollstreckung der daraus resultierenden Geldforderungen im Zusammenhang mit dem vom Hauptzollamt Nürnberg bewilligten laufenden Zahlungsaufschub aller Hauptzollämter bundesweit,</LA></DD><DT>4.</DT><DD Font="normal"><LA Size="normal">das Konsultationsverfahren und den weiteren Schriftwechsel zwischen der deutschen Zollverwaltung und den Verwaltungen der übrigen Mitgliedstaaten der Europäischen Union im Zusammenhang mit Anträgen zum Zugelassenen Wirtschaftsbeteiligten (AEO) sowie zu mitgliedstaatenübergreifenden Bewilligungen, mit Ausnahme von Bewilligungen für Versandvereinfachungen im Luft- und Seeverkehr und Bewilligungen zur Einrichtung eines Linienverkehrs, aller Hauptzollämter bundesweit,</LA></DD><DT>5.</DT><DD Font="normal"><LA Size="normal">die Festsetzung und die Erhebung der Kraftfahrzeugsteuer des Hauptzollamts Schweinfurt für den Landkreis Forchheim sowie</LA></DD><DT>6.</DT><DD Font="normal"><LA Size="normal">die Sonderprüfungen der Hauptzollämter Augsburg, Landshut, München, Regensburg, Rosenheim und Schweinfurt.</LA></DD></DL></P></Content></text><fussnoten/></textdaten></norm>
<norm builddate="20251231215623" doknr="BJNR211800022BJNE003302123"><metadaten><jurabk>HZAZustV 2023</jurabk><jurabk>HZAZustV</jurabk><enbez>§ 32</enbez><titel format="XML">Hauptzollamt Oldenburg</titel></metadaten><textdaten><text format="XML"><Content><P>Dem Hauptzollamt Oldenburg werden die Zuständigkeiten übertragen für <DL Font="normal" Type="arabic"><DT>1.</DT><DD Font="normal"><LA Size="normal">die Anmahnung öffentlich-rechtlicher Geldforderungen und die Anforderung von Säumniszuschlägen des Hauptzollamts Bremen, sofern der Zollzahlstelle des Hauptzollamts Oldenburg die Überwachung des Zahlungseingangs obliegt, sowie</LA></DD><DT>2.</DT><DD Font="normal"><LA Size="normal">die Aufgaben einer Kontrolleinheit Verkehrswege des Hauptzollamts Bremen.</LA></DD></DL></P></Content></text><fussnoten/></textdaten></norm>
<norm builddate="20251231215623" doknr="BJNR211800022BJNE003401123"><metadaten><jurabk>HZAZustV 2023</jurabk><jurabk>HZAZustV</jurabk><enbez>§ 33</enbez><titel format="XML">Hauptzollamt Osnabrück</titel></metadaten><textdaten><text format="XML"><Content><P>Dem Hauptzollamt Osnabrück werden die Zuständigkeiten übertragen für <DL Type="arabic"><DT>1.</DT><DD Font="normal"><LA>die Festsetzung und die Erhebung der Kraftfahrzeugsteuer des Hauptzollamts Hannover für den Landkreis Diepholz und des Hauptzollamts Oldenburg für die Landkreise Cloppenburg und Emsland,</LA></DD><DT>2.</DT><DD Font="normal"><LA>die Zollprüfungen, die Präferenzprüfungen und die Außenprüfungen, einschließlich der Überwachungsmaßnahmen, des Hauptzollamts Oldenburg, mit Ausnahme der Landkreise Cuxhaven, Rotenburg (Wümme) und Stade,</LA></DD><DT>3.</DT><DD Font="normal"><LA>die Finanzkontrolle Schwarzarbeit des Hauptzollamts Hannover für die Landkreise Diepholz und Nienburg/Weser sowie</LA></DD><DT>4.</DT><DD Font="normal"><LA>den Aufgabenbereich Vollstreckung der Hauptzollämter Bremen und Oldenburg.</LA></DD></DL></P></Content></text><fussnoten/></textdaten></norm>
<norm builddate="20251231215623" doknr="BJNR211800022BJNE003501123"><metadaten><jurabk>HZAZustV 2023</jurabk><jurabk>HZAZustV</jurabk><enbez>§ 34</enbez><titel format="XML">Hauptzollamt Potsdam</titel></metadaten><textdaten><text format="XML"><Content><P>Dem Hauptzollamt Potsdam werden die Zuständigkeiten übertragen für <DL Font="normal" Type="arabic"><DT>1.</DT><DD Font="normal"><LA Size="normal">die Suchverfahren im Rahmen zollrechtlicher Versandverfahren, einschließlich der Inanspruchnahme von Bürgen in Suchverfahren und der Abgabenerhebung in Suchverfahren, <DL Font="normal" Type="alpha"><DT>a)</DT><DD Font="normal"><LA Size="normal">der Hauptzollämter Berlin und Frankfurt (Oder),</LA></DD><DT>b)</DT><DD Font="normal"><LA Size="normal">aller Hauptzollämter bundesweit, wenn das Hauptzollamt Potsdam als erstes mit dem Suchverfahren befasst ist,</LA></DD></DL></LA></DD><DT>2.</DT><DD Font="normal"><LA Size="normal">der Bundesfinanzverwaltung obliegende Angelegenheiten auf dem Gebiet der Milchquotenregelung der Europäischen Union der Hauptzollämter Berlin und Frankfurt (Oder),</LA></DD><DT>3.</DT><DD Font="normal"><LA Size="normal">die Außenprüfungen, einschließlich der Überwachungsmaßnahmen, der Hauptzollämter Berlin und Frankfurt (Oder),</LA></DD><DT>4.</DT><DD Font="normal"><LA Size="normal">den Aufgabenbereich Vollstreckung des Hauptzollamts Frankfurt (Oder), mit Ausnahme des Verwertungsverfahrens,</LA></DD><DT>5.</DT><DD Font="normal"><LA Size="normal">die Vollstreckung in bewegliche Sachen gegen im Ausland ansässige Schuldner im Inland nach dem Grenzausschreibungsverfahren aller Hauptzollämter bundesweit sowie</LA></DD><DT>6.</DT><DD Font="normal"><LA Size="normal">die Vollstreckung erstmalig übermittelter inländischer öffentlich-rechtlicher Forderungen gegen Schuldner ohne inländische Adresse aller Hauptzollämter bundesweit; hiervon ausgenommen sind die von den Zollzahlstellen übermittelten rückständigen Forderungen und die durch das Bundeszentralamt für Steuern im Zusammenhang mit <DL Font="normal" Type="alpha"><DT>a)</DT><DD Font="normal"><LA Size="normal">inländischer Versicherungsteuer,</LA></DD><DT>b)</DT><DD Font="normal"><LA Size="normal">inländischer Feuerschutzsteuer,</LA></DD><DT>c)</DT><DD Font="normal"><LA Size="normal">zu Unrecht erstatteter Kapitalertragssteuer und</LA></DD><DT>d)</DT><DD Font="normal"><LA Size="normal">der Durchführung von Steuerabzugsverfahren nach § 50a des Einkommensteuergesetzes</LA></DD></DL>übermittelten rückständigen Forderungen.</LA></DD></DL>Von der Zuständigkeitsübertragung nach Satz 1 Nummer 6 unberührt bleibt die Zuständigkeitsübertragung nach § 16 Nummer 6 und 7.</P></Content></text><fussnoten/></textdaten></norm>
<norm builddate="20251231215623" doknr="BJNR211800022BJNE003601123"><metadaten><jurabk>HZAZustV 2023</jurabk><jurabk>HZAZustV</jurabk><enbez>§ 35</enbez><titel format="XML">Hauptzollamt Regensburg</titel></metadaten><textdaten><text format="XML"><Content><P>Dem Hauptzollamt Regensburg werden die Zuständigkeiten übertragen für <DL Type="arabic"><DT>1.</DT><DD Font="normal"><LA>die Entlastung von der Energiesteuer nach § 57 des Energiesteuergesetzes in Verbindung mit § 103 der Energiesteuer-Durchführungsverordnung der Hauptzollämter Nürnberg und Schweinfurt,</LA></DD><DT>2.</DT><DD Font="normal"><LA>die Festsetzung und die Erhebung der Kraftfahrzeugsteuer des Hauptzollamts Landshut und des Hauptzollamts München für das Gebiet des Flughafens München,</LA></DD><DT>3.</DT><DD Font="normal"><LA>die Außenwirtschaftsprüfungen, einschließlich der Überwachungsmaßnahmen, der Hauptzollämter Nürnberg und Schweinfurt sowie</LA></DD><DT>4.</DT><DD Font="normal"><LA>den Aufgabenbereich Vollstreckung der Hauptzollämter Nürnberg und Schweinfurt.</LA></DD></DL></P></Content></text><fussnoten/></textdaten></norm>
<norm builddate="20251231215623" doknr="BJNR211800022BJNE003702123"><metadaten><jurabk>HZAZustV 2023</jurabk><jurabk>HZAZustV</jurabk><enbez>§ 36</enbez><titel format="XML">Hauptzollamt Rosenheim</titel></metadaten><textdaten><text format="XML"><Content><P>Dem Hauptzollamt Rosenheim werden die Zuständigkeiten übertragen für <DL Font="normal" Type="arabic"><DT>1.</DT><DD Font="normal"><LA Size="normal">die Suchverfahren im Rahmen zollrechtlicher Versandverfahren, einschließlich der Inanspruchnahme von Bürgen in Suchverfahren und der Abgabenerhebung in Suchverfahren, <DL Font="normal" Type="alpha"><DT>a)</DT><DD Font="normal"><LA Size="normal">der Hauptzollämter Augsburg, Landshut und München,</LA></DD><DT>b)</DT><DD Font="normal"><LA Size="normal">aller Hauptzollämter bundesweit, wenn das Hauptzollamt Rosenheim als erstes mit dem Suchverfahren befasst ist,</LA></DD></DL></LA></DD><DT>2.</DT><DD Font="normal"><LA Size="normal">der Bundesfinanzverwaltung obliegende Angelegenheiten auf dem Gebiet der Milchquotenregelung der Europäischen Union des Hauptzollamts München,</LA></DD><DT>3.</DT><DD Font="normal"><LA Size="normal">die Tätigkeiten als Ausfuhr-, Einfuhr- und Durchfuhrzollstelle des Hauptzollamts Landshut für den Landkreis Rottal-Inn,</LA></DD><DT>4.</DT><DD Font="normal"><LA Size="normal">die Aufgaben einer Kontrolleinheit Verkehrswege des Hauptzollamts München sowie</LA></DD><DT>5.</DT><DD Font="normal"><LA Size="normal">den Aufgabenbereich Vollstreckung des Hauptzollamts München für die Landkreise Fürstenfeldbruck und München, sofern nicht die in § 26 Nummer 3 genannten Städte und Gemeinden betroffen sind, sowie die Stadt München, einschließlich des Verwertungsverfahrens der Hauptzollämter Augsburg, Landshut und München.</LA></DD></DL></P></Content></text><fussnoten/></textdaten></norm>
<norm builddate="20251231215623" doknr="BJNR211800022BJNE003801123"><metadaten><jurabk>HZAZustV 2023</jurabk><jurabk>HZAZustV</jurabk><enbez>§ 37</enbez><titel format="XML">Hauptzollamt Saarbrücken</titel></metadaten><textdaten><text format="XML"><Content><P>Dem Hauptzollamt Saarbrücken werden die Zuständigkeiten übertragen für <DL Type="arabic"><DT>1.</DT><DD Font="normal"><LA>die Außenwirtschaftsprüfungen, einschließlich der Überwachungsmaßnahmen, des Hauptzollamts Koblenz sowie</LA></DD><DT>2.</DT><DD Font="normal"><LA>die Straf- und Bußgeldsachen der Hauptzollämter Darmstadt und Koblenz.</LA></DD></DL></P></Content></text><fussnoten/></textdaten></norm>
<norm builddate="20251231215623" doknr="BJNR211800022BJNE003901123"><metadaten><jurabk>HZAZustV 2023</jurabk><jurabk>HZAZustV</jurabk><enbez>§ 38</enbez><titel format="XML">Hauptzollamt Schweinfurt</titel></metadaten><textdaten><text format="XML"><Content><P>Dem Hauptzollamt Schweinfurt werden die Zuständigkeiten übertragen für <DL Type="arabic"><DT>1.</DT><DD Font="normal"><LA>die Suchverfahren im Rahmen zollrechtlicher Versandverfahren, einschließlich der Inanspruchnahme von Bürgen in Suchverfahren und der Abgabenerhebung in Suchverfahren, <DL Type="alpha"><DT>a)</DT><DD Font="normal"><LA>der Hauptzollämter Nürnberg und Regensburg,</LA></DD><DT>b)</DT><DD Font="normal"><LA>aller Hauptzollämter bundesweit, wenn das Hauptzollamt Schweinfurt als erstes mit dem Suchverfahren befasst ist, sowie</LA></DD></DL></LA></DD><DT>2.</DT><DD Font="normal"><LA>die Straf- und Bußgeldsachen der Hauptzollämter Nürnberg und Regensburg.</LA></DD></DL></P></Content></text><fussnoten/></textdaten></norm>
<norm builddate="20251231215623" doknr="BJNR211800022BJNE004001123"><metadaten><jurabk>HZAZustV 2023</jurabk><jurabk>HZAZustV</jurabk><enbez>§ 39</enbez><titel format="XML">Hauptzollamt Singen</titel></metadaten><textdaten><text format="XML"><Content><P>Dem Hauptzollamt Singen werden die Zuständigkeiten übertragen für <DL Type="arabic"><DT>1.</DT><DD Font="normal"><LA>die Festsetzung und die Erhebung der Kraftfahrzeugsteuer des Hauptzollamts Lörrach,</LA></DD><DT>2.</DT><DD Font="normal"><LA>die Anordnung von Zollprüfungen von Zollanmeldern mit Sitz in der Schweiz oder in Liechtenstein, die bei den Zollstellen der Hauptzollämter Lörrach und Ulm Zollanmeldungen im eigenen Namen abgegeben haben und die sich aus den Zollprüfungen ergebende Festsetzung und Erhebung von Einfuhrabgaben, sowie</LA></DD><DT>3.</DT><DD Font="normal"><LA>die Zollprüfungen von Zollanmeldern mit Sitz in der Schweiz oder in Liechtenstein, die bei den Zollstellen der Hauptzollämter Lörrach, Singen und Ulm Zollanmeldungen im eigenen Namen abgegeben haben.</LA></DD></DL></P></Content></text><fussnoten/></textdaten></norm>
<norm builddate="20251231215623" doknr="BJNR211800022BJNE004101123"><metadaten><jurabk>HZAZustV 2023</jurabk><jurabk>HZAZustV</jurabk><enbez>§ 40</enbez><titel format="XML">Hauptzollamt Stuttgart</titel></metadaten><textdaten><text format="XML"><Content><P>Dem Hauptzollamt Stuttgart werden die Zuständigkeiten übertragen für <DL Type="arabic"><DT>1.</DT><DD Font="normal"><LA>die Bewilligung des laufenden Zahlungsaufschubs der Hauptzollämter Darmstadt, Heilbronn, Karlsruhe, Koblenz, Lörrach, Saarbrücken, Singen und Ulm,</LA></DD><DT>2.</DT><DD Font="normal"><LA>die Bewilligung von Stundungen, die Anforderung und der Erlass von Stundungs-, Säumnis-, Verzugs- oder Kreditzinsen und Säumniszuschlägen sowie die Vollstreckung der daraus resultierenden Geldforderungen im Zusammenhang mit dem vom Hauptzollamt Stuttgart bewilligten laufenden Zahlungsaufschub aller Hauptzollämter bundesweit,</LA></DD><DT>3.</DT><DD Font="normal"><LA>die Erteilung von Brenngenehmigungen sowie die Annahme von Anzeigen über die Verwendung von Brenngeräten zu anderen Zwecken als der Alkoholgewinnung, soweit diese Anzeige auf der Abfindungsanmeldung erfolgt, aller Hauptzollämter bundesweit,</LA></DD><DT>4.</DT><DD Font="normal"><LA>die Festsetzung und die Erhebung der Alkoholsteuer auf Abfindungsalkohol aller Hauptzollämter bundesweit, ausgenommen in den Fällen des § 23 Absatz 4 der Alkoholsteuerverordnung,</LA></DD><DT>5.</DT><DD Font="normal"><LA>die Ausstellung von Bescheinigungen gemäß Artikel 23a Absatz 1 der Richtlinie 92/83/EWG des Rates vom 19. Oktober 1992 zur Harmonisierung der Struktur der Verbrauchsteuern auf Alkohol und alkoholische Getränke (ABl. L 316 vom 31.10.1992, S. 21; L 19 vom 27.1.1995, S. 52), die zuletzt durch die Richtlinie (EU) 2020/1151 (ABl. L 256 vom 5.8.2020, S. 1) geändert worden ist, in der jeweils geltenden Fassung aller Hauptzollämter bundesweit,</LA></DD><DT>6.</DT><DD Font="normal"><LA>die Auskunftserteilung und die Datenübermittlung an die land- und forstwirtschaftlichen Berufsgenossenschaften aller Hauptzollämter bundesweit,</LA></DD><DT>7.</DT><DD Font="normal"><LA>die Erhebung von Säumniszuschlägen aller Hauptzollämter bundesweit, sofern eine rückständige Abgabe auf Kaffee, kaffeehaltige Waren, Schaumwein, Zwischenerzeugnisse sowie auf Alkohol und alkoholhaltige Waren im Rahmen eines IT-Verbrauchsteuerverfahrens bei der Zollzahlstelle des Hauptzollamts Stuttgart zum Soll gestellt wurde, sowie</LA></DD><DT>8.</DT><DD Font="normal"><LA>die Überwachung der allgemein zugelassenen Steuerbürgen der Hauptzollämter Heilbronn und Ulm.</LA></DD></DL></P></Content></text><fussnoten/></textdaten></norm>
<norm builddate="20251231215623" doknr="BJNR211800022BJNE004201123"><metadaten><jurabk>HZAZustV 2023</jurabk><jurabk>HZAZustV</jurabk><enbez>§ 41</enbez><titel format="XML">Hauptzollamt Ulm</titel></metadaten><textdaten><text format="XML"><Content><P>Dem Hauptzollamt Ulm werden die Zuständigkeiten übertragen für <DL Type="arabic"><DT>1.</DT><DD Font="normal"><LA>die Festsetzung und die Erhebung der Kraftfahrzeugsteuer des Hauptzollamts Koblenz und des Hauptzollamts Stuttgart, mit Ausnahme des Landkreises Ludwigsburg,</LA></DD><DT>2.</DT><DD Font="normal"><LA>die zollamtliche Abfertigung des Warenverkehrs des Hauptzollamts Augsburg <DL Type="alpha"><DT>a)</DT><DD Font="normal"><LA>für den Landkreis Neu-Ulm, mit Ausnahme der Gemeinden Altenstadt, Kellmünz an der Iller, Oberroth, Osterberg und Unterroth sowie</LA></DD><DT>b)</DT><DD Font="normal"><LA>für die Städte Burgau, Günzburg und Leipheim sowie die Gemeinden Bibertal, Bubesheim, Burtenbach, Dürrlauingen, Gundremmingen, Haldenwang, Ichenhausen, Jettingen-Scheppach, Kammeltal, Kötz, Landensberg, Offingen, Rettenbach, Röfingen, Waldstetten und Winterbach des Landkreises Günzburg,</LA></DD></DL></LA></DD><DT>3.</DT><DD Font="normal"><LA>die Aufgaben einer Kontrolleinheit Grenznaher Raum für den Bodensee und im grenznahen Raum zur Schweiz des Hauptzollamts Augsburg,</LA></DD><DT>4.</DT><DD Font="normal"><LA>die Zollprüfungen von Zollanmeldern mit Sitz in der Schweiz oder in Liechtenstein, die bei den Zollstellen der Hauptzollämter Lörrach, Singen und Ulm Zollanmeldungen im eigenen Namen abgegeben haben, sowie</LA></DD><DT>5.</DT><DD Font="normal"><LA>die Straf- und Bußgeldsachen der Hauptzollämter Heilbronn und Stuttgart und des Hauptzollamts Augsburg für den Bodensee und den grenznahen Raum zur Schweiz.</LA></DD></DL></P></Content></text><fussnoten/></textdaten></norm>
<norm builddate="20251231215623" doknr="BJNR211800022BJNG000301123"><metadaten><jurabk>HZAZustV 2023</jurabk><jurabk>HZAZustV</jurabk><gliederungseinheit><gliederungskennzahl>030</gliederungskennzahl><gliederungsbez>Abschnitt 3</gliederungsbez><gliederungstitel>Schlussbestimmungen</gliederungstitel></gliederungseinheit></metadaten><textdaten><fussnoten/></textdaten></norm>
<norm builddate="20251231215623" doknr="BJNR211800022BJNE004301123"><metadaten><jurabk>HZAZustV 2023</jurabk><jurabk>HZAZustV</jurabk><enbez>§ 42</enbez><titel format="XML">Inkrafttreten, Außerkrafttreten</titel></metadaten><textdaten><text format="XML"><Content><P>Diese Verordnung tritt am 1. Januar 2023 in Kraft. Gleichzeitig tritt die Hauptzollamtszuständigkeitsverordnung vom 14. Februar 2022 (BGBl. I S. 175) außer Kraft.</P></Content></text><fussnoten/></textdaten></norm>
</dokumente>