<?xml version="1.0" encoding="UTF-8" ?><!DOCTYPE dokumente SYSTEM "http://www.gesetze-im-internet.de/dtd/1.01/gii-norm.dtd">
<dokumente builddate="20231128213542" doknr="BJNR133800003"><norm builddate="20231128213542" doknr="BJNR133800003"><metadaten><jurabk>BPolBG§1Abs1V 2003</jurabk><ausfertigung-datum manuell="ja">2003-07-09</ausfertigung-datum><fundstelle typ="amtlich"><periodikum>BGBl I</periodikum><zitstelle>2003, 1338 (1585)</zitstelle></fundstelle><langue>Verordnung zu § 1 Abs. 1 des Bundespolizeibeamtengesetzes</langue><standangabe checked="ja"><standtyp>Stand</standtyp><standkommentar>Zuletzt geändert durch Art. 1 V v. 9.10.2008 I 1994</standkommentar></standangabe></metadaten><textdaten><fussnoten><Content><P><BR/> <pre xml:space="preserve">(+++ Textnachweis ab: 17.7.2003 +++)<BR/><BR/></pre></P></Content></fussnoten></textdaten></norm>
<norm builddate="20231128213542" doknr="BJNR133800003BJNE000100000"><metadaten><jurabk>BPolBG§1Abs1V 2003</jurabk><enbez>Eingangsformel</enbez></metadaten><textdaten><text format="XML"><Content><P>Auf Grund des § 1 Abs. 1 des Bundespolizeibeamtengesetzes vom 3. Juni 1976 (BGBl. I S. 1357), das zuletzt durch Artikel 3 des Gesetzes vom 29. Juni 1998 (BGBl. I S. 1666) geändert worden ist, verordnet das Bundesministerium des Innern:</P></Content></text></textdaten></norm>
<norm builddate="20231128213542" doknr="BJNR133800003BJNE000205310"><metadaten><jurabk>BPolBG§1Abs1V 2003</jurabk><enbez>§ 1</enbez><titel format="XML">Polizeivollzugsbeamtinnen und Polizeivollzugsbeamte des Bundes</titel></metadaten><textdaten><text format="XML"><Content><P>(1) Folgende Beamtengruppen gehören zu den Polizeivollzugsbeamtinnen und Polizeivollzugsbeamten im Sinne des § 1 Abs. 1 Satz 2 des Bundespolizeibeamtengesetzes:<DL Font="normal" Type="arabic"><DT>1.</DT><DD Font="normal"><LA Size="normal">die Polizeimeisteranwärterin oder der Polizeimeisteranwärter,</LA></DD><DT>2.</DT><DD Font="normal"><LA Size="normal">die Polizeimeisterin zur Anstellung (z. A.) oder der Polizeimeister zur Anstellung (z. A.),</LA></DD><DT>3.</DT><DD Font="normal"><LA Size="normal">die Polizeimeisterin oder der Polizeimeister,</LA></DD><DT>4.</DT><DD Font="normal"><LA Size="normal">die Polizeiobermeisterin oder der Polizeiobermeister,</LA></DD><DT>5.</DT><DD Font="normal"><LA Size="normal">die Polizeihauptmeisterin oder der Polizeihauptmeister,</LA></DD><DT>6.</DT><DD Font="normal"><LA Size="normal">(weggefallen)</LA></DD><DT>7.</DT><DD Font="normal"><LA Size="normal">(weggefallen)</LA></DD><DT>8.</DT><DD Font="normal"><LA Size="normal">die Polizeikommissaranwärterin oder der Polizeikommissaranwärter,</LA></DD><DT>9.</DT><DD Font="normal"><LA Size="normal">die Polizeikommissarin zur Anstellung (z. A.) oder der Polizeikommissar zur Anstellung (z. A.),</LA></DD><DT>10.</DT><DD Font="normal"><LA Size="normal">die Polizeikommissarin oder der Polizeikommissar,</LA></DD><DT>11.</DT><DD Font="normal"><LA Size="normal">die Polizeioberkommissarin oder der Polizeioberkommissar,</LA></DD><DT>12.</DT><DD Font="normal"><LA Size="normal">die Polizeihauptkommissarin oder der Polizeihauptkommissar,</LA></DD><DT>13.</DT><DD Font="normal"><LA Size="normal">die Erste Polizeihauptkommissarin oder der Erste Polizeihauptkommissar,</LA></DD><DT>14.</DT><DD Font="normal"><LA Size="normal">die Polizeiratanwärterin oder der Polizeiratanwärter,</LA></DD><DT>15.</DT><DD Font="normal"><LA Size="normal">die Polizeirätin zur Anstellung (z. A.) oder der Polizeirat zur Anstellung (z. A.),</LA></DD><DT>16.</DT><DD Font="normal"><LA Size="normal">die Polizeirätin oder der Polizeirat,</LA></DD><DT>17.</DT><DD Font="normal"><LA Size="normal">die Medizinalrätin in der Bundespolizei oder der Medizinalrat in der Bundespolizei,</LA></DD><DT>18.</DT><DD Font="normal"><LA Size="normal">die Polizeioberrätin oder der Polizeioberrat,</LA></DD><DT>19.</DT><DD Font="normal"><LA Size="normal">die Medizinaloberrätin in der Bundespolizei oder der Medizinaloberrat in der Bundespolizei,</LA></DD><DT>20.</DT><DD Font="normal"><LA Size="normal">die Polizeidirektorin oder der Polizeidirektor,</LA></DD><DT>21.</DT><DD Font="normal"><LA Size="normal">die Medizinaldirektorin in der Bundespolizei oder der Medizinaldirektor in der Bundespolizei,</LA></DD><DT>22.</DT><DD Font="normal"><LA Size="normal">die Leitende Polizeidirektorin oder der Leitende Polizeidirektor,</LA></DD><DT>23.</DT><DD Font="normal"><LA Size="normal">die Kriminalkommissaranwärterin oder der Kriminalkommissaranwärter,</LA></DD><DT>24.</DT><DD Font="normal"><LA Size="normal">die Kriminalkommissarin zur Anstellung (z. A.) oder der Kriminalkommissar zur Anstellung (z. A.),</LA></DD><DT>25.</DT><DD Font="normal"><LA Size="normal">die Kriminalkommissarin oder der Kriminalkommissar,</LA></DD><DT>26.</DT><DD Font="normal"><LA Size="normal">die Kriminaloberkommissarin oder der Kriminaloberkommissar,</LA></DD><DT>27.</DT><DD Font="normal"><LA Size="normal">die Kriminalhauptkommissarin oder der Kriminalhauptkommissar,</LA></DD><DT>28.</DT><DD Font="normal"><LA Size="normal">die Erste Kriminalhauptkommissarin oder der Erste Kriminalhauptkommissar,</LA></DD><DT>29.</DT><DD Font="normal"><LA Size="normal">die Kriminalratanwärterin oder der Kriminalratanwärter,</LA></DD><DT>30.</DT><DD Font="normal"><LA Size="normal">die Kriminalrätin zur Anstellung (z. A.) oder der Kriminalrat zur Anstellung (z. A.),</LA></DD><DT>31.</DT><DD Font="normal"><LA Size="normal">die Kriminalrätin oder der Kriminalrat,</LA></DD><DT>32.</DT><DD Font="normal"><LA Size="normal">die Kriminaloberrätin oder der Kriminaloberrat,</LA></DD><DT>33.</DT><DD Font="normal"><LA Size="normal">die Kriminaldirektorin oder der Kriminaldirektor,</LA></DD><DT>34.</DT><DD Font="normal"><LA Size="normal">die Leitende Kriminaldirektorin oder der Leitende Kriminaldirektor,</LA></DD><DT>35.</DT><DD Font="normal"><LA Size="normal">die Abteilungspräsidentin (als Leiterin einer kriminalpolizeilichen Fachabteilung des Bundeskriminalamtes) oder der Abteilungspräsident (als Leiter einer kriminalpolizeilichen Fachabteilung des Bundeskriminalamtes) und</LA></DD><DT>36.</DT><DD Font="normal"><LA Size="normal">die Direktorin beim Bundeskriminalamt (als Leiterin einer Hauptabteilung oder einer gleich zu bewertenden, besonders großen und besonders bedeutenden kriminalpolizeilichen Fachabteilung) oder der Direktor beim Bundeskriminalamt (als Leiter einer Hauptabteilung oder einer gleich zu bewertenden, besonders großen und besonders bedeutenden kriminalpolizeilichen Fachabteilung).</LA></DD></DL></P><P>(2) Polizeivollzugsbeamtinnen und Polizeivollzugsbeamte des Bundes im Sinne des § 1 Abs. 1 Satz 1 des Bundespolizeibeamtengesetzes sind ferner folgende Beamtinnen und Beamte: <DL Font="normal" Type="arabic"><DT>1.</DT><DD Font="normal"><LA Size="normal">die Präsidentin einer Bundespolizeidirektion oder der Präsident einer Bundespolizeidirektion,</LA></DD><DT>2.</DT><DD Font="normal"><LA Size="normal">die Präsidentin der Bundespolizeiakademie oder der Präsident der Bundespolizeiakademie,</LA></DD><DT>3.</DT><DD Font="normal"><LA Size="normal">die Vizepräsidentin beim Bundespolizeipräsidium oder der Vizepräsident beim Bundespolizeipräsidium,</LA></DD><DT>4.</DT><DD Font="normal"><LA Size="normal">die Präsidentin des Bundespolizeipräsidiums oder der Präsident des Bundespolizeipräsidiums,</LA></DD><DT>5.</DT><DD Font="normal"><LA Size="normal">die Präsidentin des Bundeskriminalamtes oder der Präsident des Bundeskriminalamtes,</LA></DD><DT>6.</DT><DD Font="normal"><LA Size="normal">die Inspekteurin der Bereitschaftspolizeien der Länder oder der Inspekteur der Bereitschaftspolizeien der Länder und</LA></DD><DT>7.</DT><DD Font="normal"><LA Size="normal">die Vizepräsidentin des Bundeskriminalamtes oder der Vizepräsident des Bundeskriminalamtes,</LA></DD><DT>8.</DT><DD Font="normal"><LA Size="normal">die Vizepräsidentin einer Bundespolizeidirektion oder der Vizepräsident einer Bundespolizeidirektion,</LA></DD><DT>9.</DT><DD Font="normal"><LA Size="normal">die Direktorin in der Bundespolizei oder der Direktor in der Bundespolizei,</LA></DD></DL>wenn das letzte Amt, das sie vor der Übertragung dieses Amtes innehatten, ein Amt einer Polizeivollzugsbeamtin oder eines Polizeivollzugsbeamten war.</P></Content></text><fussnoten/></textdaten></norm>
<norm builddate="20231128213542" doknr="BJNR133800003BJNE000300000"><metadaten><jurabk>BPolBG§1Abs1V 2003</jurabk><enbez>§ 2</enbez><titel format="parat">Inkrafttreten</titel></metadaten><textdaten><text format="XML"><Content><P>Diese Verordnung tritt am Tage nach der Verkündung in Kraft.</P></Content></text><fussnoten/></textdaten></norm>
</dokumente>