<?xml version="1.0" encoding="UTF-8" ?><!DOCTYPE dokumente SYSTEM "http://www.gesetze-im-internet.de/dtd/1.01/gii-norm.dtd">
<dokumente builddate="20131008093806" doknr="BJNR169700000"><norm builddate="20131008093806" doknr="BJNR169700000"><metadaten><jurabk>BAVSitzBek</jurabk><ausfertigung-datum manuell="ja">2000-11-10</ausfertigung-datum><fundstelle typ="amtlich"><periodikum>BGBl I</periodikum><zitstelle>2000, 1697</zitstelle></fundstelle><langue>Bekanntmachung über den Dienstsitz des Bundesaufsichtsamtes
für das Versicherungswesen</langue></metadaten><textdaten><text format="XML"><Content><P/></Content></text><fussnoten><Content><P>(+++ Textnachweis ab: 14.12.2000 +++)</P></Content></fussnoten></textdaten></norm>
<norm builddate="20131008093806" doknr="BJNR169700000BJNE000100305"><metadaten><jurabk>BAVSitzBek</jurabk><enbez>(XXXX)</enbez></metadaten><textdaten><text format="XML"><Content><P>Das Bundesministerium der Finanzen gibt gemäß § 9 Nr. 3 des Berlin/Bonn-Gesetzes vom 26. April 1994 (BGBl. I S. 918), der durch Artikel 1 der Verordnung vom 21. September 1997 (BGBl. I S. 2390) geändert worden ist, in Verbindung mit der Bekanntmachung des Bundeskanzlers über die Sitzentscheidung der Bundesregierung vom 22. Juli 1999 (BGBl. I S. 1725) bekannt: <BR/>Das Bundesaufsichtsamt für das Versicherungswesen hat mit Wirkung vom 30. Oktober 2000 seinen Sitz von Berlin nach Bonn verlegt. Damit wird die im Gesetz über die Errichtung eines Bundesaufsichtsamtes für das Versicherungswesen in der im Bundesgesetzblatt Teil III, Gliederungsnummer 7630-1, veröffentlichten bereinigten Fassung, zuletzt geändert durch Artikel 10 des Gesetzes vom 29. April 1997 (BGBl. I S. 968), getroffene Sitzentscheidung vollzogen.<BR/>Nach dem Umzug gelten folgende Postanschrift, Telefon- und Fax-Nummern: <BR/><table frame="none" tocentry="%yes;"><tgroup align="left" char="" charoff="50" cols="2" colsep="0" rowsep="0"><colspec colname="col1" colnum="1" colwidth="20*"/><colspec colname="col2" colnum="2" colwidth="50*"/><tbody valign="top"><row><entry VJ="1" align="left" colsep="0" nameend="col2" namest="col1" valign="top">Bundesaufsichtsamt</entry></row><row><entry VJ="1" align="left" colsep="0" nameend="col2" namest="col1" valign="top">für das Versicherungswesen</entry></row><row><entry VJ="1" align="left" colsep="0" nameend="col2" namest="col1" valign="top">Graurheindorfer Straße 108</entry></row><row><entry VJ="1" align="left" colsep="0" nameend="col2" namest="col1" valign="top">53117 Bonn</entry></row><row><entry VJ="1" align="left" colsep="0" valign="top">Telefon:</entry><entry VJ="1" align="left" colsep="0" valign="top">0228/422-80</entry></row><row><entry VJ="1" align="left" colsep="0" valign="top">Fax:</entry><entry VJ="1" align="left" colsep="0" valign="top">0228/422-7494.</entry></row></tbody></tgroup></table></P></Content></text></textdaten></norm>
</dokumente>