<?xml version="1.0" encoding="UTF-8" ?><!DOCTYPE dokumente SYSTEM "http://www.gesetze-im-internet.de/dtd/1.01/gii-norm.dtd">
<dokumente builddate="20120625153353" doknr="BJNR006850975"><norm builddate="20120625153353" doknr="BJNR006850975"><metadaten><jurabk>ZustLG</jurabk><ausfertigung-datum manuell="ja">1975-03-10</ausfertigung-datum><fundstelle typ="amtlich"><periodikum>BGBl I</periodikum><zitstelle>1975, 685</zitstelle></fundstelle><kurzue>Zuständigkeitslockerungsgesetz</kurzue><langue>Gesetz zur Erleichterung der Verwaltungsreform in den Ländern</langue></metadaten><textdaten><text format="XML"><Content><P/></Content></text><fussnoten><Content><P>(+++ Textnachweis ab:  1. 4.1975 +++)</P></Content></fussnoten></textdaten></norm>
<norm builddate="20120625153353" doknr="BJNR006850975BJNE000100311"><metadaten><jurabk>ZustLG</jurabk><enbez>Inhaltsübersicht</enbez></metadaten><textdaten><text format="XML"><Content><P> <table frame="none" pgwide="1" tocentry="%yes;">
	<tgroup align="left" char="" charoff="50" cols="2" colsep="0" rowsep="0">
		<colspec colname="col1" colnum="1" colwidth="60*"/>
		<colspec colname="col2" colnum="2" colwidth="20*"/>
		<tbody valign="top">
			<row>
				<entry VJ="1" align="left" colsep="0" valign="top">Reichs- und Staatsangehörigkeitsgesetz</entry>
				<entry VJ="1" align="left" colsep="0" valign="top">Artikel 1</entry>
			</row>
			<row>
				<entry VJ="1" align="left" colsep="0" valign="top">Bundesbesoldungsgesetz</entry>
				<entry VJ="1" align="left" colsep="0" valign="top">Artikel 2</entry>
			</row>
			<row>
				<entry VJ="1" align="left" colsep="0" valign="top">Nitritgesetz</entry>
				<entry VJ="1" align="left" colsep="0" valign="top">Artikel 3</entry>
			</row>
			<row>
				<entry VJ="1" align="left" colsep="0" valign="top">Bundesbaugesetz</entry>
				<entry VJ="1" align="left" colsep="0" valign="top">Artikel 4</entry>
			</row>
			<row>
				<entry VJ="1" align="left" colsep="0" valign="top">Erstes Gesetz über Maßnahmen zum Schutz der Zivilbevölkerung</entry>
				<entry VJ="1" align="left" colsep="0" valign="top">Artikel 5</entry>
			</row>
			<row>
				<entry VJ="1" align="left" colsep="0" valign="top">Jugendwohlfahrtsgesetz</entry>
				<entry VJ="1" align="left" colsep="0" valign="top">Artikel 6</entry>
			</row>
			<row>
				<entry VJ="1" align="left" colsep="0" valign="top">Gräbergesetz</entry>
				<entry VJ="1" align="left" colsep="0" valign="top">Artikel 7</entry>
			</row>
			<row>
				<entry VJ="1" align="left" colsep="0" valign="top">Reichsheimstättengesetz</entry>
				<entry VJ="1" align="left" colsep="0" valign="top">Artikel 8</entry>
			</row>
			<row>
				<entry VJ="1" align="left" colsep="0" valign="top">Kleingarten- und Kleinpachtlandordnung</entry>
				<entry VJ="1" align="left" colsep="0" valign="top">Artikel 9</entry>
			</row>
			<row>
				<entry VJ="1" align="left" colsep="0" valign="top">Gesetz zur Ergänzung der Kleingarten- und Kleinpachtlandordnung</entry>
				<entry VJ="1" align="left" colsep="0" valign="top">Artikel 10</entry>
			</row>
			<row>
				<entry VJ="1" align="left" colsep="0" valign="top">Gesetz zur Änderung und Ergänzung kleingartenrechtlicher Vorschriften</entry>
				<entry VJ="1" align="left" colsep="0" valign="top">Artikel 11</entry>
			</row>
			<row>
				<entry VJ="1" align="left" colsep="0" valign="top">Verwaltungsgerichtsordnung</entry>
				<entry VJ="1" align="left" colsep="0" valign="top">Artikel 12</entry>
			</row>
			<row>
				<entry VJ="1" align="left" colsep="0" valign="top">Gesetz über die Änderung von Familiennamen und Vornamen</entry>
				<entry VJ="1" align="left" colsep="0" valign="top">Artikel 13</entry>
			</row>
			<row>
				<entry VJ="1" align="left" colsep="0" valign="top">Gesetz gegen den unlauteren Wettbewerb</entry>
				<entry VJ="1" align="left" colsep="0" valign="top">Artikel 14</entry>
			</row>
			<row>
				<entry VJ="1" align="left" colsep="0" valign="top">Bewertungsgesetz</entry>
				<entry VJ="1" align="left" colsep="0" valign="top">Artikel 15</entry>
			</row>
			<row>
				<entry VJ="1" align="left" colsep="0" valign="top">Verordnung über die einkommensteuerliche Behandlung der freien Erfinder</entry>
				<entry VJ="1" align="left" colsep="0" valign="top">Artikel 16</entry>
			</row>
			<row>
				<entry VJ="1" align="left" colsep="0" valign="top">Handwerksordnung</entry>
				<entry VJ="1" align="left" colsep="0" valign="top">Artikel 17</entry>
			</row>
			<row>
				<entry VJ="1" align="left" colsep="0" valign="top">Energiewirtschaftsgesetz</entry>
				<entry VJ="1" align="left" colsep="0" valign="top">Artikel 18</entry>
			</row>
			<row>
				<entry VJ="1" align="left" colsep="0" valign="top">Wassersicherstellungsgesetz</entry>
				<entry VJ="1" align="left" colsep="0" valign="top">Artikel 19</entry>
			</row>
			<row>
				<entry VJ="1" align="left" colsep="0" valign="top">Tierkörperbeseitigungsgesetz</entry>
				<entry VJ="1" align="left" colsep="0" valign="top">Artikel 20</entry>
			</row>
			<row>
				<entry VJ="1" align="left" colsep="0" valign="top">Arbeitszeitordnung</entry>
				<entry VJ="1" align="left" colsep="0" valign="top">Artikel 21</entry>
			</row>
			<row>
				<entry VJ="1" align="left" colsep="0" valign="top">Gesetz über die Arbeitszeit in Bäckereien und Konditoreien</entry>
				<entry VJ="1" align="left" colsep="0" valign="top">Artikel 22</entry>
			</row>
			<row>
				<entry VJ="1" align="left" colsep="0" valign="top">Gesetz über den Ladenschluß</entry>
				<entry VJ="1" align="left" colsep="0" valign="top">Artikel 23</entry>
			</row>
			<row>
				<entry VJ="1" align="left" colsep="0" valign="top">Jugendschutzgesetz</entry>
				<entry VJ="1" align="left" colsep="0" valign="top">Artikel 24</entry>
			</row>
			<row>
				<entry VJ="1" align="left" colsep="0" valign="top">Gesetz über das Verwaltungsverfahren der Kriegsopferversorgung</entry>
				<entry VJ="1" align="left" colsep="0" valign="top">Artikel 25</entry>
			</row>
			<row>
				<entry VJ="1" align="left" colsep="0" valign="top">Bundesfernstraßengesetz</entry>
				<entry VJ="1" align="left" colsep="0" valign="top">Artikel 26</entry>
			</row>
			<row>
				<entry VJ="1" align="left" colsep="0" valign="top">Straßenverkehrsgesetz</entry>
				<entry VJ="1" align="left" colsep="0" valign="top">Artikel 27</entry>
			</row>
			<row>
				<entry VJ="1" align="left" colsep="0" valign="top">Güterkraftverkehrsgesetz</entry>
				<entry VJ="1" align="left" colsep="0" valign="top">Artikel 28</entry>
			</row>
			<row>
				<entry VJ="1" align="left" colsep="0" valign="top">Rechtsverordnungsermächtigung</entry>
				<entry VJ="1" align="left" colsep="0" valign="top">Artikel 29</entry>
			</row>
			<row>
				<entry VJ="1" align="left" colsep="0" valign="top">Berlin-Klausel</entry>
				<entry VJ="1" align="left" colsep="0" valign="top">Artikel 30</entry>
			</row>
			<row>
				<entry VJ="1" align="left" colsep="0" valign="top">Inkrafttreten</entry>
				<entry VJ="1" align="left" colsep="0" valign="top">Artikel 31</entry>
			</row>
		</tbody>
	</tgroup>
</table> </P></Content></text></textdaten></norm>
<norm builddate="20120625153353" doknr="BJNR006850975BJNE000200311"><metadaten><jurabk>ZustLG</jurabk><enbez>Eingangsformel</enbez></metadaten><textdaten><text format="XML"><Content><P>Der Bundestag hat mit Zustimmung des Bundesrates das folgende Gesetz beschlossen:</P></Content></text></textdaten></norm>
<norm builddate="20120625153353" doknr="BJNR006850975BJNE000300311"><metadaten><jurabk>ZustLG</jurabk><enbez>(XXXX) Art 1 bis 28</enbez><titel format="XML">(weggefallen)</titel></metadaten><textdaten><fussnoten/></textdaten></norm>
<norm builddate="20120625153353" doknr="BJNR006850975BJNE000400311"><metadaten><jurabk>ZustLG</jurabk><enbez>Art 29</enbez><titel format="parat">Rechtsverordnungsermächtigung</titel></metadaten><textdaten><text format="XML"><Content><P>Die Bundesregierung wird ermächtigt, durch Rechtsverordnung mit Zustimmung des Bundesrates die zuständigen Behörden abweichend von den in der Anlage aufgeführten Zuständigkeitsvorschriften zu bestimmen. Sie kann diese Ermächtigung auf die Landesregierungen übertragen und dabei vorsehen, daß die Landesregierungen die Ermächtigung auf oberste Landesbehörden weiter übertragen können.</P></Content></text></textdaten></norm>
<norm builddate="20120625153353" doknr="BJNR006850975BJNE000500311"><metadaten><jurabk>ZustLG</jurabk><enbez>Art 30</enbez><titel format="parat">Berlin-Klausel</titel></metadaten><textdaten><text format="XML"><Content><P>Dieses Gesetz gilt nach Maßgabe des § 13 Abs. 1 des Dritten Überleitungsgesetzes vom 4. Januar 1952 (Bundesgesetzbl. I S. 1) auch im Land Berlin. Rechtsverordnungen, die auf Grund dieses Gesetzes erlassen werden, gelten im Land Berlin nach § 14 des Dritten Überleitungsgesetzes.</P></Content></text></textdaten></norm>
<norm builddate="20120625153353" doknr="BJNR006850975BJNE000600311"><metadaten><jurabk>ZustLG</jurabk><enbez>Art 31</enbez><titel format="parat">Inkrafttreten</titel></metadaten><textdaten><text format="XML"><Content><P>Dieses Gesetz tritt am 1. April 1975 in Kraft.</P></Content></text></textdaten></norm>
<norm builddate="20120625153353" doknr="BJNR006850975BJNE000700311"><metadaten><jurabk>ZustLG</jurabk><enbez>Anlage</enbez><titel format="parat">(zu Artikel 29)</titel></metadaten><textdaten><text format="XML"><Content><P><ABWFORMAT typ="A"/><kommentar typ="Fundstelle"> Fundstelle des Originaltextes: BGBl. I 1975, 691 - 695 </kommentar> <BR/><table frame="none" tocentry="%yes;">
	<tgroup align="left" char="" charoff="50" cols="3" colsep="0" rowsep="0">
		<colspec colname="col1" colnum="1" colwidth="10*"/>
		<colspec colname="col2" colnum="2" colwidth="20*"/>
		<colspec colname="col3" colnum="3" colwidth="80*"/>
		<tbody valign="top">
			<row>
				<entry VJ="1" align="left" colsep="0" valign="top">1.</entry>
				<entry VJ="1" align="left" colsep="0" nameend="col3" namest="col2" valign="top">Erste Durchführungsverordnung zum Gesetz über die berufsmäßige Ausübung der Heilkunde ohne Bestallung vom 18. Februar 1939 (Reichsgesetzbl. I S. 259), zuletzt geändert durch Artikel 85 des Ersten Gesetzes zur Reform des Strafrechts vom 25. Juni 1969 (Bundesgesetzbl. I S. 645)</entry>
			</row>
			<row>
				<entry VJ="1" align="left" colsep="0" valign="top">1.1</entry>
				<entry VJ="1" align="left" colsep="0" valign="top">§ 4 Abs. 1 Satz 2</entry>
				<entry VJ="1" align="left" colsep="0" valign="top">(Berufung der Mitglieder des Gutachterausschusses)</entry>
			</row>
			<row>
				<entry VJ="1" align="left" colsep="0" valign="top">1.2</entry>
				<entry VJ="1" align="left" colsep="0" valign="top">§ 7 Abs. 1</entry>
				<entry VJ="1" align="left" colsep="0" valign="top">(Zurücknahme der Erlaubnis nach dem Heilpraktikergesetz)</entry>
			</row>
			<row>
				<entry VJ="1" align="left" colsep="0" valign="top">2.</entry>
				<entry VJ="1" align="left" colsep="0" nameend="col3" namest="col2" valign="top">Erste Verordnung zur Durchführung des Hebammengesetzes vom 3. März 1939 (Reichsgesetzbl. I S. 417)</entry>
			</row>
			<row>
				<entry VJ="1" align="left" colsep="0" valign="top">2.1</entry>
				<entry VJ="1" align="left" colsep="0" valign="top">§ 1 Abs. 1</entry>
				<entry VJ="1" align="left" colsep="0" valign="top">(Staatliche Anerkennung als Hebamme)</entry>
			</row>
			<row>
				<entry VJ="1" align="left" colsep="0" valign="top">2.2</entry>
				<entry VJ="1" align="left" colsep="0" valign="top">§ 6 Abs. 1</entry>
				<entry VJ="1" align="left" colsep="0" valign="top">(Zurücknahme der Anerkennung als Hebamme)</entry>
			</row>
			<row>
				<entry VJ="1" align="left" colsep="0" valign="top">2.3</entry>
				<entry VJ="1" align="left" colsep="0" valign="top">§ 7 Abs. 1 Satz 1</entry>
				<entry VJ="1" align="left" colsep="0" valign="top">(Durchführung von Ermittlungen im Zusammenhang mit einer Zurücknahme der Anerkennung als Hebamme)</entry>
			</row>
			<row>
				<entry VJ="1" align="left" colsep="0" valign="top">2.4</entry>
				<entry VJ="1" align="left" colsep="0" valign="top">§ 11 Satz 1</entry>
				<entry VJ="1" align="left" colsep="0" valign="top">(Vorläufiges Verbot der Ausübung des Hebammenberufes)</entry>
			</row>
			<row>
				<entry VJ="1" align="left" colsep="0" valign="top">3.</entry>
				<entry VJ="1" align="left" colsep="0" nameend="col3" namest="col2" valign="top">Verordnung über Wochenpflegerinnen vom 7. Februar 1943 (Reichsgesetzbl. I S. 87), zuletzt geändert durch Artikel 56 des Einführungsgesetzes zum Strafgesetzbuch vom 2. März 1974 (Bundesgesetzbl. I S. 469)</entry>
			</row>
			<row>
				<entry VJ="1" align="left" colsep="0" valign="top">3.1</entry>
				<entry VJ="1" align="left" colsep="0" valign="top">§ 1 Abs. 2</entry>
				<entry VJ="1" align="left" colsep="0" valign="top">(Erteilung der Anerkennung als Wochenpflegerin)</entry>
			</row>
			<row>
				<entry VJ="1" align="left" colsep="0" valign="top">3.2</entry>
				<entry VJ="1" align="left" colsep="0" valign="top">§ 3 Abs. 1</entry>
				<entry VJ="1" align="left" colsep="0" valign="top">(Zurücknahme der Anerkennung als Wochenpflegerin)</entry>
			</row>
			<row>
				<entry VJ="1" align="left" colsep="0" valign="top">4.</entry>
				<entry VJ="1" align="left" colsep="0" nameend="col3" namest="col2" valign="top">Verordnung über vitaminisierte Lebensmittel vom 1. September 1942 (Reichsgesetzbl. I S. 538)</entry>
			</row>
			<row>
				<entry VJ="1" align="left" colsep="0" valign="top">4.1</entry>
				<entry VJ="1" align="left" colsep="0" valign="top">§ 1 Abs. 1 Satz 1</entry>
				<entry VJ="1" align="left" colsep="0" valign="top">(Anmeldung des Inverkehrbringens)</entry>
			</row>
			<row>
				<entry VJ="1" align="left" colsep="0" valign="top">5.</entry>
				<entry VJ="1" align="left" colsep="0" nameend="col3" namest="col2" valign="top">Verordnung über Tee und teeähnliche Erzeugnisse vom 12. Dezember 1942 (Reichsgesetzblatt I S. 707)</entry>
			</row>
			<row>
				<entry VJ="1" align="left" colsep="0" valign="top">5.1</entry>
				<entry VJ="1" align="left" colsep="0" valign="top">§ 2 Satz 1</entry>
				<entry VJ="1" align="left" colsep="0" valign="top">(Genehmigung der Herstellung und des Inverkehrbringens teeähnlicher Erzeugnisse)</entry>
			</row>
			<row>
				<entry VJ="1" align="left" colsep="0" valign="top">6.</entry>
				<entry VJ="1" align="left" colsep="0" nameend="col3" namest="col2" valign="top">Verordnung zur Ausführung des Impfgesetzes vom 22. Januar 1940 (Reichsgesetzbl. I S. 214)</entry>
			</row>
			<row>
				<entry VJ="1" align="left" colsep="0" valign="top">6.1</entry>
				<entry VJ="1" align="left" colsep="0" valign="top">§ 6 Buchstabe b</entry>
				<entry VJ="1" align="left" colsep="0" valign="top">(Veranlassung der Aufstellung der Impflisten sowie der Beschaffung der Impfscheinformulare und Zeugnisse)</entry>
			</row>
			<row>
				<entry VJ="1" align="left" colsep="0" valign="top">6.2</entry>
				<entry VJ="1" align="left" colsep="0" valign="top">§ 6 Buchstabe c</entry>
				<entry VJ="1" align="left" colsep="0" valign="top">(Veranlassung der Bekanntgabe der Impf- und Nachschautermine, der Aufforderung zur Vorstellung der Kinder und der Ausgabe der Merkblätter)</entry>
			</row>
			<row>
				<entry VJ="1" align="left" colsep="0" valign="top">6.3</entry>
				<entry VJ="1" align="left" colsep="0" valign="top">§ 6 Buchstabe d</entry>
				<entry VJ="1" align="left" colsep="0" valign="top">(Veranlassung der Bereitstellung und Herrichtung der Impfräume, der Entsendung eines Beauftragten und einer Schreibhilfe)</entry>
			</row>
			<row>
				<entry VJ="1" align="left" colsep="0" valign="top">6.4</entry>
				<entry VJ="1" align="left" colsep="0" valign="top">§ 6 Buchstabe e</entry>
				<entry VJ="1" align="left" colsep="0" valign="top">(Veranlassung der Entsendung eines Lehrers zu den Impf- und Nachschauterminen für Wiederimpflinge)</entry>
			</row>
			<row>
				<entry VJ="1" align="left" colsep="0" valign="top">6.5</entry>
				<entry VJ="1" align="left" colsep="0" valign="top">§ 6 Buchstabe f</entry>
				<entry VJ="1" align="left" colsep="0" valign="top">(Hinwirken auf eine lückenlose Durchimpfung)</entry>
			</row>
			<row>
				<entry VJ="1" align="left" colsep="0" valign="top"> </entry>
				<entry VJ="1" align="left" colsep="0" nameend="col3" namest="col2" valign="top">- § 6 Buchstaben b bis f jeweils Ermöglichung einer Delegation der Zuständigkeit von den Stadt- und Landkreisen auf andere Behörden -</entry>
			</row>
			<row>
				<entry VJ="1" align="left" colsep="0" valign="top">6.6</entry>
				<entry VJ="1" align="left" colsep="0" valign="top">§ 11</entry>
				<entry VJ="1" align="left" colsep="0" valign="top">(Einreichen der Impflisten)</entry>
			</row>
			<row>
				<entry VJ="1" align="left" colsep="0" valign="top">7.</entry>
				<entry VJ="1" align="left" colsep="0" nameend="col3" namest="col2" valign="top">Verordnung über den Anschluß von Behörden und Betrieben an den Luftschutzwarndienst vom 20. Juli 1961 (Bundesgesetzbl. I S. 1037)</entry>
			</row>
			<row>
				<entry VJ="1" align="left" colsep="0" valign="top">7.1</entry>
				<entry VJ="1" align="left" colsep="0" valign="top">§ 3 Abs. 1 Satz 1 Nr. 2 und 3 und Satz 2</entry>
				<entry VJ="1" align="left" colsep="0" valign="top">(Mitwirkung bei der Verpflichtung von Betrieben, Dienststellen und Behörden)</entry>
			</row>
			<row>
				<entry VJ="1" align="left" colsep="0" valign="top"> </entry>
				<entry VJ="1" align="left" colsep="0" nameend="col3" namest="col2" valign="top">- Ermöglichung einer Delegation der Zuständigkeit von den obersten Landesbehörden auf andere Behörden -</entry>
			</row>
			<row>
				<entry VJ="1" align="left" colsep="0" valign="top">8.</entry>
				<entry VJ="1" align="left" colsep="0" nameend="col3" namest="col2" valign="top">Verordnung zur Durchführung des Wohnungsgemeinnützigkeitsgesetzes in der Fassung der Bekanntmachung vom 24. November 1969 (Bundesgesetzbl. I S. 2141)</entry>
			</row>
			<row>
				<entry VJ="1" align="left" colsep="0" valign="top">8.1</entry>
				<entry VJ="1" align="left" colsep="0" valign="top">§ 10 Abs. 1</entry>
				<entry VJ="1" align="left" colsep="0" valign="top">(Einvernehmen der obersten Finanzbehörde bei Erteilung einer Ausnahmebewilligung zur Betreibung anderer Geschäfte)</entry>
			</row>
			<row>
				<entry VJ="1" align="left" colsep="0" valign="top">9.</entry>
				<entry VJ="1" align="left" colsep="0" nameend="col3" namest="col2" valign="top">Verordnung zur Ausführung des Reichsheimstättengesetzes vom 19. Juli 1940 (Reichsgesetzbl. I S. 1027)</entry>
			</row>
			<row>
				<entry VJ="1" align="left" colsep="0" valign="top">9.1</entry>
				<entry VJ="1" align="left" colsep="0" valign="top">§ 53 in Verbindung mit § 52 Satz 1</entry>
				<entry VJ="1" align="left" colsep="0" valign="top">(Auferlegung der Nachzahlung ersparter Steuern und Gebühren)</entry>
			</row>
			<row>
				<entry VJ="1" align="left" colsep="0" valign="top">10.</entry>
				<entry VJ="1" align="left" colsep="0" nameend="col3" namest="col2" valign="top">Verordnung über Kündigungsschutz und andere kleingartenrechtliche Vorschriften in der Fassung der Bekanntmachung vom 15. Dezember 1944 (Reichsgesetzbl. I S. 347), geändert durch § 7 Abs. 2 Satz 1 Nr. 4 des Gesetzes zur Änderung und Ergänzung kleingartenrechtlicher Vorschriften vom 28. Juli 1969 (Bundesgesetzbl. I S. 1013)</entry>
			</row>
			<row>
				<entry VJ="1" align="left" colsep="0" valign="top">10.1</entry>
				<entry VJ="1" align="left" colsep="0" valign="top">§ 1 Abs. 3 Satz 1</entry>
				<entry VJ="1" align="left" colsep="0" valign="top">(Erteilung der Genehmigung zur Kündigung)</entry>
			</row>
			<row>
				<entry VJ="1" align="left" colsep="0" valign="top">10.2</entry>
				<entry VJ="1" align="left" colsep="0" valign="top">§ 3 Abs. 1 Sätze 2 und 3</entry>
				<entry VJ="1" align="left" colsep="0" valign="top">(Genehmigung von Abreden über die Entschädigung, Festsetzung der Entschädigung und Regelung der Beschaffung von Ersatzland)</entry>
			</row>
			<row>
				<entry VJ="1" align="left" colsep="0" valign="top">10.3</entry>
				<entry VJ="1" align="left" colsep="0" valign="top">§ 3 Abs. 2 Satz 3</entry>
				<entry VJ="1" align="left" colsep="0" valign="top">(Entscheidung im Streitfall über die Entschädigung und über die Bereitstellung von Ersatzland)</entry>
			</row>
			<row>
				<entry VJ="1" align="left" colsep="0" valign="top">10.4</entry>
				<entry VJ="1" align="left" colsep="0" valign="top">§ 3 Abs. 2 Satz 6</entry>
				<entry VJ="1" align="left" colsep="0" valign="top">(Festsetzung eines Zuschusses zur Beschaffung von Ersatzland)</entry>
			</row>
			<row>
				<entry VJ="1" align="left" colsep="0" valign="top">10.5</entry>
				<entry VJ="1" align="left" colsep="0" valign="top">§ 3 Abs. 2 Satz 7</entry>
				<entry VJ="1" align="left" colsep="0" valign="top">(Freistellung der Gemeinde von der Pflicht zur Beschaffung von Ersatzland)</entry>
			</row>
			<row>
				<entry VJ="1" align="left" colsep="0" valign="top">11.</entry>
				<entry VJ="1" align="left" colsep="0" nameend="col3" namest="col2" valign="top">Erste Verordnung zur Durchführung des Gesetzes über die Änderung von Familiennamen und Vornamen vom 7. Januar 1938 (Reichsgesetzbl. I S. 12)</entry>
			</row>
			<row>
				<entry VJ="1" align="left" colsep="0" valign="top">11.1</entry>
				<entry VJ="1" align="left" colsep="0" valign="top">Artikel I § 2 Abs. 1</entry>
				<entry VJ="1" align="left" colsep="0" valign="top">(Veröffentlichung des Antrags auf Änderung oder Feststellung des Familiennamens)</entry>
			</row>
			<row>
				<entry VJ="1" align="left" colsep="0" valign="top">11.2</entry>
				<entry VJ="1" align="left" colsep="0" valign="top">Artikel I § 2 Abs. 2</entry>
				<entry VJ="1" align="left" colsep="0" valign="top">(Veröffentlichung der Entscheidung über die Änderung oder Feststellung des Familiennamens)</entry>
			</row>
			<row>
				<entry VJ="1" align="left" colsep="0" valign="top">12.</entry>
				<entry VJ="1" align="left" colsep="0" nameend="col3" namest="col2" valign="top">Verordnung zum Schutze gegen Staublungenerkrankungen (Silikose) in der keramischen Industrie vom 1. September 1951 (Bundesgesetzbl. I S. 787), geändert durch die Erste Verordnung zur Änderung der Verordnung zum Schutze gegen Staublungenerkrankungen (Silikose) in der keramischen Industrie vom 31. März 1965 (Bundesgesetzbl. I S. 228)</entry>
			</row>
			<row>
				<entry VJ="1" align="left" colsep="0" valign="top">12.1</entry>
				<entry VJ="1" align="left" colsep="0" valign="top">§ 2</entry>
				<entry VJ="1" align="left" colsep="0" valign="top">(Zulassung von Ausnahmen)</entry>
			</row>
			<row>
				<entry VJ="1" align="left" colsep="0" valign="top"> </entry>
				<entry VJ="1" align="left" colsep="0" nameend="col3" namest="col2" valign="top">- Ermöglichung der Delegation der Zuständigkeit von den obersten Arbeitsbehörden der Länder auf andere Behörden -</entry>
			</row>
			<row>
				<entry VJ="1" align="left" colsep="0" valign="top">13.</entry>
				<entry VJ="1" align="left" colsep="0" nameend="col3" namest="col2" valign="top">Bekanntmachung betreffend die Einrichtung und den Betrieb der Roßhaarspinnereien, Haar- und Borstenzurichtereien sowie der Bürsten- und Pinselmachereien vom 22. Oktober 1902 (Reichsgesetzbl. S. 269)</entry>
			</row>
			<row>
				<entry VJ="1" align="left" colsep="0" valign="top">13.1</entry>
				<entry VJ="1" align="left" colsep="0" valign="top">§ 2 Abs. 4</entry>
				<entry VJ="1" align="left" colsep="0" valign="top">(Anordnung über die Vornahme von Desinfektionen in öffentlichen Desinfektionsanstalten)</entry>
			</row>
			<row>
				<entry VJ="1" align="left" colsep="0" valign="top">13.2</entry>
				<entry VJ="1" align="left" colsep="0" valign="top">§ 4 Abs. 1</entry>
				<entry VJ="1" align="left" colsep="0" valign="top">(Zulassung von Ausnahmen)</entry>
			</row>
			<row>
				<entry VJ="1" align="left" colsep="0" valign="top">13.3</entry>
				<entry VJ="1" align="left" colsep="0" valign="top">§ 4 Abs. 2 Satz 1</entry>
				<entry VJ="1" align="left" colsep="0" valign="top">(Führen eines Verzeichnisses über Ausnahmen)</entry>
			</row>
			<row>
				<entry VJ="1" align="left" colsep="0" valign="top">14.</entry>
				<entry VJ="1" align="left" colsep="0" nameend="col3" namest="col2" valign="top">Verordnung zur Durchführung des Außenwirtschaftsgesetzes in der Fassung der Bekanntmachung vom 31. August 1973 (Bundesgesetzblatt I S. 1069), zuletzt geändert durch die Dreiunddreißigste Verordnung zur Änderung der Außenwirtschaftsverordnung vom 17. Dezember 1974 (Bundesgesetzbl. I S. 3564)</entry>
			</row>
			<row>
				<entry VJ="1" align="left" colsep="0" valign="top">14.1</entry>
				<entry VJ="1" align="left" colsep="0" valign="top">§ 50b Abs. 2 Satz 2</entry>
				<entry VJ="1" align="left" colsep="0" valign="top">(Entgegennahme von Meldungen des Braugewerbes)</entry>
			</row>
			<row>
				<entry VJ="1" align="left" colsep="0" valign="top">15.</entry>
				<entry VJ="1" align="left" colsep="0" nameend="col3" namest="col2" valign="top">Zweite Verordnung zur Durchführung des Gesetzes zur Förderung der Energiewirtschaft vom 31. August 1937 (Reichsgesetzbl. I S. 918), geändert durch die Verordnung zur Änderung der Zweiten Verordnung zur Durchführung des Energiewirtschaftsgesetzes vom 24. Oktober 1966 (Bundesgesetzbl. I S. 628)</entry>
			</row>
			<row>
				<entry VJ="1" align="left" colsep="0" valign="top">15.1</entry>
				<entry VJ="1" align="left" colsep="0" valign="top">§ 6</entry>
				<entry VJ="1" align="left" colsep="0" valign="top">(Stellung von Strafanträgen)</entry>
			</row>
			<row>
				<entry VJ="1" align="left" colsep="0" valign="top">16.</entry>
				<entry VJ="1" align="left" colsep="0" nameend="col3" namest="col2" valign="top">Erste Verordnung über Wasser- und Bodenverbände vom 3. September 1937 (Reichsgesetzbl. I S. 933), zuletzt geändert durch § 55 Nr. 9 des Beurkundungsgesetzes vom 28. August 1969 (Bundesgesetzbl. I S. 1513)</entry>
			</row>
			<row>
				<entry VJ="1" align="left" colsep="0" valign="top">16.1</entry>
				<entry VJ="1" align="left" colsep="0" valign="top">§ 3 Nr. 4</entry>
				<entry VJ="1" align="left" colsep="0" valign="top">(Zulassung anderer Personen als Verbandsmitglieder)</entry>
			</row>
			<row>
				<entry VJ="1" align="left" colsep="0" valign="top">16.2</entry>
				<entry VJ="1" align="left" colsep="0" valign="top">§ 15 Satz 2</entry>
				<entry VJ="1" align="left" colsep="0" valign="top">(Abweichende Anordnungen bei Einmannverbänden)</entry>
			</row>
			<row>
				<entry VJ="1" align="left" colsep="0" valign="top">16.3</entry>
				<entry VJ="1" align="left" colsep="0" valign="top">§ 32</entry>
				<entry VJ="1" align="left" colsep="0" valign="top">(Zulassung der Enteignung)</entry>
			</row>
			<row>
				<entry VJ="1" align="left" colsep="0" valign="top">16.4</entry>
				<entry VJ="1" align="left" colsep="0" valign="top">§ 36 Satz 1</entry>
				<entry VJ="1" align="left" colsep="0" valign="top">(Bestimmung des Gebietes, in dem ein aus öffentlich-rechtlichen Körperschaften bestehender Verband seine Aufgaben durchzuführen hat)</entry>
			</row>
			<row>
				<entry VJ="1" align="left" colsep="0" valign="top">16.5</entry>
				<entry VJ="1" align="left" colsep="0" valign="top">§ 48 Abs. 5 Satz 1</entry>
				<entry VJ="1" align="left" colsep="0" valign="top">(Bestimmung, daß der Vorstand in anderer Weise gebildet wird)</entry>
			</row>
			<row>
				<entry VJ="1" align="left" colsep="0" valign="top">16.6</entry>
				<entry VJ="1" align="left" colsep="0" valign="top">§ 55 Abs. 2 Satz 1</entry>
				<entry VJ="1" align="left" colsep="0" valign="top">(Bestimmung, daß der Ausschuß in anderer Weise gebildet wird)</entry>
			</row>
			<row>
				<entry VJ="1" align="left" colsep="0" valign="top">16.7</entry>
				<entry VJ="1" align="left" colsep="0" valign="top">§ 56 Abs. 6</entry>
				<entry VJ="1" align="left" colsep="0" valign="top">(Genehmigung, daß das Stimmverhältnis in der Satzung anders geregelt wird)</entry>
			</row>
			<row>
				<entry VJ="1" align="left" colsep="0" valign="top">16.8</entry>
				<entry VJ="1" align="left" colsep="0" valign="top">§ 69 Abs. 1</entry>
				<entry VJ="1" align="left" colsep="0" valign="top">(Anordnung zur Schuldübernahme und des Ersatzes der übrigen Kosten)</entry>
			</row>
			<row>
				<entry VJ="1" align="left" colsep="0" valign="top">16.9</entry>
				<entry VJ="1" align="left" colsep="0" valign="top">§ 76 Abs. 1 Satz 2</entry>
				<entry VJ="1" align="left" colsep="0" valign="top">(Bestimmung der Prüfstelle)</entry>
			</row>
			<row>
				<entry VJ="1" align="left" colsep="0" valign="top">16.10</entry>
				<entry VJ="1" align="left" colsep="0" valign="top">§ 82 Abs. 2 Nr. 4</entry>
				<entry VJ="1" align="left" colsep="0" valign="top">(Zustimmung zu einer abweichenden Regelung des Beitragsverhältnisses durch Satzung)</entry>
			</row>
			<row>
				<entry VJ="1" align="left" colsep="0" valign="top">16.11</entry>
				<entry VJ="1" align="left" colsep="0" valign="top">§ 95 Abs. 1</entry>
				<entry VJ="1" align="left" colsep="0" valign="top">(Zustimmung zur Heranziehung des Nutznießers zu Geldbeiträgen)</entry>
			</row>
			<row>
				<entry VJ="1" align="left" colsep="0" valign="top">16.12</entry>
				<entry VJ="1" align="left" colsep="0" valign="top">§ 122 Abs. 4 Satz 1</entry>
				<entry VJ="1" align="left" colsep="0" valign="top">(Zulassung von Ausnahmen von § 122 Abs. 1 für bestimmte Geschäfte)</entry>
			</row>
			<row>
				<entry VJ="1" align="left" colsep="0" valign="top">16.13</entry>
				<entry VJ="1" align="left" colsep="0" valign="top">§ 130 Abs. 1</entry>
				<entry VJ="1" align="left" colsep="0" valign="top">(Bestellung eines Beauftragten und abweichende Regelung der Aufsicht)</entry>
			</row>
			<row>
				<entry VJ="1" align="left" colsep="0" valign="top">16.14</entry>
				<entry VJ="1" align="left" colsep="0" valign="top">§ 130 Abs. 3 Satz 1</entry>
				<entry VJ="1" align="left" colsep="0" valign="top">(Wiederherstellung der ordentlichen Verwaltung)</entry>
			</row>
			<row>
				<entry VJ="1" align="left" colsep="0" valign="top">16.15</entry>
				<entry VJ="1" align="left" colsep="0" valign="top">§ 152 Abs. 1</entry>
				<entry VJ="1" align="left" colsep="0" valign="top">(Gründung neuer Verbände)</entry>
			</row>
			<row>
				<entry VJ="1" align="left" colsep="0" valign="top">16.16</entry>
				<entry VJ="1" align="left" colsep="0" valign="top">§ 154 Buchstabe d</entry>
				<entry VJ="1" align="left" colsep="0" valign="top">(Zulassung anderer Personen zur Zuziehung als Verbandsmitglied)</entry>
			</row>
			<row>
				<entry VJ="1" align="left" colsep="0" valign="top">16.17</entry>
				<entry VJ="1" align="left" colsep="0" valign="top">§ 156 Abs. 2</entry>
				<entry VJ="1" align="left" colsep="0" valign="top">(Zulassung des Zugrundelegens vereinfachter Unterlagen bei der Verbandsgründung)</entry>
			</row>
			<row>
				<entry VJ="1" align="left" colsep="0" valign="top">16.18</entry>
				<entry VJ="1" align="left" colsep="0" valign="top">§ 159 Abs. 5</entry>
				<entry VJ="1" align="left" colsep="0" valign="top">(Zulassung, daß Wertzahlen nicht angegeben werden)</entry>
			</row>
			<row>
				<entry VJ="1" align="left" colsep="0" valign="top">16.19</entry>
				<entry VJ="1" align="left" colsep="0" valign="top">§ 175 Abs. 1 Sätze 1 und 2</entry>
				<entry VJ="1" align="left" colsep="0" valign="top">(Neuverteilung von Aufgaben auf bestehende und neue Verbände)</entry>
			</row>
			<row>
				<entry VJ="1" align="left" colsep="0" valign="top">16.20</entry>
				<entry VJ="1" align="left" colsep="0" valign="top">§ 176 Abs. 1 Satz 1</entry>
				<entry VJ="1" align="left" colsep="0" valign="top">(Erlaß der neuen Satzung für einen alten Verband)</entry>
			</row>
			<row>
				<entry VJ="1" align="left" colsep="0" valign="top">16.21</entry>
				<entry VJ="1" align="left" colsep="0" valign="top">§ 176 Abs. 2 Satz 1</entry>
				<entry VJ="1" align="left" colsep="0" valign="top">(Zulassung des Verfahrens nach den §§ 145 bis 149)</entry>
			</row>
			<row>
				<entry VJ="1" align="left" colsep="0" valign="top">16.22</entry>
				<entry VJ="1" align="left" colsep="0" valign="top">§ 177</entry>
				<entry VJ="1" align="left" colsep="0" valign="top">(Genehmigung zur Auflösung eines Verbandes)</entry>
			</row>
			<row>
				<entry VJ="1" align="left" colsep="0" valign="top"> </entry>
				<entry VJ="1" align="left" colsep="0" nameend="col3" namest="col2" valign="top">- Hinsichtlich § 3 Nr. 4, § 15 Satz 2, § 36 Satz 1, § 76 Abs. 1 Satz 2, § 122 Abs. 4 Satz 1, § 154 Buchstabe d, § 156 Abs. 2, § 159 Abs. 5, § 176 Abs. 2 Satz 1 und § 177: Ermöglichung der Delegation der Zuständigkeit auf die oberen Aufsichtsbehörden -</entry>
			</row>
			<row>
				<entry VJ="1" align="left" colsep="0" valign="top"> </entry>
				<entry VJ="1" align="left" colsep="0" nameend="col3" namest="col2" valign="top">- Hinsichtlich §§ 32, 48 Abs. 5 Satz 1, § 55 Abs. 2 Satz 1, § 56 Abs. 6, § 69 Abs. 1, § 82 Abs. 2 Nr. 4, § 95 Abs. 1, § 130 Abs. 1 und 3 Satz 1, § 152 Abs. 1, § 175 Abs. 1 Satz 1 und 2 und § 176 Abs. 1 Satz 1: Ermöglichung der Delegation der Zuständigkeit auf die Aufsichtsbehörden. Dies gilt nicht, wenn die Körperschaft, für deren Gebiet die Aufsichtsbehörde zuständig ist, Mitglied des Wasser- und Bodenverbands oder sonst betroffen ist -</entry>
			</row>
			<row>
				<entry VJ="1" align="left" colsep="0" valign="top">17.</entry>
				<entry VJ="1" align="left" colsep="0" nameend="col3" namest="col2" valign="top">Verordnung zur Bekämpfung der Bisamratte vom 1. Juli 1938 (Reichsgesetzbl. I S. 847)</entry>
			</row>
			<row>
				<entry VJ="1" align="left" colsep="0" valign="top">17.1</entry>
				<entry VJ="1" align="left" colsep="0" valign="top">§ 3 Abs. 2</entry>
				<entry VJ="1" align="left" colsep="0" valign="top">(Ermächtigung zur Anordnung bestimmter Maßnahmen zur Bekämpfung der Bisamratte)</entry>
			</row>
			<row>
				<entry VJ="1" align="left" colsep="0" valign="top"> </entry>
				<entry VJ="1" align="left" colsep="0" nameend="col3" namest="col2" valign="top">- Ermöglichung der Delegation der Zuständigkeit von den unteren Verwaltungsbehörden auf andere Behörden -</entry>
			</row>
			<row>
				<entry VJ="1" align="left" colsep="0" valign="top">18.</entry>
				<entry VJ="1" align="left" colsep="0" nameend="col3" namest="col2" valign="top">Ausführungsvorschriften des Bundesrats zum Viehseuchengesetze vom 7. Dezember 1911 (Reichsgesetzbl. 1912 S. 3), zuletzt geändert durch § 27 Abs. 3 Nr. 1 der Verordnung über Sera und Impfstoffe nach § 17c des Viehseuchengesetzes vom 27. Februar 1973 (Bundesgesetzbl. I S. 134)</entry>
			</row>
			<row>
				<entry VJ="1" align="left" colsep="0" valign="top">18.1</entry>
				<entry VJ="1" align="left" colsep="0" valign="top">§ 6 Abs. 1 Satz 3</entry>
				<entry VJ="1" align="left" colsep="0" valign="top">(Bestimmung der der Beaufsichtigung unterliegenden Gastställe)</entry>
			</row>
			<row>
				<entry VJ="1" align="left" colsep="0" valign="top">18.2</entry>
				<entry VJ="1" align="left" colsep="0" valign="top">§ 6 Abs. 2</entry>
				<entry VJ="1" align="left" colsep="0" valign="top">(Befreiung der Jahr- und Wochenmärkte, Tierschauen und Viehhändlerställe von der Beaufsichtigung)</entry>
			</row>
			<row>
				<entry VJ="1" align="left" colsep="0" valign="top">18.3</entry>
				<entry VJ="1" align="left" colsep="0" valign="top">§ 6 Abs. 3</entry>
				<entry VJ="1" align="left" colsep="0" valign="top">(Anordnung der Beaufsichtigung von Vieh)</entry>
			</row>
			<row>
				<entry VJ="1" align="left" colsep="0" valign="top">18.4</entry>
				<entry VJ="1" align="left" colsep="0" valign="top">§ 9</entry>
				<entry VJ="1" align="left" colsep="0" valign="top">(Anordnung von Ver- und Endladeuntersuchungen)</entry>
			</row>
			<row>
				<entry VJ="1" align="left" colsep="0" valign="top">18.5</entry>
				<entry VJ="1" align="left" colsep="0" valign="top">§ 11 Abs. 1 Satz 2</entry>
				<entry VJ="1" align="left" colsep="0" valign="top">(Gestattung des Viehtreibens durch Viehhändler)</entry>
			</row>
			<row>
				<entry VJ="1" align="left" colsep="0" valign="top">18.6</entry>
				<entry VJ="1" align="left" colsep="0" valign="top">§ 11 Abs. 2</entry>
				<entry VJ="1" align="left" colsep="0" valign="top">(Verbot des Viehtreibens durch Viehhändler)</entry>
			</row>
			<row>
				<entry VJ="1" align="left" colsep="0" valign="top">18.7</entry>
				<entry VJ="1" align="left" colsep="0" valign="top">§ 13 Abs. 3</entry>
				<entry VJ="1" align="left" colsep="0" valign="top">(Bestimmung des Führens von Büchern)</entry>
			</row>
			<row>
				<entry VJ="1" align="left" colsep="0" valign="top">18.8</entry>
				<entry VJ="1" align="left" colsep="0" valign="top">§ 13 Abs. 4</entry>
				<entry VJ="1" align="left" colsep="0" valign="top">(Ausnahmegenehmigung vom Führen von Büchern)</entry>
			</row>
			<row>
				<entry VJ="1" align="left" colsep="0" valign="top">18.9</entry>
				<entry VJ="1" align="left" colsep="0" valign="top">§ 14 Satz 1</entry>
				<entry VJ="1" align="left" colsep="0" valign="top">(Ausdehnung der Bestimmungen über das Führen von Büchern bei Wanderschafherden auf Wanderherden anderer Viehgattungen)</entry>
			</row>
			<row>
				<entry VJ="1" align="left" colsep="0" valign="top">18.10</entry>
				<entry VJ="1" align="left" colsep="0" valign="top">§ 14 Satz 2</entry>
				<entry VJ="1" align="left" colsep="0" valign="top">(Anordnung der amtstierärztlichen Untersuchung von Wanderherden)</entry>
			</row>
			<row>
				<entry VJ="1" align="left" colsep="0" valign="top">18.11</entry>
				<entry VJ="1" align="left" colsep="0" valign="top">§ 17 Abs. 1 Satz 2 und Abs. 2 Satz 3</entry>
				<entry VJ="1" align="left" colsep="0" valign="top">(Bestimmung der Geltungsdauer von Ursprungs- und Gesundheitszeugnissen)</entry>
			</row>
			<row>
				<entry VJ="1" align="left" colsep="0" valign="top">18.12</entry>
				<entry VJ="1" align="left" colsep="0" valign="top">§ 24</entry>
				<entry VJ="1" align="left" colsep="0" valign="top">(Einführung der Kennzeichnungspflicht für Rinder und Schweine)</entry>
			</row>
			<row>
				<entry VJ="1" align="left" colsep="0" valign="top">18.13</entry>
				<entry VJ="1" align="left" colsep="0" valign="top">§ 37 Abs. 2</entry>
				<entry VJ="1" align="left" colsep="0" valign="top">(Zulassung von Ausnahmen für Viehladestellen)</entry>
			</row>
			<row>
				<entry VJ="1" align="left" colsep="0" valign="top">18.14</entry>
				<entry VJ="1" align="left" colsep="0" valign="top">§ 38 Abs. 2 Satz 2 und § 39</entry>
				<entry VJ="1" align="left" colsep="0" valign="top">(Anordnung der Reinigung und Desinfektion im Transportwesen)</entry>
			</row>
			<row>
				<entry VJ="1" align="left" colsep="0" valign="top">18.15</entry>
				<entry VJ="1" align="left" colsep="0" valign="top">§ 104 Abs. 1 Satz 1</entry>
				<entry VJ="1" align="left" colsep="0" valign="top">(Anordnung der Impfung der für Milzbrand empfänglichen Tiere)</entry>
			</row>
			<row>
				<entry VJ="1" align="left" colsep="0" valign="top">18.16</entry>
				<entry VJ="1" align="left" colsep="0" valign="top">§ 146 Abs. 4 Satz 1</entry>
				<entry VJ="1" align="left" colsep="0" valign="top">(Genehmigung der Zustellung gesunder Pferde zu rotzansteckungsverdächtigen Pferden)</entry>
			</row>
			<row>
				<entry VJ="1" align="left" colsep="0" valign="top">18.17</entry>
				<entry VJ="1" align="left" colsep="0" valign="top">§ 150</entry>
				<entry VJ="1" align="left" colsep="0" valign="top">(Anordnung der Tötung von rotzansteckungsverdächtigen Pferden)</entry>
			</row>
			<row>
				<entry VJ="1" align="left" colsep="0" valign="top">18.18</entry>
				<entry VJ="1" align="left" colsep="0" valign="top">§ 155 Abs. 3</entry>
				<entry VJ="1" align="left" colsep="0" valign="top">(Genehmigung, daß von den bei Ausbruch der Maul- und Klauenseuche vorgeschriebenen Ermittlungen und Untersuchungen abgesehen wird)</entry>
			</row>
			<row>
				<entry VJ="1" align="left" colsep="0" valign="top">18.19</entry>
				<entry VJ="1" align="left" colsep="0" valign="top">§ 162 Abs. 1 Satz 2</entry>
				<entry VJ="1" align="left" colsep="0" valign="top">(Zulassung von Ausnahmen)</entry>
			</row>
			<row>
				<entry VJ="1" align="left" colsep="0" valign="top">18.20</entry>
				<entry VJ="1" align="left" colsep="0" valign="top">§ 183 Abs. 2</entry>
				<entry VJ="1" align="left" colsep="0" valign="top">(Anordnung der Tötung der Ansteckung mit Lungenseuche verdächtiger Tiere)</entry>
			</row>
			<row>
				<entry VJ="1" align="left" colsep="0" valign="top">18.21</entry>
				<entry VJ="1" align="left" colsep="0" valign="top">§ 184 Abs. 1 Satz 2</entry>
				<entry VJ="1" align="left" colsep="0" valign="top">(Zulassung der Schlachtung der lungenseuchenkranken oder -verdächtigen Tiere außerhalb des Seuchenortes)</entry>
			</row>
			<row>
				<entry VJ="1" align="left" colsep="0" valign="top">18.22</entry>
				<entry VJ="1" align="left" colsep="0" valign="top">§ 187 Satz 2</entry>
				<entry VJ="1" align="left" colsep="0" valign="top">(Zulassung von Ausnahmen vom Verbot der Einstellung gesunder Rinder in das Seuchengehöft)</entry>
			</row>
			<row>
				<entry VJ="1" align="left" colsep="0" valign="top">18.23</entry>
				<entry VJ="1" align="left" colsep="0" valign="top">§ 194 Abs. 1 Halbsatz 1</entry>
				<entry VJ="1" align="left" colsep="0" valign="top">(Bildung von Beobachtungsgebieten um das Seuchengehöft)</entry>
			</row>
			<row>
				<entry VJ="1" align="left" colsep="0" valign="top">18.24</entry>
				<entry VJ="1" align="left" colsep="0" valign="top">§ 194 Abs. 3 Satz 1</entry>
				<entry VJ="1" align="left" colsep="0" valign="top">(Beschränkung des Viehverkehrs in Beobachtungsgebieten)</entry>
			</row>
			<row>
				<entry VJ="1" align="left" colsep="0" valign="top">18.25</entry>
				<entry VJ="1" align="left" colsep="0" valign="top">§ 236 Abs. 1</entry>
				<entry VJ="1" align="left" colsep="0" valign="top">(Anordnung bei größerer Ausdehnung der Beschälseuche der Pferde)</entry>
			</row>
			<row>
				<entry VJ="1" align="left" colsep="0" valign="top">19.</entry>
				<entry VJ="1" align="left" colsep="0" nameend="col3" namest="col2" valign="top">Viehseuchenpolizeiliche Anordnung über die Bekämpfung der ansteckenden Blutarmut der Einhufer vom 8. März 1940 (Reichsanzeiger Nr. 62)</entry>
			</row>
			<row>
				<entry VJ="1" align="left" colsep="0" valign="top">19.1</entry>
				<entry VJ="1" align="left" colsep="0" valign="top">§ 7 Abs. 3</entry>
				<entry VJ="1" align="left" colsep="0" valign="top">(Genehmigung der Ausfuhr ansteckungsverdächtiger Einhufer aus einem verseuchten Gehöft)</entry>
			</row>
			<row>
				<entry VJ="1" align="left" colsep="0" valign="top">19.2</entry>
				<entry VJ="1" align="left" colsep="0" valign="top">§ 8 Satz 1</entry>
				<entry VJ="1" align="left" colsep="0" valign="top">(Genehmigung der Einfuhr von Einhufern in ein Seuchengehöft)</entry>
			</row>
			<row>
				<entry VJ="1" align="left" colsep="0" valign="top">19.3</entry>
				<entry VJ="1" align="left" colsep="0" valign="top">§ 12 Satz 1</entry>
				<entry VJ="1" align="left" colsep="0" valign="top">(Anordnung von Schutzmaßnahmen)</entry>
			</row>
			<row>
				<entry VJ="1" align="left" colsep="0" valign="top">19.4</entry>
				<entry VJ="1" align="left" colsep="0" valign="top">§ 13 Abs. 1 und Abs. 2 Satz 1</entry>
				<entry VJ="1" align="left" colsep="0" valign="top">(Anordnung von Schutzmaßnahmen)</entry>
			</row>
			<row>
				<entry VJ="1" align="left" colsep="0" valign="top">19.5</entry>
				<entry VJ="1" align="left" colsep="0" valign="top">§ 17 Abs. 4</entry>
				<entry VJ="1" align="left" colsep="0" valign="top">(Genehmigung der Wiedereinstellung gesunder Einhufer in Seuchengehöfte)</entry>
			</row>
			<row>
				<entry VJ="1" align="left" colsep="0" valign="top"> </entry>
				<entry VJ="1" align="left" colsep="0" nameend="col3" namest="col2" valign="top">- Jeweils Ermöglichung der Delegation der Zuständigkeit von den höheren Verwaltungsbehörden auf andere Behörden -</entry>
			</row>
			<row>
				<entry VJ="1" align="left" colsep="0" valign="top">20.</entry>
				<entry VJ="1" align="left" colsep="0" nameend="col3" namest="col2" valign="top">Erste Durchführungsverordnung zum Tierkörperbeseitigungsgesetz vom 23. Februar 1939 (Reichsgesetzbl. I S. 332)</entry>
			</row>
			<row>
				<entry VJ="1" align="left" colsep="0" valign="top">20.1</entry>
				<entry VJ="1" align="left" colsep="0" valign="top">§ 4 Abs. 3 Satz 1</entry>
				<entry VJ="1" align="left" colsep="0" valign="top">(Genehmigung der Abgabe von Fleisch zu Futterzwecken)</entry>
			</row>
			<row>
				<entry VJ="1" align="left" colsep="0" valign="top">20.2</entry>
				<entry VJ="1" align="left" colsep="0" valign="top">§ 4 Abs. 4</entry>
				<entry VJ="1" align="left" colsep="0" valign="top">(Genehmigungsvorbehalt)</entry>
			</row>
			<row>
				<entry VJ="1" align="left" colsep="0" valign="top">21.</entry>
				<entry VJ="1" align="left" colsep="0" nameend="col3" namest="col2" valign="top">Verordnung über die Durchführung des Fleischbeschaugesetzes vom 1. November 1940 (Reichsministerialblatt S. 289, 1941 S. 9), zuletzt geändert durch Artikel 214 des Einführungsgesetzes zum Strafgesetzbuch vom 2. März 1974 (Bundesgesetzbl. I S. 469)</entry>
			</row>
			<row>
				<entry VJ="1" align="left" colsep="0" valign="top">21.1</entry>
				<entry VJ="1" align="left" colsep="0" valign="top">§ 8 Abs. 3 Satz 2</entry>
				<entry VJ="1" align="left" colsep="0" valign="top">(Zustimmung zur Übertragung der Schlachttier- und Fleischbeschau in öffentlichen Schlachthäusern auf Fleischbeschauer)</entry>
			</row>
			<row>
				<entry VJ="1" align="left" colsep="0" valign="top">21.2</entry>
				<entry VJ="1" align="left" colsep="0" valign="top">§ 8 Abs. 4</entry>
				<entry VJ="1" align="left" colsep="0" valign="top">(Zustimmung zur Ausnahmeregelung bei der Übertragung der Beschau)</entry>
			</row>
			<row>
				<entry VJ="1" align="left" colsep="0" valign="top">21.3</entry>
				<entry VJ="1" align="left" colsep="0" valign="top">§ 21 Abs. 1</entry>
				<entry VJ="1" align="left" colsep="0" valign="top">(Zulassung von bakteriologischen Untersuchungsstellen)</entry>
			</row>
			<row>
				<entry VJ="1" align="left" colsep="0" valign="top">21.4</entry>
				<entry VJ="1" align="left" colsep="0" valign="top">§ 21 Abs. 6</entry>
				<entry VJ="1" align="left" colsep="0" valign="top">(Zulassung des Institutsleiters zur Ausbildung in der bakteriologischen Fleischuntersuchung)</entry>
			</row>
			<row>
				<entry VJ="1" align="left" colsep="0" valign="top">21.5</entry>
				<entry VJ="1" align="left" colsep="0" valign="top">§ 23</entry>
				<entry VJ="1" align="left" colsep="0" valign="top">(Zustimmung zur Beauftragung von Sachverständigen in der Auslandsfleischbeschau)</entry>
			</row>
			<row>
				<entry VJ="1" align="left" colsep="0" valign="top">21.6</entry>
				<entry VJ="1" align="left" colsep="0" valign="top">§ 25</entry>
				<entry VJ="1" align="left" colsep="0" valign="top">(Festsetzung von Untersuchungstagen)</entry>
			</row>
			<row>
				<entry VJ="1" align="left" colsep="0" valign="top"> </entry>
				<entry VJ="1" align="left" colsep="0" nameend="col3" namest="col2" valign="top">- Jeweils Ermöglichung der Delegation der Zuständigkeit von den höheren Verwaltungsbehörden auf andere Behörden -</entry>
			</row>
			<row>
				<entry VJ="1" align="left" colsep="0" valign="top">22.</entry>
				<entry VJ="1" align="left" colsep="0" nameend="col3" namest="col2" valign="top">Ausführungsbestimmungen A über die Untersuchung und gesundheitspolizeiliche Behandlung der Schlachttiere und des Fleisches bei Schlachtungen im Inland - AB.A -, Beilage 1 zur Verordnung über die Durchführung des Fleischbeschaugesetzes vom 1. November 1940 (Reichsministerialblatt S. 289, 1941 S. 9), zuletzt geändert durch Verordnung zur Änderung der Ausführungsbestimmungen A über die Untersuchung und gesundheitspolizeiliche Behandlung der Schlachttiere und des Fleisches bei Schlachtungen im Inland vom 18. Dezember 1973 (Bundesgesetzbl. 1974 I S. 18, 1193)</entry>
			</row>
			<row>
				<entry VJ="1" align="left" colsep="0" valign="top">22.1.</entry>
				<entry VJ="1" align="left" colsep="0" valign="top">§ 37 Abs. 3 Satz 2</entry>
				<entry VJ="1" align="left" colsep="0" valign="top">(Genehmigung zur Durchführung der Trichinenschau außerhalb des Betriebs oder Gehöftes der Schlachtung)</entry>
			</row>
			<row>
				<entry VJ="1" align="left" colsep="0" valign="top">22.2</entry>
				<entry VJ="1" align="left" colsep="0" valign="top">§ 46 Abs. 3</entry>
				<entry VJ="1" align="left" colsep="0" valign="top">(Festsetzung von geringeren Höchstuntersuchungszahlen für Trichinenschau in weitläufigen ländlichen Beschaubezirken)</entry>
			</row>
			<row>
				<entry VJ="1" align="left" colsep="0" valign="top">22.3</entry>
				<entry VJ="1" align="left" colsep="0" valign="top">§ 53 Abs. 6 Satz 1 und Abs. 7 Satz 1</entry>
				<entry VJ="1" align="left" colsep="0" valign="top">(Zulassung einer abweichenden Führung des Fleischbeschautagebuches)</entry>
			</row>
			<row>
				<entry VJ="1" align="left" colsep="0" valign="top">22.4</entry>
				<entry VJ="1" align="left" colsep="0" valign="top">§ 54 Abs. 3 Satz 1</entry>
				<entry VJ="1" align="left" colsep="0" valign="top">(Fachliche Aufsicht über die Fleischbeschautierärzte)</entry>
			</row>
			<row>
				<entry VJ="1" align="left" colsep="0" valign="top">23.</entry>
				<entry VJ="1" align="left" colsep="0" nameend="col3" namest="col2" valign="top">Ausführungsbestimmungen B über die Ausbildung, die Prüfung und die Fortbildung in der Fleischbeschau und Trichinenschau - AB.B -, Beilage 2 zur Verordnung über die Durchführung des Fleischbeschaugesetzes vom 1. November 1940 (Reichsministerialblatt S. 289, 1941 S. 9), zuletzt geändert durch Artikel 1 Nr. 12 der Verordnung zur Änderung der Verordnung über die Durchführung des Fleischbeschaugesetzes vom 27. Dezember 1968 (Bundesgesetzbl. 1969 I S. 6)</entry>
			</row>
			<row>
				<entry VJ="1" align="left" colsep="0" valign="top">23.1</entry>
				<entry VJ="1" align="left" colsep="0" valign="top">§ 2 Abs. 1</entry>
				<entry VJ="1" align="left" colsep="0" valign="top">(Bestellung des Prüfungsausschusses für Fleischbeschauer)</entry>
			</row>
			<row>
				<entry VJ="1" align="left" colsep="0" valign="top">23.2</entry>
				<entry VJ="1" align="left" colsep="0" valign="top">§ 3 Abs. 1</entry>
				<entry VJ="1" align="left" colsep="0" valign="top">(Zulassung von öffentlichen Schlachthäusern zur Ausbildung von Fleischbeschauern)</entry>
			</row>
			<row>
				<entry VJ="1" align="left" colsep="0" valign="top">23.3</entry>
				<entry VJ="1" align="left" colsep="0" valign="top">§ 3 Abs. 2 Satz 2</entry>
				<entry VJ="1" align="left" colsep="0" valign="top">(Zustimmung zur Bestellung des Lehrgangsleiters für die Ausbildung als Fleischbeschauer)</entry>
			</row>
			<row>
				<entry VJ="1" align="left" colsep="0" valign="top">23.4</entry>
				<entry VJ="1" align="left" colsep="0" valign="top">§ 3 Abs. 3 Satz 2</entry>
				<entry VJ="1" align="left" colsep="0" valign="top">(Zustimmung zur Zulassung älterer Bewerber zur Ausbildung als Fleischbeschauer)</entry>
			</row>
			<row>
				<entry VJ="1" align="left" colsep="0" valign="top">23.5</entry>
				<entry VJ="1" align="left" colsep="0" valign="top">§ 12 Abs. 1</entry>
				<entry VJ="1" align="left" colsep="0" valign="top">(Bestimmung der Prüfungsstelle für Trichinenschauer)</entry>
			</row>
			<row>
				<entry VJ="1" align="left" colsep="0" valign="top">23.6</entry>
				<entry VJ="1" align="left" colsep="0" valign="top">§ 19 Abs. 2 Satz 1</entry>
				<entry VJ="1" align="left" colsep="0" valign="top">(Festsetzung der Fortbildungslehrgänge für Fleischbeschautierärzte)</entry>
			</row>
			<row>
				<entry VJ="1" align="left" colsep="0" valign="top">23.7</entry>
				<entry VJ="1" align="left" colsep="0" valign="top">§ 19 Abs. 2 Satz 3</entry>
				<entry VJ="1" align="left" colsep="0" valign="top">(Bestimmung des Lehrgangsleiters für Fortbildungslehrgänge)</entry>
			</row>
			<row>
				<entry VJ="1" align="left" colsep="0" valign="top"> </entry>
				<entry VJ="1" align="left" colsep="0" nameend="col3" namest="col2" valign="top">- Jeweils Ermöglichung der Delegation der Zuständigkeit von den höheren Verwaltungsbehörden auf andere Behörden -</entry>
			</row>
			<row>
				<entry VJ="1" align="left" colsep="0" valign="top">24.</entry>
				<entry VJ="1" align="left" colsep="0" nameend="col3" namest="col2" valign="top">Erste Verordnung zur Ausführung des Milchgesetzes vom 15. Mai 1931 (Reichsgesetzbl. I S. 150), zuletzt geändert durch die Verordnung über Ausnahmen von der Wartezeit nach § 15 Abs. 2 Satz 2 des Lebensmittel- und Bedarfsgegenständegesetzes vom 2. Januar 1975 (Bundesgesetzbl. I S. 124)</entry>
			</row>
			<row>
				<entry VJ="1" align="left" colsep="0" valign="top">24.1</entry>
				<entry VJ="1" align="left" colsep="0" valign="top">§ 14 Abs. 2</entry>
				<entry VJ="1" align="left" colsep="0" valign="top">(Zulassung von Ausnahmen)</entry>
			</row>
			<row>
				<entry VJ="1" align="left" colsep="0" valign="top">24.2</entry>
				<entry VJ="1" align="left" colsep="0" valign="top">§ 20 Satz 2</entry>
				<entry VJ="1" align="left" colsep="0" valign="top">(Bestimmung der Voraussetzungen für Abmelkbetriebe)</entry>
			</row>
			<row>
				<entry VJ="1" align="left" colsep="0" valign="top">25.</entry>
				<entry VJ="1" align="left" colsep="0" nameend="col3" namest="col2" valign="top">Bekanntmachung über fetthaltige Zubereitungen vom 26. Juni 1916 (Reichsgesetzbl. S. 589), zuletzt geändert durch Artikel 223 des Einführungsgesetzes zum Strafgesetzbuch vom 2. März 1974 (Bundesgesetzbl. I S. 469)</entry>
			</row>
			<row>
				<entry VJ="1" align="left" colsep="0" valign="top">25.1</entry>
				<entry VJ="1" align="left" colsep="0" valign="top">§ 1 Abs. 3</entry>
				<entry VJ="1" align="left" colsep="0" valign="top">(Zulassung von Ausnahmen)</entry>
			</row>
			<row>
				<entry VJ="1" align="left" colsep="0" valign="top">26.</entry>
				<entry VJ="1" align="left" colsep="0" nameend="col3" namest="col2" valign="top">Bestimmungen über Heimarbeit in der Tabakindustrie vom 17. November 1913 (Reichsgesetzbl. S. 751), zuletzt geändert durch § 4 der Verordnung zur Durchführung des Gesetzes über die Heimarbeit vom 23. März 1934 (Reichsgesetzbl. I S. 225)</entry>
			</row>
			<row>
				<entry VJ="1" align="left" colsep="0" valign="top">26.1</entry>
				<entry VJ="1" align="left" colsep="0" valign="top">§§ 11, 12 Satz 1</entry>
				<entry VJ="1" align="left" colsep="0" valign="top">(Zulassung von Ausnahmen von den Anforderungen für Arbeitsräume)</entry>
			</row>
			<row>
				<entry VJ="1" align="left" colsep="0" valign="top">27.</entry>
				<entry VJ="1" align="left" colsep="0" nameend="col3" namest="col2" valign="top">Ausführungsverordnung zur Arbeitszeitordnung vom 12. Dezember 1938 (Reichsgesetzblatt I S. 1799), zuletzt geändert durch Artikel 2 Nr. 1 der Verordnung über Beschäftigungszeiten im Straßenverkehr vom 28. Oktober 1971 (Bundesgesetzbl. I S. 1729)</entry>
			</row>
			<row>
				<entry VJ="1" align="left" colsep="0" valign="top">27.1</entry>
				<entry VJ="1" align="left" colsep="0" valign="top">Nummer 47 Satz 3</entry>
				<entry VJ="1" align="left" colsep="0" valign="top">(Bestimmung der Bade - und Ausflugsorte sowie der Saisonzeiten)</entry>
			</row>
			<row>
				<entry VJ="1" align="left" colsep="0" valign="top">28.</entry>
				<entry VJ="1" align="left" colsep="0" nameend="col3" namest="col2" valign="top">Verordnung zur Durchführung des Gesetzes über die Arbeitszeit in Bäckereien und Konditoreien vom 30. Juni 1936 (Reichsgesetzbl. I S. 527), zuletzt geändert durch Artikel 2 Nr. 3 der Verordnung über Beschäftigungszeiten im Straßenverkehr vom 28. Oktober 1971 (Bundesgesetzbl. I S. 1729)</entry>
			</row>
			<row>
				<entry VJ="1" align="left" colsep="0" valign="top">28.1</entry>
				<entry VJ="1" align="left" colsep="0" valign="top">Artikel 2 Abs. 1 Satz 1</entry>
				<entry VJ="1" align="left" colsep="0" valign="top">(Festsetzung der Zeiten für die Herstellung, das Austragen oder Ausfahren von leichtverderblichen Waren an Sonntagen)</entry>
			</row>
			<row>
				<entry VJ="1" align="left" colsep="0" valign="top">29.</entry>
				<entry VJ="1" align="left" colsep="0" nameend="col3" namest="col2" valign="top">Bekanntmachung betreffend die Beschäftigung jugendlicher Arbeiter bei der Bearbeitung von Faserstoffen, Tierhaaren, Abfällen oder Lumpen vom 8. Dezember 1909 (Reichsgesetzbl. S. 969)</entry>
			</row>
			<row>
				<entry VJ="1" align="left" colsep="0" valign="top">29.1</entry>
				<entry VJ="1" align="left" colsep="0" valign="top">Abschnitt II Abs. 2</entry>
				<entry VJ="1" align="left" colsep="0" valign="top">(Zulassung von Ausnahmen)</entry>
			</row>
			<row>
				<entry VJ="1" align="left" colsep="0" valign="top">30.</entry>
				<entry VJ="1" align="left" colsep="0" nameend="col3" namest="col2" valign="top">Straßenverkehrs-Zulassungs-Ordnung in der Fassung der Bekanntmachung vom 15. November 1974 (Bundesgesetzbl. I S. 3193)</entry>
			</row>
			<row>
				<entry VJ="1" align="left" colsep="0" valign="top">30.1</entry>
				<entry VJ="1" align="left" colsep="0" valign="top">§ 70 Abs. 1 Nr. 1</entry>
				<entry VJ="1" align="left" colsep="0" valign="top">(Zulassung von Ausnahmen)</entry>
			</row>
			<row>
				<entry VJ="1" align="left" colsep="0" valign="top"> </entry>
				<entry VJ="1" align="left" colsep="0" nameend="col3" namest="col2" valign="top">- Ermöglichung der Delegation der Zuständigkeit von den höheren Verwaltungsbehörden auf andere Behörden -</entry>
			</row>
			<row>
				<entry VJ="1" align="left" colsep="0" valign="top">30.2</entry>
				<entry VJ="1" align="left" colsep="0" valign="top">§ 70 Abs. 2</entry>
				<entry VJ="1" align="left" colsep="0" valign="top">(Mitwirkung bei der Zulassung von Ausnahmen)</entry>
			</row>
			<row>
				<entry VJ="1" align="left" colsep="0" valign="top"> </entry>
				<entry VJ="1" align="left" colsep="0" nameend="col3" namest="col2" valign="top">- Ermöglichung der Delegation der Zuständigkeit von den obersten Straßenbaubehörden auf andere Behörden -</entry>
			</row>
		</tbody>
	</tgroup>
</table> </P></Content></text></textdaten></norm>
</dokumente>