<?xml version="1.0" encoding="UTF-8" ?><!DOCTYPE dokumente SYSTEM "http://www.gesetze-im-internet.de/dtd/1.01/gii-norm.dtd">
<dokumente builddate="20210415213005" doknr="BJNR225320998"><norm builddate="20210415213005" doknr="BJNR225320998"><metadaten><jurabk>EUAuslÜbkG</jurabk><ausfertigung-datum manuell="ja">1998-09-07</ausfertigung-datum><fundstelle typ="amtlich"><periodikum>BGBl II</periodikum><zitstelle>1998, 2253</zitstelle></fundstelle><langue>Gesetz zu dem Übereinkommen vom 27. September 1996 über die Auslieferung zwischen den Mitgliedstaaten der Europäischen Union</langue></metadaten><textdaten><text format="XML"><Content><P/></Content></text><fussnoten><Content><P>(+++ Textnachweis ab: 12. 9.1998 +++) <BR/>Übereinkommen in Kraft gem. Bek. v. 29.3.2021 II 316 mWv 5.11.2019</P></Content></fussnoten></textdaten></norm>
<norm builddate="20210415213005" doknr="BJNR225320998BJNE000100311"><metadaten><jurabk>EUAuslÜbkG</jurabk><enbez>Art 1</enbez></metadaten><textdaten><text format="XML"><Content><P>(1) Dem in Dublin am 27. September 1996 von der Bundesrepublik Deutschland unterzeichneten Übereinkommen aufgrund von Artikel K.3 des Vertrags über die Europäische Union über die Auslieferung zwischen den Mitgliedstaaten der Europäischen Union einschließlich seines Anhangs wird zugestimmt. Das Übereinkommen wird nachstehend veröffentlicht.</P><P>(2) Die Zustimmung erfolgt mit der Maßgabe, daß die Auslieferung Deutscher gemäß Artikel 7 Abs. 2 und 3 des Übereinkommens ausgeschlossen wird. Die Bundesregierung kann bei der Hinterlegung der Ratifikationsurkunde eine Erklärung nach Artikel 18 Abs. 4 des Übereinkommens abgeben.</P></Content> </text></textdaten></norm>
<norm builddate="20210415213005" doknr="BJNR225320998BJNE000200311"><metadaten><jurabk>EUAuslÜbkG</jurabk><enbez>Art 2</enbez></metadaten><textdaten><text format="XML"><Content><P>(1) Die Erklärung der ausgelieferten Person über den Verzicht auf die Einhaltung des Grundsatzes der Spezialität (Artikel 10 Abs. 1 Buchstabe d des Übereinkommens) wird zu richterlichem Protokoll abgegeben. Zuständig ist der Richter bei dem Amtsgericht, in dessen Bezirk sich die ausgelieferte Person befindet. Zuständig nach Erhebung der öffentlichen Klage ist das mit der Sache befaßte Gericht.</P><P>(2) Die Erklärung kann nicht widerrufen werden. Die ausgelieferte Person ist vor der Abgabe der Erklärung über deren Rechtsfolgen zu belehren.</P></Content> </text></textdaten></norm>
<norm builddate="20210415213005" doknr="BJNR225320998BJNE000300311"><metadaten><jurabk>EUAuslÜbkG</jurabk><enbez>Art 3</enbez></metadaten><textdaten><text format="XML"><Content><P>(1) Dieses Gesetz tritt am Tage nach seiner Verkündung in Kraft.</P><P>(2) Der Tag, an dem das Übereinkommen nach seinem Artikel 18 Abs. 3 für die Bundesrepublik Deutschland in Kraft tritt, ist im Bundesgesetzblatt bekanntzugeben. Das gleiche gilt für den Tag, von dem an das Übereinkommen nach seinem Artikel 18 Abs. 4 vorzeitige Anwendung findet.</P></Content> </text></textdaten></norm>
</dokumente>