<?xml version="1.0" encoding="UTF-8" ?><!DOCTYPE dokumente SYSTEM "http://www.gesetze-im-internet.de/dtd/1.01/gii-norm.dtd">
<dokumente builddate="20200715212502" doknr="BJNR122000020"><norm builddate="20200715212502" doknr="BJNR122000020"><metadaten><jurabk>RWBestV 2020</jurabk><amtabk>RWBestV 2020</amtabk><ausfertigung-datum manuell="ja">2020-06-08</ausfertigung-datum><fundstelle typ="amtlich"><periodikum>BGBl I</periodikum><zitstelle>2020, 1220</zitstelle></fundstelle><kurzue>Rentenwertbestimmungsverordnung 2020</kurzue><langue>Verordnung zur Bestimmung der Rentenwerte in der gesetzlichen Rentenversicherung und in der Alterssicherung der Landwirte und zur Bestimmung weiterer Werte zum 1. Juli 2020</langue></metadaten><textdaten><fussnoten><Content><P><BR/> <pre xml:space="preserve">(+++ Textnachweis ab: 1.7.2020 +++)<BR/><BR/></pre></P></Content></fussnoten></textdaten></norm>
<norm builddate="20200715212502" doknr="BJNR122000020BJNE000100000"><metadaten><jurabk>RWBestV 2020</jurabk><enbez>Eingangsformel</enbez></metadaten><textdaten><text format="XML"><Content><P>Auf Grund <DL Type="Dash"><DT>–</DT><DD Font="normal"><LA>des § 69 Absatz 1 und des § 255f in Verbindung mit den §§ 68, 68a, 154 Absatz 3 und 3a, den §§ 228b, 255d Absatz 2 und 3 und den §§ 255e und 255g des Sechsten Buches Sozialgesetzbuch – Gesetzliche Rentenversicherung –, von denen § 68 zuletzt durch Artikel 1a Nummer 1 des Gesetzes vom 15. November 2019 (BGBl. I S. 1565), § 68a zuletzt durch Artikel 4 Nummer 3 des Gesetzes vom 15. Juli 2009 (BGBl. I S. 1939), § 69 Absatz 1 zuletzt durch Artikel 4 Nummer 3 Buchstabe a des Gesetzes vom 22. Dezember 2011 (BGBl. I S. 3057) geändert worden sind, § 154 Absatz 3 durch Artikel 1 Nummer 8 Buchstabe a des Gesetzes vom 28. November 2018 (BGBl. I S. 2016) neu gefasst worden ist, § 154 Absatz 3a durch Artikel 1 Nummer 8 Buchstabe b des Gesetzes vom 28. November 2018 (BGBl. I S. 2016) eingefügt worden ist, § 228b zuletzt durch Artikel 1 Nummer 11 des Gesetzes vom 17. Juli 2017 (BGBl. I S. 2575) geändert worden ist, § 255d durch Artikel 1 Nummer 22 des Gesetzes vom 17. Juli 2017 (BGBl. I S. 2575) neu gefasst worden ist, die §§ 255e und 255f durch Artikel 1 Nummer 12 des Gesetzes vom 28. November 2018 (BGBl. I S. 2016) eingefügt worden sind und § 255g durch Artikel 1 Nummer 14 des Gesetzes vom 28. November 2018 (BGBl. I S. 2016) neu gefasst worden ist,</LA></DD><DT>–</DT><DD Font="normal"><LA>des § 255b Absatz 1 in Verbindung mit § 255a des Sechsten Buches Sozialgesetzbuch – Gesetzliche Rentenversicherung –, von denen § 255a durch Artikel 1 Nummer 17 des Gesetzes vom 17. Juli 2017 (BGBl. I S. 2575) neu gefasst worden ist und § 255b Absatz 1 zuletzt durch Artikel 1 Nummer 19 Buchstabe a des Gesetzes vom 17. Juli 2017 (BGBl. I S. 2575) geändert worden ist,</LA></DD><DT>–</DT><DD Font="normal"><LA>des § 26 in Verbindung mit § 23 Absatz 4 und des § 105 in Verbindung mit § 102 Absatz 4 des Gesetzes über die Alterssicherung der Landwirte, von denen § 102 Absatz 4 durch Artikel 11 Nummer 11 des Gesetzes vom 22. Dezember 2011 (BGBl. I S. 3057) geändert worden ist,</LA></DD><DT>–</DT><DD Font="normal"><LA>des § 44 Absatz 6 sowie des § 95 Absatz 1 Satz 2 des Siebten Buches Sozialgesetzbuch – Gesetzliche Unfallversicherung –, von denen § 44 Absatz 6 durch Artikel 1 Nummer 2 Buchstabe b des Gesetzes vom 17. Juli 2001 (BGBl. I S. 1600) eingefügt und § 95 Absatz 1 Satz 2 durch Artikel 4 Nummer 3 Buchstabe b des Gesetzes vom 21. Juli 2004 (BGBl. I S. 1791) geändert worden sind, sowie</LA></DD><DT>–</DT><DD Font="normal"><LA>des § 95 Absatz 1 Satz 2 des Siebten Buches Sozialgesetzbuch in der vorstehend genannten Fassung sowie des § 1153 Satz 3 der Reichsversicherungsordnung in der durch § 215 Absatz 5 Satz 1 des Siebten Buches Sozialgesetzbuch bestimmten Fassung, diese jeweils in Verbindung mit § 215 Absatz 5 des Siebten Buches Sozialgesetzbuch, der zuletzt durch Artikel 5 Nummer 6 des Gesetzes vom 21. März 2001 (BGBl. I S. 403) geändert worden ist,</LA></DD></DL>verordnet die Bundesregierung:</P></Content></text></textdaten></norm>
<norm builddate="20200715212502" doknr="BJNR122000020BJNE000200000"><metadaten><jurabk>RWBestV 2020</jurabk><enbez>§ 1</enbez><titel format="XML">Aktueller Rentenwert und aktueller Rentenwert (Ost) in der gesetzlichen Rentenversicherung</titel></metadaten><textdaten><text format="XML"><Content><P>(1) Der aktuelle Rentenwert beträgt ab dem 1. Juli 2020 34,19 Euro.</P><P>(2) Der aktuelle Rentenwert (Ost) beträgt ab dem 1. Juli 2020 33,23 Euro.</P></Content></text></textdaten></norm>
<norm builddate="20200715212502" doknr="BJNR122000020BJNE000300000"><metadaten><jurabk>RWBestV 2020</jurabk><enbez>§ 2</enbez><titel format="XML">Sicherungsniveau vor Steuern in der gesetzlichen Rentenversicherung</titel></metadaten><textdaten><text format="XML"><Content><P>Das Sicherungsniveau vor Steuern beträgt für das Jahr 2020 48,21 Prozent.</P></Content></text></textdaten></norm>
<norm builddate="20200715212502" doknr="BJNR122000020BJNE000400000"><metadaten><jurabk>RWBestV 2020</jurabk><enbez>§ 3</enbez><titel format="XML">Allgemeiner Rentenwert und allgemeiner Rentenwert (Ost) in der Alterssicherung der Landwirte</titel></metadaten><textdaten><text format="XML"><Content><P>(1) Der allgemeine Rentenwert in der Alterssicherung der Landwirte beträgt ab dem 1. Juli 2020 15,79 Euro.</P><P>(2) Der allgemeine Rentenwert (Ost) in der Alterssicherung der Landwirte beträgt ab dem 1. Juli 2020 15,32 Euro.</P></Content></text></textdaten></norm>
<norm builddate="20200715212502" doknr="BJNR122000020BJNE000500000"><metadaten><jurabk>RWBestV 2020</jurabk><enbez>§ 4</enbez><titel format="XML">Anpassungsfaktor in der gesetzlichen Unfallversicherung in den alten Ländern und den neuen Ländern</titel></metadaten><textdaten><text format="XML"><Content><P>(1) Der Anpassungsfaktor für die zum 1. Juli 2020 anzupassenden Geldleistungen der gesetzlichen Unfallversicherung im Sinne des § 44 Absatz 4 und des § 95 des Siebten Buches Sozialgesetzbuch beträgt 1,0345.</P><P>(2) Die vom Jahresarbeitsverdienst abhängigen Geldleistungen und das Pflegegeld der gesetzlichen Unfallversicherung im Sinne des § 215 Absatz 5 des Siebten Buches Sozialgesetzbuch für Versicherungsfälle, die vor dem 1. Juli 2020 eingetreten sind, werden zum 1. Juli 2020 angepasst. Der Anpassungsfaktor beträgt 1,0420.</P></Content></text></textdaten></norm>
<norm builddate="20200715212502" doknr="BJNR122000020BJNE000600000"><metadaten><jurabk>RWBestV 2020</jurabk><enbez>§ 5</enbez><titel format="XML">Pflegegeld der gesetzlichen Unfallversicherung in den alten Ländern und den neuen Ländern</titel></metadaten><textdaten><text format="XML"><Content><P>Das Pflegegeld der gesetzlichen Unfallversicherung beträgt vom 1. Juli 2020 an <DL Type="arabic"><DT>1.</DT><DD Font="normal"><LA>für Versicherungsfälle, auf die § 44 Absatz 2 des Siebten Buches Sozialgesetzbuch anzuwenden ist, zwischen 387 Euro und 1 542 Euro monatlich,</LA></DD><DT>2.</DT><DD Font="normal"><LA>für Versicherungsfälle, auf die § 215 Absatz 5 des Siebten Buches Sozialgesetzbuch anzuwenden ist, zwischen 369 Euro und 1 483 Euro.</LA></DD></DL></P></Content></text></textdaten></norm>
<norm builddate="20200715212502" doknr="BJNR122000020BJNE000700000"><metadaten><jurabk>RWBestV 2020</jurabk><enbez>§ 6</enbez><titel format="XML">Inkrafttreten</titel></metadaten><textdaten><text format="XML"><Content><P>Diese Verordnung tritt am 1. Juli 2020 in Kraft.</P></Content></text></textdaten></norm>
<norm builddate="20200715212502" doknr="BJNR122000020BJNE000800000"><metadaten><jurabk>RWBestV 2020</jurabk><enbez>Schlussformel</enbez></metadaten><textdaten><text format="XML"><Content><P>Der Bundesrat hat zugestimmt.</P></Content></text></textdaten></norm>
</dokumente>