<?xml version="1.0" encoding="UTF-8" ?><!DOCTYPE dokumente SYSTEM "http://www.gesetze-im-internet.de/dtd/1.01/gii-norm.dtd">
<dokumente builddate="20120625151603" doknr="BJNR211580969"><norm builddate="20120625151603" doknr="BJNR211580969"><metadaten><jurabk>RHiVtr TUN</jurabk><ausfertigung-datum manuell="ja">1966-07-19</ausfertigung-datum><fundstelle typ="amtlich"><periodikum>BGBl II</periodikum><zitstelle>1969, 1158</zitstelle></fundstelle><langue>Vertrag zwischen der Bundesrepublik Deutschland und der Tunesischen
Republik über die Auslieferung und die Rechtshilfe in Strafsachen</langue></metadaten><textdaten><text format="decorated"/><fussnoten><Content><P>G v. 19.6.1969 II 1157 <BR/>Inkraft gem. Bek. v. 5.3.1970 II 127 mWv 13.3.1970</P></Content></fussnoten></textdaten></norm>
</dokumente>