<?xml version="1.0" encoding="UTF-8" ?><!DOCTYPE dokumente SYSTEM "http://www.gesetze-im-internet.de/dtd/1.01/gii-norm.dtd">
<dokumente builddate="20220731213132" doknr="BJNR130700016"><norm builddate="20220731213132" doknr="BJNR130700016"><metadaten><jurabk>VfAusbV</jurabk><amtabk>VfAusbV</amtabk><ausfertigung-datum manuell="ja">2016-06-03</ausfertigung-datum><fundstelle typ="amtlich"><periodikum>BGBl I</periodikum><zitstelle>2016, 1307</zitstelle></fundstelle><kurzue>Veranstaltungsfachkräfteausbildungsverordnung</kurzue><langue>Verordnung über die Berufsausbildung zur Fachkraft für Veranstaltungstechnik<FnR ID="rf794345_01_BJNR130700016"/></langue><standangabe checked="ja"><standtyp>Stand</standtyp><standkommentar>Zuletzt geändert durch Art. 1 V v. 14.6.2022 I 923</standkommentar></standangabe><standangabe checked="ja"><standtyp>Sonst</standtyp><standkommentar>Ersetzt V 806-21-1-297 v. 18.7.2002 I 2699 (VeranstTechAusbV 2002)</standkommentar></standangabe></metadaten><textdaten><text format="XML"><Footnotes><Footnote FnZ="*" Group="column" ID="rf794345_01_BJNR130700016" Pos="normal"><noindex>Diese Rechtsverordnung ist eine Ausbildungsordnung im Sinne des § 4 des Berufsbildungsgesetzes. Die Ausbildungsordnung und der damit abgestimmte, von der Ständigen Konferenz der Kultusminister der Länder in der Bundesrepublik Deutschland beschlossene Rahmenlehrplan für die Berufsschule werden demnächst im amtlichen Teil des Bundesanzeigers veröffentlicht.</noindex></Footnote></Footnotes></text><fussnoten><Content><P><BR/> <pre xml:space="preserve">(+++ Textnachweis ab: 1.8.2016 +++)<BR/><BR/></pre></P></Content></fussnoten></textdaten></norm>
<norm builddate="20220731213132" doknr="BJNR130700016BJNE000100000"><metadaten><jurabk>VfAusbV</jurabk><enbez>Eingangsformel</enbez></metadaten><textdaten><text format="XML"><Content><P>Auf Grund des § 4 Absatz 1 des Berufsbildungsgesetzes, der zuletzt durch Artikel 436 Nummer 1 der Verordnung vom 31. August 2015 (BGBl. I S. 1474) geändert worden ist, verordnet das Bundesministerium für Wirtschaft und Energie im Einvernehmen mit dem Bundesministerium für Bildung und Forschung:</P></Content></text></textdaten></norm>
<norm builddate="20220731213132" doknr="BJNR130700016BJNE000200000"><metadaten><jurabk>VfAusbV</jurabk><enbez>Inhaltsübersicht</enbez></metadaten><textdaten><text format="XML"><TOC><Ident Class="S0">Abschnitt 1</Ident><Title Align="auto" Class="S0">Gegenstand, Dauer und<BR/> Gliederung der Berufsausbildung</Title><table colsep="0" frame="none" pgwide="1" rowsep="0" tocentry="%yes;"><tgroup align="left" char="" charoff="50" cols="2"><colspec colname="col1" colwidth="10*"/><colspec colname="col2" colwidth="90*"/><tbody valign="top"><row><entry VJ="1" colname="col1">§  1</entry><entry VJ="1" colname="col2">Staatliche Anerkennung des Ausbildungsberufes</entry></row><row><entry VJ="1" colname="col1">§  2</entry><entry VJ="1" colname="col2">Dauer der Berufsausbildung</entry></row><row><entry VJ="1" colname="col1">§  3</entry><entry VJ="1" colname="col2">Gegenstand der Berufsausbildung und Ausbildungsrahmenplan</entry></row><row><entry VJ="1" colname="col1">§  4</entry><entry VJ="1" colname="col2">Struktur der Berufsausbildung, Ausbildungsberufsbild</entry></row><row><entry VJ="1" colname="col1">§  5</entry><entry VJ="1" colname="col2">Ausbildungsplan</entry></row><row><entry VJ="1" colname="col1">§  6</entry><entry VJ="1" colname="col2">Schriftlicher Ausbildungsnachweis</entry></row></tbody></tgroup></table><Ident Class="S0">Abschnitt 2</Ident><Title Align="auto" Class="S0">Zwischenprüfung</Title><table colsep="0" frame="none" pgwide="1" rowsep="0" tocentry="%yes;"><tgroup align="left" char="" charoff="50" cols="2"><colspec colname="col1" colwidth="10*"/><colspec colname="col2" colwidth="90*"/><tbody valign="top"><row><entry VJ="1" colname="col1">§  7</entry><entry VJ="1" colname="col2">Ziel und Zeitpunkt</entry></row><row><entry VJ="1" colname="col1">§  8</entry><entry VJ="1" colname="col2">Inhalt</entry></row><row><entry VJ="1" colname="col1">§  9</entry><entry VJ="1" colname="col2">Prüfungsbereiche</entry></row><row><entry VJ="1" colname="col1">§ 10</entry><entry VJ="1" colname="col2">Prüfungsbereich Auswählen der Veranstaltungstechnik und Sicherstellen der Stromversorgung</entry></row><row><entry VJ="1" colname="col1">§ 11</entry><entry VJ="1" colname="col2">Prüfungsbereich Bereitstellen der Veranstaltungstechnik</entry></row></tbody></tgroup></table><Ident Class="S0">Abschnitt 3</Ident><Title Align="auto" Class="S0">Abschlussprüfung</Title><table colsep="0" frame="none" pgwide="1" rowsep="0" tocentry="%yes;"><tgroup align="left" char="" charoff="50" cols="2"><colspec colname="col1" colwidth="10*"/><colspec colname="col2" colwidth="90*"/><tbody valign="top"><row><entry VJ="1" colname="col1">§ 12</entry><entry VJ="1" colname="col2">Ziel und Zeitpunkt</entry></row><row><entry VJ="1" colname="col1">§ 13</entry><entry VJ="1" colname="col2">Inhalt</entry></row><row><entry VJ="1" colname="col1">§ 14</entry><entry VJ="1" colname="col2">Prüfungsbereiche</entry></row><row><entry VJ="1" colname="col1">§ 15</entry><entry VJ="1" colname="col2">Prüfungsbereich Realisieren eines veranstaltungstechnischen Projekts</entry></row><row><entry VJ="1" colname="col1">§ 16</entry><entry VJ="1" colname="col2">Prüfungsbereich Planen der Veranstaltungstechnik</entry></row><row><entry VJ="1" colname="col1">§ 17</entry><entry VJ="1" colname="col2">Prüfungsbereich Planen der Veranstaltungsdurchführung</entry></row><row><entry VJ="1" colname="col1">§ 18</entry><entry VJ="1" colname="col2">Prüfungsbereich Sicherstellen der Energieversorgung für Veranstaltungstechnik</entry></row><row><entry VJ="1" colname="col1">§ 19</entry><entry VJ="1" colname="col2">Prüfungsbereich Wirtschafts- und Sozialkunde</entry></row><row><entry VJ="1" colname="col1">§ 20</entry><entry VJ="1" colname="col2">Gewichtung der Prüfungsbereiche und Anforderungen für das Bestehen der Abschlussprüfung</entry></row></tbody></tgroup></table><Ident Class="S0">Abschnitt 4</Ident><Title Align="auto" Class="S0">Schlussvorschrift</Title><table colsep="0" frame="none" pgwide="1" rowsep="0" tocentry="%yes;"><tgroup align="left" char="" charoff="50" cols="2"><colspec colname="col1" colwidth="10*"/><colspec colname="col2" colwidth="90*"/><tbody valign="top"><row><entry VJ="1" colname="col1">§ 21</entry><entry VJ="1" colname="col2">Inkrafttreten, Außerkrafttreten</entry></row></tbody></tgroup></table><table colsep="0" frame="none" pgwide="1" rowsep="0" tocentry="%yes;"><tgroup align="left" char="" charoff="50" cols="2"><colspec colname="col1" colwidth="18*"/><colspec colname="col2" colwidth="82*"/><tbody valign="top"><row><entry VJ="1" colname="col1">Anlage:</entry><entry VJ="1" colname="col2">Ausbildungsrahmenplan für die Berufsausbildung zur Fachkraft für Veranstaltungstechnik</entry></row></tbody></tgroup></table></TOC></text></textdaten></norm>
<norm builddate="20220731213132" doknr="BJNR130700016BJNG000100000"><metadaten><jurabk>VfAusbV</jurabk><gliederungseinheit><gliederungskennzahl>010</gliederungskennzahl><gliederungsbez>Abschnitt 1</gliederungsbez><gliederungstitel>Gegenstand, Dauer und Gliederung der Berufsausbildung</gliederungstitel></gliederungseinheit></metadaten><textdaten/></norm>
<norm builddate="20220731213132" doknr="BJNR130700016BJNE000300000"><metadaten><jurabk>VfAusbV</jurabk><enbez>§ 1</enbez><titel format="XML">Staatliche Anerkennung des Ausbildungsberufes</titel></metadaten><textdaten><text format="XML"><Content><P>Der Ausbildungsberuf der Fachkraft für Veranstaltungstechnik wird nach § 4 Absatz 1 des Berufsbildungsgesetzes staatlich anerkannt.</P></Content></text></textdaten></norm>
<norm builddate="20220731213132" doknr="BJNR130700016BJNE000400000"><metadaten><jurabk>VfAusbV</jurabk><enbez>§ 2</enbez><titel format="XML">Dauer der Berufsausbildung</titel></metadaten><textdaten><text format="XML"><Content><P>Die Berufsausbildung dauert drei Jahre.</P></Content></text></textdaten></norm>
<norm builddate="20220731213132" doknr="BJNR130700016BJNE000500000"><metadaten><jurabk>VfAusbV</jurabk><enbez>§ 3</enbez><titel format="XML">Gegenstand der Berufsausbildung und Ausbildungsrahmenplan</titel></metadaten><textdaten><text format="XML"><Content><P>(1) Gegenstand der Berufsausbildung sind mindestens die im Ausbildungsrahmenplan (Anlage) genannten Fertigkeiten, Kenntnisse und Fähigkeiten. Von der Organisation der Berufsausbildung, wie sie im Ausbildungsrahmenplan vorgegeben ist, darf abgewichen werden, wenn und soweit betriebspraktische Besonderheiten oder Gründe, die in der Person des oder der Auszubildenden liegen, die Abweichung erfordern.</P><P>(2) Die im Ausbildungsrahmenplan genannten Fertigkeiten, Kenntnisse und Fähigkeiten sollen so vermittelt werden, dass die Auszubildenden die berufliche Handlungsfähigkeit nach § 1 Absatz 3 des Berufsbildungsgesetzes erlangen. Die berufliche Handlungsfähigkeit schließt insbesondere selbständiges Planen, Durchführen und Kontrollieren ein.</P></Content></text></textdaten></norm>
<norm builddate="20220731213132" doknr="BJNR130700016BJNE000601128"><metadaten><jurabk>VfAusbV</jurabk><enbez>§ 4</enbez><titel format="XML">Struktur der Berufsausbildung, Ausbildungsberufsbild</titel></metadaten><textdaten><text format="XML"><Content><P>(1) Die Berufsausbildung gliedert sich in: <DL Font="normal" Type="arabic"><DT>1.</DT><DD Font="normal"><LA Size="normal">berufsprofilgebende Fertigkeiten, Kenntnisse und Fähigkeiten sowie</LA></DD><DT>2.</DT><DD Font="normal"><LA Size="normal">integrativ zu vermittelnde Fertigkeiten, Kenntnisse und Fähigkeiten.</LA></DD></DL>Die Fertigkeiten, Kenntnisse und Fähigkeiten werden in Berufsbildpositionen als Teil des Ausbildungsberufsbildes gebündelt.</P><P>(2) Die Berufsbildpositionen der berufsprofilgebenden Fertigkeiten, Kenntnisse und Fähigkeiten sind: <DL Font="normal" Type="arabic"><DT>1.</DT><DD Font="normal"><LA Size="normal">Auf- und Abbauen von Anlagen und Aufbauten,</LA></DD><DT>2.</DT><DD Font="normal"><LA Size="normal">Bereitstellen der Energieversorgung,</LA></DD><DT>3.</DT><DD Font="normal"><LA Size="normal">Vernetzen, Einrichten und Inbetriebnehmen von Anlagen,</LA></DD><DT>4.</DT><DD Font="normal"><LA Size="normal">Konzipieren veranstaltungstechnischer Systeme und Abläufe,</LA></DD><DT>5.</DT><DD Font="normal"><LA Size="normal">Einrichten von Szenerien,</LA></DD><DT>6.</DT><DD Font="normal"><LA Size="normal">Bedienen technischer Systeme bei Proben und Veranstaltungen sowie</LA></DD><DT>7.</DT><DD Font="normal"><LA Size="normal">Durchführen von Projekten im eigenen Arbeitsbereich.</LA></DD></DL></P><P>(3) Die Berufsbildpositionen der integrativ zu vermittelnden Fertigkeiten, Kenntnisse und Fähigkeiten sind: <DL Font="normal" Type="arabic"><DT>1.</DT><DD Font="normal"><LA Size="normal">Organisation des Ausbildungsbetriebes, Berufsbildung sowie Arbeits- und Tarifrecht,</LA></DD><DT>2.</DT><DD Font="normal"><LA Size="normal">Sicherheit und Gesundheit bei der Arbeit,</LA></DD><DT>3.</DT><DD Font="normal"><LA Size="normal">Umweltschutz und Nachhaltigkeit,</LA></DD><DT>4.</DT><DD Font="normal"><LA Size="normal">digitalisierte Arbeitswelt,</LA></DD><DT>5.</DT><DD Font="normal"><LA Size="normal">Sicherheit bei Veranstaltungen und Produktionen sowie</LA></DD><DT>6.</DT><DD Font="normal"><LA Size="normal">Kommunikation und Kooperation.</LA></DD></DL></P></Content></text><fussnoten/></textdaten></norm>
<norm builddate="20220731213132" doknr="BJNR130700016BJNE000700000"><metadaten><jurabk>VfAusbV</jurabk><enbez>§ 5</enbez><titel format="XML">Ausbildungsplan</titel></metadaten><textdaten><text format="XML"><Content><P>Die Ausbildenden haben spätestens zu Beginn der Ausbildung auf der Grundlage des Ausbildungsrahmenplans für jeden Auszubildenden und für jede Auszubildende einen Ausbildungsplan zu erstellen.</P></Content></text></textdaten></norm>
<norm builddate="20220731213132" doknr="BJNR130700016BJNE000800000"><metadaten><jurabk>VfAusbV</jurabk><enbez>§ 6</enbez><titel format="XML">Schriftlicher Ausbildungsnachweis</titel></metadaten><textdaten><text format="XML"><Content><P>(1) Die Auszubildenden haben einen schriftlichen Ausbildungsnachweis zu führen. Dazu ist ihnen während der Ausbildungszeit Gelegenheit zu geben.</P><P>(2) Die Ausbildenden haben den Ausbildungsnachweis regelmäßig durchzusehen.</P></Content></text></textdaten></norm>
<norm builddate="20220731213132" doknr="BJNR130700016BJNG000200000"><metadaten><jurabk>VfAusbV</jurabk><gliederungseinheit><gliederungskennzahl>020</gliederungskennzahl><gliederungsbez>Abschnitt 2</gliederungsbez><gliederungstitel>Zwischenprüfung</gliederungstitel></gliederungseinheit></metadaten><textdaten/></norm>
<norm builddate="20220731213132" doknr="BJNR130700016BJNE000900000"><metadaten><jurabk>VfAusbV</jurabk><enbez>§ 7</enbez><titel format="XML">Ziel und Zeitpunkt</titel></metadaten><textdaten><text format="XML"><Content><P>(1) Zur Ermittlung des Ausbildungsstandes ist eine Zwischenprüfung durchzuführen.</P><P>(2) Die Zwischenprüfung soll im vierten Ausbildungshalbjahr stattfinden.</P></Content></text></textdaten></norm>
<norm builddate="20220731213132" doknr="BJNR130700016BJNE001000000"><metadaten><jurabk>VfAusbV</jurabk><enbez>§ 8</enbez><titel format="XML">Inhalt</titel></metadaten><textdaten><text format="XML"><Content><P>Die Zwischenprüfung erstreckt sich auf <DL Type="arabic"><DT>1.</DT><DD Font="normal"><LA>die im Ausbildungsrahmenplan für die ersten drei Ausbildungshalbjahre genannten Fertigkeiten, Kenntnisse und Fähigkeiten sowie</LA></DD><DT>2.</DT><DD Font="normal"><LA>den im Berufsschulunterricht zu vermittelnden Lehrstoff, soweit er den im Ausbildungsrahmenplan genannten Fertigkeiten, Kenntnissen und Fähigkeiten entspricht.</LA></DD></DL></P></Content></text></textdaten></norm>
<norm builddate="20220731213132" doknr="BJNR130700016BJNE001100000"><metadaten><jurabk>VfAusbV</jurabk><enbez>§ 9</enbez><titel format="XML">Prüfungsbereiche</titel></metadaten><textdaten><text format="XML"><Content><P>Die Zwischenprüfung findet in den folgenden Prüfungsbereichen statt: <DL Type="arabic"><DT>1.</DT><DD Font="normal"><LA>Auswählen der Veranstaltungstechnik und Sicherstellen der Stromversorgung sowie</LA></DD><DT>2.</DT><DD Font="normal"><LA>Bereitstellen der Veranstaltungstechnik.</LA></DD></DL></P></Content></text></textdaten></norm>
<norm builddate="20220731213132" doknr="BJNR130700016BJNE001200000"><metadaten><jurabk>VfAusbV</jurabk><enbez>§ 10</enbez><titel format="XML">Prüfungsbereich Auswählen der Veranstaltungstechnik und Sicherstellen der Stromversorgung</titel></metadaten><textdaten><text format="XML"><Content><P>(1) Im Prüfungsbereich Auswählen der Veranstaltungstechnik und Sicherstellen der Stromversorgung soll der Prüfling nachweisen, dass er in der Lage ist, <DL Type="arabic"><DT>1.</DT><DD Font="normal"><LA>nichtstationäre elektrische Anlagen der Veranstaltungstechnik zu planen und entsprechende Unterlagen zu erstellen,</LA></DD><DT>2.</DT><DD Font="normal"><LA>aus vorgegebenen Geräten, Anlagenteilen, Bauelementen und Materialien auszuwählen und die Auswahl zu begründen,</LA></DD><DT>3.</DT><DD Font="normal"><LA>Stromverteilungen und die Vernetzung von elektrischen Betriebsmitteln zu planen sowie</LA></DD><DT>4.</DT><DD Font="normal"><LA>Prüfschritte bezüglich der elektrischen Sicherheit zu beschreiben und zu begründen sowie Messergebnisse zu bewerten.</LA></DD></DL></P><P>(2) Der Prüfling soll Aufgaben schriftlich bearbeiten.</P><P>(3) Die Prüfungszeit beträgt 60 Minuten.</P></Content></text></textdaten></norm>
<norm builddate="20220731213132" doknr="BJNR130700016BJNE001300000"><metadaten><jurabk>VfAusbV</jurabk><enbez>§ 11</enbez><titel format="XML">Prüfungsbereich Bereitstellen der Veranstaltungstechnik</titel></metadaten><textdaten><text format="XML"><Content><P>(1) Im Prüfungsbereich Bereitstellen der Veranstaltungstechnik soll der Prüfling nachweisen, dass er in der Lage ist, <DL Type="arabic"><DT>1.</DT><DD Font="normal"><LA>Arbeitsaufträge auszuwerten und Arbeitsschritte festzulegen,</LA></DD><DT>2.</DT><DD Font="normal"><LA>veranstaltungstechnische Aufbauten und folgende veranstaltungstechnische Anlagen betriebssicher aufzubauen: <DL Type="alpha"><DT>a)</DT><DD Font="normal"><LA>Anlagen der Beleuchtungstechnik,</LA></DD><DT>b)</DT><DD Font="normal"><LA>Anlagen der Beschallungstechnik oder</LA></DD><DT>c)</DT><DD Font="normal"><LA>Anlagen der Medien- und Präsentationstechnik,</LA></DD></DL></LA></DD><DT>3.</DT><DD Font="normal"><LA>die veranstaltungstechnischen Anlagen und Aufbauten einzurichten, deren Sicherheit und Funktionalität zu prüfen und elektrisch in Betrieb zu nehmen und</LA></DD><DT>4.</DT><DD Font="normal"><LA>die Vorgehensweise zu begründen.</LA></DD></DL></P><P>(2) Der Prüfling soll eine Arbeitsaufgabe durchführen. Während der Durchführung wird mit ihm ein situatives Fachgespräch über die Arbeitsaufgabe geführt.</P><P>(3) Die Prüfungszeit beträgt insgesamt 45 Minuten. Das situative Fachgespräch dauert höchstens 15 Minuten.</P></Content></text></textdaten></norm>
<norm builddate="20220731213132" doknr="BJNR130700016BJNG000300000"><metadaten><jurabk>VfAusbV</jurabk><gliederungseinheit><gliederungskennzahl>030</gliederungskennzahl><gliederungsbez>Abschnitt 3</gliederungsbez><gliederungstitel>Abschlussprüfung</gliederungstitel></gliederungseinheit></metadaten><textdaten/></norm>
<norm builddate="20220731213132" doknr="BJNR130700016BJNE001400000"><metadaten><jurabk>VfAusbV</jurabk><enbez>§ 12</enbez><titel format="XML">Ziel und Zeitpunkt</titel></metadaten><textdaten><text format="XML"><Content><P>(1) Durch die Abschlussprüfung ist festzustellen, ob der Prüfling die berufliche Handlungsfähigkeit erworben hat.</P><P>(2) Die Abschlussprüfung soll am Ende der Berufsausbildung durchgeführt werden.</P></Content></text></textdaten></norm>
<norm builddate="20220731213132" doknr="BJNR130700016BJNE001500000"><metadaten><jurabk>VfAusbV</jurabk><enbez>§ 13</enbez><titel format="XML">Inhalt</titel></metadaten><textdaten><text format="XML"><Content><P>Die Abschlussprüfung erstreckt sich auf <DL Type="arabic"><DT>1.</DT><DD Font="normal"><LA>die im Ausbildungsrahmenplan genannten Fertigkeiten, Kenntnisse und Fähigkeiten sowie</LA></DD><DT>2.</DT><DD Font="normal"><LA>den im Berufsschulunterricht zu vermittelnden Lehrstoff, soweit er den im Ausbildungsrahmenplan genannten Fertigkeiten, Kenntnissen und Fähigkeiten entspricht.</LA></DD></DL></P></Content></text></textdaten></norm>
<norm builddate="20220731213132" doknr="BJNR130700016BJNE001600000"><metadaten><jurabk>VfAusbV</jurabk><enbez>§ 14</enbez><titel format="XML">Prüfungsbereiche</titel></metadaten><textdaten><text format="XML"><Content><P>Die Abschlussprüfung findet in den folgenden Prüfungsbereichen statt: <DL Type="arabic"><DT>1.</DT><DD Font="normal"><LA>Realisieren eines veranstaltungstechnischen Projekts,</LA></DD><DT>2.</DT><DD Font="normal"><LA>Planen der Veranstaltungstechnik,</LA></DD><DT>3.</DT><DD Font="normal"><LA>Planen der Veranstaltungsdurchführung,</LA></DD><DT>4.</DT><DD Font="normal"><LA>Sicherstellen der Energieversorgung für Veranstaltungstechnik sowie</LA></DD><DT>5.</DT><DD Font="normal"><LA>Wirtschafts- und Sozialkunde.</LA></DD></DL></P></Content></text></textdaten></norm>
<norm builddate="20220731213132" doknr="BJNR130700016BJNE001701360"><metadaten><jurabk>VfAusbV</jurabk><enbez>§ 15</enbez><titel format="XML">Prüfungsbereich Realisieren eines veranstaltungstechnischen Projekts</titel></metadaten><textdaten><text format="XML"><Content><P>(1) Im Prüfungsbereich Realisieren eines veranstaltungstechnischen Projekts soll der Prüfling nachweisen, dass er in der Lage ist, <DL Font="normal" Type="arabic"><DT>1.</DT><DD Font="normal"><LA Size="normal">technische und inhaltliche Anforderungen auszuwerten,</LA></DD><DT>2.</DT><DD Font="normal"><LA Size="normal">den Einsatz der Veranstaltungstechnik unter Berücksichtigung der räumlichen Gegebenheiten und der Sicherheitsanforderungen zu planen und zu realisieren,</LA></DD><DT>3.</DT><DD Font="normal"><LA Size="normal">die Stromversorgung für veranstaltungstechnische Einrichtungen zu konzipieren und nichtstationäre elektrische Anlagen der Veranstaltungstechnik zu errichten und in Betrieb zu nehmen,</LA></DD><DT>4.</DT><DD Font="normal"><LA Size="normal">logistische und Veranstaltungsabläufe unter Beachtung ökonomischer Aspekte und rechtlicher Vorgaben zu planen und abzustimmen und</LA></DD><DT>5.</DT><DD Font="normal"><LA Size="normal">technische Unterlagen zu erstellen sowie Abläufe zu dokumentieren und zu kommunizieren.</LA></DD></DL></P><P>(2) Der Prüfling soll einen betrieblichen Auftrag durchführen und seine Arbeit mit praxisbezogenen Unterlagen dokumentieren. Nach der Durchführung wird mit dem Prüfling ein auftragsbezogenes Fachgespräch geführt.</P><P>(3) Die Prüfungszeit für den betrieblichen Auftrag mit Dokumentation beträgt 35 Stunden. Das auftragsbezogene Fachgespräch dauert höchstens 30 Minuten. Vor der Durchführung des betrieblichen Auftrages haben die Ausbildenden dem Prüfungsausschuss die Aufgabenstellung einschließlich eines geplanten Bearbeitungszeitraums zur Genehmigung vorzulegen.</P></Content></text><fussnoten/></textdaten></norm>
<norm builddate="20220731213132" doknr="BJNR130700016BJNE001800000"><metadaten><jurabk>VfAusbV</jurabk><enbez>§ 16</enbez><titel format="XML">Prüfungsbereich Planen der Veranstaltungstechnik</titel></metadaten><textdaten><text format="XML"><Content><P>(1) Im Prüfungsbereich Planen der Veranstaltungstechnik soll der Prüfling nachweisen, dass er in der Lage ist, <DL Type="arabic"><DT>1.</DT><DD Font="normal"><LA>veranstaltungstechnische Konzepte und Ablaufpläne unter rechtlichen und organisatorischen Aspekten zu beurteilen,</LA></DD><DT>2.</DT><DD Font="normal"><LA>Beschallungs-, Beleuchtungs-, Projektions- und medientechnische Systeme zu konzipieren und zu berechnen sowie Betriebsmittel auszuwählen,</LA></DD><DT>3.</DT><DD Font="normal"><LA>den Aufbau, die Vernetzung und Konfiguration von Systemen der Veranstaltungstechnik darzustellen,</LA></DD><DT>4.</DT><DD Font="normal"><LA>Bühnen-, Szenen- und Messeaufbauten unter Berücksichtigung technischer Vorgaben und unter Berücksichtigung der Standsicherheit festzulegen und</LA></DD><DT>5.</DT><DD Font="normal"><LA>Traversensysteme und maschinentechnische Betriebsmittel unter Berücksichtigung der geforderten Tragfähigkeit, Standsicherheit und der vorhandenen Abhängepunkte einzusetzen.</LA></DD></DL></P><P>(2) Der Prüfling soll Aufgaben schriftlich bearbeiten.</P><P>(3) Die Prüfungszeit beträgt 90 Minuten.</P></Content></text></textdaten></norm>
<norm builddate="20220731213132" doknr="BJNR130700016BJNE001900000"><metadaten><jurabk>VfAusbV</jurabk><enbez>§ 17</enbez><titel format="XML">Prüfungsbereich Planen der Veranstaltungsdurchführung</titel></metadaten><textdaten><text format="XML"><Content><P>(1) Im Prüfungsbereich Planen der Veranstaltungsdurchführung soll der Prüfling nachweisen, dass er in der Lage ist, <DL Type="arabic"><DT>1.</DT><DD Font="normal"><LA>Abläufe für das Errichten von Anlagen und Aufbauten zu planen,</LA></DD><DT>2.</DT><DD Font="normal"><LA>Anlagen und Aufbauten am Veranstaltungsort zu überprüfen,</LA></DD><DT>3.</DT><DD Font="normal"><LA>die Funktionsfähigkeit von sicherheitstechnischen Einrichtungen zu gewährleisten und</LA></DD><DT>4.</DT><DD Font="normal"><LA>szenische und technische Gefahren zu erkennen und Maßnahmen zur Vermeidung und Beseitigung der Gefahr zu beschreiben.</LA></DD></DL></P><P>(2) Der Prüfling soll Aufgaben schriftlich bearbeiten.</P><P>(3) Die Prüfungszeit beträgt 90 Minuten.</P></Content></text></textdaten></norm>
<norm builddate="20220731213132" doknr="BJNR130700016BJNE002000000"><metadaten><jurabk>VfAusbV</jurabk><enbez>§ 18</enbez><titel format="XML">Prüfungsbereich Sicherstellen der Energieversorgung für Veranstaltungstechnik</titel></metadaten><textdaten><text format="XML"><Content><P>(1) Im Prüfungsbereich Sicherstellen der Energieversorgung für Veranstaltungstechnik soll der Prüfling nachweisen, dass er in der Lage ist, <DL Type="arabic"><DT>1.</DT><DD Font="normal"><LA>den Energiebedarf für Veranstaltungen zu ermitteln und nichtstationäre Stromversorgung zu planen und Schutzmaßnahmen gegen elektrische Gefährdungen festzulegen,</LA></DD><DT>2.</DT><DD Font="normal"><LA>Geräte und Betriebsmittel unter Beachtung der Einsatzbedingungen festzulegen,</LA></DD><DT>3.</DT><DD Font="normal"><LA>die Errichtung nichtstationärer elektrischer Anlagen zu planen,</LA></DD><DT>4.</DT><DD Font="normal"><LA>die sicherheitstechnische Überprüfung installierter nichtstationärer elektrischer Anlagen zu beschreiben und Messergebnisse zu bewerten sowie</LA></DD><DT>5.</DT><DD Font="normal"><LA>Maßnahmen bei Störungen im Betrieb elektrischer Anlagen zu beschreiben.</LA></DD></DL></P><P>(2) Der Prüfling soll Aufgaben schriftlich bearbeiten.</P><P>(3) Die Prüfungszeit beträgt 60 Minuten.</P></Content></text></textdaten></norm>
<norm builddate="20220731213132" doknr="BJNR130700016BJNE002100000"><metadaten><jurabk>VfAusbV</jurabk><enbez>§ 19</enbez><titel format="XML">Prüfungsbereich Wirtschafts- und Sozialkunde</titel></metadaten><textdaten><text format="XML"><Content><P>(1) Im Prüfungsbereich Wirtschafts- und Sozialkunde soll der Prüfling nachweisen, dass er in der Lage ist, allgemeine wirtschaftliche und gesellschaftliche Zusammenhänge der Berufs- und Arbeitswelt darzustellen und zu beurteilen.</P><P>(2) Die Prüfungsaufgaben müssen praxisbezogen sein. Der Prüfling soll die Aufgaben schriftlich bearbeiten.</P><P>(3) Die Prüfungszeit beträgt 60 Minuten.</P></Content></text></textdaten></norm>
<norm builddate="20220731213132" doknr="BJNR130700016BJNE002201128"><metadaten><jurabk>VfAusbV</jurabk><enbez>§ 20</enbez><titel format="XML">Gewichtung der Prüfungsbereiche und Anforderungen für das Bestehen der Abschlussprüfung</titel></metadaten><textdaten><text format="XML"><Content><P>(1) Die Bewertungen der einzelnen Prüfungsbereiche sind wie folgt zu gewichten: <DL Font="normal" Type="arabic"><DT>1.</DT><DD Font="normal"><LA Size="normal"><!-- SPLIT UMBAU : [Text: Realisieren eines veranstaltungs-][Element: <BR/>

][Text:  technischen Projekts mit ][Element: 


<Split/>

][Text: 50 Prozent,]--><table colsep="0" frame="none" pgwide="1" rowsep="0" tocentry="%yes;"><tgroup align="left" char="" charoff="50" cols="2"><colspec align="left" colname="leftSplit"/><colspec align="right" colname="rightSplit"/><tbody Class="Split" valign="top"><row><entry VJ="1" colname="leftSplit">Realisieren eines veranstaltungstechnischen Projekts mit</entry><entry VJ="1" colname="rightSplit" valign="bottom">50 Prozent,</entry></row></tbody></tgroup></table></LA></DD><DT>2.</DT><DD Font="normal"><LA Size="normal"><!-- SPLIT UMBAU : [Text: Planen der Veranstaltungstechnik mit ][Element: <Split/>

][Text: 15 Prozent,]--><table colsep="0" frame="none" pgwide="1" rowsep="0" tocentry="%yes;"><tgroup align="left" char="" charoff="50" cols="2"><colspec align="left" colname="leftSplit"/><colspec align="right" colname="rightSplit"/><tbody Class="Split" valign="top"><row><entry VJ="1" colname="leftSplit">Planen der Veranstaltungstechnik mit</entry><entry VJ="1" colname="rightSplit" valign="bottom">15 Prozent,</entry></row></tbody></tgroup></table></LA></DD><DT>3.</DT><DD Font="normal"><LA Size="normal"><!-- SPLIT UMBAU : [Text: Planen der Veranstaltungsdurch-][Element: <BR/>

][Text:  führung mit ][Element: 


<Split/>

][Text: 15 Prozent,]--><table colsep="0" frame="none" pgwide="1" rowsep="0" tocentry="%yes;"><tgroup align="left" char="" charoff="50" cols="2"><colspec align="left" colname="leftSplit"/><colspec align="right" colname="rightSplit"/><tbody Class="Split" valign="top"><row><entry VJ="1" colname="leftSplit">Planen der Veranstaltungsdurchführung mit</entry><entry VJ="1" colname="rightSplit" valign="bottom">15 Prozent,</entry></row></tbody></tgroup></table></LA></DD><DT>4.</DT><DD Font="normal"><LA Size="normal"><!-- SPLIT UMBAU : [Text: Sicherstellen der Energieversorgung][Element: <BR/>

][Text:  für Veranstaltungstechnik mit ][Element: 


<Split/>

][Text: 10 Prozent,]--><table colsep="0" frame="none" pgwide="1" rowsep="0" tocentry="%yes;"><tgroup align="left" char="" charoff="50" cols="2"><colspec align="left" colname="leftSplit"/><colspec align="right" colname="rightSplit"/><tbody Class="Split" valign="top"><row><entry VJ="1" colname="leftSplit">Sicherstellen der Energieversorgung<BR/> für Veranstaltungstechnik mit</entry><entry VJ="1" colname="rightSplit" valign="bottom">10 Prozent,</entry></row></tbody></tgroup></table></LA></DD><DT>5.</DT><DD Font="normal"><LA Size="normal"><!-- SPLIT UMBAU : [Text: Wirtschafts- und Sozialkunde mit ][Element: <Split/>

][Text: 10 Prozent.]--><table colsep="0" frame="none" pgwide="1" rowsep="0" tocentry="%yes;"><tgroup align="left" char="" charoff="50" cols="2"><colspec align="left" colname="leftSplit"/><colspec align="right" colname="rightSplit"/><tbody Class="Split" valign="top"><row><entry VJ="1" colname="leftSplit">Wirtschafts- und Sozialkunde mit</entry><entry VJ="1" colname="rightSplit" valign="bottom">10 Prozent.</entry></row></tbody></tgroup></table></LA></DD></DL></P><P>(2) Die Abschlussprüfung ist bestanden, wenn die Prüfungsleistungen wie folgt bewertet worden sind: <DL Font="normal" Type="arabic"><DT>1.</DT><DD Font="normal"><LA Size="normal">im Gesamtergebnis mit mindestens „ausreichend“,</LA></DD><DT>2.</DT><DD Font="normal"><LA Size="normal">im Prüfungsbereich Realisieren eines veranstaltungstechnischen Projekts mit mindestens „ausreichend“,</LA></DD><DT>3.</DT><DD Font="normal"><LA Size="normal">im Prüfungsbereich Sicherstellen der Energieversorgung für Veranstaltungstechnik mit mindestens „ausreichend“,</LA></DD><DT>4.</DT><DD Font="normal"><LA Size="normal">in mindestens zwei weiteren Prüfungsbereichen mit mindestens „ausreichend“ und</LA></DD><DT>5.</DT><DD Font="normal"><LA Size="normal">in keinem Prüfungsbereich mit „ungenügend“.</LA></DD></DL></P><P>(3) Auf Antrag des Prüflings ist die Prüfung in einem der Prüfungsbereiche „Planen der Veranstaltungstechnik“, „Planen der Veranstaltungsdurchführung“, „Sicherstellen der Energieversorgung für Veranstaltungstechnik“ oder „Wirtschafts- und Sozialkunde“ durch eine mündliche Prüfung von etwa 15 Minuten zu ergänzen, wenn <DL Font="normal" Type="arabic"><DT>1.</DT><DD Font="normal"><LA Size="normal">der Prüfungsbereich schlechter als mit „ausreichend“ bewertet worden ist und</LA></DD><DT>2.</DT><DD Font="normal"><LA Size="normal">die mündliche Ergänzungsprüfung für das Bestehen der Abschlussprüfung den Ausschlag geben kann.</LA></DD></DL>Bei der Ermittlung des Ergebnisses für diesen Prüfungsbereich sind das bisherige Ergebnis und das Ergebnis der mündlichen Ergänzungsprüfung im Verhältnis 2:1 zu gewichten.</P></Content></text><fussnoten/></textdaten></norm>
<norm builddate="20220731213132" doknr="BJNR130700016BJNG000400000"><metadaten><jurabk>VfAusbV</jurabk><gliederungseinheit><gliederungskennzahl>040</gliederungskennzahl><gliederungsbez>Abschnitt 4</gliederungsbez><gliederungstitel>Schlussvorschrift</gliederungstitel></gliederungseinheit></metadaten><textdaten/></norm>
<norm builddate="20220731213132" doknr="BJNR130700016BJNE002300000"><metadaten><jurabk>VfAusbV</jurabk><enbez>§ 21</enbez><titel format="XML">Inkrafttreten, Außerkrafttreten</titel></metadaten><textdaten><text format="XML"><Content><P>Diese Verordnung tritt am 1. August 2016 in Kraft. Gleichzeitig tritt die Verordnung über die Berufsausbildung zur Fachkraft für Veranstaltungstechnik vom 18. Juli 2002 (BGBl. I S. 2699) außer Kraft.</P></Content></text></textdaten></norm>
<norm builddate="20220731213132" doknr="BJNR130700016BJNE002401128"><metadaten><jurabk>VfAusbV</jurabk><enbez>Anlage</enbez><titel format="XML">(zu § 3 Absatz 1)<BR/>Ausbildungsrahmenplan für die Berufsausbildung zur Fachkraft für Veranstaltungstechnik</titel></metadaten><textdaten><text format="XML"><Content><P><noindex><kommentar typ="Fundstelle">(Fundstelle: BGBl. I 2016,1311 - 1317; <BR/> bezüglich der Änderungen vgl. Fußnote)</kommentar></noindex></P><BR/><table frame="all" pgwide="1" tabstyle="Ausbildung" tocentry="%yes;"><Title Align="left" Class="S1"><B>Abschnitt A: berufsprofilgebende Fertigkeiten, Kenntnisse und Fähigkeiten</B></Title><tgroup align="left" char="" charoff="50" cols="5" colsep="1" rowsep="1"><colspec align="center" colname="col1" colnum="1" colwidth=".75*"/><colspec colname="col2" colnum="2" colwidth="4.5*"/><colspec colname="col3" colnum="3" colwidth="8.5*"/><colspec align="center" colname="col4" colnum="4" colwidth="1.5*"/><colspec align="center" colname="col5" colnum="5" colwidth="1.5*"/><thead valign="bottom"><row><entry VJ="1" align="center" colname="col1" morerows="1" valign="middle">Lfd.<BR/> Nr.</entry><entry VJ="1" align="center" colname="col2" morerows="1" valign="middle">Teil des<BR/> Ausbildungsberufsbildes</entry><entry VJ="1" align="center" colname="col3" morerows="1" valign="middle">Zu vermittelnde<BR/> Fertigkeiten, Kenntnisse und Fähigkeiten</entry><entry VJ="1" align="center" nameend="col5" namest="col4" valign="middle">Zeitliche Richtwerte<BR/> in Wochen im</entry></row><row><entry VJ="1" align="center" colname="col4" valign="middle">1. bis 18.<BR/> Monat</entry><entry VJ="1" align="center" colname="col5" valign="middle">19. bis 36.<BR/> Monat</entry></row><row><entry VJ="1" align="center" colname="col1" valign="middle">1</entry><entry VJ="1" align="center" colname="col2" valign="middle">2</entry><entry VJ="1" align="center" colname="col3" valign="middle">3</entry><entry VJ="1" align="center" nameend="col5" namest="col4" valign="middle">4</entry></row></thead><tbody valign="top"><row><entry VJ="1" colname="col1">1</entry><entry VJ="1" colname="col2">Auf- und Abbauen<BR/> von Anlagen und Aufbauten<BR/> (§ 4 Absatz 2 Nummer 1)</entry><entry VJ="1" colname="col3"/><entry VJ="1" colname="col4"/><entry VJ="1" colname="col5"/></row><row><entry VJ="1" colname="col1">1.1</entry><entry VJ="1" colname="col2">Bereitstellen<BR/> und Transportieren</entry><entry VJ="1" colname="col3"><DL Font="normal" Indent="5" Type="alpha"><DT>a)</DT><DD Font="normal"><LA Size="normal">Arbeitsaufträge annehmen und Arbeitsschritte für den eigenen Arbeitsbereich festlegen</LA></DD><DT>b)</DT><DD Font="normal"><LA Size="normal">Bedarf an Transport- und Lagerleistungen ermitteln, Transportmittel und Verpackungen auswählen</LA></DD><DT>c)</DT><DD Font="normal"><LA Size="normal">Geräte, Anlagenteile, Bauelemente, Werkzeuge und sonstige Arbeitsmittel nach Vorgaben termingerecht annehmen, kommissionieren und bereitstellen</LA></DD><DT>d)</DT><DD Font="normal"><LA Size="normal">Geräte, Anlagenteile, Bauelemente, Werkzeuge und sonstige Arbeitsmittel verpacken, sichern und transportieren sowie gegen Witterungseinflüsse und Diebstahl schützen</LA></DD><DT>e)</DT><DD Font="normal"><LA Size="normal">Begleitunterlagen zusammen- und bereitstellen</LA></DD></DL></entry><entry VJ="1" colname="col4" valign="middle">6</entry><entry VJ="1" colname="col5"/></row><row><entry VJ="1" colname="col1">1.2</entry><entry VJ="1" colname="col2">Prüfen, Montieren,<BR/> Anpassen und Demontieren</entry><entry VJ="1" colname="col3"><DL Font="normal" Indent="5" Type="alpha"><DT>a)</DT><DD Font="normal"><LA Size="normal">Beleuchtungs-, Beschallungs- und Medienpläne sowie Pläne, Zeichnungen und Skizzen für temporäre Aufbauten, Bühnen und Szenenflächen umsetzen</LA></DD><DT>b)</DT><DD Font="normal"><LA Size="normal">Montagevorgaben beachten, insbesondere zu Lastaufnahme und Standsicherheit</LA></DD><DT>c)</DT><DD Font="normal"><LA Size="normal">Verankerungen und Befestigungen vorbereiten</LA></DD><DT>d)</DT><DD Font="normal"><LA Size="normal">Werkstoffe und Materialien bewerten und auswählen</LA></DD><DT>e)</DT><DD Font="normal"><LA Size="normal">Längen messen und anzeichnen</LA></DD><DT>f)</DT><DD Font="normal"><LA Size="normal">Bauteile anpassen und verbinden</LA></DD><DT>g)</DT><DD Font="normal"><LA Size="normal">Arbeitsmittel auswählen und einsetzen, insbesondere Leitern, Arbeitsgerüste und Werkzeuge</LA></DD><DT>h)</DT><DD Font="normal"><LA Size="normal">Geräte und Anlagenteile der Beleuchtungs-, Beschallungs-, Medien- und Präsentationstechnik aufstellen, montieren, befestigen und sichern</LA></DD><DT>i)</DT><DD Font="normal"><LA Size="normal">Bauelemente für Tragekonstruktionen aufstellen und sichern, insbesondere Gerüste und Traversen sowie Bühnen-, Tribünen-, Szenen- und Messeaufbauten</LA></DD><DT>j)</DT><DD Font="normal"><LA Size="normal">ortsveränderliche maschinentechnische Einrichtungen montieren, befestigen, sichern und testen, insbesondere Stative und Hebezeuge</LA></DD><DT>k)</DT><DD Font="normal"><LA Size="normal">Leitungen verlegen und gegen Beschädigung schützen</LA></DD><DT>l)</DT><DD Font="normal"><LA Size="normal">Anlagen und Aufbauten demontieren</LA></DD><DT>m)</DT><DD Font="normal"><LA Size="normal">Geräte, Anlagenteile, Bauelemente und sonstige Arbeitsmittel übergeben, dabei Verluste, Schäden und Mängel dokumentieren</LA></DD></DL></entry><entry VJ="1" colname="col4" valign="middle">16</entry><entry VJ="1" colname="col5"/></row><row><entry VJ="1" colname="col1">1.3</entry><entry VJ="1" colname="col2">Lagern, Prüfen<BR/> und Instandhalten</entry><entry VJ="1" colname="col3"><DL Font="normal" Type="alpha"><DT>a)</DT><DD Font="normal"><LA Size="normal">Geräte, Anlagenteile, Bauelemente, Werkzeuge und sonstige Arbeitsmittel annehmen sowie auf Schäden und Vollständigkeit prüfen</LA></DD><DT>b)</DT><DD Font="normal"><LA Size="normal">Funktionskontrolle durchführen, Fehler und Mängel feststellen</LA></DD><DT>c)</DT><DD Font="normal"><LA Size="normal">Geräte, Anlagenteile, Bauelemente, Werkzeuge und sonstige Arbeitsmittel warten</LA></DD><DT>d)</DT><DD Font="normal"><LA Size="normal">Messungen an elektrischen Geräten durchführen, insbesondere Schutzleiter- und Isolationswiderstand sowie Schutzleiter- und Berührungsstrom feststellen und beurteilen</LA></DD><DT>e)</DT><DD Font="normal"><LA Size="normal">Fehler in Geräten, Anlagenteilen, Bauelementen eingrenzen, durch Austausch fehlerhafter Einheiten beheben und Maßnahmen zur Instandsetzung veranlassen</LA></DD><DT>f)</DT><DD Font="normal"><LA Size="normal">Prüfprotokolle erstellen</LA></DD><DT>g)</DT><DD Font="normal"><LA Size="normal">Geräte, Anlagenteile, Bauelemente, Werkzeuge und sonstige Arbeitsmittel lagern und verwalten</LA></DD></DL></entry><entry VJ="1" colname="col4" valign="middle">8</entry><entry VJ="1" colname="col5"/></row><row><entry VJ="1" colname="col1">2</entry><entry VJ="1" colname="col2">Bereitstellen der<BR/> Energieversorgung<BR/> (§ 4 Absatz 2 Nummer 2)</entry><entry VJ="1" colname="col3"/><entry VJ="1" colname="col4"/><entry VJ="1" colname="col5"/></row><row><entry VJ="1" colname="col1">2.1</entry><entry VJ="1" colname="col2">Planen der<BR/> Energieversorgung</entry><entry VJ="1" colname="col3"><DL Font="normal" Type="alpha"><DT>a)</DT><DD Font="normal"><LA Size="normal">Energiebedarf unter Berücksichtigung der Leistungsfaktoren für Veranstaltungen und Produktionen ermitteln</LA></DD><DT>b)</DT><DD Font="normal"><LA Size="normal">Stromkreise festlegen, Verteilungseinrichtungen und Leitungen unter Berücksichtigung von Leitungslänge und Leitungsquerschnitt auswählen</LA></DD><DT>c)</DT><DD Font="normal"><LA Size="normal">Spannungsfall ermitteln und beurteilen</LA></DD><DT>d)</DT><DD Font="normal"><LA Size="normal">elektrische Geräte und Betriebsmittel unter Berücksichtigung der Umgebungsbedingungen und der Zusatzfestlegungen für Räume besonderer Art auswählen</LA></DD><DT>e)</DT><DD Font="normal"><LA Size="normal">Schutzmaßnahmen gegen elektrische Gefährdungen treffen</LA></DD><DT>f)</DT><DD Font="normal"><LA Size="normal">Dokumentationen, insbesondere Installations- und Stromlaufpläne, erstellen</LA></DD><DT>g)</DT><DD Font="normal"><LA Size="normal">Anschlussbestimmungen einhalten</LA></DD></DL></entry><entry VJ="1" colname="col4" valign="middle">7</entry><entry VJ="1" colname="col5"/></row><row><entry VJ="1" colname="col1">2.2</entry><entry VJ="1" colname="col2">Auf- und Abbauen<BR/> nichtstationärer elektrischer Anlagen</entry><entry VJ="1" colname="col3"><DL Font="normal" Type="alpha"><DT>a)</DT><DD Font="normal"><LA Size="normal">Stromversorgung hinsichtlich der anzuschließenden Geräte sicherheitstechnisch gemäß der Regeln der Technik beurteilen</LA></DD><DT>b)</DT><DD Font="normal"><LA Size="normal">Geräte und Anlagenteile anschließen</LA></DD><DT>c)</DT><DD Font="normal"><LA Size="normal">elektrische Installationen für Dekorations- und Ausstattungsteile sowie Bühnenbauten mit steckerfertigen Betriebsmitteln errichten</LA></DD><DT>d)</DT><DD Font="normal"><LA Size="normal">Potentialausgleich ausführen</LA></DD><DT>e)</DT><DD Font="normal"><LA Size="normal">Anlagen außer Betrieb nehmen und demontieren</LA></DD></DL></entry><entry VJ="1" colname="col4" valign="middle">11</entry><entry VJ="1" colname="col5"/></row><row><entry VJ="1" colname="col1">2.3</entry><entry VJ="1" colname="col2">Prüfen nichtstationärer<BR/> elektrischer Anlagen</entry><entry VJ="1" colname="col3"><DL Font="normal" Type="alpha"><DT>a)</DT><DD Font="normal"><LA Size="normal">Sichtprüfung von Betriebsmitteln und Geräten elektrischer Anlagen durchführen, insbesondere Feststellen und Beurteilen von Beschädigungen sowie der Einhaltung von Sicherheitsanforderungen</LA></DD><DT>b)</DT><DD Font="normal"><LA Size="normal">besondere Bedingungen des Aufstellungsortes sowie Schutz gegen elektrischen Schlag unter normalen Bedingungen feststellen und beurteilen</LA></DD><DT>c)</DT><DD Font="normal"><LA Size="normal">geeignete Prüf- und Messgeräte auswählen</LA></DD><DT>d)</DT><DD Font="normal"><LA Size="normal">Sichtprüfung und Erprobung elektrischer Anlagen durchführen</LA></DD><DT>e)</DT><DD Font="normal"><LA Size="normal">Spannung messen und Drehfeld prüfen</LA></DD><DT>f)</DT><DD Font="normal"><LA Size="normal">Durchgängigkeit der Schutzleiter und des Potentialausgleichs prüfen</LA></DD><DT>g)</DT><DD Font="normal"><LA Size="normal">Isolationswiderstand messen und beurteilen</LA></DD><DT>h)</DT><DD Font="normal"><LA Size="normal">Wirksamkeit von Schutzmaßnahmen unter Fehlerbedingungen prüfen</LA></DD><DT>i)</DT><DD Font="normal"><LA Size="normal">Maßnahmen zur Beseitigung von Fehlern einleiten</LA></DD><DT>j)</DT><DD Font="normal"><LA Size="normal">Prüfungen und Messungen dokumentieren</LA></DD></DL></entry><entry VJ="1" colname="col4" valign="middle">8</entry><entry VJ="1" colname="col5"/></row><row><entry VJ="1" colname="col1">2.4</entry><entry VJ="1" colname="col2">Betreiben elektrischer<BR/> Anlagen</entry><entry VJ="1" colname="col3"><DL Font="normal" Type="alpha"><DT>a)</DT><DD Font="normal"><LA Size="normal">elektrische Anlagen in Betrieb nehmen, bedienen und außer Betrieb nehmen</LA></DD><DT>b)</DT><DD Font="normal"><LA Size="normal">festgelegte Prüfungen und Erprobungen durchführen</LA></DD><DT>c)</DT><DD Font="normal"><LA Size="normal">Störungen feststellen und Maßnahmen zur Beseitigung der Ursachen einleiten</LA></DD></DL></entry><entry VJ="1" colname="col4" valign="middle">4</entry><entry VJ="1" colname="col5"/></row><row><entry VJ="1" colname="col1">3</entry><entry VJ="1" colname="col2">Vernetzen, Einrichten<BR/> und Inbetriebnehmen<BR/> von Anlagen<BR/> (§ 4 Absatz 2 Nummer 3)</entry><entry VJ="1" colname="col3"><DL Font="normal" Type="alpha"><DT>a)</DT><DD Font="normal"><LA Size="normal">Steuerungs- und IT-Netzwerke sowie Kommunikations- und Rufanlagen errichten und testen</LA></DD><DT>b)</DT><DD Font="normal"><LA Size="normal">Scheinwerfer, Lichtstellpulte und Zusatzgeräte auswählen, verbinden und konfigurieren</LA></DD><DT>c)</DT><DD Font="normal"><LA Size="normal">Beleuchtungsanlagen testen und lichttechnische Größen messen</LA></DD><DT>d)</DT><DD Font="normal"><LA Size="normal">Beschallungsanlagen auswählen und testen, dabei akustische Emissions- und Grenzwerte beachten</LA></DD><DT>e)</DT><DD Font="normal"><LA Size="normal">Mikrofone, Mischpulte, Signalbearbeitungsgeräte und Zuspieler auswählen, verbinden, konfigurieren und testen</LA></DD><DT>f)</DT><DD Font="normal"><LA Size="normal">Medien- und Präsentationstechnik auswählen, verbinden und konfigurieren, insbesondere Projektionsgeräte, Signalwandler und Medienserver</LA></DD><DT>g)</DT><DD Font="normal"><LA Size="normal">Gesamtfunktion prüfen, Störungen feststellen und Maßnahmen zur Störungsbeseitigung einleiten</LA></DD></DL></entry><entry VJ="1" colname="col4" valign="middle">16</entry><entry VJ="1" colname="col5"/></row><row><entry VJ="1" colname="col1" rowsep="1">4</entry><entry VJ="1" colname="col2" rowsep="1">Konzipieren veranstaltungstechnischer Systeme und<BR/> Abläufe<BR/> (§ 4 Absatz 2 Nummer 4)</entry><entry VJ="1" colname="col3" rowsep="1"/><entry VJ="1" colname="col4" rowsep="1"/><entry VJ="1" colname="col5" rowsep="1"/></row><row rowsep="0"><entry VJ="1" colname="col1" colsep="1" rowsep="0">4.1</entry><entry VJ="1" colname="col2" colsep="1" rowsep="0">Mitwirken bei der Erstellung veranstaltungstechnischer Konzepte</entry><entry VJ="1" colname="col3" colsep="1" rowsep="0"><DL Font="normal" Type="alpha"><DT>a)</DT><DD Font="normal"><LA Size="normal">Anforderungen für die technische und szenische Umsetzung auswerten, insbesondere Gestaltungs- und Regievorgaben</LA></DD><DT>b)</DT><DD Font="normal"><LA Size="normal">technische Realisierungsmöglichkeiten von Anforderungen auf Machbarkeit prüfen und mit den Beteiligten entwickeln</LA></DD><DT>c)</DT><DD Font="normal"><LA Size="normal">Realisierungskonzepte aus technischer und gestalterischer Sicht entwickeln und mit Auftraggebern abstimmen</LA></DD></DL></entry><entry VJ="1" colname="col4" colsep="1" rowsep="0"/><entry VJ="1" colname="col5" rowsep="0" valign="middle"><BR/> 7</entry></row><row><entry VJ="1" colname="col1" colsep="1" rowsep="1"/><entry VJ="1" colname="col2" colsep="1" rowsep="1"/><entry VJ="1" colname="col3" colsep="1" rowsep="1"><DL Font="normal" Type="alpha"><DT>d)</DT><DD Font="normal"><LA Size="normal">veranstaltungstechnische Konzepte beurteilen, insbesondere unter rechtlichen, organisatorischen, wirtschaftlichen und gestalterischen Aspekten</LA></DD></DL></entry><entry VJ="1" colname="col4" colsep="1" rowsep="1"/><entry VJ="1" colname="col5" rowsep="1" valign="middle"/></row><row><entry VJ="1" colname="col1">4.2</entry><entry VJ="1" colname="col2">Beurteilen der<BR/> Voraussetzungen des<BR/> Veranstaltungsortes</entry><entry VJ="1" colname="col3"><DL Font="normal" Type="alpha"><DT>a)</DT><DD Font="normal"><LA Size="normal">Voraussetzungen von Veranstaltungs- und Produktionsstätten für die technische Durchführung überprüfen</LA></DD><DT>b)</DT><DD Font="normal"><LA Size="normal">technische und gestalterische Rahmenbedingungen für die Platzierung der Anlagen und Aufbauten am Veranstaltungsort feststellen</LA></DD><DT>c)</DT><DD Font="normal"><LA Size="normal">technische und gestalterische Umsetzung mit den Beteiligten abstimmen</LA></DD><DT>d)</DT><DD Font="normal"><LA Size="normal">Genehmigungen und Auflagen der Genehmigungsbehörden beachten</LA></DD></DL></entry><entry VJ="1" colname="col4"/><entry VJ="1" colname="col5" valign="middle">9</entry></row><row><entry VJ="1" colname="col1">4.3</entry><entry VJ="1" colname="col2">Planen und Organisieren<BR/> veranstaltungstechnischer Abläufe</entry><entry VJ="1" colname="col3"><DL Font="normal" Type="alpha"><DT>a)</DT><DD Font="normal"><LA Size="normal">Veranstaltungsablauf mit den Beteiligten abstimmen</LA></DD><DT>b)</DT><DD Font="normal"><LA Size="normal">technische Ablaufpläne nach Gestaltungs- und Regievorgaben erstellen, insbesondere Personal- und Technikeinsatz planen und abstimmen</LA></DD><DT>c)</DT><DD Font="normal"><LA Size="normal">Havariekonzepte planen und abstimmen</LA></DD></DL></entry><entry VJ="1" colname="col4"/><entry VJ="1" colname="col5" valign="middle">6</entry></row><row><entry VJ="1" colname="col1">4.4</entry><entry VJ="1" colname="col2">Planen von Anlagen<BR/> und Aufbauten</entry><entry VJ="1" colname="col3"><DL Font="normal" Type="alpha"><DT>a)</DT><DD Font="normal"><LA Size="normal">Beschallungssysteme unter Berücksichtigung zu beschallender Flächen und Räume planen, insbesondere Lautsprechertypen festlegen, Lautsprecher und Lautsprechersysteme positionieren sowie diese einschließlich Verstärker dimensionieren</LA></DD><DT>b)</DT><DD Font="normal"><LA Size="normal">tontechnische Betriebsmittel unter Beachtung der räumlichen und gestalterischen Vorgaben festlegen</LA></DD><DT>c)</DT><DD Font="normal"><LA Size="normal">Beleuchtungssysteme unter Berücksichtigung räumlicher Voraussetzungen am Veranstaltungsort und der Lichtstimmungen planen, insbesondere Beleuchtungspositionen ermitteln sowie Scheinwerfer, Zubehör und Dimmer festlegen</LA></DD><DT>d)</DT><DD Font="normal"><LA Size="normal">medientechnische Systeme unter Berücksichtigung des Veranstaltungsortes, der Zu- und Ausspieler sowie der Bild- und Datenformate planen</LA></DD><DT>e)</DT><DD Font="normal"><LA Size="normal">Projektoren und Projektionsflächen unter Berücksichtigung der räumlichen Gegebenheiten und der Lichtverhältnisse positionieren und dimensionieren</LA></DD><DT>f)</DT><DD Font="normal"><LA Size="normal">Bühnen-, Szenen- und Messeaufbauten unter Berücksichtigung gestalterischer Vorgaben sowie von Tragfähigkeit und Standsicherheit und unter Beachtung der Brandschutzvorgaben am Veranstaltungsort planen</LA></DD><DT>g)</DT><DD Font="normal"><LA Size="normal">Traversensysteme unter Berücksichtigung der räumlichen Voraussetzungen am Veranstaltungsort, der geforderten Tragfähigkeit und der vorhandenen Abhängepunkte planen</LA></DD><DT>h)</DT><DD Font="normal"><LA Size="normal">maschinentechnische Betriebsmittel unter Berücksichtigung von Standsicherheit und Tragfähigkeit am Veranstaltungsort planen</LA></DD><DT>i)</DT><DD Font="normal"><LA Size="normal">technische Unterlagen für die Veranstaltungssysteme erstellen</LA></DD></DL></entry><entry VJ="1" colname="col4"/><entry VJ="1" colname="col5" valign="middle">12</entry></row><row><entry VJ="1" colname="col1">5</entry><entry VJ="1" colname="col2">Einrichten von Szenerien<BR/> (§ 4 Absatz 2 Nummer 5)</entry><entry VJ="1" colname="col3"><DL Font="normal" Type="alpha"><DT>a)</DT><DD Font="normal"><LA Size="normal">Bild-, Ton- und Datenmaterial sichten, prüfen und bereitstellen, medienrechtliche Vorschriften beachten</LA></DD><DT>b)</DT><DD Font="normal"><LA Size="normal">Szenen ausleuchten, Lichtstellpulte konfigurieren und einrichten, Beleuchtungsproben durchführen</LA></DD><DT>c)</DT><DD Font="normal"><LA Size="normal">Mikrofone positionieren und einrichten, Tonmischpulte konfigurieren und einrichten sowie Soundcheck durchführen</LA></DD><DT>d)</DT><DD Font="normal"><LA Size="normal">Medienein- und -ausspielungen konfigurieren und einrichten</LA></DD><DT>e)</DT><DD Font="normal"><LA Size="normal">dekorative und grafische Elemente hinsichtlich ihrer kommunikativen und gestalterischen Wirkungen einsetzen</LA></DD><DT>f)</DT><DD Font="normal"><LA Size="normal">Szenen und Umbauten proben</LA></DD><DT>g)</DT><DD Font="normal"><LA Size="normal">Benutzer und Mitwirkende in technische Systeme einweisen</LA></DD><DT>h)</DT><DD Font="normal"><LA Size="normal">technische Systeme an Benutzer oder Auftraggeber übergeben sowie Übergabeprotokolle anfertigen</LA></DD></DL></entry><entry VJ="1" colname="col4"/><entry VJ="1" colname="col5" valign="middle">14</entry></row><row><entry VJ="1" colname="col1">6</entry><entry VJ="1" colname="col2">Bedienen technischer Systeme bei Proben<BR/> und Veranstaltungen<BR/> (§ 4 Absatz 2 Nummer 6)</entry><entry VJ="1" colname="col3"><DL Font="normal" Type="alpha"><DT>a)</DT><DD Font="normal"><LA Size="normal">Ablaufpläne umsetzen, insbesondere Lichtstellpulte und Tonmischpulte sowie bühnen- und szenentechnische Einrichtungen bedienen, Projektionen und Zuspielungen einsetzen</LA></DD><DT>b)</DT><DD Font="normal"><LA Size="normal">Durchlauf- und Generalproben durchführen, zeitliche Abläufe kontrollieren und Anpassungen vornehmen</LA></DD><DT>c)</DT><DD Font="normal"><LA Size="normal">Veranstaltungen und Vorführungen durchführen</LA></DD><DT>d)</DT><DD Font="normal"><LA Size="normal">technische Störungen und Abweichungen erkennen, Lösungen entwickeln und in Abstimmung mit den Beteiligten umsetzen</LA></DD><DT>e)</DT><DD Font="normal"><LA Size="normal">Veranstaltungsablauf dokumentieren</LA></DD></DL></entry><entry VJ="1" colname="col4"/><entry VJ="1" colname="col5" valign="middle">14</entry></row><row><entry VJ="1" colname="col1">7</entry><entry VJ="1" colname="col2">Durchführen von Projekten<BR/> im eigenen Arbeitsbereich<BR/> (§ 4 Absatz 2 Nummer 7)</entry><entry VJ="1" colname="col3"/><entry VJ="1" colname="col4" rowsep="1"/><entry VJ="1" colname="col5" rowsep="1"/></row><row><entry VJ="1" colname="col1">7.1</entry><entry VJ="1" colname="col2">Planen der Projekte</entry><entry VJ="1" colname="col3"><DL Font="normal" Type="alpha"><DT>a)</DT><DD Font="normal"><LA Size="normal">Projektaufträge annehmen und Unterlagen auswerten</LA></DD><DT>b)</DT><DD Font="normal"><LA Size="normal">Projektabläufe unter Beachtung von technischen und organisatorischen Schnittstellen planen und abstimmen, Planungsvarianten berücksichtigen</LA></DD><DT>c)</DT><DD Font="normal"><LA Size="normal">bei der Planung von Aufgabenverteilung und Personaleinsatz nach betrieblichen Vorgaben mitwirken, gesetzliche Vorgaben und vertragliche Bestimmungen beachten</LA></DD><DT>d)</DT><DD Font="normal"><LA Size="normal">Kosten nach betrieblichen Vorgaben ermitteln, dabei zeitlichen, materiellen und finanziellen Aufwand berücksichtigen</LA></DD></DL></entry><entry VJ="1" colname="col4" rowsep="0"/><entry VJ="1" colname="col5" rowsep="0"/></row><row><entry VJ="1" colname="col1">7.2</entry><entry VJ="1" colname="col2">Koordinieren der Projektabläufe</entry><entry VJ="1" colname="col3"><DL Font="normal" Type="alpha"><DT>a)</DT><DD Font="normal"><LA Size="normal">Arbeitsabläufe mit Projektbeteiligten abstimmen</LA></DD><DT>b)</DT><DD Font="normal"><LA Size="normal">Material disponieren, Materialbereitstellung und -transport organisieren</LA></DD><DT>c)</DT><DD Font="normal"><LA Size="normal">Arbeitsabläufe koordinieren, Aufgabendurchführung und Einhaltung von Terminen überwachen</LA></DD><DT>d)</DT><DD Font="normal"><LA Size="normal">Mitarbeitende unterweisen, anleiten und beaufsichtigen, insbesondere bei gefährlichen Vorgängen sowie Arbeiten an elektrischen Anlagen und Betriebsmitteln</LA></DD></DL></entry><entry VJ="1" colname="col4" rowsep="0"/><entry VJ="1" colname="col5" rowsep="0" valign="middle">12</entry></row><row><entry VJ="1" colname="col1">7.3</entry><entry VJ="1" colname="col2">Umsetzen der Projektabläufe<BR/></entry><entry VJ="1" colname="col3"><DL Font="normal" Type="alpha"><DT>a)</DT><DD Font="normal"><LA Size="normal">Projektablaufpläne umsetzen</LA></DD><DT>b)</DT><DD Font="normal"><LA Size="normal">Arbeitsergebnisse überprüfen sowie Mängel korrigieren</LA></DD><DT>c)</DT><DD Font="normal"><LA Size="normal">bei Störungen im Projektablauf Projektbeteiligte informieren, Lösungsvarianten entwickeln und abstimmen</LA></DD><DT>d)</DT><DD Font="normal"><LA Size="normal">Benutzer einweisen</LA></DD><DT>e)</DT><DD Font="normal"><LA Size="normal">Mitwirkende über Gefährdungen und sicherheitsgerechtes Verhalten unterweisen</LA></DD><DT>f)</DT><DD Font="normal"><LA Size="normal">Ein- und Unterweisungen dokumentieren</LA></DD></DL></entry><entry VJ="1" colname="col4" rowsep="0"/><entry VJ="1" colname="col5" rowsep="0"/></row><row><entry VJ="1" colname="col1">7.4</entry><entry VJ="1" colname="col2">Abschließen und Bewerten der Projektdurchführung<BR/></entry><entry VJ="1" colname="col3"><DL Font="normal" Type="alpha"><DT>a)</DT><DD Font="normal"><LA Size="normal">Auftragsablauf und Abrechnungsdaten dokumentieren</LA></DD><DT>b)</DT><DD Font="normal"><LA Size="normal">Arbeitsergebnisse und -durchführung reflektieren und bewerten</LA></DD><DT>c)</DT><DD Font="normal"><LA Size="normal">Verbesserungsvorschläge erarbeiten und kommunizieren</LA></DD></DL></entry><entry VJ="1" colname="col4"/><entry VJ="1" colname="col5"/></row></tbody></tgroup></table><BR/><BR/><table frame="all" tabstyle="Ausbildung" tocentry="%yes;"><Title Align="left"><B>Abschnitt B: integrativ zu vermittelnde Fertigkeiten, Kenntnisse und Fähigkeiten<BR/><BR/></B></Title><tgroup align="left" char="" charoff="50" cols="5" colsep="1" rowsep="1"><colspec colname="col1" colnum="1" colwidth="0.75*"/><colspec colname="col2" colnum="2" colwidth="4.21*"/><colspec colname="col3" colnum="3" colwidth="7.97*"/><colspec colname="col4" colnum="4" colwidth="1.41*"/><colspec colname="col5" colnum="5" colwidth="1.41*"/><thead valign="bottom"><row><entry VJ="1" align="center" colname="col1" morerows="1" valign="middle">Lfd.<BR/> Nr.</entry><entry VJ="1" align="center" colname="col2" morerows="1" valign="middle">Berufsbildpositionen</entry><entry VJ="1" align="center" colname="col3" morerows="1" valign="middle">Fertigkeiten, Kenntnisse und Fähigkeiten</entry><entry VJ="1" align="center" nameend="col5" namest="col4" valign="middle">Zeitliche Richtwerte<BR/> in Wochen im</entry></row><row><entry VJ="1" align="center" colname="col4" valign="middle">1. bis 18.<BR/> Monat</entry><entry VJ="1" align="center" colname="col5" valign="middle">19. bis 36.<BR/> Monat</entry></row><row><entry VJ="1" align="center" colname="col1" valign="middle">1</entry><entry VJ="1" align="center" colname="col2" valign="middle">2</entry><entry VJ="1" align="center" colname="col3" valign="middle">3</entry><entry VJ="1" align="center" nameend="col5" namest="col4" valign="middle">4</entry></row></thead><tbody valign="top"><row rowsep="0"><entry VJ="1" align="center" colname="col1">1</entry><entry VJ="1" colname="col2">Organisation des Ausbildungsbetriebes, Berufsbildung sowie Arbeits- und Tarifrecht<BR/> (§ 4 Absatz 3 <NB>Nummer 1)</NB></entry><entry VJ="1" align="justify" colname="col3"><DL Font="normal" Type="alpha"><DT>a)</DT><DD Font="normal"><LA Size="normal">den Aufbau und die grundlegenden Arbeits- und Geschäftsprozesse des Ausbildungsbetriebes erläutern</LA></DD><DT>b)</DT><DD Font="normal"><LA Size="normal">Rechte und Pflichten aus dem Ausbildungsvertrag sowie Dauer und Beendigung des Ausbildungsverhältnisses erläutern und Aufgaben der im System der dualen Berufsausbildung Beteiligten beschreiben</LA></DD><DT>c)</DT><DD Font="normal"><LA Size="normal">die Bedeutung, die Funktion und die Inhalte der Ausbildungsordnung und des betrieblichen Ausbildungsplans erläutern sowie zu deren Umsetzung beitragen</LA></DD></DL></entry><entry VJ="1" align="left" nameend="col5" namest="col4" valign="middle"/></row><row><entry VJ="1" align="center" colname="col1"/><entry VJ="1" colname="col2"/><entry VJ="1" align="justify" colname="col3"><DL Font="normal" Type="alpha"><DT>d)</DT><DD Font="normal"><LA Size="normal">die für den Ausbildungsbetrieb geltenden arbeits-, sozial-, tarif- und mitbestimmungsrechtlichen Vorschriften erläutern</LA></DD><DT>e)</DT><DD Font="normal"><LA Size="normal">Grundlagen, Aufgaben und Arbeitsweise der betriebsverfassungs- oder personalvertretungsrechtlichen Organe des Ausbildungsbetriebes erläutern</LA></DD><DT>f)</DT><DD Font="normal"><LA Size="normal">Beziehungen des Ausbildungsbetriebes und seiner Beschäftigten zu Wirtschaftsorganisationen und Gewerkschaften erläutern</LA></DD><DT>g)</DT><DD Font="normal"><LA Size="normal">Positionen der eigenen Entgeltabrechnung erläutern</LA></DD><DT>h)</DT><DD Font="normal"><LA Size="normal">wesentliche Inhalte von Arbeitsverträgen erläutern</LA></DD><DT>i)</DT><DD Font="normal"><LA Size="normal">Möglichkeiten des beruflichen Aufstiegs und der beruflichen Weiterentwicklung erläutern</LA></DD></DL></entry><entry VJ="1" nameend="col5" namest="col4" rowsep="0" valign="middle"/></row><row><entry VJ="1" align="center" colname="col1">2</entry><entry VJ="1" colname="col2">Sicherheit und Gesundheit bei der Arbeit<BR/> (§ 4 Absatz 3 Nummer 2)</entry><entry VJ="1" align="justify" colname="col3"><DL Font="normal" Type="alpha"><DT>a)</DT><DD Font="normal"><LA Size="normal">Rechte und Pflichten aus den berufsbezogenen Arbeitsschutz- und Unfallverhütungsvorschriften kennen und diese Vorschriften anwenden</LA></DD><DT>b)</DT><DD Font="normal"><LA Size="normal">Gefährdungen von Sicherheit und Gesundheit am Arbeitsplatz und auf dem Arbeitsweg prüfen und beurteilen</LA></DD><DT>c)</DT><DD Font="normal"><LA Size="normal">sicheres und gesundheitsgerechtes Arbeiten erläutern</LA></DD><DT>d)</DT><DD Font="normal"><LA Size="normal">technische und organisatorische Maßnahmen zur Vermeidung von Gefährdungen sowie von psychischen und physischen Belastungen für sich und andere, auch präventiv, ergreifen</LA></DD><DT>e)</DT><DD Font="normal"><LA Size="normal">ergonomische Arbeitsweisen beachten und anwenden</LA></DD><DT>f)</DT><DD Font="normal"><LA Size="normal">Verhaltensweisen bei Unfällen beschreiben und erste Maßnahmen bei Unfällen einleiten</LA></DD><DT>g)</DT><DD Font="normal"><LA Size="normal">betriebsbezogene Vorschriften des vorbeugenden Brandschutzes anwenden, Verhaltensweisen bei Bränden beschreiben und erste Maßnahmen zur Brandbekämpfung ergreifen</LA></DD></DL></entry><entry VJ="1" nameend="col5" namest="col4" rowsep="0"/></row><row><entry VJ="1" align="center" colname="col1">3</entry><entry VJ="1" colname="col2">Umweltschutz und Nachhaltigkeit<BR/> (§ 4 Absatz 3 Nummer 3)</entry><entry VJ="1" align="justify" colname="col3"><DL Font="normal" Type="alpha"><DT>a)</DT><DD Font="normal"><LA Size="normal">Möglichkeiten zur Vermeidung betriebsbedingter Belastungen für Umwelt und Gesellschaft im eigenen Aufgabenbereich erkennen und zu deren Weiterentwicklung beitragen</LA></DD><DT>b)</DT><DD Font="normal"><LA Size="normal">bei Arbeitsprozessen und im Hinblick auf Produkte, Waren oder Dienstleistungen Materialien und Energie unter wirtschaftlichen, umweltverträglichen und sozialen Gesichtspunkten der Nachhaltigkeit nutzen</LA></DD><DT>c)</DT><DD Font="normal"><LA Size="normal">für den Ausbildungsbetrieb geltende Regelungen des Umweltschutzes einhalten</LA></DD><DT>d)</DT><DD Font="normal"><LA Size="normal">Abfälle vermeiden sowie Stoffe und Materialien einer umweltschonenden Wiederverwertung oder Entsorgung zuführen</LA></DD><DT>e)</DT><DD Font="normal"><LA Size="normal">Vorschläge für nachhaltiges Handeln für den eigenen Arbeitsbereich entwickeln</LA></DD><DT>f)</DT><DD Font="normal"><LA Size="normal">unter Einhaltung betrieblicher Regelungen im Sinne einer ökonomischen, ökologischen und sozial nachhaltigen Entwicklung zusammenarbeiten und adressatengerecht kommunizieren</LA></DD></DL></entry><entry VJ="1" nameend="col5" namest="col4" rowsep="0"><BR/> während<BR/> der gesamten<BR/> Ausbildung</entry></row><row><entry VJ="1" align="center" colname="col1">4</entry><entry VJ="1" colname="col2">Digitalisierte Arbeitswelt<BR/> (§ 4 Absatz 3 Nummer 4)</entry><entry VJ="1" align="justify" colname="col3"><DL Font="normal" Type="alpha"><DT>a)</DT><DD Font="normal"><LA Size="normal">mit eigenen und betriebsbezogenen Daten sowie mit Daten Dritter umgehen und dabei die Vorschriften zum Datenschutz und zur Datensicherheit einhalten</LA></DD><DT>b)</DT><DD Font="normal"><LA Size="normal">Risiken bei der Nutzung von digitalen Medien und informationstechnischen Systemen einschätzen und bei deren Nutzung betriebliche Regelungen einhalten</LA></DD><DT>c)</DT><DD Font="normal"><LA Size="normal">ressourcenschonend, adressatengerecht und effizient kommunizieren sowie Kommunikationsergebnisse dokumentieren</LA></DD><DT>d)</DT><DD Font="normal"><LA Size="normal">Störungen in Kommunikationsprozessen erkennen und zu ihrer Lösung beitragen</LA></DD><DT>e)</DT><DD Font="normal"><LA Size="normal">Informationen in digitalen Netzen recherchieren und aus digitalen Netzen beschaffen sowie Informationen, auch fremde, prüfen, bewerten und auswählen</LA></DD><DT>f)</DT><DD Font="normal"><LA Size="normal">Lern- und Arbeitstechniken sowie Methoden des selbstgesteuerten Lernens anwenden, digitale Lernmedien nutzen und Erfordernisse des lebensbegleitenden Lernens erkennen und ableiten</LA></DD><DT>g)</DT><DD Font="normal"><LA Size="normal">Aufgaben zusammen mit Beteiligten, einschließlich der Beteiligten anderer Arbeits- und Geschäftsbereiche, auch unter Nutzung digitaler Medien, planen, bearbeiten und gestalten</LA></DD><DT>h)</DT><DD Font="normal"><LA Size="normal">Wertschätzung anderer unter Berücksichtigung gesellschaftlicher Vielfalt praktizieren</LA></DD></DL></entry><entry VJ="1" nameend="col5" namest="col4" rowsep="0"/></row><row><entry VJ="1" align="center" colname="col1">5</entry><entry VJ="1" colname="col2">Sicherheit bei Veranstaltungen und Produktionen<BR/> (§ 4 Absatz 3 Nummer 5)</entry><entry VJ="1" align="justify" colname="col3"><DL Font="normal" Type="alpha"><DT>a)</DT><DD Font="normal"><LA Size="normal">Rechtsvorschriften beachten, insbesondere landesrechtliche Bestimmungen zu Versammlungsstätten und fliegenden Bauten</LA></DD><DT>b)</DT><DD Font="normal"><LA Size="normal">Bestimmungen und Sicherheitsregeln aus Unfallverhütungsvorschriften beachten, insbesondere für Veranstaltungs- und Produktionsstätten sowie für das Arbeiten mit elektrischen Betriebsmitteln</LA></DD><DT>c)</DT><DD Font="normal"><LA Size="normal">technische Normen und Regelwerke beachten</LA></DD><DT>d)</DT><DD Font="normal"><LA Size="normal">Funktionsfähigkeit von sicherheitstechnischen Einrichtungen überprüfen, insbesondere Sicherheitsbeleuchtungen und Brandschutzeinrichtungen, und bei Betriebsstörungen festgelegte Maßnahmen ergreifen</LA></DD><DT>e)</DT><DD Font="normal"><LA Size="normal">bei Gefährdungsbeurteilungen mitwirken sowie Vorschläge zur Verbesserung der Sicherheit von Veranstaltungen und Produktionen erarbeiten</LA></DD><DT>f)</DT><DD Font="normal"><LA Size="normal">an der Realisierung von Sicherheitsmaßnahmen mitwirken, insbesondere gegen Unfälle und Brände</LA></DD><DT>g)</DT><DD Font="normal"><LA Size="normal">persönliche Schutzausrüstungen tätigkeitsbezogen benutzen</LA></DD><DT>h)</DT><DD Font="normal"><LA Size="normal">Voraussetzungen für den Einsatz von Pyrotechnik, Nebel und anderen szenischen Effekten beachten</LA></DD></DL></entry><entry VJ="1" nameend="col5" namest="col4"/></row><row><entry VJ="1" align="center" colname="col1">6</entry><entry VJ="1" colname="col2">Kommunikation und Kooperation<BR/> (§ 4 Absatz 3 Nummer 6)</entry><entry VJ="1" align="justify" colname="col3"><DL Font="normal" Type="alpha"><DT>a)</DT><DD Font="normal"><LA Size="normal">Gespräche situationsgerecht und zielorientiert führen sowie Ergebnisse dokumentieren</LA></DD><DT>b)</DT><DD Font="normal"><LA Size="normal">deutsche und englische Fachbegriffe anwenden</LA></DD></DL></entry><entry VJ="1" align="center" colname="col4" valign="middle">2</entry><entry VJ="1" align="center" colname="col5" valign="middle"/></row><row><entry VJ="1" align="center" colname="col1"/><entry VJ="1" colname="col2"/><entry VJ="1" align="justify" colname="col3"><DL Font="normal" Type="alpha"><DT>c)</DT><DD Font="normal"><LA Size="normal">Wertschätzung, Respekt und Vertrauen als Grundlage kundenorientierten Verhaltens und erfolgreicher Zusammenarbeit berücksichtigen, kulturelle Identitäten berücksichtigen</LA></DD><DT>d)</DT><DD Font="normal"><LA Size="normal">Möglichkeiten zum Konfliktumgang im Interesse eines sachbezogenen Ergebnisses anwenden</LA></DD><DT>e)</DT><DD Font="normal"><LA Size="normal">im Ausbildungsbetrieb übliche englischsprachige Informationen auswerten</LA></DD><DT>f)</DT><DD Font="normal"><LA Size="normal">Informationen einholen und Auskünfte erteilen, auch in Englisch</LA></DD></DL></entry><entry VJ="1" align="center" colname="col4" valign="middle"/><entry VJ="1" align="center" colname="col5" valign="middle">4</entry></row></tbody></tgroup></table></Content></text><fussnoten/></textdaten></norm>
</dokumente>