<?xml version="1.0" encoding="UTF-8" ?><!DOCTYPE dokumente SYSTEM "http://www.gesetze-im-internet.de/dtd/1.01/gii-norm.dtd">
<dokumente builddate="20120625150710" doknr="BJNR204460986"><norm builddate="20120625150710" doknr="BJNR204460986"><metadaten><jurabk>DBAG CHN</jurabk><ausfertigung-datum manuell="ja">1986-02-06</ausfertigung-datum><fundstelle typ="amtlich"><periodikum>BGBl II</periodikum><zitstelle>1986, 446</zitstelle></fundstelle><langue>Gesetz zu dem Abkommen vom 10. Juni 1985 zwischen der Bundesrepublik
Deutschland und der Volksrepublik China zur Vermeidung der Doppelbesteuerung
auf dem Gebiet der Steuern vom Einkommen und vom Vermögen</langue></metadaten><textdaten><text format="decorated"/></textdaten></norm>
</dokumente>