<?xml version="1.0" encoding="UTF-8" ?><!DOCTYPE dokumente SYSTEM "http://www.gesetze-im-internet.de/dtd/1.01/gii-norm.dtd">
<dokumente builddate="20120625153428" doknr="BJNR220730956"><norm builddate="20120625153428" doknr="BJNR220730956"><metadaten><jurabk>IAOÜbk 87</jurabk><ausfertigung-datum manuell="ja">1948-07-09</ausfertigung-datum><fundstelle typ="amtlich"><periodikum>BGBl II</periodikum><zitstelle>1956, 2073</zitstelle></fundstelle><langue>Übereinkommen Nr. 87 (der Internationalen Arbeitsorganisation) über die
Vereinigungsfreiheit und den Schutz des Vereinigungsrechts</langue></metadaten><textdaten><text format="decorated"/><fussnoten><Content><P>G v. 20.12.1956 II 2072 <BR/>Inkraft gem. Bek. v. 2.5.1958 II 113 mWv 20.3.1958</P></Content></fussnoten></textdaten></norm>
</dokumente>