<?xml version="1.0" encoding="UTF-8" ?><!DOCTYPE dokumente SYSTEM "http://www.gesetze-im-internet.de/dtd/1.01/gii-norm.dtd">
<dokumente builddate="20191129213049" doknr="BJNR139800019"><norm builddate="20191129213049" doknr="BJNR139800019"><metadaten><jurabk>Münz20EuroBek 2019-08-07</jurabk><ausfertigung-datum manuell="ja">2019-08-07</ausfertigung-datum><fundstelle typ="amtlich"><periodikum>BGBl I</periodikum><zitstelle>2019, 1398</zitstelle></fundstelle><langue>Bekanntmachung über die Ausprägung von deutschen Euro-Gedenkmünzen im Nennwert von 20 Euro (Gedenkmünze „Tapferes Schneiderlein“)</langue></metadaten><textdaten><fussnoten><Content><P><BR/> <pre xml:space="preserve">(+++ Textnachweis ab: 30.9.2019 +++)<BR/><BR/></pre></P></Content></fussnoten></textdaten></norm>
<norm builddate="20191129213049" doknr="BJNR139800019BJNE000100000"><metadaten><jurabk>Münz20EuroBek 2019-08-07</jurabk><enbez>(XXXX)</enbez></metadaten><textdaten><text format="XML"><Content><P>Gemäß den §§ 2, 4 und 5 des Münzgesetzes vom 16. Dezember 1999 (BGBl. I S. 2402) hat die Bundesregierung beschlossen, zum Thema „Tapferes Schneiderlein“ eine deutsche Euro-Gedenkmünze im Nennwert von 20 Euro prägen zu lassen. Diese Münze ist die achte Ausgabe im Rahmen der 2012 begonnenen Serie „200 Jahre Grimms Märchen“. Am 20. Dezember 1812 erschien der erste Band der Kinder- und Hausmärchen der Gebrüder Grimm.</P><P>Die Auflage der Münze beträgt ca. 1,0 Millionen Stück, davon ca. 0,1 Millionen Stück in Spiegelglanzqualität. Die Prägung erfolgt durch die Staatlichen Münzen Baden-Württemberg, Prägestätte Karlsruhe (Prägezeichen G).</P><P>Die Münze wird ab dem 16. Mai 2019 in den Verkehr gebracht. Sie besteht aus einer Legierung von 925 Tausendteilen Silber und 75 Tausendteilen Kupfer, hat einen Durchmesser von 32,5 Millimetern und eine Masse von 18 Gramm. Das Gepräge auf beiden Seiten ist erhaben und wird von einem schützenden, glatten Randstab umgeben.</P><P>Die Bildseite zeigt das tapfere Schneiderlein aus der Perspektive des Endes der Geschichte. Die Figur trägt sowohl Attribute ihres ursprünglichen Handwerks als auch die Krone als Symbol der erlangten höchsten Herrscherstellung.</P><P>Die Wertseite zeigt einen Adler, den Schriftzug „BUNDESREPUBLIK DEUTSCHLAND“, Wertziffer und Wertbezeichnung, das Prägezeichen „G“ der Staatlichen Münzen Baden-Württemberg, Prägestätte Karlsruhe, die Jahreszahl 2019 sowie die zwölf Europasterne. Auf der Wertseite der Münze ist zusätzlich die Angabe „SILBER 925“ aufgeprägt.</P><P>Der glatte Münzrand enthält in vertiefter Prägung die Inschrift:</P><P>„SIEBENE AUF EINEN STREICH!“</P><P>Der Entwurf stammt von der Künstlerin Marianne Dietz aus Berlin.</P></Content></text></textdaten></norm>
<norm builddate="20191129213049" doknr="BJNR139800019BJNE000200000"><metadaten><jurabk>Münz20EuroBek 2019-08-07</jurabk><enbez>Schlussformel</enbez></metadaten><textdaten><text format="XML"><Content><P><SP>Der Bundesminister der Finanzen</SP></P></Content></text></textdaten></norm>
<norm builddate="20191129213049" doknr="BJNR139800019BJNE000300000"><metadaten><jurabk>Münz20EuroBek 2019-08-07</jurabk><enbez>(XXXX)</enbez></metadaten><textdaten><text format="XML"><Content><P><noindex><kommentar typ="Fundstelle">(Fundstelle: BGBl. I 2019, 1398)</kommentar></noindex></P><BR/><table frame="none" pgwide="1" tocentry="%yes;"><tgroup align="left" char="" charoff="50" cols="2"><colspec colname="col1"/><colspec colname="col2"/><tbody valign="top"><row><entry VJ="1" align="center" colname="col1" colsep="0"><IMG Align="center" Height="213" Pos="inline" SRC="bgbl1_2019_j1398-1_0010.jpg" Type="jpg" Units="72" Width="213" alt=""/></entry><entry VJ="1" align="center" colname="col2"><IMG Align="center" Height="213" Pos="inline" SRC="bgbl1_2019_j1398-1_0020.jpg" Type="jpg" Units="72" Width="213" alt=""/></entry></row></tbody></tgroup></table></Content></text></textdaten></norm>
</dokumente>