<?xml version="1.0" encoding="UTF-8" ?><!DOCTYPE dokumente SYSTEM "http://www.gesetze-im-internet.de/dtd/1.01/gii-norm.dtd">
<dokumente builddate="20130405125806" doknr="BJNR016100997"><norm builddate="20130405125806" doknr="BJNR016100997"><metadaten><jurabk>WinzerAusbV 1997</jurabk><ausfertigung-datum manuell="ja">1997-02-03</ausfertigung-datum><fundstelle typ="amtlich"><periodikum>BGBl I</periodikum><zitstelle>1997, 161</zitstelle></fundstelle><langue>Verordnung über die Berufsausbildung zum
Winzer/zur Winzerin</langue></metadaten><textdaten><text format="XML"><Content><P/></Content></text><fussnoten><Content><P>(+++ Textnachweis ab: 1.8.1997 +++)</P><P><BR/> Diese Verordnung ist eine Ausbildungsordnung im Sinne des § 25 des Berufsbildungsgesetzes. Die Ausbildungsordnung und der damit abgestimmte, von der Ständigen Konferenz der Kultusminister der Länder der Bundesrepublik Deutschland beschlossene Rahmenlehrplan für die Berufsschule werden demnächst als Beilage zum Bundesanzeiger veröffentlicht.</P></Content></fussnoten></textdaten></norm>
<norm builddate="20130405125806" doknr="BJNR016100997BJNE000100305"><metadaten><jurabk>WinzerAusbV 1997</jurabk><enbez>Eingangsformel</enbez></metadaten><textdaten><text format="XML"><Content><P>Auf Grund des § 25 des Berufsbildungsgesetzes vom 14. August 1969 (BGBl. I S. 1112), der zuletzt durch § 24 Nr. 1 des Gesetzes vom 24. August 1976 (BGBl. I S. 2525) geändert worden ist, in Verbindung mit Artikel 56 des Zuständigkeitsanpassungs-Gesetzes vom 18. März 1975 (BGBl. I S. 705) und dem Organisationserlaß vom 17. November 1994 (BGBl. I S. 3667) verordnet das Bundesministerium für Ernährung, Landwirtschaft und Forsten im Einvernehmen mit dem Bundesministerium für Bildung, Wissenschaft, Forschung und Technologie:</P></Content></text></textdaten></norm>
<norm builddate="20130405125806" doknr="BJNR016100997BJNE000200305"><metadaten><jurabk>WinzerAusbV 1997</jurabk><enbez>§ 1</enbez><titel format="parat">Staatliche Anerkennung des Ausbildungsberufes</titel></metadaten><textdaten><text format="XML"><Content><P>Der Ausbildungsberuf Winzer/Winzerin wird staatlich anerkannt.</P></Content></text></textdaten></norm>
<norm builddate="20130405125806" doknr="BJNR016100997BJNE000300305"><metadaten><jurabk>WinzerAusbV 1997</jurabk><enbez>§ 2</enbez><titel format="parat">Ausbildungsdauer</titel></metadaten><textdaten><text format="XML"><Content><P>(1) Die Ausbildung dauert drei Jahre.</P><P>(2) Auszubildende, denen der Besuch eines nach landesrechtlichen Vorschriften eingeführten schulischen Berufsgrundbildungsjahres nach einer Verordnung gemäß § 29 Abs. 1 des Berufsbildungsgesetzes als erstes Jahr der Berufsausbildung anzurechnen ist, beginnen die betriebliche Ausbildung im zweiten Ausbildungsjahr.</P></Content> </text></textdaten></norm>
<norm builddate="20130405125806" doknr="BJNR016100997BJNE000400305"><metadaten><jurabk>WinzerAusbV 1997</jurabk><enbez>§ 3</enbez><titel format="parat">Berufsfeldbreite Grundbildung und Zielsetzung
der Berufsausbildung</titel></metadaten><textdaten><text format="XML"><Content><P>(1) Die Ausbildung im ersten Ausbildungsjahr vermittelt eine berufsfeldbreite Grundbildung, wenn die betriebliche Ausbildung nach dieser Verordnung und die Ausbildung in der Berufsschule nach den landesrechtlichen Vorschriften über das Berufsgrundbildungsjahr erfolgen.</P><P>(2) Die in dieser Verordnung genannten Fertigkeiten und Kenntnisse sollen so vermittelt werden, daß der Auszubildende zur Ausübung einer qualifizierten beruflichen Tätigkeit im Sinne des § 1 Abs. 2 des Berufsbildungsgesetzes befähigt wird, die insbesondere selbständiges Planen, Durchführen und Kontrollieren einschließt. Diese Befähigung ist auch in den Prüfungen nach den §§ 8 und 9 nachzuweisen.</P></Content> </text></textdaten></norm>
<norm builddate="20130405125806" doknr="BJNR016100997BJNE000500305"><metadaten><jurabk>WinzerAusbV 1997</jurabk><enbez>§ 4</enbez><titel format="parat">Ausbildungsberufsbild</titel></metadaten><textdaten><text format="XML"><Content><P>Gegenstand der Berufsausbildung sind mindestens die folgenden Fertigkeiten und Kenntnisse: <DL Font="normal" Type="arabic"><DT>1.</DT><DD Font="normal"><LA Size="normal">der Ausbildungsbetrieb, betriebliche Zusammenhänge und Beziehungen,</LA></DD> <DT>1.1</DT><DD Font="normal"><LA Size="normal">Aufbau und Organisation des Ausbildungsbetriebes,</LA></DD> <DT>1.2</DT><DD Font="normal"><LA Size="normal">Berufsbildung,</LA></DD> <DT>1.3</DT><DD Font="normal"><LA Size="normal">Mitgestalten sozialer Beziehungen,</LA></DD> <DT>1.4</DT><DD Font="normal"><LA Size="normal">Arbeits- und Tarifrecht; Arbeitsschutz und Arbeitssicherheit,</LA></DD> <DT>1.5</DT><DD Font="normal"><LA Size="normal">Natur- und Umweltschutz; rationelle Energie- und Materialverwendung;</LA></DD> <DT>2.</DT><DD Font="normal"><LA Size="normal">Techniken und Organisation der betrieblichen Arbeit und Produktion,</LA></DD> <DT>2.1</DT><DD Font="normal"><LA Size="normal">Wahrnehmen und Beurteilen von Vorgängen; Beschaffen und Auswerten von Informationen,</LA></DD> <DT>2.2</DT><DD Font="normal"><LA Size="normal">Planen, Vorbereiten und Kontrollieren von Arbeitsabläufen und Produktion,</LA></DD> <DT>2.3</DT><DD Font="normal"><LA Size="normal">Handhaben und Instandhalten von Maschinen, Geräten und Betriebseinrichtungen,</LA></DD> <DT>2.4</DT><DD Font="normal"><LA Size="normal">Erstellen von Kalkulationen und Abwickeln von Geschäftsvorgängen;</LA></DD> <DT>3.</DT><DD Font="normal"><LA Size="normal">Traubenerzeugung,</LA></DD> <DT>3.1</DT><DD Font="normal"><LA Size="normal">Bearbeiten und Pflegen des Bodens; Erhaltung einer nachhaltigen Bodenfruchtbarkeit,</LA></DD> <DT>3.2</DT><DD Font="normal"><LA Size="normal">qualitätsorientiertes und umweltschonendes Pflanzen, Pflegen und Nutzen von Reben;</LA></DD> <DT>4.</DT><DD Font="normal"><LA Size="normal">Kellerwirtschaft,</LA></DD> <DT>4.1</DT><DD Font="normal"><LA Size="normal">oenologische Verfahren; qualitätsorientiertes und umweltschonendes Bereiten von Wein,</LA></DD> <DT>4.2</DT><DD Font="normal"><LA Size="normal">Grundlagen des Herstellens sonstiger Erzeugnisse aus Trauben und Wein;</LA></DD> <DT>5.</DT><DD Font="normal"><LA Size="normal">Vermarkten betrieblicher Erzeugnisse,</LA></DD> <DT>5.1</DT><DD Font="normal"><LA Size="normal">Ausstatten und Verpacken,</LA></DD> <DT>5.2</DT><DD Font="normal"><LA Size="normal">Beraten und Verkaufen.</LA></DD> </DL></P></Content></text></textdaten></norm>
<norm builddate="20130405125806" doknr="BJNR016100997BJNE000600305"><metadaten><jurabk>WinzerAusbV 1997</jurabk><enbez>§ 5</enbez><titel format="parat">Ausbildungsrahmenplan</titel></metadaten><textdaten><text format="XML"><Content><P>Die Fertigkeiten und Kenntnisse nach § 4 sollen nach der in den Anlagen I und II für die berufliche Grundbildung und für die berufliche Fachbildung enthaltenen Anleitung zur sachlichen und zeitlichen Gliederung der Berufsausbildung (Ausbildungsrahmenplan) vermittelt werden. Eine vom Ausbildungsrahmenplan innerhalb der beruflichen Grundbildung und innerhalb der beruflichen Fachbildung abweichende sachliche und zeitliche Gliederung des Ausbildungsinhaltes ist insbesondere zulässig, soweit betriebspraktische Besonderheiten die Abweichung erfordern.</P></Content></text></textdaten></norm>
<norm builddate="20130405125806" doknr="BJNR016100997BJNE000700305"><metadaten><jurabk>WinzerAusbV 1997</jurabk><enbez>§ 6</enbez><titel format="parat">Ausbildungsplan</titel></metadaten><textdaten><text format="XML"><Content><P>Der Ausbildende hat unter Zugrundelegung des Ausbildungsrahmenplanes für den Auszubildenden einen Ausbildungsplan zu erstellen.</P></Content></text></textdaten></norm>
<norm builddate="20130405125806" doknr="BJNR016100997BJNE000800305"><metadaten><jurabk>WinzerAusbV 1997</jurabk><enbez>§ 7</enbez><titel format="parat">Berichtsheft</titel></metadaten><textdaten><text format="XML"><Content><P>Der Auszubildende hat ein Berichtsheft in Form eines Ausbildungsnachweises zu führen. Ihm ist Gelegenheit zu geben, das Berichtsheft während der Ausbildungszeit zu führen. Der Ausbildende hat das Berichtsheft regelmäßig durchzusehen.</P></Content></text></textdaten></norm>
<norm builddate="20130405125806" doknr="BJNR016100997BJNE000900305"><metadaten><jurabk>WinzerAusbV 1997</jurabk><enbez>§ 8</enbez><titel format="parat">Zwischenprüfung</titel></metadaten><textdaten><text format="XML"><Content><P>(1) Zur Ermittlung des Ausbildungsstandes ist eine Zwischenprüfung durchzuführen. Sie soll vor dem Ende des zweiten Ausbildungsjahres stattfinden.</P><P>(2) Die Zwischenprüfung erstreckt sich auf die in der Anlage I in Abschnitt I für das erste Ausbildungsjahr und in Abschnitt II unter den laufenden Nummern 3.1, 3.2 Buchstabe a, b, f, g und 4.1 Buchstabe a, b für das zweite Ausbildungsjahr aufgeführten Fertigkeiten und Kenntnisse sowie auf den im Berufsschulunterricht entsprechend dem Rahmenlehrplan zu vermittelnden Lehrstoff, soweit er für die Berufsausbildung wesentlich ist.</P><P>(3) Die Zwischenprüfung ist praktisch und schriftlich durchzuführen.</P><P>(4) Der Prüfling soll in der praktischen Prüfung in insgesamt höchstens drei Stunden drei Aufgaben durchführen und jeweils in einem Prüfungsgespräch erläutern. Hierfür kommen insbesondere in Betracht: <DL Font="normal" Type="arabic"><DT>1.</DT><DD Font="normal"><LA Size="normal">Untersuchen und Beurteilen von Most,</LA></DD> <DT>2.</DT><DD Font="normal"><LA Size="normal">Behandeln von Most,</LA></DD> <DT>3.</DT><DD Font="normal"><LA Size="normal">Durchführen von Arbeiten am Rebstock,</LA></DD> <DT>4.</DT><DD Font="normal"><LA Size="normal">Einsatz, Verwendungszweck und Pflege von Werkzeugen und Werkstoffen,</LA></DD> <DT>5.</DT><DD Font="normal"><LA Size="normal">Einsatz, Pflege und Instandhalten von Maschinen, Geräten und Betriebseinrichtungen,</LA></DD> <DT>6.</DT><DD Font="normal"><LA Size="normal">Entnehmen von Bodenproben,</LA></DD> <DT>7.</DT><DD Font="normal"><LA Size="normal">Erläutern eines Bodenprofils und des Bodenaufbaus,</LA></DD> <DT>8.</DT><DD Font="normal"><LA Size="normal">Durchführen von Bodenbearbeitungsmaßnahmen.</LA></DD> </DL>Dabei sind Arbeitsschutz und Arbeitssicherheit, Natur- und Umweltschutz, rationelle Energie- und Materialverwendung sowie die Techniken und Organisation der betrieblichen Arbeit und Produktion einzubeziehen.</P><P>(5) In der schriftlichen Prüfung sind in höchstens 90 Minuten Aufgaben, die sich auf praxisbezogene Fälle beziehen sollen, insbesondere aus folgenden Gebieten zu bearbeiten: <DL Font="normal" Type="arabic"><DT>1.</DT><DD Font="normal"><LA Size="normal">Aufbau und Organisation des Ausbildungsbetriebes,</LA></DD> <DT>2.</DT><DD Font="normal"><LA Size="normal">Berufsbildung,</LA></DD> <DT>3.</DT><DD Font="normal"><LA Size="normal">Natur- und Umweltschutz; rationelle Energie- und Materialverwendung,</LA></DD> <DT>4.</DT><DD Font="normal"><LA Size="normal">Bearbeiten und Pflegen des Bodens; Erhalten einer nachhaltigen Bodenfruchtbarkeit,</LA></DD> <DT>5.</DT><DD Font="normal"><LA Size="normal">qualitätsorientiertes und umweltschonendes Pflanzen, Pflegen und Nutzen von Reben,</LA></DD> <DT>6.</DT><DD Font="normal"><LA Size="normal">qualitätsorientiertes und umweltschonendes Bereiten von Wein.</LA></DD> </DL></P></Content>    </text></textdaten></norm>
<norm builddate="20130405125806" doknr="BJNR016100997BJNE001000305"><metadaten><jurabk>WinzerAusbV 1997</jurabk><enbez>§ 9</enbez><titel format="parat">Abschlußprüfung</titel></metadaten><textdaten><text format="XML"><Content><P>(1) Die Abschlußprüfung erstreckt sich auf die in der Anlage I aufgeführten Fertigkeiten und Kenntnisse sowie auf den im Berufsschulunterricht vermittelten Lehrstoff, soweit er für die Berufsausbildung wesentlich ist.</P><P>(2) Zum Nachweis der Fertigkeiten und Kenntnisse wird die Abschlußprüfung in Form einer praktischen und einer schriftlichen Prüfung durchgeführt.</P><P>(3) In der praktischen Prüfung soll der Prüfling zeigen, daß er betriebliche Zusammenhänge versteht und die erworbenen Fertigkeiten und Kenntnisse praxisbezogen anwenden und übertragen kann. In insgesamt höchstens sieben Stunden soll er je eine Prüfungsaufgabe aus der Traubenproduktion, der Kellerwirtschaft und der Vermarktung betrieblicher Erzeugnisse bearbeiten und jeweils in einem Prüfungsgespräch erläutern. Dabei sind Arbeitsschutz und Arbeitssicherheit, Natur- und Umweltschutz, rationelle Energie- und Materialverwendung sowie die Techniken und Organisation der betrieblichen Arbeit und Produktion einzubeziehen. Für die Aufgaben kommen insbesondere in Betracht: <DL Font="normal" Type="arabic"><DT>1.</DT><DD Font="normal"><LA Size="normal">in der Traubenproduktion:<DL Font="normal" Type="arabic"><DT>a)</DT><DD Font="normal"><LA Size="normal">Bearbeiten und Pflegen des Bodens,</LA></DD> <DT>b)</DT><DD Font="normal"><LA Size="normal">qualitätsorientiertes und umweltschonendes Pflanzen, Pflegen und Nutzen von Reben;</LA></DD> </DL></LA></DD> <DT>2.</DT><DD Font="normal"><LA Size="normal">in der Kellerwirtschaft:<DL Font="normal" Type="arabic"><DT>a)</DT><DD Font="normal"><LA Size="normal">Durchführen oenologischer Verfahren,</LA></DD> <DT>b)</DT><DD Font="normal"><LA Size="normal">Behandeln und Ausbauen von Wein,</LA></DD> <DT>c)</DT><DD Font="normal"><LA Size="normal">Durchführen von Maßnahmen der Qualitätssicherung,</LA></DD> <DT>d)</DT><DD Font="normal"><LA Size="normal">Abfüllen von Wein;</LA></DD> </DL></LA></DD> <DT>3.</DT><DD Font="normal"><LA Size="normal">in der Vermarktung betrieblicher Erzeugnisse:<DL Font="normal" Type="arabic"><DT>a)</DT><DD Font="normal"><LA Size="normal">Ausstatten und Verpacken,</LA></DD> <DT>b)</DT><DD Font="normal"><LA Size="normal">sensorisches Bewerten von Wein,</LA></DD> <DT>c)</DT><DD Font="normal"><LA Size="normal">Beraten von Kunden und verkaufsförderndes Präsentieren von Waren.</LA></DD> </DL> </LA></DD> </DL></P><P>(4) Die schriftliche Prüfung soll in den Prüfungsfächern Traubenproduktion, Kellerwirtschaft sowie Wirtschafts- und Sozialkunde durchgeführt werden. Es kommen Fragen und Aufgaben, die sich auf praxisbezogene Fälle beziehen sollen, insbesondere aus folgenden Gebieten in Betracht: <DL Font="normal" Type="arabic"><DT>1.</DT><DD Font="normal"><LA Size="normal">im Prüfungsfach Traubenproduktion:</LA><LA Size="normal">Bearbeiten und Pflegen des Bodens, Pflegen und Nutzen von Reben, Ermitteln und Bewerten von Leistungen und Kosten unter Einbeziehung von Natur- und Umweltschutz, rationelle Energie- und Materialverwendung sowie von Techniken und Organisation der betrieblichen Arbeit und Produktion;</LA></DD>  <DT>2.</DT><DD Font="normal"><LA Size="normal">im Prüfungsfach Kellerwirtschaft:</LA><LA Size="normal">oenologische Verfahren, qualitätsorientiertes und umweltschonendes Bereiten von Wein, Grundlagen des Herstellens sonstiger Erzeugnisse aus Trauben und Wein, Ermitteln und Bewerten von Leistungen und Kosten unter Einbeziehung von rationeller Energie- und Materialverwendung sowie von Techniken und Organisation der betrieblichen Arbeit und Produktion;</LA></DD>  <DT>3.</DT><DD Font="normal"><LA Size="normal">im Prüfungsfach Wirtschafts- und Sozialkunde:</LA><LA Size="normal">allgemeine wirtschaftliche und gesellschaftliche Zusammenhänge der Berufs- und Arbeitswelt.</LA></DD>  </DL> </P><P>(5) Für die schriftliche Prüfung ist von folgenden zeitlichen Höchstwerten auszugehen: <BR/><table frame="none" tocentry="%yes;">
	<tgroup align="left" char="" charoff="50" cols="3" colsep="0" rowsep="0">
		<colspec colname="col1" colnum="1" colwidth="5*"/>
		<colspec colname="col2" colnum="2" colwidth="50*"/>
		<colspec colname="col3" colnum="3" colwidth="15*"/>
		<tbody valign="top">
			<row>
				<entry VJ="1" align="left" colsep="0" valign="top">1.</entry>
				<entry VJ="1" align="left" colsep="0" valign="top">im Prüfungsfach Traubenproduktion</entry>
				<entry VJ="1" align="right" colsep="0" valign="bottom">120 Minuten,</entry>
			</row>
			<row>
				<entry VJ="1" align="left" colsep="0" valign="top">2.</entry>
				<entry VJ="1" align="left" colsep="0" valign="top">im Prüfungsfach Kellerwirtschaft</entry>
				<entry VJ="1" align="right" colsep="0" valign="bottom">120 Minuten,</entry>
			</row>
			<row>
				<entry VJ="1" align="left" colsep="0" valign="top">3.</entry>
				<entry VJ="1" align="left" colsep="0" valign="top">im Prüfungsfach Wirtschafts- und Sozialkunde</entry>
				<entry VJ="1" align="right" colsep="0" valign="bottom">90 Minuten.</entry>
			</row>
		</tbody>
	</tgroup>
</table> </P><P>(6) Sind in der schriftlichen Prüfung im Prüfungsfach Wirtschafts- und Sozialkunde die Prüfungsleistungen mit mangelhaft bewertet worden, so ist auf Antrag des Prüflings oder nach Ermessen des Prüfungsausschusses die schriftliche Prüfung durch eine mündliche Prüfung zu ergänzen, wenn diese für das Bestehen der Prüfung den Ausschlag geben kann. Die schriftliche Prüfung hat gegenüber der mündlichen Prüfung das doppelte Gewicht.</P><P>(7) Die praktischen und die schriftlichen Prüfungsleistungen nach den Absätzen 3 und 4 sind für den Bereich Traubenproduktion und den Bereich Kellerwirtschaft zu je einer Note zusammenzufassen; dabei haben die praktischen gegenüber den schriftlichen Prüfungsleistungen jeweils das doppelte Gewicht.</P><P>(8) Für die Ermittlung des Gesamtergebnisses sind die Prüfungsleistungen wie folgt zu gewichten: <BR/><table frame="none" tocentry="%yes;">
	<tgroup align="left" char="" charoff="50" cols="3" colsep="0" rowsep="0">
		<colspec colname="col1" colnum="1" colwidth="5*"/>
		<colspec colname="col2" colnum="2" colwidth="50*"/>
		<colspec colname="col3" colnum="3" colwidth="25*"/>
		<tbody valign="top">
			<row>
				<entry VJ="1" align="left" colsep="0" valign="top">-</entry>
				<entry VJ="1" align="left" colsep="0" valign="top">Bereich Traubenproduktion nach Absatz 7</entry>
				<entry VJ="1" align="left" colsep="0" valign="bottom">35 vom Hundert,</entry>
			</row>
			<row>
				<entry VJ="1" align="left" colsep="0" valign="top">-</entry>
				<entry VJ="1" align="left" colsep="0" valign="top">Bereich Kellerwirtschaft nach Absatz 7</entry>
				<entry VJ="1" align="left" colsep="0" valign="bottom">35 vom Hundert,</entry>
			</row>
			<row>
				<entry VJ="1" align="left" colsep="0" valign="top">-</entry>
				<entry VJ="1" align="left" colsep="0" valign="top">Bereich Vermarktung betrieblicher Erzeugnisse nach Absatz 3</entry>
				<entry VJ="1" align="left" colsep="0" valign="bottom">20 vom Hundert,</entry>
			</row>
			<row>
				<entry VJ="1" align="left" colsep="0" valign="top">-</entry>
				<entry VJ="1" align="left" colsep="0" valign="top">Prüfungsfach Wirtschafts- und Sozialkunde nach Absatz 4</entry>
				<entry VJ="1" align="left" colsep="0" valign="bottom">10 vom Hundert.</entry>
			</row>
		</tbody>
	</tgroup>
</table> </P><P>(9) Die Prüfung ist bestanden, wenn im Gesamtergebnis und in den drei Bereichen Traubenproduktion, Kellerwirtschaft und Vermarktung betrieblicher Erzeugnisse mindestens ausreichende Leistungen erbracht worden sind. Die Prüfung ist nicht bestanden, wenn eine der Prüfungsaufgaben in der praktischen Prüfung oder eines der Prüfungsfächer in der schriftlichen Prüfung mit ungenügend bewertet worden ist.</P></Content>      </text></textdaten></norm>
<norm builddate="20130405125806" doknr="BJNR016100997BJNE001100305"><metadaten><jurabk>WinzerAusbV 1997</jurabk><enbez>§ 10</enbez><titel format="parat">Übergangsregelung</titel></metadaten><textdaten><text format="XML"><Content><P>Auf Berufsausbildungsverhältnisse, die bei Inkrafttreten dieser Verordnung bestehen, sind die bisherigen Vorschriften weiter anzuwenden, es sei denn, die Vertragsparteien vereinbaren die Anwendung der Vorschriften dieser Verordnung.</P></Content></text></textdaten></norm>
<norm builddate="20130405125806" doknr="BJNR016100997BJNE001200305"><metadaten><jurabk>WinzerAusbV 1997</jurabk><enbez>§ 11</enbez><titel format="parat">Inkrafttreten, Außerkrafttreten</titel></metadaten><textdaten><text format="XML"><Content><P>Diese Verordnung tritt am 1. August 1997 in Kraft.</P></Content></text><fussnoten/></textdaten></norm>
<norm builddate="20130405125806" doknr="BJNR016100997BJNE001300305"><metadaten><jurabk>WinzerAusbV 1997</jurabk><enbez>Anlage I</enbez><titel format="XML">(zu § 5)
<BR/>
Ausbildungsrahmenplan für die Berufsausbildung zum Winzer/zur
Winzerin - sachliche Gliederung -</titel></metadaten><textdaten><text format="XML"><Content><P><noindex><kommentar typ="Fundstelle">(Fundstelle: BGBl. I 1997, 164 - 169)</kommentar></noindex></P><P><table frame="bottom" tocentry="%yes;"><tgroup align="left" char="" charoff="50" cols="4" colsep="0" rowsep="0"><colspec colname="col1" colnum="1" colwidth="5*"/><colspec colname="col2" colnum="2" colwidth="50*"/><colspec colname="col3" colnum="3" colwidth="5.00*"/><colspec colname="col4" colnum="4" colwidth="50.00*"/><tbody valign="top"><row><entry VJ="1" align="left" colsep="0" nameend="col4" namest="col1" rowsep="1" valign="top"><B>Abschnitt I: Berufliche Grundbildung im ersten Ausbildungsjahr</B></entry></row><row rowsep="1"><entry VJ="1" align="left" colsep="0" valign="top">Lfd. Nr.</entry><entry VJ="1" align="left" colsep="0" valign="top">Teil des Ausbildungsberufsbildes</entry><entry VJ="1" align="left" colsep="0" nameend="col4" namest="col3" valign="top">Fertigkeiten und Kenntnisse, die unter Einbeziehung selbständigen Planens, Durchführens und Kontrollierens zu vermitteln sind</entry></row><row><entry VJ="1" align="left" colsep="0" valign="top">1.</entry><entry VJ="1" align="left" colsep="0" valign="top">der Ausbildungsbetrieb, betriebliche Zusammenhänge und Beziehungen (§ 4 Nr. 1)</entry><entry VJ="1" align="left" colsep="0" nameend="col4" namest="col3" valign="top"> </entry></row><row><entry VJ="1" align="left" colsep="0" morerows="3" rowsep="1" valign="top">1.1</entry><entry VJ="1" align="left" colsep="0" morerows="3" rowsep="1" valign="top">Aufbau und Organisation des Ausbildungsbetriebes (§ 4 Nr. 1.1)</entry><entry VJ="1" align="left" colsep="0" valign="top">a)</entry><entry VJ="1" align="left" colsep="0" valign="top">Standort, Aufbau und Aufgaben des Ausbildungsbetriebes erläutern</entry></row><row><entry VJ="1" align="left" colsep="0" valign="top">b)</entry><entry VJ="1" align="left" colsep="0" valign="top">Ausstattung des Ausbildungsbetriebes beschreiben</entry></row><row><entry VJ="1" align="left" colsep="0" valign="top">c)</entry><entry VJ="1" align="left" colsep="0" valign="top">betriebliche Erzeugung und Dienstleistung, Bezugs- und Absatzwege und -formen beschreiben</entry></row><row rowsep="1"><entry VJ="1" align="left" colsep="0" valign="top">d)</entry><entry VJ="1" align="left" colsep="0" valign="top">Beziehungen des Ausbildungsbetriebes und seiner Beschäftigten zu Wirtschaftsorganisationen, Berufsvertretungen, Gewerkschaften und Verwaltungen nennen</entry></row><row><entry VJ="1" align="left" colsep="0" morerows="3" rowsep="1" valign="top">1.2</entry><entry VJ="1" align="left" colsep="0" morerows="3" rowsep="1" valign="top">Berufsbildung (§ 4 Nr. 1.2)</entry><entry VJ="1" align="left" colsep="0" valign="top">a)</entry><entry VJ="1" align="left" colsep="0" valign="top">Bedeutung des Ausbildungsvertrages, insbesondere Abschluß, Dauer und Beendigung, erklären</entry></row><row><entry VJ="1" align="left" colsep="0" valign="top">b)</entry><entry VJ="1" align="left" colsep="0" valign="top">gegenseitige Rechte und Pflichten aus dem Ausbildungsvertrag nennen</entry></row><row><entry VJ="1" align="left" colsep="0" valign="top">c)</entry><entry VJ="1" align="left" colsep="0" valign="top">Möglichkeiten der beruflichen Fortbildung nennen</entry></row><row rowsep="1"><entry VJ="1" align="left" colsep="0" valign="top">d)</entry><entry VJ="1" align="left" colsep="0" valign="top">Informationen für die eigene berufliche Fortbildung einholen</entry></row><row><entry VJ="1" align="left" colsep="0" morerows="5" rowsep="1" valign="top">1.3</entry><entry VJ="1" align="left" colsep="0" morerows="5" rowsep="1" valign="top">Mitgestalten sozialer Beziehungen (§ 4 Nr. 1.3)</entry><entry VJ="1" align="left" colsep="0" valign="top">a)</entry><entry VJ="1" align="left" colsep="0" valign="top">soziale Beziehungen im Betrieb und im beruflichen Einwirkungsbereich mitgestalten</entry></row><row><entry VJ="1" align="left" colsep="0" valign="top">b)</entry><entry VJ="1" align="left" colsep="0" valign="top">bei der überbetrieblichen Zusammenarbeit im Rahmen betrieblicher Aufgabenstellungen und bestehender Kooperationsbeziehungen mitwirken</entry></row><row><entry VJ="1" align="left" colsep="0" valign="top">c)</entry><entry VJ="1" align="left" colsep="0" valign="top">Aufgaben der weinwirtschaftlichen und kommunalen Verwaltung beschreiben</entry></row><row><entry VJ="1" align="left" colsep="0" valign="top">d)</entry><entry VJ="1" align="left" colsep="0" valign="top">bei der Zusammenarbeit mit berufsständischen Organisationen, Gewerkschaften und Verwaltungen mitwirken</entry></row><row><entry VJ="1" align="left" colsep="0" valign="top">e)</entry><entry VJ="1" align="left" colsep="0" valign="top">für den Ausbildungsbetrieb wichtige Geschäftspartner nennen</entry></row><row rowsep="1"><entry VJ="1" align="left" colsep="0" valign="top">f)</entry><entry VJ="1" align="left" colsep="0" valign="top">Bedeutung beruflicher Wettbewerbe und weinwirtschaftlicher Veranstaltungen begründen</entry></row><row><entry VJ="1" align="left" colsep="0" morerows="7" rowsep="1" valign="top">1.4</entry><entry VJ="1" align="left" colsep="0" morerows="7" rowsep="1" valign="top">Arbeits- und Tarifrecht; Arbeitsschutz und Arbeitssicherheit (§ 4 Nr. 1.4)</entry><entry VJ="1" align="left" colsep="0" valign="top">a)</entry><entry VJ="1" align="left" colsep="0" valign="top">wesentliche Teile des Arbeitsvertrages nennen</entry></row><row><entry VJ="1" align="left" colsep="0" valign="top">b)</entry><entry VJ="1" align="left" colsep="0" valign="top">wesentliche Bestimmungen der für den Ausbildungsbetrieb geltenden Tarifverträge nennen</entry></row><row><entry VJ="1" align="left" colsep="0" valign="top">c)</entry><entry VJ="1" align="left" colsep="0" valign="top">Aufgaben des betrieblichen Arbeitsschutzes sowie der zuständigen Berufsgenossenschaft und der Aufsichtsbehörden nennen</entry></row><row><entry VJ="1" align="left" colsep="0" valign="top">d)</entry><entry VJ="1" align="left" colsep="0" valign="top">wesentliche Bestimmungen der für den ausbildenden Betrieb geltenden Arbeitsschutzgesetze nennen</entry></row><row><entry VJ="1" align="left" colsep="0" valign="top">e)</entry><entry VJ="1" align="left" colsep="0" valign="top">Gefahren für Gesundheit und Sicherheit am Arbeitsplatz feststellen sowie Maßnahmen zu deren Vermeidung ergreifen</entry></row><row><entry VJ="1" align="left" colsep="0" valign="top">f)</entry><entry VJ="1" align="left" colsep="0" valign="top">berufsbezogene Arbeitsschutzvorschriften anwenden</entry></row><row><entry VJ="1" align="left" colsep="0" valign="top">g)</entry><entry VJ="1" align="left" colsep="0" valign="top">wesentliche Vorschriften der Feuerverhütung nennen und Brandschutzeinrichtungen sowie Brandschutzgeräte bedienen</entry></row><row rowsep="1"><entry VJ="1" align="left" colsep="0" valign="top">h)</entry><entry VJ="1" align="left" colsep="0" valign="top">Verhalten bei Unfällen und Entstehungsbränden beschreiben und Maßnahmen der Ersten Hilfe ergreifen</entry></row><row><entry VJ="1" align="left" colsep="0" morerows="5" rowsep="1" valign="top">1.5</entry><entry VJ="1" align="left" colsep="0" morerows="5" rowsep="1" valign="top">Natur- und Umweltschutz; rationelle Energie- und Materialverwendung (§ 4 Nr. 1.5)</entry><entry VJ="1" align="left" colsep="0" valign="top">a)</entry><entry VJ="1" align="left" colsep="0" valign="top">Bedeutung von Lebensräumen für Mensch, Tier und Pflanze erklären und Lebensräume an Beispielen beschreiben</entry></row><row><entry VJ="1" align="left" colsep="0" valign="top">b)</entry><entry VJ="1" align="left" colsep="0" valign="top">Bedeutung und Ziele des Umweltschutzes im Weinbau beschreiben</entry></row><row><entry VJ="1" align="left" colsep="0" valign="top">c)</entry><entry VJ="1" align="left" colsep="0" valign="top">Einfluß des Weinbaus auf Umwelt und Landschaft aufzeigen</entry></row><row><entry VJ="1" align="left" colsep="0" valign="top">d)</entry><entry VJ="1" align="left" colsep="0" valign="top">bei Maßnahmen der Landschaftspflege mitwirken</entry></row><row><entry VJ="1" align="left" colsep="0" valign="top">e)</entry><entry VJ="1" align="left" colsep="0" valign="top">die im Ausbildungsbetrieb verwendeten Energiearten und Materialien nennen und Möglichkeiten ihrer wirtschaftlichen Verwendung aufzeigen</entry></row><row rowsep="1"><entry VJ="1" align="left" colsep="0" valign="top">f)</entry><entry VJ="1" align="left" colsep="0" valign="top">wirtschaftlichen und umweltschonenden Umgang mit Energieträgern beschreiben</entry></row><row><entry VJ="1" align="left" colsep="0" valign="top">2.</entry><entry VJ="1" align="left" colsep="0" valign="top">Techniken und Organisation der betrieblichen Arbeit und Produktion (§ 4 Nr. 2)</entry><entry VJ="1" align="left" colsep="0" nameend="col4" namest="col3" valign="top"> </entry></row><row><entry VJ="1" align="left" colsep="0" morerows="3" rowsep="1" valign="top">2.1</entry><entry VJ="1" align="left" colsep="0" morerows="3" rowsep="1" valign="top">Wahrnehmen und Beurteilen von Vorgängen; Beschaffen und Auswerten von Informationen (§ 4 Nr. 2.1)</entry><entry VJ="1" align="left" colsep="0" valign="top">a)</entry><entry VJ="1" align="left" colsep="0" valign="top">Witterungsverlauf beobachten und dokumentieren</entry></row><row><entry VJ="1" align="left" colsep="0" valign="top">b)</entry><entry VJ="1" align="left" colsep="0" valign="top">Vorgänge im weinbaulichen Betrieb bei Pflanzen und technischen Prozessen wahrnehmen, Veränderungen feststellen und Schlußfolgerungen ziehen</entry></row><row><entry VJ="1" align="left" colsep="0" valign="top">c)</entry><entry VJ="1" align="left" colsep="0" valign="top">Informationen, insbesondere aus Gebrauchsanleitungen und Fachliteratur, auswählen und sammeln</entry></row><row rowsep="1"><entry VJ="1" align="left" colsep="0" valign="top">d)</entry><entry VJ="1" align="left" colsep="0" valign="top">Fachinformationen für die betriebliche Arbeit auswerten</entry></row><row><entry VJ="1" align="left" colsep="0" morerows="3" rowsep="1" valign="top">2.2</entry><entry VJ="1" align="left" colsep="0" morerows="3" rowsep="1" valign="top">Planen, Vorbereiten und Kontrollieren von Arbeitsabläufen und Produktion (§ 4 Nr. 2.2)</entry><entry VJ="1" align="left" colsep="0" valign="top">a)</entry><entry VJ="1" align="left" colsep="0" valign="top">geeignete Arbeitsverfahren nennen und Arbeitsmittel auswählen</entry></row><row><entry VJ="1" align="left" colsep="0" valign="top">b)</entry><entry VJ="1" align="left" colsep="0" valign="top">Daten für die Produktion feststellen, insbesondere Aufwandmengen berechnen, Gewichte, Rauminhalte und Größe von Flächen schätzen und ermitteln</entry></row><row><entry VJ="1" align="left" colsep="0" valign="top">c)</entry><entry VJ="1" align="left" colsep="0" valign="top">Arbeitszeiten und -ergebnisse festhalten und kontrollieren</entry></row><row rowsep="1"><entry VJ="1" align="left" colsep="0" valign="top">d)</entry><entry VJ="1" align="left" colsep="0" valign="top">Möglichkeiten der Datenverarbeitung nutzen</entry></row><row><entry VJ="1" align="left" colsep="0" morerows="6" rowsep="1" valign="top">2.3</entry><entry VJ="1" align="left" colsep="0" morerows="6" rowsep="1" valign="top">Handhaben und Instandhalten von Maschinen, Geräten und Betriebseinrichtungen (§ 4 Nr. 2.3)</entry><entry VJ="1" align="left" colsep="0" valign="top">a)</entry><entry VJ="1" align="left" colsep="0" valign="top">Werkzeuge und Werkstoffe nach ihrem Verwendungszweck auswählen, einsetzen und einsatzbereit halten</entry></row><row><entry VJ="1" align="left" colsep="0" valign="top">b)</entry><entry VJ="1" align="left" colsep="0" valign="top">Maschinen, Geräte und Betriebseinrichtungen pflegen und bei ihrer Instandhaltung mitwirken</entry></row><row><entry VJ="1" align="left" colsep="0" valign="top">c)</entry><entry VJ="1" align="left" colsep="0" valign="top">Aufbau und Funktion von Verbrennungsmotoren erklären</entry></row><row><entry VJ="1" align="left" colsep="0" valign="top">d)</entry><entry VJ="1" align="left" colsep="0" valign="top">Kraftübertragungselemente und Schutzvorrichtungen in ihrer Funktion pflegen und instandhalten</entry></row><row><entry VJ="1" align="left" colsep="0" valign="top">e)</entry><entry VJ="1" align="left" colsep="0" valign="top">beim Umfang mit Maschinen, Geräten und Betriebseinrichtungen Arbeitssicherheit beachten</entry></row><row><entry VJ="1" align="left" colsep="0" valign="top">f)</entry><entry VJ="1" align="left" colsep="0" valign="top">Schutzmaßnahmen und Sicherungen an elektrischen Anlagen erklären</entry></row><row rowsep="1"><entry VJ="1" align="left" colsep="0" valign="top">g)</entry><entry VJ="1" align="left" colsep="0" valign="top">Ordnung und Sauberkeit am Arbeitsplatz einhalten</entry></row><row><entry VJ="1" align="left" colsep="0" morerows="3" rowsep="1" valign="top">2.4</entry><entry VJ="1" align="left" colsep="0" morerows="3" rowsep="1" valign="top">Erstellen von Kalkulationen und Abwickeln von Geschäftsvorgängen (§ 4 Nr. 2.4)</entry><entry VJ="1" align="left" colsep="0" valign="top">a)</entry><entry VJ="1" align="left" colsep="0" valign="top">bei der Ermittlung des Bedarfs an Betriebsmitteln mitwirken</entry></row><row><entry VJ="1" align="left" colsep="0" valign="top">b)</entry><entry VJ="1" align="left" colsep="0" valign="top">Eingang und Verbrauch von Betriebsmitteln erfassen</entry></row><row><entry VJ="1" align="left" colsep="0" valign="top">c)</entry><entry VJ="1" align="left" colsep="0" valign="top">Preisangebote vergleichen</entry></row><row rowsep="1"><entry VJ="1" align="left" colsep="0" valign="top">d)</entry><entry VJ="1" align="left" colsep="0" valign="top">Marktberichte lesen und Entwicklungen am Markt verfolgen</entry></row><row><entry VJ="1" align="left" colsep="0" valign="top">3.</entry><entry VJ="1" align="left" colsep="0" valign="top">Traubenerzeugung (§ 4 Nr. 3)</entry><entry VJ="1" align="left" colsep="0" nameend="col4" namest="col3" valign="top"> </entry></row><row><entry VJ="1" align="left" colsep="0" morerows="4" rowsep="1" valign="top">3.1</entry><entry VJ="1" align="left" colsep="0" morerows="4" rowsep="1" valign="top">Bearbeiten und Pflegen des Bodens; Erhaltung einer nachhaltigen Bodenfruchtbarkeit (§ 4 Nr. 3.1)</entry><entry VJ="1" align="left" colsep="0" valign="top">a)</entry><entry VJ="1" align="left" colsep="0" valign="top">Standortfaktoren beschreiben</entry></row><row><entry VJ="1" align="left" colsep="0" valign="top">b)</entry><entry VJ="1" align="left" colsep="0" valign="top">Bodenart und Bodenbestandteile bestimmen sowie Bodenzustand und -fruchtbarkeit erläutern</entry></row><row><entry VJ="1" align="left" colsep="0" valign="top">c)</entry><entry VJ="1" align="left" colsep="0" valign="top">Bodenprofil anlegen und Bodenaufbau erläutern</entry></row><row><entry VJ="1" align="left" colsep="0" valign="top">d)</entry><entry VJ="1" align="left" colsep="0" valign="top">Bodenproben entnehmen</entry></row><row rowsep="1"><entry VJ="1" align="left" colsep="0" valign="top">e)</entry><entry VJ="1" align="left" colsep="0" valign="top">bei der Bodenpflege und -bearbeitung mitwirken</entry></row><row><entry VJ="1" align="left" colsep="0" morerows="6" rowsep="1" valign="top">3.2</entry><entry VJ="1" align="left" colsep="0" morerows="6" rowsep="1" valign="top">qualitätsorientiertes und umweltschonendes Pflanzen, Pflegen und Nutzen von Reben (§ 4 Nr. 3.2)</entry><entry VJ="1" align="left" colsep="0" valign="top">a)</entry><entry VJ="1" align="left" colsep="0" valign="top">Dünger und deren Einsatzmöglichkeiten beschreiben und bei ihrer Ausbringung mitwirken</entry></row><row><entry VJ="1" align="left" colsep="0" valign="top">b)</entry><entry VJ="1" align="left" colsep="0" valign="top">Arbeiten am Rebstock durchführen</entry></row><row><entry VJ="1" align="left" colsep="0" valign="top">c)</entry><entry VJ="1" align="left" colsep="0" valign="top">Pflanzen und Pflanzenteile bestimmen, Vegetationsverlauf beobachten</entry></row><row><entry VJ="1" align="left" colsep="0" valign="top">d)</entry><entry VJ="1" align="left" colsep="0" valign="top">Schadbilder an Reben erkennen und bei Pflanzenschutzmaßnahmen mitwirken</entry></row><row><entry VJ="1" align="left" colsep="0" valign="top">e)</entry><entry VJ="1" align="left" colsep="0" valign="top">bei der Traubenlese mitwirken</entry></row><row><entry VJ="1" align="left" colsep="0" valign="top">f)</entry><entry VJ="1" align="left" colsep="0" valign="top">Maßnahmen zur Qualitätssicherung bei der Traubenerzeugung durchführen</entry></row><row rowsep="1"><entry VJ="1" align="left" colsep="0" valign="top">g)</entry><entry VJ="1" align="left" colsep="0" valign="top">Grundlagen einer umweltschonenden Traubenerzeugung nennen</entry></row><row><entry VJ="1" align="left" colsep="0" valign="top">4.</entry><entry VJ="1" align="left" colsep="0" valign="top">Kellerwirtschaft (§ 4 Nr. 4)</entry><entry VJ="1" align="left" colsep="0" nameend="col4" namest="col3" valign="top"> </entry></row><row><entry VJ="1" align="left" colsep="0" morerows="2" rowsep="1" valign="top">4.1</entry><entry VJ="1" align="left" colsep="0" morerows="2" rowsep="1" valign="top">oenologische Verfahren; qualitätsorientiertes und umweltschonendes Bereiten von Wein (§ 4 Nr. 4.1)</entry><entry VJ="1" align="left" colsep="0" valign="top">a)</entry><entry VJ="1" align="left" colsep="0" valign="top">bei der Traubenannahme und -Verarbeitung mitwirken</entry></row><row><entry VJ="1" align="left" colsep="0" valign="top">b)</entry><entry VJ="1" align="left" colsep="0" valign="top">Mostgewicht und Säuregehalt ermitteln</entry></row><row rowsep="1"><entry VJ="1" align="left" colsep="0" valign="top">c)</entry><entry VJ="1" align="left" colsep="0" valign="top">beim Weinausbau mitwirken</entry></row><row><entry VJ="1" align="left" colsep="0" valign="top">5.</entry><entry VJ="1" align="left" colsep="0" valign="top">Vermarkten betrieblicher Erzeugnisse (§ 4 Nr. 5)</entry><entry VJ="1" align="left" colsep="0" nameend="col4" namest="col3" valign="top"> </entry></row><row rowsep="1"><entry VJ="1" align="left" colsep="0" valign="top">5.1</entry><entry VJ="1" align="left" colsep="0" valign="top">Ausstatten und Verpacken (§ 4 Nr. 5.1)</entry><entry VJ="1" align="left" colsep="0" nameend="col4" namest="col3" valign="top">bei der Ausstattung und Verpackung von Wein mitwirken</entry></row><row rowsep="1"><entry VJ="1" align="left" colsep="0" nameend="col2" namest="col1" valign="top"><B>Abschnitt II: Berufliche Fachbildung im zweiten und dritten Ausbildungsjahr</B></entry><entry VJ="1" align="left" colsep="0" nameend="col4" namest="col3" valign="top"><B>- Fertigkeiten und Kenntnisse</B></entry></row><row><entry VJ="1" align="left" colsep="0" valign="top">1.</entry><entry VJ="1" align="left" colsep="0" valign="top">der Ausbildungsbetrieb, betriebliche Zusammenhänge und Beziehungen (§ 4 Nr. 1)</entry><entry VJ="1" align="left" colsep="0" nameend="col4" namest="col3" valign="top"> </entry></row><row rowsep="1"><entry VJ="1" align="left" colsep="0" valign="top">1.1</entry><entry VJ="1" align="left" colsep="0" valign="top">die in § 4 Nr. 1.1 bis 1.4 aufgeführten Teile des Ausbildungsberufsbildes</entry><entry VJ="1" align="left" colsep="0" nameend="col4" namest="col3" valign="top">die in Abschnitt I lfd. Nr. 1.1 bis 1.4 aufgeführten Fertigkeiten und Kenntnisse</entry></row><row><entry VJ="1" align="left" colsep="0" morerows="3" rowsep="1" valign="top">1.2</entry><entry VJ="1" align="left" colsep="0" morerows="3" rowsep="1" valign="top">Natur- und Umweltschutz; rationelle Energie- und Materialverwendung (§ 4 Nr. 1.5)</entry><entry VJ="1" align="left" colsep="0" valign="top">a)</entry><entry VJ="1" align="left" colsep="0" valign="top">berufsbezogene Regelungen zum Umweltschutz, insbesondere des Abfall-, Immissionsschutz-, Wasser-, Boden-, Natur- und Artenschutzrechts, des Pflanzenschutz- sowie des Sortenschutzrechts, anwenden</entry></row><row><entry VJ="1" align="left" colsep="0" valign="top">b)</entry><entry VJ="1" align="left" colsep="0" valign="top">Abfälle vermeiden und unter Beachtung rechtlicher, betrieblicher und materialbedingter Erfordernisse aufbereiten und entsorgen; Möglichkeiten des Recyclings nutzen</entry></row><row><entry VJ="1" align="left" colsep="0" valign="top">c)</entry><entry VJ="1" align="left" colsep="0" valign="top">Betriebsmittel unter umweltschonenden und wirtschaftlichen Gesichtspunkten auswählen und verwenden</entry></row><row rowsep="1"><entry VJ="1" align="left" colsep="0" valign="top">d)</entry><entry VJ="1" align="left" colsep="0" valign="top">mit Energiearten umweltschonend und kostensparend umgehen</entry></row><row><entry VJ="1" align="left" colsep="0" valign="top">2.</entry><entry VJ="1" align="left" colsep="0" valign="top">Techniken und Organisation der betrieblichen Arbeit und Produktion (§ 4 Nr. 2)</entry><entry VJ="1" align="left" colsep="0" nameend="col4" namest="col3" valign="top"> </entry></row><row><entry VJ="1" align="left" colsep="0" morerows="3" rowsep="1" valign="top">2.1</entry><entry VJ="1" align="left" colsep="0" morerows="3" rowsep="1" valign="top">Wahrnehmen und Beurteilen von Vorgängen; Beschaffen und Auswerten von Informationen (§ 4 Nr. 2.1)</entry><entry VJ="1" align="left" colsep="0" valign="top">a)</entry><entry VJ="1" align="left" colsep="0" valign="top">Wetter- und Witterungsverlauf beobachten und beurteilen, Prognoseverfahren nutzen und bei der betrieblichen Arbeit berücksichtigen</entry></row><row><entry VJ="1" align="left" colsep="0" valign="top">b)</entry><entry VJ="1" align="left" colsep="0" valign="top">Entwicklung der Vegetation im Weinberg verfolgen, Veränderungen feststellen und Schlußfolgerungen ziehen</entry></row><row><entry VJ="1" align="left" colsep="0" valign="top">c)</entry><entry VJ="1" align="left" colsep="0" valign="top">Ablauf von technischen Prozessen verfolgen, Störungen feststellen und Maßnahmen ergreifen</entry></row><row rowsep="1"><entry VJ="1" align="left" colsep="0" valign="top">d)</entry><entry VJ="1" align="left" colsep="0" valign="top">Fachinformationen für die betriebliche Arbeit auswerten und nutzen</entry></row><row><entry VJ="1" align="left" colsep="0" morerows="3" rowsep="1" valign="top">2.2</entry><entry VJ="1" align="left" colsep="0" morerows="3" rowsep="1" valign="top">Planen, Vorbereiten und Kontrollieren von Arbeitsabläufen und Produktion (§ 4 Nr. 2.2)</entry><entry VJ="1" align="left" colsep="0" valign="top">a)</entry><entry VJ="1" align="left" colsep="0" valign="top">Betriebsdaten erfassen, einordnen und beurteilen</entry></row><row><entry VJ="1" align="left" colsep="0" valign="top">b)</entry><entry VJ="1" align="left" colsep="0" valign="top">Arbeits- und Produktionsabläufe planen und veränderten Bedingungen anpassen</entry></row><row><entry VJ="1" align="left" colsep="0" valign="top">c)</entry><entry VJ="1" align="left" colsep="0" valign="top">Zeitpläne unter Berücksichtigung von Arbeits- und Produktionsschwerpunkten aufstellen</entry></row><row rowsep="1"><entry VJ="1" align="left" colsep="0" valign="top">d)</entry><entry VJ="1" align="left" colsep="0" valign="top">Arbeitsaufwand und -ergebnisse bewerten</entry></row><row><entry VJ="1" align="left" colsep="0" morerows="3" rowsep="1" valign="top">2.3</entry><entry VJ="1" align="left" colsep="0" morerows="3" rowsep="1" valign="top">Handhaben und Instandhalten von Maschinen, Geräten und Betriebseinrichtungen (§ 4 Nr. 2.3)</entry><entry VJ="1" align="left" colsep="0" valign="top">a)</entry><entry VJ="1" align="left" colsep="0" valign="top">Betriebsbereitschaft von technischen Einrichtungen, Maschinen, Geräten, Werkzeugen und Transportmitteln prüfen, diese auswählen und unter Beachtung der Sicherheitsvorschriften einsetzen</entry></row><row><entry VJ="1" align="left" colsep="0" valign="top">b)</entry><entry VJ="1" align="left" colsep="0" valign="top">Wartungs- und Instandsetzungsarbeiten umweltgerecht und nach Plan durchführen</entry></row><row><entry VJ="1" align="left" colsep="0" valign="top">c)</entry><entry VJ="1" align="left" colsep="0" valign="top">Betriebsstoffe sach- und umweltgerecht lagern</entry></row><row rowsep="1"><entry VJ="1" align="left" colsep="0" valign="top">d)</entry><entry VJ="1" align="left" colsep="0" valign="top">Reparaturen und Veränderungen an Gebäuden und baulichen Anlagen durchführen</entry></row><row><entry VJ="1" align="left" colsep="0" morerows="6" rowsep="1" valign="top">2.4</entry><entry VJ="1" align="left" colsep="0" morerows="6" rowsep="1" valign="top">Erstellen von Kalkulationen und Abwickeln von Geschäftsvorgängen (§ 4 Nr. 2.4)</entry><entry VJ="1" align="left" colsep="0" valign="top">a)</entry><entry VJ="1" align="left" colsep="0" valign="top">Markt- und Preisinformationen einholen, vergleichen und bewerten</entry></row><row><entry VJ="1" align="left" colsep="0" valign="top">b)</entry><entry VJ="1" align="left" colsep="0" valign="top">Marktentwicklungen beobachten und bewerten</entry></row><row><entry VJ="1" align="left" colsep="0" valign="top">c)</entry><entry VJ="1" align="left" colsep="0" valign="top">Kalkulationen anhand von Beispielen erstellen</entry></row><row><entry VJ="1" align="left" colsep="0" valign="top">d)</entry><entry VJ="1" align="left" colsep="0" valign="top">beim Bestellen von Betriebsmitteln und bei der Abrechnung gelieferter Waren mitwirken</entry></row><row><entry VJ="1" align="left" colsep="0" valign="top">e)</entry><entry VJ="1" align="left" colsep="0" valign="top">Formen des Bezuges von Betriebsmitteln miteinander vergleichen</entry></row><row><entry VJ="1" align="left" colsep="0" valign="top">f)</entry><entry VJ="1" align="left" colsep="0" valign="top">schriftlichen Geschäftsverkehr führen</entry></row><row rowsep="1"><entry VJ="1" align="left" colsep="0" valign="top">g)</entry><entry VJ="1" align="left" colsep="0" valign="top">bei Einkaufsgesprächen mitwirken</entry></row><row><entry VJ="1" align="left" colsep="0" valign="top">3.</entry><entry VJ="1" align="left" colsep="0" valign="top">Traubenerzeugung (§ 4 Nr. 3)</entry><entry VJ="1" align="left" colsep="0" nameend="col4" namest="col3" valign="top"> </entry></row><row><entry VJ="1" align="left" colsep="0" morerows="2" rowsep="1" valign="top">3.1</entry><entry VJ="1" align="left" colsep="0" morerows="2" rowsep="1" valign="top">Bearbeiten und Pflegen des Bodens; Erhaltung einer nachhaltigen Bodenfruchtbarkeit (§ 4 Nr. 3.1)</entry><entry VJ="1" align="left" colsep="0" valign="top">a)</entry><entry VJ="1" align="left" colsep="0" valign="top">Böden, insbesondere Bodenarten und -typen, beurteilen und Folgerungen für Bodenpflegemaßnahmen ziehen</entry></row><row><entry VJ="1" align="left" colsep="0" valign="top">b)</entry><entry VJ="1" align="left" colsep="0" valign="top">boden- und rebenspezifische Pflegemaßnahmen umweltschonend durchführen</entry></row><row rowsep="1"><entry VJ="1" align="left" colsep="0" valign="top">c)</entry><entry VJ="1" align="left" colsep="0" valign="top">Bodenschäden feststellen und beheben</entry></row><row><entry VJ="1" align="left" colsep="0" morerows="10" rowsep="1" valign="top">3.2</entry><entry VJ="1" align="left" colsep="0" morerows="10" rowsep="1" valign="top">qualitätsorientiertes und umweltschonendes Pflanzen, Pflegen und Nutzen von Reben (§ 4 Nr. 3.2)</entry><entry VJ="1" align="left" colsep="0" valign="top">a)</entry><entry VJ="1" align="left" colsep="0" valign="top">Standortfaktoren beurteilen und Schlußfolgerungen für den Rebenanbau ziehen</entry></row><row><entry VJ="1" align="left" colsep="0" valign="top">b)</entry><entry VJ="1" align="left" colsep="0" valign="top">Nährstoffbedarf ermitteln und bedarfsgerecht düngen</entry></row><row><entry VJ="1" align="left" colsep="0" valign="top">c)</entry><entry VJ="1" align="left" colsep="0" valign="top">Pflanzenschutzmittelbedarf flächenbezogen ermitteln und Pflanzenschutzmaßnahmen durchführen</entry></row><row><entry VJ="1" align="left" colsep="0" valign="top">d)</entry><entry VJ="1" align="left" colsep="0" valign="top">bei der Erstellung von Neuanlagen mitwirken</entry></row><row><entry VJ="1" align="left" colsep="0" valign="top">e)</entry><entry VJ="1" align="left" colsep="0" valign="top">Pflanzgut prüfen und Reben pflanzen</entry></row><row><entry VJ="1" align="left" colsep="0" valign="top">f)</entry><entry VJ="1" align="left" colsep="0" valign="top">Begrünungs- und Bodenbedeckungsmaßnahmen durchführen</entry></row><row><entry VJ="1" align="left" colsep="0" valign="top">g)</entry><entry VJ="1" align="left" colsep="0" valign="top">Rebsorten erkennen und beurteilen</entry></row><row><entry VJ="1" align="left" colsep="0" valign="top">h)</entry><entry VJ="1" align="left" colsep="0" valign="top">Fauna und Flora im Weinberg erfassen und deren Lebensbedingungen beschreiben</entry></row><row><entry VJ="1" align="left" colsep="0" valign="top">i)</entry><entry VJ="1" align="left" colsep="0" valign="top">Nutz- und Schadorganismen unterscheiden, Nützlinge schonen</entry></row><row><entry VJ="1" align="left" colsep="0" valign="top">k)</entry><entry VJ="1" align="left" colsep="0" valign="top">Anbaumaßnahmen qualitätsfördernd und umweltschonend durchführen und beurteilen</entry></row><row rowsep="1"><entry VJ="1" align="left" colsep="0" valign="top">l)</entry><entry VJ="1" align="left" colsep="0" valign="top">Traubenlese planen sowie sachgerecht und qualitätsorientiert durchführen</entry></row><row><entry VJ="1" align="left" colsep="0" valign="top">4.</entry><entry VJ="1" align="left" colsep="0" valign="top">Kellerwirtschaft (§ 4 Nr. 4)</entry><entry VJ="1" align="left" colsep="0" nameend="col4" namest="col3" valign="top"> </entry></row><row><entry VJ="1" align="left" colsep="0" morerows="14" rowsep="1" valign="top">4.1</entry><entry VJ="1" align="left" colsep="0" morerows="14" rowsep="1" valign="top">oenologische Verfahren; qualitätsorientiertes und umweltschonendes Bereiten von Wein (§ 4 Nr. 4.1)</entry><entry VJ="1" align="left" colsep="0" valign="top">a)</entry><entry VJ="1" align="left" colsep="0" valign="top">Trauben annehmen, beurteilen und verarbeiten</entry></row><row><entry VJ="1" align="left" colsep="0" valign="top">b)</entry><entry VJ="1" align="left" colsep="0" valign="top">Moste nach Qualitätsstufen einordnen</entry></row><row><entry VJ="1" align="left" colsep="0" valign="top">c)</entry><entry VJ="1" align="left" colsep="0" valign="top">Maische behandeln</entry></row><row><entry VJ="1" align="left" colsep="0" valign="top">d)</entry><entry VJ="1" align="left" colsep="0" valign="top">Most behandeln</entry></row><row><entry VJ="1" align="left" colsep="0" valign="top">e)</entry><entry VJ="1" align="left" colsep="0" valign="top">oenologische Verfahren durchführen, insbesondere anreichern, entsäuern, schwefeln und schönen</entry></row><row><entry VJ="1" align="left" colsep="0" valign="top">f)</entry><entry VJ="1" align="left" colsep="0" valign="top">Süßreserve bereiten und einlagern</entry></row><row><entry VJ="1" align="left" colsep="0" valign="top">g)</entry><entry VJ="1" align="left" colsep="0" valign="top">Gärung einleiten und überwachen sowie gärfördernde und -hemmende Maßnahmen durchführen</entry></row><row><entry VJ="1" align="left" colsep="0" valign="top">h)</entry><entry VJ="1" align="left" colsep="0" valign="top">Wein behandeln und ausbauen, insbesondere Abstichs-, Klärungs- und Stabilisierungsmaßnahmen durchführen</entry></row><row><entry VJ="1" align="left" colsep="0" valign="top">i)</entry><entry VJ="1" align="left" colsep="0" valign="top">Entwicklung des Weines beurteilen, Weinmängel, -fehler und -krankheiten vermeiden, erkennen und behandeln</entry></row><row><entry VJ="1" align="left" colsep="0" valign="top">k)</entry><entry VJ="1" align="left" colsep="0" valign="top">Qualitätssicherungs- und Kontrollmaßnahmen durchführen, insbesondere Kellerhygiene, mikrobiologische Stabilität und Oxidationsschutz sicherstellen</entry></row><row><entry VJ="1" align="left" colsep="0" valign="top">l)</entry><entry VJ="1" align="left" colsep="0" valign="top">Trennverfahren durchführen</entry></row><row><entry VJ="1" align="left" colsep="0" valign="top">m)</entry><entry VJ="1" align="left" colsep="0" valign="top">Wein füllfertig machen</entry></row><row><entry VJ="1" align="left" colsep="0" valign="top">n)</entry><entry VJ="1" align="left" colsep="0" valign="top">Wein abfüllen</entry></row><row><entry VJ="1" align="left" colsep="0" valign="top">o)</entry><entry VJ="1" align="left" colsep="0" valign="top">Rückstände aus der Kellerwirtschaft aufbereiten sowie umweltgerecht verwerten und entsorgen</entry></row><row rowsep="1"><entry VJ="1" align="left" colsep="0" valign="top">p)</entry><entry VJ="1" align="left" colsep="0" valign="top">weinrechtliche Bestimmungen anwenden</entry></row><row><entry VJ="1" align="left" colsep="0" morerows="1" rowsep="1" valign="top">4.2</entry><entry VJ="1" align="left" colsep="0" morerows="1" rowsep="1" valign="top">Grundlagen des Herstellens sonstiger Erzeugnisse aus Trauben und Wein (§ 4 Nr. 4.2)</entry><entry VJ="1" align="left" colsep="0" valign="top">a)</entry><entry VJ="1" align="left" colsep="0" valign="top">Ausgangsprodukte für sonstige Erzeugnisse bereiten</entry></row><row rowsep="1"><entry VJ="1" align="left" colsep="0" valign="top">b)</entry><entry VJ="1" align="left" colsep="0" valign="top">Verfahren zur Herstellung eines sonstigen Erzeugnisses und die dazugehörenden Rechtsgrundlagen kennen</entry></row><row><entry VJ="1" align="left" colsep="0" valign="top">5.</entry><entry VJ="1" align="left" colsep="0" valign="top">Vermarkten betrieblicher Erzeugnisse (§ 4 Nr. 5)</entry><entry VJ="1" align="left" colsep="0" nameend="col4" namest="col3" valign="top"> </entry></row><row><entry VJ="1" align="left" colsep="0" morerows="3" rowsep="1" valign="top">5.1</entry><entry VJ="1" align="left" colsep="0" morerows="3" rowsep="1" valign="top">Ausstatten und Verpacken (§ 4 Nr. 5.1)</entry><entry VJ="1" align="left" colsep="0" valign="top">a)</entry><entry VJ="1" align="left" colsep="0" valign="top">Grundlagen des Bezeichnungsrechts kennen</entry></row><row><entry VJ="1" align="left" colsep="0" valign="top">b)</entry><entry VJ="1" align="left" colsep="0" valign="top">Flaschen ausstatten</entry></row><row><entry VJ="1" align="left" colsep="0" valign="top">c)</entry><entry VJ="1" align="left" colsep="0" valign="top">Auszeichnungen erläutern</entry></row><row rowsep="1"><entry VJ="1" align="left" colsep="0" valign="top">d)</entry><entry VJ="1" align="left" colsep="0" valign="top">betriebliche Erzeugnisse entsprechend ihren Transportanforderungen verpacken</entry></row><row><entry VJ="1" align="left" colsep="0" morerows="3" valign="top">5.2</entry><entry VJ="1" align="left" colsep="0" morerows="3" valign="top">Beraten und Verkaufen (§ 4 Nr. 5.2)</entry><entry VJ="1" align="left" colsep="0" valign="top">a)</entry><entry VJ="1" align="left" colsep="0" valign="top">Kunden über die betrieblichen Erzeugnisse informieren</entry></row><row><entry VJ="1" align="left" colsep="0" valign="top">b)</entry><entry VJ="1" align="left" colsep="0" valign="top">Wein nach Prüfmerkmalen ansprechen</entry></row><row><entry VJ="1" align="left" colsep="0" valign="top">c)</entry><entry VJ="1" align="left" colsep="0" valign="top">Wein verkaufsfördernd präsentieren</entry></row><row><entry VJ="1" align="left" colsep="0" valign="top">d)</entry><entry VJ="1" align="left" colsep="0" valign="top">Verkauf betrieblicher Erzeugnisse durchführen</entry></row></tbody></tgroup></table></P></Content></text></textdaten></norm>
<norm builddate="20130405125806" doknr="BJNR016100997BJNE001400305"><metadaten><jurabk>WinzerAusbV 1997</jurabk><enbez>Anlage II</enbez><titel format="XML">(zu § 5)
<BR/>
Ausbildungsrahmenplan für die Berufsausbildung zum Winzer/zur
Winzerin - zeitliche Gliederung -</titel></metadaten><textdaten><text format="XML"><Content><P><DL Font="normal" Type="arabic"><DT/><DD Font="normal"><LA Size="normal"><DL Font="normal" Type="arabic"><DT/><DD Font="normal"><LA Size="normal"><DL Font="normal" Type="arabic"><DT/><DD Font="normal"><LA Size="normal"><DL Font="normal" Type="arabic"><DT/><DD Font="normal"><LA Size="normal"><DL Font="normal" Type="arabic"><DT/><DD Font="normal"><LA Size="normal"><DL Font="normal" Type="arabic"><DT/><DD Font="normal"><LA Size="normal"><B>Erstes Ausbildungsjahr</B></LA></DD> </DL></LA></DD></DL></LA></DD></DL></LA></DD></DL></LA></DD></DL></LA></DD><DT>1)</DT><DD Font="normal"><LA Size="normal">In einem Zeitrahmen von insgesamt 2 bis 4 Monaten sind schwerpunktmäßig die Fertigkeiten und Kenntnisse gemäß Anlage I Abschnitt I der Berufsbildposition<DL Font="normal" Type="arabic"><DT/><DD Font="normal"><LA Size="normal"><DL Font="normal" Type="arabic"><DT/><DD Font="normal"><LA Size="normal"><DL Font="normal" Type="arabic"><DT/><DD Font="normal"><LA Size="normal"><DL Font="normal" Type="arabic"><DT>lfd. Nr. 1</DT><DD Font="normal"><LA Size="normal">der Ausbildungsbetrieb, betriebliche Zusammenhänge und Beziehungen</LA></DD> </DL></LA></DD></DL></LA></DD></DL></LA></DD></DL></LA><LA Size="normal">unter Einbeziehung der Berufsbildpositionen<DL Font="normal" Type="arabic"><DT/><DD Font="normal"><LA Size="normal"><DL Font="normal" Type="arabic"><DT/><DD Font="normal"><LA Size="normal"><DL Font="normal" Type="arabic"><DT/><DD Font="normal"><LA Size="normal"><DL Font="normal" Type="arabic"><DT>lfd. Nr. 2.4</DT><DD Font="normal"><LA Size="normal">Erstellen von Kalkulationen und Abwickeln von Geschäftsvorgängen,</LA></DD> <DT>lfd. Nr. 3</DT><DD Font="normal"><LA Size="normal">Traubenerzeugung,</LA></DD> <DT>lfd. Nr. 4</DT><DD Font="normal"><LA Size="normal">Kellerwirtschaft</LA></DD> </DL></LA></DD></DL></LA></DD></DL></LA></DD></DL></LA><LA Size="normal">zu vermitteln.</LA></DD>   <DT>2)</DT><DD Font="normal"><LA Size="normal">In einem Zeitrahmen von insgesamt 6 bis 8 Monaten sind schwerpunktmäßig die Fertigkeiten und Kenntnisse gemäß Anlage I Abschnitt I der Berufsbildposition<DL Font="normal" Type="arabic"><DT/><DD Font="normal"><LA Size="normal"><DL Font="normal" Type="arabic"><DT/><DD Font="normal"><LA Size="normal"><DL Font="normal" Type="arabic"><DT/><DD Font="normal"><LA Size="normal"><DL Font="normal" Type="arabic"><DT>lfd. Nr. 3</DT><DD Font="normal"><LA Size="normal">Traubenerzeugung</LA></DD> </DL></LA></DD></DL></LA></DD></DL></LA></DD></DL></LA><LA Size="normal">unter Einbeziehung der Berufsbildpositionen<DL Font="normal" Type="arabic"><DT/><DD Font="normal"><LA Size="normal"><DL Font="normal" Type="arabic"><DT/><DD Font="normal"><LA Size="normal"><DL Font="normal" Type="arabic"><DT/><DD Font="normal"><LA Size="normal"><DL Font="normal" Type="arabic"><DT>lfd. Nr. 2.1</DT><DD Font="normal"><LA Size="normal">Wahrnehmen und Beurteilen von Vorgängen; Beschaffen und Auswerten von Informationen,</LA></DD> <DT>lfd. Nr. 2.2</DT><DD Font="normal"><LA Size="normal">Planen, Vorbereiten und Kontrollieren von Arbeitsabläufen und Produktion,</LA></DD> <DT>lfd. Nr. 2.3</DT><DD Font="normal"><LA Size="normal">Handhaben und Instandhalten von Maschinen, Geräten und Betriebseinrichtungen</LA></DD> </DL></LA></DD></DL></LA></DD></DL></LA></DD></DL></LA><LA Size="normal">zu vermitteln.</LA></DD>   <DT>3)</DT><DD Font="normal"><LA Size="normal">In einem Zeitrahmen von insgesamt 2 bis 3 Monaten sind schwerpunktmäßig die Fertigkeiten und Kenntnisse gemäß Anlage I Abschnitt I der Berufsbildposition<DL Font="normal" Type="arabic"><DT/><DD Font="normal"><LA Size="normal"><DL Font="normal" Type="arabic"><DT/><DD Font="normal"><LA Size="normal"><DL Font="normal" Type="arabic"><DT/><DD Font="normal"><LA Size="normal"><DL Font="normal" Type="arabic"><DT>lfd. Nr. 4</DT><DD Font="normal"><LA Size="normal">Kellerwirtschaft</LA></DD> </DL></LA></DD></DL></LA></DD></DL></LA></DD></DL></LA><LA Size="normal">unter Einbeziehung der Berufsbildpositionen<DL Font="normal" Type="arabic"><DT/><DD Font="normal"><LA Size="normal"><DL Font="normal" Type="arabic"><DT/><DD Font="normal"><LA Size="normal"><DL Font="normal" Type="arabic"><DT/><DD Font="normal"><LA Size="normal"><DL Font="normal" Type="arabic"><DT>lfd. Nr. 2.1</DT><DD Font="normal"><LA Size="normal">Wahrnehmen und Beurteilen von Vorgängen; Beschaffen und Auswerten von Informationen,</LA></DD> <DT>lfd. Nr. 2.2</DT><DD Font="normal"><LA Size="normal">Planen, Vorbereiten und Kontrollieren von Arbeitsabläufen und Produktion,</LA></DD> <DT>lfd. Nr. 2.3</DT><DD Font="normal"><LA Size="normal">Handhaben und Instandhalten von Maschinen, Geräten und Betriebseinrichtungen,</LA></DD> <DT>lfd. Nr. 5.1</DT><DD Font="normal"><LA Size="normal">Ausstatten und Verpacken</LA></DD> </DL></LA></DD></DL></LA></DD></DL></LA></DD></DL></LA><LA Size="normal">zu vermitteln.</LA></DD>  </DL> </P><P> <DL Font="normal" Type="arabic"><DT/><DD Font="normal"><LA Size="normal"><DL Font="normal" Type="arabic"><DT/><DD Font="normal"><LA Size="normal"><DL Font="normal" Type="arabic"><DT/><DD Font="normal"><LA Size="normal"><DL Font="normal" Type="arabic"><DT/><DD Font="normal"><LA Size="normal"><DL Font="normal" Type="arabic"><DT/><DD Font="normal"><LA Size="normal"><DL Font="normal" Type="arabic"><DT/><DD Font="normal"><LA Size="normal"><B>Zweites Ausbildungsjahr</B></LA></DD> </DL></LA></DD></DL></LA></DD></DL></LA></DD></DL></LA></DD></DL></LA></DD><DT>1)</DT><DD Font="normal"><LA Size="normal">In einem Zeitrahmen von insgesamt 4 bis 6 Monaten sind schwerpunktmäßig die Fertigkeiten und Kenntnisse gemäß Anlage I Abschnitt II der Berufsbildposition<DL Font="normal" Type="arabic"><DT/><DD Font="normal"><LA Size="normal"><DL Font="normal" Type="arabic"><DT/><DD Font="normal"><LA Size="normal"><DL Font="normal" Type="arabic"><DT/><DD Font="normal"><LA Size="normal"><DL Font="normal" Type="arabic"><DT>lfd. Nr. 3</DT><DD Font="normal"><LA Size="normal">Traubenerzeugung</LA></DD> </DL></LA></DD></DL></LA></DD></DL></LA></DD></DL></LA><LA Size="normal">zu vermitteln.</LA><LA Size="normal">Im Zusammenhang damit ist die Vermittlung von Fertigkeiten und Kenntnissen der Berufsbildpositionen<DL Font="normal" Type="arabic"><DT/><DD Font="normal"><LA Size="normal"><DL Font="normal" Type="arabic"><DT/><DD Font="normal"><LA Size="normal"><DL Font="normal" Type="arabic"><DT/><DD Font="normal"><LA Size="normal"><DL Font="normal" Type="arabic"><DT>lfd. Nr. 1</DT><DD Font="normal"><LA Size="normal">der Ausbildungsbetrieb, betriebliche Zusammenhänge und Beziehungen,</LA></DD> <DT>lfd. Nr. 2</DT><DD Font="normal"><LA Size="normal">Techniken und Organisation der betrieblichen Arbeit und Produktion</LA></DD> </DL></LA></DD></DL></LA></DD></DL></LA></DD></DL></LA><LA Size="normal">fortzuführen.</LA></DD>    <DT>2)</DT><DD Font="normal"><LA Size="normal">In einem Zeitrahmen von insgesamt 2 bis 4 Monaten sind schwerpunktmäßig die Fertigkeiten und Kenntnisse gemäß Anlage I Abschnitt II der Berufsbildposition<DL Font="normal" Type="arabic"><DT/><DD Font="normal"><LA Size="normal"><DL Font="normal" Type="arabic"><DT/><DD Font="normal"><LA Size="normal"><DL Font="normal" Type="arabic"><DT/><DD Font="normal"><LA Size="normal"><DL Font="normal" Type="arabic"><DT>lfd. Nr. 4</DT><DD Font="normal"><LA Size="normal">Kellerwirtschaft</LA></DD> </DL></LA></DD></DL></LA></DD></DL></LA></DD></DL></LA><LA Size="normal">zu vermitteln.</LA><LA Size="normal">Im Zusammenhang damit ist die Vermittlung von Fertigkeiten und Kenntnissen der Berufsbildpositionen<DL Font="normal" Type="arabic"><DT/><DD Font="normal"><LA Size="normal"><DL Font="normal" Type="arabic"><DT/><DD Font="normal"><LA Size="normal"><DL Font="normal" Type="arabic"><DT/><DD Font="normal"><LA Size="normal"><DL Font="normal" Type="arabic"><DT>lfd. Nr. 1</DT><DD Font="normal"><LA Size="normal">der Ausbildungsbetrieb, betriebliche Zusammenhänge und Beziehungen,</LA></DD> <DT>lfd. Nr. 2</DT><DD Font="normal"><LA Size="normal">Techniken und Organisation der betrieblichen Arbeit und Produktion</LA></DD> </DL></LA></DD></DL></LA></DD></DL></LA></DD></DL></LA><LA Size="normal">fortzuführen.</LA></DD>    <DT>3)</DT><DD Font="normal"><LA Size="normal">In einem Zeitrahmen von insgesamt 2 bis 4 Monaten sind schwerpunktmäßig die Fertigkeiten und Kenntnisse gemäß Anlage I Abschnitt II der Berufsbildposition<DL Font="normal" Type="arabic"><DT/><DD Font="normal"><LA Size="normal"><DL Font="normal" Type="arabic"><DT/><DD Font="normal"><LA Size="normal"><DL Font="normal" Type="arabic"><DT/><DD Font="normal"><LA Size="normal"><DL Font="normal" Type="arabic"><DT>lfd. Nr. 5</DT><DD Font="normal"><LA Size="normal">Vermarkten betrieblicher Erzeugnisse</LA></DD> </DL></LA></DD></DL></LA></DD></DL></LA></DD></DL></LA><LA Size="normal">zu vermitteln.</LA><LA Size="normal">Im Zusammenhang damit ist die Vermittlung von Fertigkeiten und Kenntnissen der Berufsbildpositionen<DL Font="normal" Type="arabic"><DT/><DD Font="normal"><LA Size="normal"><DL Font="normal" Type="arabic"><DT/><DD Font="normal"><LA Size="normal"><DL Font="normal" Type="arabic"><DT/><DD Font="normal"><LA Size="normal"><DL Font="normal" Type="arabic"><DT>lfd. Nr. 3</DT><DD Font="normal"><LA Size="normal">Traubenerzeugung,</LA></DD> <DT>lfd. Nr. 4</DT><DD Font="normal"><LA Size="normal">Kellerwirtschaft</LA></DD> </DL></LA></DD></DL></LA></DD></DL></LA></DD></DL></LA><LA Size="normal">fortzuführen.</LA></DD>   </DL> </P><P> <DL Font="normal" Type="arabic"><DT/><DD Font="normal"><LA Size="normal"><DL Font="normal" Type="arabic"><DT/><DD Font="normal"><LA Size="normal"><DL Font="normal" Type="arabic"><DT/><DD Font="normal"><LA Size="normal"><DL Font="normal" Type="arabic"><DT/><DD Font="normal"><LA Size="normal"><DL Font="normal" Type="arabic"><DT/><DD Font="normal"><LA Size="normal"><DL Font="normal" Type="arabic"><DT/><DD Font="normal"><LA Size="normal"><B>Drittes Ausbildungsjahr</B></LA></DD> </DL></LA></DD></DL></LA></DD></DL></LA></DD></DL></LA></DD></DL></LA></DD><DT>1)</DT><DD Font="normal"><LA Size="normal">In einem Zeitrahmen von insgesamt 2 bis 4 Monaten sind schwerpunktmäßig die Fertigkeiten und Kenntnisse gemäß Anlage I Abschnitt II der Berufsbildposition<DL Font="normal" Type="arabic"><DT/><DD Font="normal"><LA Size="normal"><DL Font="normal" Type="arabic"><DT/><DD Font="normal"><LA Size="normal"><DL Font="normal" Type="arabic"><DT/><DD Font="normal"><LA Size="normal"><DL Font="normal" Type="arabic"><DT>lfd. Nr. 3</DT><DD Font="normal"><LA Size="normal">Traubenerzeugung</LA></DD> </DL></LA></DD></DL></LA></DD></DL></LA></DD></DL></LA><LA Size="normal">im Zusammenhang mit den Berufsbildpositionen<DL Font="normal" Type="arabic"><DT/><DD Font="normal"><LA Size="normal"><DL Font="normal" Type="arabic"><DT/><DD Font="normal"><LA Size="normal"><DL Font="normal" Type="arabic"><DT/><DD Font="normal"><LA Size="normal"><DL Font="normal" Type="arabic"><DT>lfd. Nr. 1</DT><DD Font="normal"><LA Size="normal">der Ausbildungsbetrieb, betriebliche Zusammenhänge und Beziehungen,</LA></DD> <DT>lfd. Nr. 2</DT><DD Font="normal"><LA Size="normal">Techniken und Organisation der betrieblichen Arbeit und Produktion</LA></DD> </DL></LA></DD></DL></LA></DD></DL></LA></DD></DL></LA><LA Size="normal">weiter zu vermitteln und zu vertiefen.</LA></DD>   <DT>2)</DT><DD Font="normal"><LA Size="normal">In einem Zeitrahmen von insgesamt 5 bis 7 Monaten sind schwerpunktmäßig die Fertigkeiten und Kenntnisse gemäß Anlage I Abschnitt II der Berufsbildposition<DL Font="normal" Type="arabic"><DT/><DD Font="normal"><LA Size="normal"><DL Font="normal" Type="arabic"><DT/><DD Font="normal"><LA Size="normal"><DL Font="normal" Type="arabic"><DT/><DD Font="normal"><LA Size="normal"><DL Font="normal" Type="arabic"><DT>lfd. Nr. 4</DT><DD Font="normal"><LA Size="normal">Kellerwirtschaft</LA></DD> </DL></LA></DD></DL></LA></DD></DL></LA></DD></DL></LA><LA Size="normal">im Zusammenhang mit den Berufsbildpositionen<DL Font="normal" Type="arabic"><DT/><DD Font="normal"><LA Size="normal"><DL Font="normal" Type="arabic"><DT/><DD Font="normal"><LA Size="normal"><DL Font="normal" Type="arabic"><DT/><DD Font="normal"><LA Size="normal"><DL Font="normal" Type="arabic"><DT>lfd. Nr. 1</DT><DD Font="normal"><LA Size="normal">der Ausbildungsbetrieb, betriebliche Zusammenhänge und Beziehungen,</LA></DD> <DT>lfd. Nr. 2</DT><DD Font="normal"><LA Size="normal">Techniken und Organisation der betrieblichen Arbeit und Produktion</LA></DD> </DL></LA></DD></DL></LA></DD></DL></LA></DD></DL></LA><LA Size="normal">weiter zu vermitteln und zu vertiefen.</LA></DD>   <DT>3)</DT><DD Font="normal"><LA Size="normal">In einem Zeitrahmen von insgesamt 3 bis 4 Monaten sind schwerpunktmäßig die Fertigkeiten und Kenntnisse gemäß Anlage I Abschnitt II der Berufsbildposition<DL Font="normal" Type="arabic"><DT/><DD Font="normal"><LA Size="normal"><DL Font="normal" Type="arabic"><DT/><DD Font="normal"><LA Size="normal"><DL Font="normal" Type="arabic"><DT/><DD Font="normal"><LA Size="normal"><DL Font="normal" Type="arabic"><DT>lfd. Nr. 5</DT><DD Font="normal"><LA Size="normal">Vermarkten betrieblicher Erzeugnisse</LA></DD> </DL></LA></DD></DL></LA></DD></DL></LA></DD></DL></LA><LA Size="normal">im Zusammenhang mit den Berufsbildpositionen<DL Font="normal" Type="arabic"><DT/><DD Font="normal"><LA Size="normal"><DL Font="normal" Type="arabic"><DT/><DD Font="normal"><LA Size="normal"><DL Font="normal" Type="arabic"><DT/><DD Font="normal"><LA Size="normal"><DL Font="normal" Type="arabic"><DT>lfd. Nr. 2.4</DT><DD Font="normal"><LA Size="normal">Erstellen von Kalkulationen und Abwickeln von Geschäftsvorgängen,</LA></DD> <DT>lfd. Nr. 3</DT><DD Font="normal"><LA Size="normal">Traubenerzeugung,</LA></DD> <DT>lfd. Nr. 4</DT><DD Font="normal"><LA Size="normal">Kellerwirtschaft</LA></DD> </DL></LA></DD></DL></LA></DD></DL></LA></DD></DL></LA><LA Size="normal">weiter zu vermitteln und zu vertiefen.</LA></DD>   </DL></P></Content></text></textdaten></norm>
</dokumente>