<?xml version="1.0" encoding="UTF-8" ?><!DOCTYPE dokumente SYSTEM "http://www.gesetze-im-internet.de/dtd/1.01/gii-norm.dtd">
<dokumente builddate="20250331224020" doknr="BJNR196400020"><norm builddate="20250331224020" doknr="BJNR196400020"><metadaten><jurabk>WDOBezV 2020</jurabk><amtabk>WDOBezV</amtabk><ausfertigung-datum manuell="ja">2020-08-17</ausfertigung-datum><fundstelle typ="amtlich"><periodikum>BGBl I</periodikum><zitstelle>2020, 1964</zitstelle></fundstelle><kurzue>WDO-Bezügeverordnung</kurzue><langue>Verordnung zur Bestimmung der Bezüge im Sinne der Wehrdisziplinarordnung</langue><standangabe checked="ja"><standtyp>Stand</standtyp><standkommentar>Geändert durch Art. 4 Abs. 2 G v. 17.12.2024 I Nr. 424</standkommentar></standangabe><standangabe checked="ja"><standtyp>Sonst</standtyp><standkommentar>Ersetzt V 52-5-4 v. 7.2.2016 I 178 (WDOBezV 2016)</standkommentar></standangabe></metadaten><textdaten><fussnoten><Content><P><BR/> <pre xml:space="preserve">(+++ Textnachweis ab: 1.9.2020 +++)<BR/><BR/></pre></P></Content></fussnoten></textdaten></norm>
<norm builddate="20250331224020" doknr="BJNR196400020BJNE000100000"><metadaten><jurabk>WDOBezV 2020</jurabk><jurabk>WDOBezV</jurabk><enbez>Eingangsformel</enbez></metadaten><textdaten><text format="XML"><Content><P>Auf Grund des § 146 der Wehrdisziplinarordnung, der durch Artikel 15 Nummer 5 des Gesetzes vom 4. August 2019 (BGBl. I S. 1147) geändert worden ist, verordnet das Bundesministerium der Verteidigung im Einvernehmen mit dem Bundesministerium des Innern, für Bau und Heimat:</P></Content></text></textdaten></norm>
<norm builddate="20250331224020" doknr="BJNR196400020BJNE000201377"><metadaten><jurabk>WDOBezV 2020</jurabk><jurabk>WDOBezV</jurabk><enbez>§ 1</enbez><titel format="XML">Dienstbezüge und Wehrsold</titel></metadaten><textdaten><text format="XML"><Content><P>(1) Dienstbezüge im Sinne der §§ 24, 61 und 130 der Wehrdisziplinarordnung sind <DL Type="arabic"><DT>1.</DT><DD Font="normal"><LA>das Grundgehalt der jeweiligen Stufe nach den §§ 20 und 27 des Bundesbesoldungsgesetzes,</LA></DD><DT>2.</DT><DD Font="normal"><LA>die Amts- und Stellenzulagen nach den Anlagen I und IX des Bundesbesoldungsgesetzes,</LA></DD><DT>3.</DT><DD Font="normal"><LA>die Ausgleichszulage nach den §§ 13 und 19b des Bundesbesoldungsgesetzes,</LA></DD><DT>4.</DT><DD Font="normal"><LA>der Auslandszuschlag nach § 53 des Bundesbesoldungsgesetzes,</LA></DD><DT>5.</DT><DD Font="normal"><LA>der Auslandsverwendungszuschlag nach § 56 des Bundesbesoldungsgesetzes sowie</LA></DD><DT>6.</DT><DD Font="normal"><LA>bei Sanitätsoffizieranwärterinnen und Sanitätsoffizieranwärtern, die unter Wegfall der Geld- und Sachbezüge zum Studium beurlaubt sind, der Grundbetrag des Ausbildungsgeldes nach § 30 Absatz 2 des Soldatengesetzes.</LA></DD></DL></P><P>(2) Dienstbezüge im Sinne des § 24 der Wehrdisziplinarordnung sind <DL Type="arabic"><DT>1.</DT><DD Font="normal"><LA>für Reservistendienst Leistende <DL Type="alpha"><DT>a)</DT><DD Font="normal"><LA>die Prämie nach § 11 des Unterhaltssicherungsgesetzes,</LA></DD><DT>b)</DT><DD Font="normal"><LA>der Zuschlag für längeren Dienst nach § 12 des Unterhaltssicherungsgesetzes,</LA></DD><DT>c)</DT><DD Font="normal"><LA>der Zuschlag für die Verpflichtung zu längerem Dienst nach § 13 des Unterhaltssicherungsgesetzes,</LA></DD><DT>d)</DT><DD Font="normal"><LA>das Dienstgeld nach § 14 des Unterhaltssicherungsgesetzes,</LA></DD><DT>e)</DT><DD Font="normal"><LA>der Zuschlag für herausgehobene Funktionen nach § 15 des Unterhaltssicherungsgesetzes,</LA></DD><DT>f)</DT><DD Font="normal"><LA>der Auslandsverwendungszuschlag nach § 18 des Unterhaltssicherungsgesetzes und</LA></DD><DT>g)</DT><DD Font="normal"><LA>der Auslandszuschlag nach § 19 des Unterhaltssicherungsgesetzes;</LA></DD></DL></LA></DD><DT>2.</DT><DD Font="normal"><LA>für Soldatinnen und Soldaten, die Grundwehrdienst (§ 5 des Wehrpflichtgesetzes), freiwilligen zusätzlichen Wehrdienst im Anschluss an den Grundwehrdienst (§ 6b des Wehrpflichtgesetzes) oder unbefristeten Wehrdienst im Spannungs- und Verteidigungsfall leisten, <DL Type="alpha"><DT>a)</DT><DD Font="normal"><LA>die Prämie nach § 11 des Unterhaltssicherungsgesetzes,</LA></DD><DT>b)</DT><DD Font="normal"><LA>der Auslandsverwendungszuschlag nach § 18 des Unterhaltssicherungsgesetzes und</LA></DD><DT>c)</DT><DD Font="normal"><LA>der Auslandszuschlag nach § 19 des Unterhaltssicherungsgesetzes.</LA></DD></DL></LA></DD></DL></P><P>(3) Dienstbezüge im Sinne der §§ 63 bis 65 der Wehrdisziplinarordnung sind alle auf Grund des Soldatenverhältnisses zu gewährenden Bezüge.</P><P>(4) Wehrsold im Sinne des § 24 der Wehrdisziplinarordnung sind für freiwilligen Wehrdienst Leistende <DL Type="arabic"><DT>1.</DT><DD Font="normal"><LA>der Wehrsoldgrundbetrag nach § 4 Absatz 1 des Wehrsoldgesetzes,</LA></DD><DT>2.</DT><DD Font="normal"><LA>die Auslandsvergütung nach § 6 des Wehrsoldgesetzes,</LA></DD><DT>3.</DT><DD Font="normal"><LA>die Vergütung für herausgehobene Funktionen nach § 9 des Wehrsoldgesetzes und</LA></DD><DT>4.</DT><DD Font="normal"><LA>der Auslandsverwendungszuschlag nach § 12 des Wehrsoldgesetzes.</LA></DD></DL></P></Content></text><fussnoten/></textdaten></norm>
<norm builddate="20250331224020" doknr="BJNR196400020BJNE000300000"><metadaten><jurabk>WDOBezV 2020</jurabk><jurabk>WDOBezV</jurabk><enbez>§ 2</enbez><titel format="XML">Übergangsvorschrift</titel></metadaten><textdaten><text format="XML"><Content><P>Die WDO-Bezügeverordnung vom 7. Februar 2016 (BGBl. I S. 178) ist weiter anzuwenden, wenn vor dem 1. September 2020 <DL Type="arabic"><DT>1.</DT><DD Font="normal"><LA>ein Urteil auf Kürzung der Dienstbezüge rechtskräftig geworden ist,</LA></DD><DT>2.</DT><DD Font="normal"><LA>eine Disziplinarbuße unanfechtbar geworden ist oder</LA></DD><DT>3.</DT><DD Font="normal"><LA>ein Teil der Dienstbezüge auf Grund einer Anordnung der Einleitungsbehörde erstmals einbehalten worden ist.</LA></DD></DL></P></Content></text></textdaten></norm>
<norm builddate="20250331224020" doknr="BJNR196400020BJNE000400000"><metadaten><jurabk>WDOBezV 2020</jurabk><jurabk>WDOBezV</jurabk><enbez>§ 3</enbez><titel format="XML">Inkrafttreten, Außerkrafttreten</titel></metadaten><textdaten><text format="XML"><Content><P>Diese Verordnung tritt am Tag nach der Verkündung in Kraft. Gleichzeitig tritt die WDO-Bezügeverordnung vom 7. Februar 2016 (BGBl. I S. 178) außer Kraft.</P></Content></text></textdaten></norm>
</dokumente>