<?xml version="1.0" encoding="UTF-8" ?><!DOCTYPE dokumente SYSTEM "http://www.gesetze-im-internet.de/dtd/1.01/gii-norm.dtd">
<dokumente builddate="20130405125032" doknr="BJNR006020973"><norm builddate="20130405125032" doknr="BJNR006020973"><metadaten><jurabk>Münz2DMBek 1973</jurabk><ausfertigung-datum manuell="ja">1973-06-15</ausfertigung-datum><fundstelle typ="amtlich"><periodikum>BGBl I</periodikum><zitstelle>1973, 602</zitstelle></fundstelle><langue>Bekanntmachung über die Ausprägung von Bundesmünzen im Nennwert von 2
Deutschen Mark</langue></metadaten><textdaten><text format="XML"><Content><P/></Content></text></textdaten></norm>
<norm builddate="20130405125032" doknr="BJNR006020973BJNE000100307"><metadaten><jurabk>Münz2DMBek 1973</jurabk><enbez>(XXXX)</enbez></metadaten><textdaten><text format="XML"><Content><P>(1) Auf Grund des Gesetzes über die Ausprägung von Scheidemünzen vom 8. Juli 1950 (Bundesgesetzbl. S. 323) gibt der Bund nachfolgend beschriebene, für den Zahlungsverkehr bestimmte Bundesmünze im Nennwert von 2 Deutschen Mark heraus. Die Münze wird in hoher Auflage geprägt und soll - ebenso wie die Adenauer-Münze - die Max-Planck-Münze zu 2 Deutsche Mark ersetzen, die in Kürze außer Kurs gesetzt wird. Mit der Ausgabe der neuen Münze wird am 1. Juli 1973 begonnen.</P><P>(2) Die Bildseite der Münze zeigt das Kopfbild des ersten Bundespräsidenten Professor Dr. Theodor Heuss im Profil mit der Umschrift: <DL Font="normal" Type="arabic"><DT/><DD Font="normal"><LA Size="normal">BUNDESREPUBLIK DEUTSCHLAND . 1949-1969.</LA></DD></DL></P><P>(3) Die Wertseite der Münze zeigt in der Mitte den Bundesadler. Das Adlerbild ist von der Umschrift: <DL Font="normal" Type="arabic"><DT/><DD Font="normal"><LA Size="normal">BUNDESREPUBLIK DEUTSCHLAND</LA><LA Size="normal">2 DEUTSCH MARK</LA></DD></DL>umschlossen. Dabei steht die Wertziffer 2 in der Mitte unter dem Adler. Oberhalb des Adlerkopfes ist die jeweilige Jahreszahl, beginnend mit 1970, unterhalb der rechten Kralle eines der Münzzeichen (D, F, G oder J) angebracht.</P><P>(4) Die Prägung auf beiden Seiten der Münze ist erhaben und wird von einem schützenden glatten Randstab umgeben.</P><P>(5) Der glatte Münzrand ist mit der vertieften Inschrift: <DL Font="normal" Type="arabic"><DT/><DD Font="normal"><LA Size="normal">EINIGKEIT UND RECHT UND FREIHEIT</LA></DD></DL>versehen. Zwischen jedem der Worte ist ein Ornament, am Schluß der Inschrift sind zwei Ornamente angebracht.</P><P>(6) Die Münze hat ein Gewicht von 7 Gramm und einen Durchmesser von 26,75 Millimeter und entspricht somit in Gewicht und Abmessungen der Max-Planck- und der Adenauer-Münze. Sie besteht überwiegend aus einer Kupfer-Nickel-Legierung (75 Prozent Kupfer und 25 Prozent Nickel) und hat einen Reinnickelkern.</P><P>(7) Der Entwurf der Münze stammt von dem Bildhauer Karl-Ulrich Nuss, 7051 Strümpfelbach.</P><P>(8) Dies wird namens der Bundesregierung bekanntgemacht.</P></Content></text></textdaten></norm>
<norm builddate="20130405125032" doknr="BJNR006020973BJNE000200307"><metadaten><jurabk>Münz2DMBek 1973</jurabk><enbez>Schlußformel</enbez></metadaten><textdaten><text format="XML"><Content><P><SP>Der Bundesminister der Finanzen</SP></P></Content></text></textdaten></norm>
<norm builddate="20130405125032" doknr="BJNR006020973BJNE000300307"><metadaten><jurabk>Münz2DMBek 1973</jurabk><enbez>(XXXX)</enbez><titel format="parat">Abbildung der Münze</titel></metadaten><textdaten><text format="XML"><Content><P><ABWFORMAT typ="E"/>(Inhalt: nicht darstellbare Abbildung) <BR/><kommentar typ="Fundstelle">Fundstelle: BGBl I 1973, 602</kommentar></P></Content></text></textdaten></norm>
</dokumente>