<?xml version="1.0" encoding="UTF-8" ?><!DOCTYPE dokumente SYSTEM "http://www.gesetze-im-internet.de/dtd/1.01/gii-norm.dtd">
<dokumente builddate="20240424214522" doknr="BJNR508810994"><norm builddate="20240424214522" doknr="BJNR508810994"><metadaten><jurabk>LuftVODV 144</jurabk><ausfertigung-datum manuell="ja">1994-04-12</ausfertigung-datum><fundstelle typ="amtlich"><periodikum>BAnz</periodikum><zitstelle>1994, Nr 88, 4969</zitstelle></fundstelle><fundstelle typ="amtlich"><periodikum>BAnz</periodikum><zitstelle>1994, 4969</zitstelle></fundstelle><langue>Einhundertvierundvierzigste Durchführungsverordnung zur Luftverkehrs-Ordnung (Anwendung von Sekundärradar in der Bundesrepublik Deutschland)</langue></metadaten><textdaten><text format="decorated"/><fussnoten><Content><P>Nur mit Überschrift aufgenommen</P></Content></fussnoten></textdaten></norm>
</dokumente>