<?xml version="1.0" encoding="UTF-8" ?><!DOCTYPE dokumente SYSTEM "http://www.gesetze-im-internet.de/dtd/1.01/gii-norm.dtd">
<dokumente builddate="20170207214517" doknr="BJNR200670975"><norm builddate="20170207214517" doknr="BJNR200670975"><metadaten><jurabk>IntSchVermÜbk</jurabk><ausfertigung-datum manuell="ja">1969-06-23</ausfertigung-datum><fundstelle typ="amtlich"><periodikum>BGBl II</periodikum><zitstelle>1975, 67</zitstelle></fundstelle><langue>Internationales Schiffsvermessungs-Übereinkommen von 1969</langue></metadaten><textdaten><text format="decorated"/><fussnoten><Content><P>G v. 22.1.1975 II 65 <BR/>Inkraft gem. Bek. v. 9.10.1981 II 954 mWv 18.7.1982 <BR/>Geändert durch V v. 27.1.2017 II 50</P></Content></fussnoten></textdaten></norm>
</dokumente>