<?xml version="1.0" encoding="UTF-8" ?><!DOCTYPE dokumente SYSTEM "http://www.gesetze-im-internet.de/dtd/1.01/gii-norm.dtd">
<dokumente builddate="20130405125937" doknr="BJNR019240989"><norm builddate="20130405125937" doknr="BJNR019240989"><metadaten><jurabk>AUG§1Abs2Bek 7</jurabk><ausfertigung-datum manuell="ja">1989-10-17</ausfertigung-datum><fundstelle typ="amtlich"><periodikum>BGBl I</periodikum><zitstelle>1989, 1924</zitstelle></fundstelle><langue>Siebente Bekanntmachung über die Feststellung der Gegenseitigkeit gemäß §
1 Abs. 2 des Auslandsunterhaltsgesetzes</langue></metadaten><textdaten><text format="XML"><Content><P/></Content></text><fussnoten><Content><P>(+++ Textnachweis ab: 31.10.1989 +++)</P></Content></fussnoten></textdaten></norm>
<norm builddate="20130405125937" doknr="BJNR019240989BJNE000100308"><metadaten><jurabk>AUG§1Abs2Bek 7</jurabk><enbez>(XXXX)</enbez></metadaten><textdaten><text format="XML"><Content><P>Auf Grund des § 1 Abs. 2 des Auslandsunterhaltsgesetzes vom 19. Dezember 1986 (BGBl. I S. 2563) wird bekanntgemacht, daß die Gegenseitigkeit im Sinne dieses Gesetzes im Verhältnis zu folgenden Staaten verbürgt ist: <DL Font="normal" Type="arabic"><DT>1.</DT><DD Font="normal"><LA Size="normal">In den Vereinigten Staaten von Amerika:</LA><LA Size="normal">Ohio</LA><LA Size="normal">Nevada</LA></DD><DT>2.</DT><DD Font="normal"><LA Size="normal">In Kanada:</LA><LA Size="normal">Ontario</LA></DD></DL>Diese Bekanntmachung ergeht im Anschluß an die Bekanntmachung vom 24. Februar 1989 (BGBl. I S. 372).<BR/><BR/><SP>Der Bundesminister der Justiz</SP></P></Content></text></textdaten></norm>
</dokumente>