<?xml version="1.0" encoding="UTF-8" ?><!DOCTYPE dokumente SYSTEM "http://www.gesetze-im-internet.de/dtd/1.01/gii-norm.dtd">
<dokumente builddate="20241031213656" doknr="BJNR1280D0024"><norm builddate="20241031213656" doknr="BJNR1280D0024"><metadaten><jurabk>ITBFPrV</jurabk><amtabk>ITBFPrV</amtabk><ausfertigung-datum manuell="ja">2024-09-24</ausfertigung-datum><fundstelle typ="amtlich"><periodikum>BGBl. I</periodikum><zitstelle>2024, Nr. 296, 18</zitstelle></fundstelle><kurzue>IT-Beratung-Fortbildungsprüfungsverordnung</kurzue><langue>Verordnung über die Prüfung zum anerkannten Fortbildungsabschluss mit der Bezeichnung Geprüfter Berufsspezialist für IT-Beratung oder Geprüfte Berufsspezialistin für IT-Beratung</langue></metadaten><textdaten><fussnoten><Content><P><BR/> <pre xml:space="preserve">(+++ Textnachweis ab: 1.11.2024 +++)<BR/><BR/></pre>Die V wurde als Artikel 3 der V v. 24.9.2024 I Nr. 296 vom Bundesministerium für Bildung und Forschung im Einvernehmen mit dem Bundesministerium für Wirtschaft und Klimaschutz nach Anhörung des Hauptausschusses des Bundesinstituts für Berufsbildung erlassen. Sie tritt gem. Art. 6 dieser V am 1.11.2024 in Kraft.</P></Content></fussnoten></textdaten></norm>
<norm builddate="20241031213656" doknr="BJNR1280D0024BJNE000100000"><metadaten><jurabk>ITBFPrV</jurabk><enbez>§ 1</enbez><titel format="XML">Ziel der Prüfung und Bezeichnung des Fortbildungsabschlusses</titel></metadaten><textdaten><text format="XML"><Content><P>(1) Mit der erfolgreich abgelegten Prüfung nach dieser Verordnung wird die auf einen beruflichen Aufstieg abzielende Ergänzung der beruflichen Handlungsfähigkeit auf der ersten beruflichen Fortbildungsstufe der höherqualifizierenden Berufsbildung nachgewiesen.</P><P>(2) Die Prüfung wird von der nach dem Berufsbildungsgesetz zuständigen Stelle durchgeführt.</P><P>(3) Durch die Prüfung ist festzustellen, ob die zu prüfende Person nach § 53b Absatz 2 Satz 1 des Berufsbildungsgesetzes die erforderlichen Fertigkeiten, Kenntnisse und Fähigkeiten, die sie in der Regel im Rahmen der Berufsausbildung erworben hat, vertieft hat und die in der Regel im Rahmen der Berufsausbildung erworbene berufliche Handlungsfähigkeit um neue Fertigkeiten, Kenntnisse und Fähigkeiten ergänzt hat. Insbesondere ist festzustellen, ob die zu prüfende Person in der Lage ist, eigenständig und verantwortlich Auftraggebende bei der Entwicklung von individuellen Kundenlösungen zu beraten, deren Umsetzung zu begleiten, kaufmännische und technische Anforderungen aufeinander abzustimmen, aktiv die Geschäftsbeziehungen zu Kunden zu pflegen und den laufenden Betrieb zu begleiten sowie dabei die Dimensionen des nachhaltigen Wirtschaftens und auch deren ethische Aspekte zu berücksichtigen. Im Einzelnen umfasst dies insbesondere folgende Tätigkeiten: <DL Type="arabic"><DT>1.</DT><DD Font="normal"><LA>Durchführen und Auswerten von Markt- und Machbarkeitsanalysen,</LA></DD><DT>2.</DT><DD Font="normal"><LA>Gewinnen und Beraten von Kunden auf der Basis von Marktanalysen,</LA></DD><DT>3.</DT><DD Font="normal"><LA>Analysieren von Geschäftsprozessen, Formulieren von Anforderungen an IT-Infrastrukturen sowie Entwickeln und Dokumentieren von Leistungsbeschreibungen aus den formulierten Anforderungen,</LA></DD><DT>4.</DT><DD Font="normal"><LA>Unterstützen des Anforderungsmanagements, Entwickeln von Angeboten und Abschließen von Verträgen,</LA></DD><DT>5.</DT><DD Font="normal"><LA>Initiieren von Kundenprojekten und Begleiten des Projektverlaufs,</LA></DD><DT>6.</DT><DD Font="normal"><LA>Beraten und Unterstützen von Kunden im laufenden Betrieb sowie Sicherstellen der Erbringung vereinbarter Leistungen,</LA></DD><DT>7.</DT><DD Font="normal"><LA>Erstellen und Umsetzen von Schulungskonzepten,</LA></DD><DT>8.</DT><DD Font="normal"><LA>Gestalten von Kunden- und Lieferantenbeziehungen im Rahmen des Stakeholdermanagements sowie Sicherstellen langfristiger Kundenbeziehungen und</LA></DD><DT>9.</DT><DD Font="normal"><LA>Unterstützen der Projektleitung bei der Vorbereitung, der Planung, der Durchführung und dem Abschluss von Projekten.</LA></DD></DL></P><P>(4) Für den Erwerb der in Absatz 3 bezeichneten Fertigkeiten, Kenntnisse und Fähigkeiten bedarf es in der Regel eines Lernumfangs von insgesamt mindestens 400 Stunden. Der Lerninhalt bestimmt sich nach den Anforderungen des in § 3 in Verbindung mit § 4 genannten Prüfungsbereichs.</P><P>(5) Die erfolgreich abgelegte Prüfung führt zum anerkannten Fortbildungsabschluss mit der Bezeichnung „Geprüfter Berufsspezialist für IT-Beratung“ oder „Geprüfte Berufsspezialistin für IT-Beratung“.</P></Content></text></textdaten></norm>
<norm builddate="20241031213656" doknr="BJNR1280D0024BJNE000200000"><metadaten><jurabk>ITBFPrV</jurabk><enbez>§ 2</enbez><titel format="XML">Zulassungsvoraussetzungen</titel></metadaten><textdaten><text format="XML"><Content><P>(1) Zur Prüfung ist zuzulassen, wer die Anforderungen des § 53b des Berufsbildungsgesetzes erfüllt und Folgendes nachweist: <DL Type="arabic"><DT>1.</DT><DD Font="normal"><LA>eine erfolgreich abgelegte Abschluss- oder Gesellenprüfung in einem anerkannten Ausbildungsberuf im Bereich der Informations- und Kommunikationstechnologie,</LA></DD><DT>2.</DT><DD Font="normal"><LA>eine erfolgreich abgelegte Abschluss- oder Gesellenprüfung in einem anderen anerkannten Ausbildungsberuf und eine auf die Berufsausbildung folgende, mindestens einjährige Berufspraxis,</LA></DD><DT>3.</DT><DD Font="normal"><LA>den Erwerb von mindestens 60 Leistungspunkten nach dem Europäischen System zur Übertragung und Akkumulierung von Studienleistungen in einem Studium und eine mindestens zweijährige Berufspraxis oder</LA></DD><DT>4.</DT><DD Font="normal"><LA>eine mindestens vierjährige Berufspraxis.</LA></DD></DL></P><P>(2) Die Berufspraxis nach Absatz 1 Nummer 2 bis 4 muss wesentliche inhaltliche Bezüge zu den in § 1 Absatz 3 genannten Tätigkeiten aufweisen. Die Dauer und der Inhalt der Berufspraxis sind in geeigneter Weise nachzuweisen.</P><P>(3) Abweichend von Absatz 1 ist zur Prüfung auch zuzulassen, wer durch Vorlage von Zeugnissen oder auf andere Weise glaubhaft macht, eine berufliche Handlungsfähigkeit erworben zu haben, die mit den Zulassungsvoraussetzungen nach Absatz 1 vergleichbar ist.</P></Content></text></textdaten></norm>
<norm builddate="20241031213656" doknr="BJNR1280D0024BJNE000300000"><metadaten><jurabk>ITBFPrV</jurabk><enbez>§ 3</enbez><titel format="XML">Inhalt der Prüfung</titel></metadaten><textdaten><text format="XML"><Content><P>Die Prüfung findet im Prüfungsbereich „Beratung und Unterstützung bei der Umsetzung individueller <NB>IT-Kundenlösungen“</NB> nach § 4 statt.</P></Content></text></textdaten></norm>
<norm builddate="20241031213656" doknr="BJNR1280D0024BJNE000400000"><metadaten><jurabk>ITBFPrV</jurabk><enbez>§ 4</enbez><titel format="XML">Prüfungsbereich „Beratung und Unterstützung bei der Umsetzung individueller IT-Kundenlösungen“</titel></metadaten><textdaten><text format="XML"><Content><P>Im Prüfungsbereich „Beratung und Unterstützung bei der Umsetzung individueller IT-Kundenlösungen“ hat die zu prüfende Person nachzuweisen, dass sie in der Lage ist, bei der Umsetzung individueller IT-Kundenlösungen zu beraten und zu unterstützen. Dabei hat sie nachzuweisen, dass sie Kunden sowie Geschäftspartner beraten und im laufenden Betrieb fachlich betreuen, Kundenbeziehungen gestalten sowie Kunden und Geschäftspartner bei Angebots- und Vertragsgestaltung beratend unterstützen kann. In diesem Rahmen wird aus den Inhalten der folgenden Qualifikationsschwerpunkte geprüft: <DL Type="arabic"><DT>1.</DT><DD Font="normal"><LA>Qualifikationsschwerpunkt „Kundenmanagement gestalten, Kunden gewinnen, beraten und betreuen“: <DL Type="alpha"><DT>a)</DT><DD Font="normal"><LA>Durchführen und Bewerten von Markt- und Machbarkeitsanalysen sowie Ableiten von Vertriebs- und Beratungsstrategien aus der Bewertung der Analysen,</LA></DD><DT>b)</DT><DD Font="normal"><LA>Gestalten von Prozessen für den Aufbau von Kundenbeziehungen sowie Sicherstellen einer nachhaltigen Kundenbindung,</LA></DD><DT>c)</DT><DD Font="normal"><LA>Analysieren von Kundenbeziehungen, Berücksichtigen von Rückmeldungen der Kunden und Reflektieren des eigenen Verhaltens vor diesem Hintergrund sowie</LA></DD><DT>d)</DT><DD Font="normal"><LA>Identifizieren von Optimierungspotenzial des Kundenmanagements und Umsetzen von Optimierungsmaßnahmen,</LA></DD></DL></LA></DD><DT>2.</DT><DD Font="normal"><LA>Qualifikationsschwerpunkt „Stakeholdermanagement durchführen“: <DL Type="alpha"><DT>a)</DT><DD Font="normal"><LA>Identifizieren und Analysieren von Interessengruppen,</LA></DD><DT>b)</DT><DD Font="normal"><LA>Reflektieren der Verhaltensweisen interner und externer Interessengruppen sowie der eigenen Verhaltensweise in Bezug auf eine erfolgreiche Geschäftsbeziehung,</LA></DD><DT>c)</DT><DD Font="normal"><LA>Gestalten zielgruppenspezifischer Kommunikationsstrategien sowie</LA></DD><DT>d)</DT><DD Font="normal"><LA>Nutzen betrieblicher Organisations- und Kommunikationswege zum Gestalten von Informationsflüssen zwischen Geschäftspartnern und zum Optimieren von Geschäftsbeziehungen,</LA></DD></DL></LA></DD><DT>3.</DT><DD Font="normal"><LA>Qualifikationsschwerpunkt „Angebots- und Vertragsmanagement durchführen“: <DL Type="alpha"><DT>a)</DT><DD Font="normal"><LA>Analysieren von Geschäftsprozessen und Kundenbedarfen sowie von gesellschaftlichen, organisatorischen und betrieblichen Rahmenbedingungen der Stakeholder,</LA></DD><DT>b)</DT><DD Font="normal"><LA>Entwickeln und Präsentieren kundenspezifischer Angebote,</LA></DD><DT>c)</DT><DD Font="normal"><LA>fachliches Begleiten der Ausgestaltung von Angeboten und Verträgen sowie</LA></DD><DT>d)</DT><DD Font="normal"><LA>Koordinieren, Sicherstellen und Abnehmen der Leistungserbringung sowie Etablieren eines Reklamationsmanagements,</LA></DD></DL></LA></DD><DT>4.</DT><DD Font="normal"><LA>Qualifikationsschwerpunkt „Im laufenden Betrieb beraten und unterstützen“: <DL Type="alpha"><DT>a)</DT><DD Font="normal"><LA>Erkennen des Optimierungspotenzials in Betriebsabläufen und Entwickeln und Umsetzen von Handlungsempfehlungen aus dem erkannten Optimierungspotenzial,</LA></DD><DT>b)</DT><DD Font="normal"><LA>Planen, Organisieren und Durchführen zielgruppenspezifischer Schulungen sowie</LA></DD><DT>c)</DT><DD Font="normal"><LA>Festlegen von Qualitätsmerkmalen des Beratungsprozesses und Sicherstellen der Qualität des Beratungsprozesses,</LA></DD></DL></LA></DD><DT>5.</DT><DD Font="normal"><LA>Qualifikationsschwerpunkt „Organisatorische und rechtliche Vorgaben“: <DL Type="alpha"><DT>a)</DT><DD Font="normal"><LA>Ermitteln von Anforderungen an Datensicherheitskonzepte,</LA></DD><DT>b)</DT><DD Font="normal"><LA>Mitwirken bei der Entwicklung von Datensicherheitskonzepten,</LA></DD><DT>c)</DT><DD Font="normal"><LA>Berücksichtigen und Umsetzen von Datensicherheitskonzepten,</LA></DD><DT>d)</DT><DD Font="normal"><LA>Identifizieren und Bewerten von Risiken sowie Einleiten von Maßnahmen zur Minimierung von Risiken sowie</LA></DD><DT>e)</DT><DD Font="normal"><LA>Sicherstellen der Einhaltung organisatorischer und rechtlicher Vorgaben sowie</LA></DD></DL></LA></DD><DT>6.</DT><DD Font="normal"><LA>Qualifikationsschwerpunkt „Projektunterstützung und -koordination“: <DL Type="alpha"><DT>a)</DT><DD Font="normal"><LA>Unterstützen der Projektleitung durch Übernehmen und Umsetzen von Teilprojekten,</LA></DD><DT>b)</DT><DD Font="normal"><LA>organisatorisches Begleiten von Projekten, insbesondere Erstellen von Projektplänen und Planen des Mitarbeitendeneinsatzes,</LA></DD><DT>c)</DT><DD Font="normal"><LA>Mitwirken bei der Aufwandsanalyse und -kalkulation von Projekten,</LA></DD><DT>d)</DT><DD Font="normal"><LA>projektbegleitendes Beraten von Kunden sowie Unterstützen und Beraten von Kunden in der Roll-out-Phase,</LA></DD><DT>e)</DT><DD Font="normal"><LA>Mitwirken beim Projektcontrolling, bei der Nachverfolgung von Aufgaben und beim Aufbereiten von Statusberichten sowie</LA></DD><DT>f)</DT><DD Font="normal"><LA>Planen und Umsetzen von projektbezogenen Schulungs- und Trainingsmaßnahmen.</LA></DD></DL></LA></DD></DL></P></Content></text></textdaten></norm>
<norm builddate="20241031213656" doknr="BJNR1280D0024BJNE000500000"><metadaten><jurabk>ITBFPrV</jurabk><enbez>§ 5</enbez><titel format="XML">Form und Ablauf der Prüfung</titel></metadaten><textdaten><text format="XML"><Content><P>(1) Die Prüfung gliedert sich in <DL Type="arabic"><DT>1.</DT><DD Font="normal"><LA>eine schriftliche Prüfung nach § 6 und</LA></DD><DT>2.</DT><DD Font="normal"><LA>eine mündliche Prüfung nach § 7.</LA></DD></DL></P><P>(2) Die Prüfung beginnt mit dem Ablegen der schriftlichen Prüfung nach Absatz 1 Nummer 1. Das Prüfungsverfahren ist innerhalb von zwei Jahren, beginnend mit dem ersten Tag der Prüfung der zuerst abzulegenden Prüfungsleistung, abzuschließen. Bei Überschreiten der Frist gelten die erbrachten Prüfungsleistungen als mit null Punkten bewertet.</P><P>(3) Absatz 2 Satz 3 ist nicht anzuwenden, wenn die Nichteinhaltung der Frist durch die nach dem Berufsbildungsgesetz zuständige Stelle zu vertreten ist.</P></Content></text></textdaten></norm>
<norm builddate="20241031213656" doknr="BJNR1280D0024BJNE000600000"><metadaten><jurabk>ITBFPrV</jurabk><enbez>§ 6</enbez><titel format="XML">Schriftliche Prüfung</titel></metadaten><textdaten><text format="XML"><Content><P>(1) Die schriftliche Prüfung wird auf der Grundlage der Beschreibung einer betrieblichen Situation, aus der die Aufgabenstellungen abzuleiten sind, durchgeführt. Die Aufgabenstellungen sind so zu gestalten, dass alle Qualifikationsschwerpunkte des Prüfungsbereichs nach § 4 Satz 3 situationsbezogen thematisiert werden. Die Aufgabenstellungen müssen der zu prüfenden Person eigenständig entwickelte Lösungen ermöglichen.</P><P>(2) Die schriftliche Prüfung besteht aus zwei Prüfungsleistungen in Form von zwei schriftlich unter Aufsicht zu bearbeitenden Aufgaben.</P><P>(3) Die Bearbeitungszeit beträgt für jede Aufgabe mindestens 90 Minuten. Insgesamt soll die Bearbeitungszeit nicht mehr als 240 Minuten betragen.</P><P>(4) Wurden in einer der beiden schriftlichen Prüfungsleistungen nach Absatz 2 weniger als 50 Punkte erreicht, so ist für diese Prüfungsleistung eine mündliche Ergänzungsprüfung anzubieten. Wurden beide schriftlichen Prüfungsleistungen mit weniger als 50 Punkten bewertet oder wurde eine schriftliche Prüfungsleistung mit weniger als 30 Punkten bewertet, so ist eine mündliche Ergänzungsprüfung ausgeschlossen. Die mündliche Ergänzungsprüfung soll höchstens 20 Minuten dauern. Aus der Bewertung der Prüfungsleistung in der mündlichen Ergänzungsprüfung und der Bewertung der schriftlichen Prüfungsleistung, für die die mündliche Ergänzungsprüfung vorgenommen wurde, wird das gewichtete arithmetische Mittel berechnet. Dabei wird die Bewertung der schriftlichen Prüfungsleistung doppelt gewichtet.</P></Content></text></textdaten></norm>
<norm builddate="20241031213656" doknr="BJNR1280D0024BJNE000700000"><metadaten><jurabk>ITBFPrV</jurabk><enbez>§ 7</enbez><titel format="XML">Mündliche Prüfung</titel></metadaten><textdaten><text format="XML"><Content><P>(1) Die mündliche Prüfung besteht aus zwei Prüfungsleistungen in Form einer Präsentation und eines sich unmittelbar anschließenden Fachgesprächs.</P><P>(2) In der Präsentation hat die zu prüfende Person nachzuweisen, dass sie in der Lage ist, Kunden und Geschäftspartner zu beraten, im laufenden Betrieb fachlich zu betreuen, Kundenbeziehungen zu gestalten sowie Kunden und Geschäftspartner bei Angebots- und Vertragsgestaltung beratend zu unterstützen. Die zu prüfende Person wählt selbständig ein Thema für die Präsentation und reicht eine Beschreibung des Themas spätestens bis zum Termin der schriftlichen Prüfung bei der nach dem Berufsbildungsgesetz zuständigen Stelle zur Genehmigung ein. Das Thema ist so zu gestalten, dass alle Qualifikationsschwerpunkte des Prüfungsbereichs nach § 4 berücksichtigt werden. Der Prüfungsausschuss führt mit der zu prüfenden Person ein Gespräch zur Genehmigung des Themas. Entspricht das Thema den Anforderungen, hat der Prüfungsausschuss es im Gespräch zu genehmigen; andernfalls fordert er die zu prüfende Person zur erneuten Vorlage auf. Das Ergebnis des Gesprächs zur Genehmigung des Themas und die vereinbarten Inhalte der Präsentation werden formlos vom Prüfungsausschuss protokolliert. Die zu prüfende Person hat innerhalb von 30 aufeinanderfolgenden Kalendertagen, gerechnet ab dem Tag der Genehmigung des Themas, die Präsentation zu erstellen und die Präsentationsunterlagen einzureichen. Die Präsentation soll höchstens 15 Minuten dauern.</P><P>(3) Im Fachgespräch hat die zu prüfende Person nachzuweisen, dass sie in der Lage ist, ausgehend von ihrer Präsentation Fragen zu Hintergründen, zur Vorgehensweise und zu den entwickelten Vorschlägen zu beantworten. Das Fachgespräch soll höchstens 30 Minuten dauern.</P></Content></text></textdaten></norm>
<norm builddate="20241031213656" doknr="BJNR1280D0024BJNE000800000"><metadaten><jurabk>ITBFPrV</jurabk><enbez>§ 8</enbez><titel format="XML">Bewertung der Prüfungsleistungen</titel></metadaten><textdaten><text format="XML"><Content><P>(1) Jede Prüfungsleistung ist nach Maßgabe der Anlage 1 mit Punkten zu bewerten.</P><P>(2) In der schriftlichen Prüfung sind die beiden Prüfungsleistungen nach § 6 Absatz 2 jeweils einzeln zu bewerten. Sind in jeder Prüfungsleistung mindestens 50 Punkte erreicht worden, wird aus den einzelnen Bewertungen als Bewertung der schriftlichen Prüfung das arithmetische Mittel berechnet.</P><P>(3) In der mündlichen Prüfung sind als Prüfungsleistungen jeweils einzeln zu bewerten: <DL Type="arabic"><DT>1.</DT><DD Font="normal"><LA>die Präsentation nach § 7 Absatz 2 und</LA></DD><DT>2.</DT><DD Font="normal"><LA>das Fachgespräch nach § 7 Absatz 3.</LA></DD></DL>Aus den Bewertungen der Präsentation und des Fachgesprächs wird als Bewertung der mündlichen Prüfung das gewichtete arithmetische Mittel berechnet. Dabei sind die Bewertungen wie folgt zu gewichten: <DL Type="arabic"><DT>1.</DT><DD Font="normal"><LA>die Bewertung der Präsentation mit einem Drittel,</LA></DD><DT>2.</DT><DD Font="normal"><LA>die Bewertung des Fachgesprächs mit zwei Dritteln.</LA></DD></DL></P></Content></text></textdaten></norm>
<norm builddate="20241031213656" doknr="BJNR1280D0024BJNE000900000"><metadaten><jurabk>ITBFPrV</jurabk><enbez>§ 9</enbez><titel format="XML">Bestehen der Prüfung, Gesamtnote</titel></metadaten><textdaten><text format="XML"><Content><P>(1) Die Prüfung ist bestanden, wenn in allen Prüfungsleistungen ohne Rundung jeweils mindestens 50 Punkte erreicht worden sind.</P><P>(2) Ist die Prüfung bestanden, sind die folgenden Punktebewertungen jeweils kaufmännisch auf eine ganze Zahl zu runden: <DL Type="arabic"><DT>1.</DT><DD Font="normal"><LA>die Bewertung der schriftlichen Prüfung nach § 8 Absatz 2,</LA></DD><DT>2.</DT><DD Font="normal"><LA>die Bewertung der mündlichen Prüfung nach § 8 Absatz 3.</LA></DD></DL></P><P>(3) Für die Bildung einer Gesamtnote ist als Gesamtpunktzahl das arithmetische Mittel der nach Absatz 2 gerundeten Bewertungen zu berechnen. Die Gesamtpunktzahl ist kaufmännisch auf eine ganze Zahl zu runden. Der gerundeten Gesamtpunktzahl ist nach Anlage 1 die Note als Dezimalzahl und die Note in Worten zuzuordnen. Die zugeordnete Note ist die Gesamtnote.</P></Content></text></textdaten></norm>
<norm builddate="20241031213656" doknr="BJNR1280D0024BJNE001000000"><metadaten><jurabk>ITBFPrV</jurabk><enbez>§ 10</enbez><titel format="XML">Befreiung von einzelnen Prüfungsbestandteilen</titel></metadaten><textdaten><text format="XML"><Content><P>Wird die zu prüfende Person nach § 56 Absatz 2 des Berufsbildungsgesetzes von der Ablegung einzelner Prüfungsbestandteile befreit, bleiben diese Prüfungsbestandteile für die Anwendung der §§ 8 und 9 außer Betracht. Für die übrigen Prüfungsbestandteile erhöhen sich die Anteile nach § 8 Absatz 2 Satz 2 oder Absatz 3 Satz 2 oder § 9 Absatz 3 Satz 1 entsprechend ihrem Verhältnis zueinander.</P></Content></text></textdaten></norm>
<norm builddate="20241031213656" doknr="BJNR1280D0024BJNE001100000"><metadaten><jurabk>ITBFPrV</jurabk><enbez>§ 11</enbez><titel format="XML">Zeugnisse</titel></metadaten><textdaten><text format="XML"><Content><P>(1) Wer die Prüfung nach § 9 Absatz 1 bestanden hat, erhält von der nach dem Berufsbildungsgesetz zuständigen Stelle zwei Zeugnisse nach Maßgabe der Anlage 2 Teil A und B.</P><P>(2) Auf dem Zeugnis mit den Inhalten nach Anlage 2 Teil B sind die Noten als Dezimalzahlen mit einer Nachkommastelle sowie die Gesamtnote als Dezimalzahl mit einer Nachkommastelle und in Worten anzugeben. Jede Befreiung nach § 10 ist mit Ort, Datum und der Bezeichnung des Prüfungsgremiums der vergleichbaren Prüfung anzugeben.</P><P>(3) Die Zeugnisse können zusätzliche nicht amtliche Bemerkungen zur Information (Bemerkungen) enthalten, insbesondere <DL Type="arabic"><DT>1.</DT><DD Font="normal"><LA>über den erworbenen Abschluss oder</LA></DD><DT>2.</DT><DD Font="normal"><LA>auf Antrag der geprüften Person über während oder anlässlich der Fortbildung erworbene besondere oder zusätzliche Fertigkeiten, Kenntnisse und Fähigkeiten.</LA></DD></DL></P></Content></text></textdaten></norm>
<norm builddate="20241031213656" doknr="BJNR1280D0024BJNE001200000"><metadaten><jurabk>ITBFPrV</jurabk><enbez>§ 12</enbez><titel format="XML">Wiederholung von Prüfungsleistungen</titel></metadaten><textdaten><text format="XML"><Content><P>(1) Prüfungsleistungen, die mit weniger als 50 Punkten bewertet worden sind, dürfen nach Maßgabe der Absätze 2 bis 3 wiederholt werden.</P><P>(2) Jede der beiden schriftlichen Prüfungsleistungen darf höchstens zweimal wiederholt werden.</P><P>(3) Wurde in der mündlichen Prüfung mindestens eine Prüfungsleistung mit weniger als 50 Punkten bewertet, so muss die gesamte mündliche Prüfung wiederholt werden. Die mündliche Prüfung darf höchstens zweimal wiederholt werden.</P><P>(4) Die Frist zur Wiederholung von Prüfungsleistungen beträgt zwei Jahre. Sie beginnt mit dem Tag, an dem der Bescheid über das Nichtbestehen der Fortbildungsprüfung oder über das Nichtbestehen der ersten Wiederholungsprüfung der zu prüfenden Person zugeht. Die Frist nach § 5 Absatz 2 wird für die Dauer der Wiederholungsprüfung unterbrochen.</P><P>(5) Wer sich nach Ablauf der Frist nach Absatz 4 zur Wiederholung von Prüfungsleistungen anmeldet, muss die gesamte Fortbildungsprüfung wiederholen.</P></Content></text></textdaten></norm>
<norm builddate="20241031213656" doknr="BJNR1280D0024BJNE001300000"><metadaten><jurabk>ITBFPrV</jurabk><enbez>Anlage 1</enbez><titel format="XML">(zu den §§ 8 und 9)<BR/>Bewertungsmaßstab und -schlüssel</titel></metadaten><textdaten><text format="XML"><Content><P><noindex><kommentar typ="Fundstelle">(Fundstelle: BGBl. 2024 I Nr. 296, S. 23 - 24)</kommentar></noindex></P><P><table colsep="1" frame="all" pgwide="1" rowsep="1" tocentry="%yes;"><tgroup align="left" char="" charoff="50" cols="4"><colspec align="center" colname="c1" colwidth="30*"/><colspec align="center" colname="c2" colwidth="30*"/><colspec align="center" colname="c3" colwidth="30*"/><colspec align="center" colname="c4" colwidth="55*"/><thead valign="bottom"><row><entry VJ="1" colname="c1">Punkte</entry><entry VJ="1" colname="c2">Note als Dezimalzahl</entry><entry VJ="1" colname="c3">Note in Worten</entry><entry VJ="1" colname="c4">Definition</entry></row></thead><tbody valign="top"><row><entry VJ="1">100</entry><entry VJ="1">1,0</entry><entry VJ="1" morerows="4" valign="middle">sehr gut</entry><entry VJ="1" align="left" morerows="4" valign="middle">eine Leistung, die den Anforderungen in besonderem Maß entspricht</entry></row><row><entry VJ="1">98 und 99</entry><entry VJ="1">1,1</entry></row><row><entry VJ="1">96 und 97</entry><entry VJ="1">1,2</entry></row><row><entry VJ="1">94 und 95</entry><entry VJ="1">1,3</entry></row><row><entry VJ="1">92 und 93</entry><entry VJ="1">1,4</entry></row><row><entry VJ="1">91</entry><entry VJ="1">1,5</entry><entry VJ="1" morerows="9" valign="middle">gut</entry><entry VJ="1" align="left" morerows="9" valign="middle">eine Leistung, die den Anforderungen voll entspricht</entry></row><row><entry VJ="1">90</entry><entry VJ="1">1,6</entry></row><row><entry VJ="1">89</entry><entry VJ="1">1,7</entry></row><row><entry VJ="1">88</entry><entry VJ="1">1,8</entry></row><row><entry VJ="1">87</entry><entry VJ="1">1,9</entry></row><row><entry VJ="1">85 und 86</entry><entry VJ="1">2,0</entry></row><row><entry VJ="1">84</entry><entry VJ="1">2,1</entry></row><row><entry VJ="1">83</entry><entry VJ="1">2,2</entry></row><row><entry VJ="1">82</entry><entry VJ="1">2,3</entry></row><row><entry VJ="1">81</entry><entry VJ="1">2,4</entry></row><row><entry VJ="1">79 und 80</entry><entry VJ="1">2,5</entry><entry VJ="1" morerows="9" valign="middle">befriedigend</entry><entry VJ="1" align="left" morerows="9" valign="middle">eine Leistung, die den Anforderungen im Allgemeinen entspricht</entry></row><row><entry VJ="1">78</entry><entry VJ="1">2,6</entry></row><row><entry VJ="1">77</entry><entry VJ="1">2,7</entry></row><row><entry VJ="1">75 und 76</entry><entry VJ="1">2,8</entry></row><row><entry VJ="1">74</entry><entry VJ="1">2,9</entry></row><row><entry VJ="1">72 und 73</entry><entry VJ="1">3,0</entry></row><row><entry VJ="1">71</entry><entry VJ="1">3,1</entry></row><row><entry VJ="1">70</entry><entry VJ="1">3,2</entry></row><row><entry VJ="1">68 und 69</entry><entry VJ="1">3,3</entry></row><row><entry VJ="1">67</entry><entry VJ="1">3,4</entry></row><row><entry VJ="1">65 und 66</entry><entry VJ="1">3,5</entry><entry VJ="1" morerows="9" valign="middle">ausreichend</entry><entry VJ="1" align="left" morerows="9" valign="middle">eine Leistung, die zwar Mängel aufweist, aber im Ganzen den Anforderungen noch entspricht</entry></row><row><entry VJ="1">63 und 64</entry><entry VJ="1">3,6</entry></row><row><entry VJ="1">62</entry><entry VJ="1">3,7</entry></row><row><entry VJ="1">60 und 61</entry><entry VJ="1">3,8</entry></row><row><entry VJ="1">58 und 59</entry><entry VJ="1">3,9</entry></row><row><entry VJ="1">56 und 57</entry><entry VJ="1">4,0</entry></row><row><entry VJ="1">55</entry><entry VJ="1">4,1</entry></row><row><entry VJ="1">53 und 54</entry><entry VJ="1">4,2</entry></row><row><entry VJ="1">51 und 52</entry><entry VJ="1">4,3</entry></row><row><entry VJ="1">50</entry><entry VJ="1">4,4</entry></row><row><entry VJ="1">48 und 49</entry><entry VJ="1">4,5</entry><entry VJ="1" morerows="9" valign="middle">mangelhaft</entry><entry VJ="1" align="left" morerows="9" valign="middle">eine Leistung, die den Anforderungen nicht entspricht, jedoch erkennen lässt, dass gewisse Grundkenntnisse noch vorhanden sind</entry></row><row><entry VJ="1">46 und 47</entry><entry VJ="1">4,6</entry></row><row><entry VJ="1">44 und 45</entry><entry VJ="1">4,7</entry></row><row><entry VJ="1">42 und 43</entry><entry VJ="1">4,8</entry></row><row><entry VJ="1">40 und 41</entry><entry VJ="1">4,9</entry></row><row><entry VJ="1">38 und 39</entry><entry VJ="1">5,0</entry></row><row><entry VJ="1">36 und 37</entry><entry VJ="1">5,1</entry></row><row><entry VJ="1">34 und 35</entry><entry VJ="1">5,2</entry></row><row><entry VJ="1">32 und 33</entry><entry VJ="1">5,3</entry></row><row><entry VJ="1">30 und 31</entry><entry VJ="1">5,4</entry></row><row><entry VJ="1">25 bis 29</entry><entry VJ="1">5,5</entry><entry VJ="1" morerows="5" valign="middle">ungenügend</entry><entry VJ="1" align="left" morerows="5" valign="middle">eine Leistung, die den Anforderungen nicht entspricht und bei der selbst Grundkenntnisse fehlen</entry></row><row><entry VJ="1">20 bis 24</entry><entry VJ="1">5,6</entry></row><row><entry VJ="1">15 bis 19</entry><entry VJ="1">5,7</entry></row><row><entry VJ="1">10 bis 14</entry><entry VJ="1">5,8</entry></row><row><entry VJ="1">5 bis 9</entry><entry VJ="1">5,9</entry></row><row><entry VJ="1">0 bis 4</entry><entry VJ="1">6,0</entry></row></tbody></tgroup></table></P></Content></text></textdaten></norm>
<norm builddate="20241031213656" doknr="BJNR1280D0024BJNE001400000"><metadaten><jurabk>ITBFPrV</jurabk><enbez>Anlage 2</enbez><titel format="XML">(zu § 11)<BR/>Zeugnisinhalte</titel></metadaten><textdaten><text format="XML"><Content><P><noindex><kommentar typ="Fundstelle">(Fundstelle: BGBl. 2024 I Nr. 296, S. 25)</kommentar></noindex></P><P><B>Teil A – Zeugnis ohne Prüfungsergebnisse:</B><DL Type="arabic"><DT>1.</DT><DD Font="normal"><LA>Bezeichnung der ausstellenden Behörde,</LA></DD><DT>2.</DT><DD Font="normal"><LA>Name und Geburtsdatum der geprüften Person,</LA></DD><DT>3.</DT><DD Font="normal"><LA>Datum des Bestehens der Prüfung,</LA></DD><DT>4.</DT><DD Font="normal"><LA>Bezeichnung des erworbenen Fortbildungsabschlusses nach § 1 Absatz 5,</LA></DD><DT>5.</DT><DD Font="normal"><LA>Bezeichnung und Fundstelle dieser Fortbildungsprüfungsverordnung nach den Angaben im Bundesgesetzblatt unter Berücksichtigung erfolgter Änderungen dieser Verordnung,</LA></DD><DT>6.</DT><DD Font="normal"><LA>Datum der Ausstellung des Zeugnisses samt Faksimile oder Unterschrift einer zeichnungsberechtigten Person der zuständigen Stelle.</LA></DD></DL></P><P><B>Teil B – Zeugnis mit Prüfungsergebnissen:</B></P><P>Alle Angaben des Teils A sowie zusätzlich <DL Type="arabic"><DT>1.</DT><DD Font="normal"><LA>Benennung des Prüfungsbereichs,</LA></DD><DT>2.</DT><DD Font="normal"><LA>Bewertung der schriftlichen Prüfung,</LA></DD><DT>3.</DT><DD Font="normal"><LA>zur mündlichen Prüfung die Benennung des Themas der Präsentation und deren Bewertung,</LA></DD><DT>4.</DT><DD Font="normal"><LA>zur mündlichen Prüfung die Bewertung des Fachgesprächs,</LA></DD><DT>5.</DT><DD Font="normal"><LA>Bewertung der mündlichen Prüfung,</LA></DD><DT>6.</DT><DD Font="normal"><LA>die errechnete Gesamtpunktzahl für die gesamte Prüfung,</LA></DD><DT>7.</DT><DD Font="normal"><LA>die Gesamtnote als Dezimalzahl,</LA></DD><DT>8.</DT><DD Font="normal"><LA>die Gesamtnote in Worten,</LA></DD><DT>9.</DT><DD Font="normal"><LA>Befreiungen nach § 10.</LA></DD></DL></P></Content></text></textdaten></norm>
</dokumente>