<?xml version="1.0" encoding="UTF-8" ?><!DOCTYPE dokumente SYSTEM "http://www.gesetze-im-internet.de/dtd/1.01/gii-norm.dtd">
<dokumente builddate="20130405131020" doknr="BJNR106100999"><norm builddate="20130405131020" doknr="BJNR106100999"><metadaten><jurabk>Münz10DMBek 1999-05-17</jurabk><ausfertigung-datum manuell="ja">1999-05-17</ausfertigung-datum><fundstelle typ="amtlich"><periodikum>BGBl I</periodikum><zitstelle>1999, 1061</zitstelle></fundstelle><langue>Bekanntmachung über die Ausprägung von Bundesmünzen im Nennwert
von 10 Deutschen Mark (Gedenkmünze &quot;50 Jahre SOS-Kinderdörfer&quot;)</langue></metadaten><textdaten><text format="XML"><Content><P/></Content></text><fussnoten><Content><P>(+++ Textnachweis ab: 31. 5.1999 +++)</P></Content></fussnoten></textdaten></norm>
<norm builddate="20130405131020" doknr="BJNR106100999BJNE000100310"><metadaten><jurabk>Münz10DMBek 1999-05-17</jurabk><enbez>(XXXX)</enbez></metadaten><textdaten><text format="XML"><Content><P>Auf Grund des § 6 des Gesetzes über die Ausprägung von Scheidemünzen in der im Bundesgesetzblatt Teil III, Gliederungsnummer 690-1, veröffentlichten bereinigten Fassung hat die Bundesregierung beschlossen, anläßlich des Jubiläums &quot;50 Jahre SOS-Kinderdörfer&quot; eine Bundesmünze (Gedenkmünze) im Nennwert von 10 Deutschen Mark prägen zu lassen.<BR/>Die Auflage der Münze beträgt 3,8 Millionen Stück, darunter 0,8 Millionen Stück in Spiegelglanz. Die Prägung in Normalausführung (Stempelglanz) erfolgt in der Hamburgischen Münze. Die Herstellung in Spiegelglanz wird von allen fünf deutschen Münzämtern zu gleichen Teilen realisiert.<BR/>Die Münze wird ab 10. Juni 1999 in den Verkehr gebracht. Sie besteht aus einer Legierung von 925 Tausendteilen Silber und 75 Tausendteilen Kupfer, hat einen Durchmesser von 32,5 Millimetern und eine Masse (Gewicht) von 15,5 Gramm. Das Gepräge auf beiden Seiten ist erhaben und wird von einem schützenden, glatten Randstab umgeben.<BR/>Die Bildseite zeigt, durch ein spiralförmiges Netz symbolisiert, das erdumfassende Ziel der Fürsorge für Kinder in Not und das Logo der Organisation SOS-Kinderdörfer. Die Umschrift lautet: <DL Font="normal" Type="arabic"><DT/><DD Font="normal"><LA Size="normal"><DL Font="normal" Type="arabic"><DT/><DD Font="normal"><LA Size="normal">&quot;50 JAHRE SOS-KINDERDÖRFER <ABWFORMAT typ="A"/>* 1949 - 1999 *</LA></DD></DL></LA></DD></DL>Die Wertseite zeigt einen neugestalteten Adler. Sie trägt die Jahreszahl 1999, das Münzzeichen &quot;J&quot; der Hamburgischen Münze und die Umschrift <DL Font="normal" Type="arabic"><DT/><DD Font="normal"><LA Size="normal"><DL Font="normal" Type="arabic"><DT/><DD Font="normal"><LA Size="normal">&quot;BUNDESREPUBLIK DEUTSCHLAND</LA><LA Size="normal">10 DEUTSCHE MARK&quot;.</LA></DD></DL></LA></DD></DL>Bei den Münzen in der Qualität Spiegelglanz erscheinen die Münzzeichen &quot;A&quot;, &quot;D&quot;, &quot;F&quot;, &quot;G&quot; und &quot;J&quot;.<BR/>Der glatte Münzrand enthält in vertiefter Prägung die Inschrift: <DL Font="normal" Type="arabic"><DT/><DD Font="normal"><LA Size="normal"><DL Font="normal" Type="arabic"><DT/><DD Font="normal"><LA Size="normal">&quot;SOS-KINDERDÖRFER <ABWFORMAT typ="A"/>* EINE IDEE FÜR DIE WELT&quot;.</LA></DD></DL></LA></DD></DL>Der Entwurf der Münze stammt von Herrn Mathias Furthmair, Speicher.</P><P><ABWFORMAT typ="E"/><kommentar typ="Fundstelle">(Inhalt: Nicht darstellbare Abbildung der Münze, <BR/>Fundstelle: BGBl. I 1999, 1061)</kommentar></P></Content></text></textdaten></norm>
</dokumente>