<?xml version="1.0" encoding="UTF-8" ?><!DOCTYPE dokumente SYSTEM "http://www.gesetze-im-internet.de/dtd/1.01/gii-norm.dtd">
<dokumente builddate="20130405132015" doknr="BJNR204140988"><norm builddate="20130405132015" doknr="BJNR204140988"><metadaten><jurabk>StGrenzVtrLUXG</jurabk><ausfertigung-datum manuell="ja">1988-04-14</ausfertigung-datum><fundstelle typ="amtlich"><periodikum>BGBl II</periodikum><zitstelle>1988, 414</zitstelle></fundstelle><langue>Gesetz zu dem Vertrag vom 19. Dezember 1984 zwischen der Bundesrepublik
Deutschland und dem Großherzogtum Luxemburg über den Verlauf der gemeinsamen
Staatsgrenze</langue></metadaten><textdaten><text format="XML"><Content><P/></Content></text><fussnoten><Content><P>(+++ Textnachweis Geltung ab: 22. 4.1988 +++)</P></Content></fussnoten></textdaten></norm>
<norm builddate="20130405132015" doknr="BJNR204140988BJNE000100325"><metadaten><jurabk>StGrenzVtrLUXG</jurabk><enbez>Art 1</enbez></metadaten><textdaten><text format="XML"><Content><P>Dem in Luxemburg am 19. Dezember 1984 unterzeichneten Vertrag zwischen der Bundesrepublik Deutschland und dem Großherzogtum Luxemburg über den Verlauf der gemeinsamen Staatsgrenze wird zugestimmt. Der Vertrag wird nachstehend veröffentlicht. Das in Artikel 4 des Vertrags genannte Grenzurkundenwerk sowie die in Artikel 2 Abs. 2 genannten Anlagen 1 bis 4 zu diesem Vertrag liegen beim Auswärtigen Amt (Politisches Archiv), beim Rheinland-Pfälzischen Minister des Innern und für Sport in Mainz, beim Saarländischen Minister des Innern in Saarbrücken, bei der Bezirksregierung Trier in Trier sowie beim Katasteramt Trier zur Einsicht bereit.</P></Content></text></textdaten></norm>
<norm builddate="20130405132015" doknr="BJNR204140988BJNE000200325"><metadaten><jurabk>StGrenzVtrLUXG</jurabk><enbez>Art 2</enbez></metadaten><textdaten><text format="XML"><Content><P>In den Gebietsteilen, die nach Artikel 2 des Vertrags Hoheitsgebiet der Bundesrepublik Deutschland sind, gelten mit dem Zeitpunkt des Inkrafttretens dieser Bestimmungen gemäß Artikel 13 Abs. 2 des Vertrags die in den Ländern Rheinland-Pfalz beziehungsweise Saarland geltenden Vorschriften des Bundesrechts, soweit sie nicht bereits zuvor in Kraft waren.</P></Content></text></textdaten></norm>
<norm builddate="20130405132015" doknr="BJNR204140988BJNE000300325"><metadaten><jurabk>StGrenzVtrLUXG</jurabk><enbez>Art 3</enbez></metadaten><textdaten><text format="XML"><Content><P>(1) Die Regierungen des Landes Rheinland-Pfalz und des Saarlandes werden ermächtigt, zum Zwecke der Ausführung des Vertrags durch Rechtsverordnungen Vorschriften zu treffen <DL Font="normal" Type="arabic"><DT>1.</DT><DD Font="normal"><LA Size="normal">darüber, in welcher Weise Rechte, deren Inhalt sich nach luxemburgischem Recht bestimmt, in das Grundbuch eingetragen und in der Zwangsvollstreckung behandelt werden;</LA></DD> <DT>2.</DT><DD Font="normal"><LA Size="normal">über die Ausscheidung von Grundstücken, die in dem im Vertrag bezeichneten gemeinschaftlichen Hoheitsgebiet liegen, aus dem Grundbuch;</LA></DD> <DT>3.</DT><DD Font="normal"><LA Size="normal">über die Grundbuchbezirke für die im gemeinschaftlichen Hoheitsgebiet liegenden Grundstücke.</LA></DD> </DL> </P><P>(2) Die Regierungen des Landes Rheinland-Pfalz und des Saarlandes können die Ermächtigung auf die Landesjustizverwaltung übertragen.</P></Content></text></textdaten></norm>
<norm builddate="20130405132015" doknr="BJNR204140988BJNE000400325"><metadaten><jurabk>StGrenzVtrLUXG</jurabk><enbez>Art 4</enbez></metadaten><textdaten><text format="XML"><Content><P>Dieses Gesetz gilt auch im Land Berlin, sofern das Land Berlin die Anwendung dieses Gesetzes feststellt.</P></Content></text></textdaten></norm>
<norm builddate="20130405132015" doknr="BJNR204140988BJNE000500325"><metadaten><jurabk>StGrenzVtrLUXG</jurabk><enbez>Art 5</enbez></metadaten><textdaten><text format="XML"><Content><P>(1) Dieses Gesetz tritt am Tage nach seiner Verkündung in Kraft.</P><P>(2) Der Tag, an dem der Vertrag nach seinem Artikel 13 Abs. 2 in Kraft tritt, ist im Bundesgesetzblatt bekanntzugeben.</P></Content> </text></textdaten></norm>
</dokumente>