<?xml version="1.0" encoding="UTF-8" ?><!DOCTYPE dokumente SYSTEM "http://www.gesetze-im-internet.de/dtd/1.01/gii-norm.dtd">
<dokumente builddate="20120625150158" doknr="BJNR012430981"><norm builddate="20120625150158" doknr="BJNR012430981"><metadaten><jurabk>JurPrNotSkV</jurabk><ausfertigung-datum manuell="ja">1981-12-03</ausfertigung-datum><fundstelle typ="amtlich"><periodikum>BGBl I</periodikum><zitstelle>1981, 1243</zitstelle></fundstelle><langue>Verordnung über eine Noten- und Punkteskala für die erste und zweite juristische Prüfung</langue><standangabe checked="ja"><standtyp>Stand</standtyp><standkommentar>Geändert durch Art. 209 Abs. 4 G v. 19.4.2006 I 866</standkommentar></standangabe></metadaten><textdaten><fussnoten><Content><P>(+++ Textnachweis ab: 11.12.1981 +++)</P></Content></fussnoten></textdaten></norm>
<norm builddate="20120625150158" doknr="BJNR012430981BJNE000100304"><metadaten><jurabk>JurPrNotSkV</jurabk><enbez>Eingangsformel</enbez></metadaten><textdaten><text format="XML"><Content><P>Auf Grund des durch Artikel 1 Nr. 3 des Gesetzes vom 16. August 1980 (BGBl. I S. 1451) neu gefaßten § 5d Abs. 1 Satz 5 des Deutschen Richtergesetzes wird mit Zustimmung des Bundesrates verordnet:</P></Content></text></textdaten></norm>
<norm builddate="20120625150158" doknr="BJNR012430981BJNE000200304"><metadaten><jurabk>JurPrNotSkV</jurabk><enbez>§ 1</enbez><titel format="parat">Notenstufen und Punktzahlen</titel></metadaten><textdaten><text format="XML"><Content><P>Die einzelnen Leistungen in der ersten und zweiten Prüfung sind mit einer der folgenden Noten und Punktzahlen zu bewerten: <BR/><table frame="none" tocentry="%yes;">
	<tgroup align="left" char="" charoff="50" cols="3" colsep="0" rowsep="0">
		<colspec colname="col1" colnum="1" colwidth="25*"/>
		<colspec colname="col2" colnum="2" colwidth="30*"/>
		<colspec colname="col3" colnum="3" colwidth="30*"/>
		<tbody valign="top">
			<row>
				<entry VJ="1" align="left" colsep="0" valign="top">sehr gut</entry>
				<entry VJ="1" align="left" colsep="0" valign="top">eine besonders hervorragende Leistung</entry>
				<entry VJ="1" align="left" colsep="0" valign="bottom">= 16 bis 18 Punkte</entry>
			</row>
			<row>
				<entry VJ="1" align="left" colsep="0" valign="top">gut</entry>
				<entry VJ="1" align="left" colsep="0" valign="top">eine erheblich über den durchschnittlichen Anforderungen liegende Leistung</entry>
				<entry VJ="1" align="left" colsep="0" valign="bottom">= 13 bis 15 Punkte</entry>
			</row>
			<row>
				<entry VJ="1" align="left" colsep="0" valign="top">vollbefriedigend</entry>
				<entry VJ="1" align="left" colsep="0" valign="top">eine über den durchschnittlichen Anforderungen liegende Leistung</entry>
				<entry VJ="1" align="left" colsep="0" valign="bottom">= 10 bis 12 Punkte</entry>
			</row>
			<row>
				<entry VJ="1" align="left" colsep="0" valign="top">befriedigend</entry>
				<entry VJ="1" align="left" colsep="0" valign="top">eine Leistung, die in jeder Hinsicht durchschnittlichen Anforderungen entspricht</entry>
				<entry VJ="1" align="left" colsep="0" valign="bottom">= 7 bis 9 Punkte</entry>
			</row>
			<row>
				<entry VJ="1" align="left" colsep="0" valign="top">ausreichend</entry>
				<entry VJ="1" align="left" colsep="0" valign="top">eine Leistung, die trotz ihrer Mängel durchschnittlichen Anforderungen noch entspricht</entry>
				<entry VJ="1" align="left" colsep="0" valign="bottom">= 4 bis 6 Punkte</entry>
			</row>
			<row>
				<entry VJ="1" align="left" colsep="0" valign="top">mangelhaft</entry>
				<entry VJ="1" align="left" colsep="0" valign="top">eine an erheblichen Mängeln leidende, im ganzen nicht mehr brauchbare Leistung</entry>
				<entry VJ="1" align="left" colsep="0" valign="bottom">= 1 bis 3 Punkte</entry>
			</row>
			<row>
				<entry VJ="1" align="left" colsep="0" valign="top">ungenügend</entry>
				<entry VJ="1" align="left" colsep="0" valign="top">eine völlig unbrauchbare Leistung</entry>
				<entry VJ="1" align="left" colsep="0" valign="bottom">= 0 Punkte.</entry>
			</row>
		</tbody>
	</tgroup>
</table> </P></Content></text></textdaten></norm>
<norm builddate="20120625150158" doknr="BJNR012430981BJNE000300304"><metadaten><jurabk>JurPrNotSkV</jurabk><enbez>§ 2</enbez><titel format="parat">Bildung von Gesamtnoten</titel></metadaten><textdaten><text format="XML"><Content><P>(1) Soweit Einzelbewertungen zu einer Gesamtbewertung zusammengefaßt werden, ist die Gesamtnote bis auf zwei Dezimalstellen ohne Auf- oder Abrundung rechnerisch zu ermitteln.</P><P>(2) Den errechneten Punktwerten entsprechen folgende Notenbezeichnungen: <BR/><table frame="none" tocentry="%yes;">
	<tgroup align="left" char="" charoff="50" cols="2" colsep="0" rowsep="0">
		<colspec colname="col1" colnum="1" colwidth="30*"/>
		<colspec colname="col2" colnum="2" colwidth="30*"/>
		<tbody valign="top">
			<row>
				<entry VJ="1" align="right" colsep="0" valign="top">14.00 - 18.00</entry>
				<entry VJ="1" align="left" colsep="0" valign="top">sehr gut</entry>
			</row>
			<row>
				<entry VJ="1" align="right" colsep="0" valign="top">11.50 - 13.99</entry>
				<entry VJ="1" align="left" colsep="0" valign="top">gut</entry>
			</row>
			<row>
				<entry VJ="1" align="right" colsep="0" valign="top">9.00 - 11.49</entry>
				<entry VJ="1" align="left" colsep="0" valign="top">vollbefriedigend</entry>
			</row>
			<row>
				<entry VJ="1" align="right" colsep="0" valign="top">6.50 - 8.99</entry>
				<entry VJ="1" align="left" colsep="0" valign="top">befriedigend</entry>
			</row>
			<row>
				<entry VJ="1" align="right" colsep="0" valign="top">4.00 - 6.49</entry>
				<entry VJ="1" align="left" colsep="0" valign="top">ausreichend</entry>
			</row>
			<row>
				<entry VJ="1" align="right" colsep="0" valign="top">1.50 - 3.99</entry>
				<entry VJ="1" align="left" colsep="0" valign="top">mangelhaft</entry>
			</row>
			<row>
				<entry VJ="1" align="right" colsep="0" valign="top">0 - 1.49</entry>
				<entry VJ="1" align="left" colsep="0" valign="top">ungenügend.</entry>
			</row>
		</tbody>
	</tgroup>
</table> </P></Content> </text></textdaten></norm>
<norm builddate="20120625150158" doknr="BJNR012430981BJNE000400304"><metadaten><jurabk>JurPrNotSkV</jurabk><enbez>§ 3</enbez><titel format="parat">Übergangsvorschrift</titel></metadaten><textdaten><text format="XML"><Content><P>(1) Die §§ 1 und 2 sind auf Prüfungen anzuwenden, die nach dem 1. Januar 1983 begonnen werden, soweit nicht das Landesrecht einen früheren Zeitpunkt für die Anwendung bestimmt. Das Ablegen von Prüfungsleistungen nach § 5d Abs. 3 des Deutschen Richtergesetzes gilt nicht als Beginn der Prüfung.</P><P>(2) Für Wiederholungsprüfungen kann das Landesrecht abweichende Regelungen vorsehen.</P></Content> </text></textdaten></norm>
<norm builddate="20120625150158" doknr="BJNR012430981BJNE000501301"><metadaten><jurabk>JurPrNotSkV</jurabk><enbez>§ 4</enbez></metadaten><textdaten><text format="XML"><Content><P>(weggefallen)</P></Content></text><fussnoten/></textdaten></norm>
<norm builddate="20120625150158" doknr="BJNR012430981BJNE000600304"><metadaten><jurabk>JurPrNotSkV</jurabk><enbez>§ 5</enbez><titel format="parat">Inkrafttreten</titel></metadaten><textdaten><text format="XML"><Content><P>Diese Verordnung tritt am Tage nach der Verkündung in Kraft.</P></Content></text></textdaten></norm>
<norm builddate="20120625150158" doknr="BJNR012430981BJNE000700304"><metadaten><jurabk>JurPrNotSkV</jurabk><enbez>Schlußformel</enbez></metadaten><textdaten><text format="XML"><Content><P><SP>Der Bundesminister der Justiz</SP></P></Content></text></textdaten></norm>
</dokumente>