<?xml version="1.0" encoding="UTF-8" ?><!DOCTYPE dokumente SYSTEM "http://www.gesetze-im-internet.de/dtd/1.01/gii-norm.dtd">
<dokumente builddate="20120625145851" doknr="BJNR302200003"><norm builddate="20120625145851" doknr="BJNR302200003"><metadaten><jurabk>SozhiEinOG</jurabk><ausfertigung-datum manuell="ja">2003-12-27</ausfertigung-datum><fundstelle typ="amtlich"><periodikum>BGBl I</periodikum><zitstelle>2003, 3022</zitstelle></fundstelle><langue>Gesetz zur Einordnung des Sozialhilferechts in das Sozialgesetzbuch</langue><standangabe checked="ja"><standtyp>Sonst</standtyp><standkommentar>Art. 24 geändert durch Art. 2 G v. 15.12.2004 I 3450</standkommentar></standangabe><standangabe checked="ja"><standtyp>Sonst</standtyp><standkommentar>Art. 38 aufgeh. durch Art. 3a G v. 9.12.2004 I 3302</standkommentar></standangabe><standangabe checked="ja"><standtyp>Sonst</standtyp><standkommentar>Art. 40 aufgeh. durch Art. 21 Nr. 2 G v. 9.12.2004 I 3220</standkommentar></standangabe><standangabe checked="ja"><standtyp>Sonst</standtyp><standkommentar>Art. 56 aufgeh. durch Art. 13 G v. 21.7.2004 I 1791</standkommentar></standangabe><standangabe checked="ja"><standtyp>Sonst</standtyp><standkommentar>Art. 70 geändert durch Art. 1 G v. 9.12.2004 I 3305</standkommentar></standangabe></metadaten><textdaten><fussnoten><Content><P><BR/> <pre xml:space="preserve">(+++ Textnachweis ab:  1. 1.2005 +++)<BR/><BR/></pre></P></Content></fussnoten></textdaten></norm>
<norm builddate="20120625145851" doknr="BJNR302200003BJNE000800310"><metadaten><jurabk>SozhiEinOG</jurabk><enbez>Eingangsformel</enbez></metadaten><textdaten><text format="XML"><Content><P>Der Bundestag hat mit Zustimmung des Bundesrates das folgende Gesetz beschlossen:</P></Content></text></textdaten></norm>
<norm builddate="20120625145851" doknr="BJNR302200003BJNE000700310"><metadaten><jurabk>SozhiEinOG</jurabk><enbez>Inhaltsverzeichnis</enbez></metadaten><textdaten><text format="XML"><Content><P><table frame="none"><tgroup cols="2" colsep="0" rowsep="0"><colspec colname="col1" colnum="1" colwidth="100"/><colspec colname="col2" colnum="2" colwidth="500"/><tbody valign="top"><row><entry>Artikel 1</entry><entry>Sozialgesetzbuch (SGB) Zwölftes Buch (XII)<BR/>- Sozialhilfe -</entry></row><row><entry>Artikel 2</entry><entry>Änderung des Ersten Buches Sozialgesetzbuch<BR/>- Allgemeiner Teil -</entry></row><row><entry>Artikel 3</entry><entry>Änderung des Dritten Buches Sozialgesetzbuch<BR/>- Arbeitsförderung -</entry></row><row><entry>Artikel 4</entry><entry>Änderung des Fünften Buches Sozialgesetzbuch<BR/>- Gesetzliche Krankenversicherung -</entry></row><row><entry>Artikel 5</entry><entry>Änderung des Sechsten Buches Sozialgesetzbuch<BR/>- Gesetzliche Rentenversicherung -</entry></row><row><entry>Artikel 6</entry><entry>Änderung des Siebten Buches Sozialgesetzbuch<BR/>- Gesetzliche Unfallversicherung -</entry></row><row><entry>Artikel 7</entry><entry>Änderung des Achten Buches Sozialgesetzbuch<BR/>- Kinder- und Jugendhilfe -</entry></row><row><entry>Artikel 8</entry><entry>Änderung des Neunten Buches Sozialgesetzbuch<BR/>- Rehabilitation und Teilhabe behinderter Menschen -</entry></row><row><entry>Artikel 9</entry><entry>Änderung des Zehnten Buches Sozialgesetzbuch<BR/>- Sozialverwaltungsverfahren und Sozialdatenschutz -</entry></row><row><entry>Artikel 10</entry><entry>Änderung des Elften Buches Sozialgesetzbuch<BR/>- Soziale Pflegeversicherung -</entry></row><row><entry>Artikel 11</entry><entry>Änderung des Altenpflegegesetzes</entry></row><row><entry>Artikel 12</entry><entry>Änderung der Verordnung zur Durchführung des § 76 des Bundessozialhilfegesetzes</entry></row><row><entry>Artikel 13</entry><entry>Änderung der Eingliederungshilfe-Verordnung</entry></row><row><entry>Artikel 14</entry><entry>Änderung der Verordnung zur Durchführung des § 72 des Bundessozialhilfegesetzes</entry></row><row><entry>Artikel 15</entry><entry>Änderung der Verordnung zur Durchführung des § 88 Abs. 2 Nr. 8 des Bundessozialhilfegesetzes</entry></row><row><entry>Artikel 16</entry><entry>Änderung der Sozialhilfedatenabgleichsverordnung</entry></row><row><entry>Artikel 17</entry><entry>Änderung des Heimgesetzes</entry></row><row><entry>Artikel 18</entry><entry>Änderung der Verordnung über die Pflichten der Träger von Altenheimen, Altenwohnheimen und Pflegeheimen für Volljährige im Falle der Entgegennahme von Leistungen zum Zwecke der Unterbringung eines Bewohners oder Bewerbers</entry></row><row><entry>Artikel 19</entry><entry>Änderung des Gesetzes über die Errichtung einer Stiftung &quot;Hilfswerk für behinderte Kinder&quot;</entry></row><row><entry>Artikel 20</entry><entry>Änderung des Asylbewerberleistungsgesetzes</entry></row><row><entry>Artikel 21</entry><entry>Änderung des Bundesausbildungsförderungsgesetzes</entry></row><row><entry>Artikel 22</entry><entry>Änderung des Aufstiegsfortbildungsförderungsgesetzes</entry></row><row><entry>Artikel 23</entry><entry>Änderung des Gesetzes über den Abbau der Fehlsubventionierung im Wohnungswesen</entry></row><row><entry>Artikel 24</entry><entry>Änderung des Wohnraumförderungsgesetzes</entry></row><row><entry>Artikel 25</entry><entry>Änderung des Gesetzes über die Festlegung eines vorläufigen Wohnortes für Spätaussiedler</entry></row><row><entry>Artikel 26</entry><entry>Änderung des Bundesentschädigungsgesetzes</entry></row><row><entry>Artikel 27</entry><entry>Änderung des Entschädigungsrentengesetzes</entry></row><row><entry>Artikel 28</entry><entry>Änderung des Beruflichen Rehabilitierungsgesetzes</entry></row><row><entry>Artikel 29</entry><entry>Änderung der Freizügigkeitsverordnung/EG</entry></row><row><entry>Artikel 30</entry><entry>Änderung des Asylverfahrensgesetzes</entry></row><row><entry>Artikel 31</entry><entry>Änderung der AZRG-Durchführungsverordnung</entry></row><row><entry>Artikel 32</entry><entry>Änderung des Konsulargesetzes</entry></row><row><entry>Artikel 33</entry><entry>Änderung der Beratungshilfevordruckverordnung</entry></row><row><entry>Artikel 34</entry><entry>Änderung der Zivilprozessordnung</entry></row><row><entry>Artikel 35</entry><entry>Änderung der Kindesunterhalt-Vordruckverordnung</entry></row><row><entry>Artikel 36</entry><entry>Änderung der Prozesskostenhilfevordruckverordnung</entry></row><row><entry>Artikel 37</entry><entry>Änderung des Strafvollzugsgesetzes</entry></row><row><entry>Artikel 38</entry><entry>Änderung des Sozialgerichtsgesetzes</entry></row><row><entry>Artikel 39</entry><entry>Änderung der Kostenordnung</entry></row><row><entry>Artikel 40</entry><entry>Änderung des Gerichtsvollzieherkostengesetzes</entry></row><row><entry>Artikel 41</entry><entry>Änderung des Bürgerlichen Gesetzbuchs</entry></row><row><entry>Artikel 42</entry><entry>Änderung des Wohngeldgesetzes</entry></row><row><entry>Artikel 43</entry><entry>Änderung des Gesetzes zur Hilfe für Frauen bei Schwangerschaftsabbrüchen in besonderen Fällen</entry></row><row><entry>Artikel 44</entry><entry>Änderung des Unterhaltssicherungsgesetzes</entry></row><row><entry>Artikel 45</entry><entry>Änderung des Soldatenversorgungsgesetzes</entry></row><row><entry>Artikel 46</entry><entry>Änderung des Zivildienstgesetzes</entry></row><row><entry>Artikel 47</entry><entry>Änderung der Abgabenordnung</entry></row><row><entry>Artikel 48</entry><entry>Änderung des Einkommensteuergesetzes</entry></row><row><entry>Artikel 49</entry><entry>Änderung der Einkommensteuer-Durchführungsverordnung 2000</entry></row><row><entry>Artikel 50</entry><entry>Änderung des Gewerbesteuergesetzes</entry></row><row><entry>Artikel 51</entry><entry>Änderung des Umsatzsteuergesetzes 1999</entry></row><row><entry>Artikel 52</entry><entry>Änderung des Lastenausgleichsgesetzes</entry></row><row><entry>Artikel 53</entry><entry>Änderung der Dritten Verordnung über Ausgleichsleistungen nach dem Lastenausgleichsgesetz</entry></row><row><entry>Artikel 54</entry><entry>Änderung der Hörgeräteakustikermeisterverordnung</entry></row><row><entry>Artikel 55</entry><entry>Änderung der Milchfett-Verbrauch-Verbilligungsverordnung</entry></row><row><entry>Artikel 56</entry><entry>Änderung des Gesetzes über die Alterssicherung der Landwirte</entry></row><row><entry>Artikel 57</entry><entry>Änderung des Zweiten Gesetzes über die Krankenversicherung der Landwirte</entry></row><row><entry>Artikel 58</entry><entry>Änderung des Bundesversorgungsgesetzes</entry></row><row><entry>Artikel 59</entry><entry>Änderung der Verordnung zur Kriegsopferfürsorge</entry></row><row><entry>Artikel 60</entry><entry>Änderung des Gesetzes über die Heimkehrerstiftung</entry></row><row><entry>Artikel 61</entry><entry>Änderung des Bundeserziehungsgeldgesetzes</entry></row><row><entry>Artikel 62</entry><entry>Änderung des Pflege-Versicherungsgesetzes</entry></row><row><entry>Artikel 63</entry><entry>Änderung der Schwerbehindertenausweisverordnung</entry></row><row><entry>Artikel 64</entry><entry>Änderung der Schwerbehinderten-Ausgleichsabgabeverordnung</entry></row><row><entry>Artikel 65</entry><entry>Änderung des Straßenverkehrsgesetzes</entry></row><row><entry>Artikel 66</entry><entry>Änderung der Fahrzeugregisterverordnung</entry></row><row><entry>Artikel 67</entry><entry>Weitergeltung von Rechtsverordnungen</entry></row><row><entry>Artikel 68</entry><entry>Aufhebung von Vorschriften</entry></row><row><entry>Artikel 69</entry><entry>Rückkehr zum einheitlichen Verordnungsrang</entry></row><row><entry>Artikel 70</entry><entry>Inkrafttreten</entry></row></tbody></tgroup></table></P></Content></text></textdaten></norm>
<norm builddate="20120625145851" doknr="BJNR302200003BJNE000100310"><metadaten><jurabk>SozhiEinOG</jurabk><enbez>Art 1</enbez></metadaten><textdaten><text format="XML"><Content><P>-</P></Content></text><fussnoten/></textdaten></norm>
<norm builddate="20120625145851" doknr="BJNR302200003BJNE000200310"><metadaten><jurabk>SozhiEinOG</jurabk><enbez>(XXXX) Art 2 bis 66</enbez></metadaten><textdaten><text format="XML"><Content><P/></Content></text><fussnoten/></textdaten></norm>
<norm builddate="20120625145851" doknr="BJNR302200003BJNE000300310"><metadaten><jurabk>SozhiEinOG</jurabk><enbez>Art 67</enbez><titel format="parat">Weitergeltung von Rechtsverordnungen</titel></metadaten><textdaten><text format="XML"><Content><P>Die auf Grund des Bundessozialhilfegesetzes erlassenen Rechtsverordnungen gelten weiter und können nach Maßgabe der in diesem Gesetz vorgesehenen Ermächtigungen zum Erlass von Rechtsverordnungen geändert und aufgehoben werden.</P></Content></text></textdaten></norm>
<norm builddate="20120625145851" doknr="BJNR302200003BJNE000400310"><metadaten><jurabk>SozhiEinOG</jurabk><enbez>Art 68</enbez></metadaten><textdaten><text format="XML"><Content><P>-</P></Content></text><fussnoten/></textdaten></norm>
<norm builddate="20120625145851" doknr="BJNR302200003BJNE000500310"><metadaten><jurabk>SozhiEinOG</jurabk><enbez>Art 69</enbez><titel format="parat">Rückkehr zum einheitlichen Verordnungsrang</titel></metadaten><textdaten><text format="XML"><Content><P>Die auf Artikel 12 bis 16, 18, 29, 31, 33, 35, 36, 49, 53 bis 55, 59, 63, 64 und 66 beruhenden Teile der dort geänderten Anordnungen und Verordnungen können auf Grund der jeweils einschlägigen Ermächtigungen in Verbindung mit diesem Artikel durch Rechtsverordnung geändert oder aufgehoben werden.</P></Content></text></textdaten></norm>
<norm builddate="20120625145851" doknr="BJNR302200003BJNE000600310"><metadaten><jurabk>SozhiEinOG</jurabk><enbez>Art 70</enbez><titel format="parat">Inkrafttreten</titel></metadaten><textdaten><text format="XML"><Content><P>(1) Dieses Gesetz tritt am 1. Januar 2005 in Kraft, soweit in Absatz 2 nichts Abweichendes bestimmt ist.</P><P>(2)</P></Content> </text><fussnoten/></textdaten></norm>
</dokumente>