<?xml version="1.0" encoding="UTF-8" ?><!DOCTYPE dokumente SYSTEM "http://www.gesetze-im-internet.de/dtd/1.01/gii-norm.dtd">
<dokumente builddate="20130405124802" doknr="BJNR004470962"><norm builddate="20130405124802" doknr="BJNR004470962"><metadaten><jurabk>SGÄndG 4</jurabk><ausfertigung-datum manuell="ja">1962-07-09</ausfertigung-datum><fundstelle typ="amtlich"><periodikum>BGBl I</periodikum><zitstelle>1962, 447</zitstelle></fundstelle><langue>Viertes Gesetz zur Änderung des Soldatengesetzes</langue></metadaten><textdaten><text format="XML"><Content><P/></Content></text><fussnoten><Content><P>(+++ Textnachweis Geltung ab:  1. 1.1964 +++)</P></Content></fussnoten></textdaten></norm>
<norm builddate="20130405124802" doknr="BJNR004470962BJNE000100315"><metadaten><jurabk>SGÄndG 4</jurabk><enbez>Art 1</enbez></metadaten><textdaten><text format="XML"><Content><P>-</P></Content></text><fussnoten/></textdaten></norm>
<norm builddate="20130405124802" doknr="BJNR004470962BJNE000200315"><metadaten><jurabk>SGÄndG 4</jurabk><enbez>Art 2</enbez></metadaten><textdaten><text format="XML"><Content><P>(1) Stellt ein Berufssoldat, der wegen Annahme der Wahl zu einer kommunalen Vertretungskörperschaft in den Ruhestand getreten ist, den Antrag, wieder in das Dienstverhältnis eines Berufssoldaten berufen zu werden, so ist seinem Antrag zu entsprechen, wenn er die Voraussetzungen für die Berufung in das Dienstverhältnis eines Berufssoldaten noch erfüllt. § 3 Abs. 2 und 3 des Gesetzes über die Rechtsstellung der in den Deutschen Bundestag gewählten Angehörigen des öffentlichen Dienstes ist entsprechend anzuwenden.</P><P>(2) Für den Soldaten auf Zeit gilt Absatz 1 entsprechend, wenn seine Verpflichtungszeit noch nicht abgelaufen ist.</P></Content> </text></textdaten></norm>
<norm builddate="20130405124802" doknr="BJNR004470962BJNE000300315"><metadaten><jurabk>SGÄndG 4</jurabk><enbez>Art 3</enbez></metadaten><textdaten><text format="XML"><Content><P>Es treten in Kraft <DL Font="normal" Type="arabic"><DT>1.</DT><DD Font="normal"><LA Size="normal">Artikel 1 ...</LA></DD> <DT>2.</DT><DD Font="normal"><LA Size="normal">Artikel 2 am Tage nach der Verkündung dieses Gesetzes.</LA></DD> </DL></P></Content></text></textdaten></norm>
</dokumente>