<?xml version="1.0" encoding="UTF-8" ?><!DOCTYPE dokumente SYSTEM "http://www.gesetze-im-internet.de/dtd/1.01/gii-norm.dtd">
<dokumente builddate="20161007120711" doknr="BJNR103900015"><norm builddate="20161007120711" doknr="BJNR103900015"><metadaten><jurabk>Münz10EuroBek 2015-06-23/5</jurabk><ausfertigung-datum manuell="ja">2015-06-23</ausfertigung-datum><fundstelle typ="amtlich"><periodikum>BGBl I</periodikum><zitstelle>2015, 1039</zitstelle></fundstelle><langue>Bekanntmachung über die Ausprägung von deutschen Euro-Gedenkmünzen im Nennwert von 10 Euro (Gedenkmünze „1 000 Jahre Leipzig“)</langue></metadaten><textdaten><fussnoten><Content><P><BR/> <pre xml:space="preserve">(+++ Textnachweis ab: 2.7.2015 +++)<BR/><BR/></pre></P></Content></fussnoten></textdaten></norm>
<norm builddate="20161007120711" doknr="BJNR103900015BJNE000100000"><metadaten><jurabk>Münz10EuroBek 2015-06-23/5</jurabk><enbez>(XXXX)</enbez></metadaten><textdaten><text format="XML"><Content><P>Gemäß den §§ 2, 4 und 5 des Münzgesetzes vom 16. Dezember 1999 (BGBl. I S. 2402) hat die Bundesregierung beschlossen, zur Würdigung des 1 000-jährigen Jubiläums der Stadt Leipzig eine deutsche Euro-Gedenkmünze im Nennwert von 10 Euro prägen zu lassen.</P><P>Die Auflage der Münze beträgt ca. 1,2 Mio. Stück, davon ca. 0,2 Mio. Stück in Spiegelglanzqualität. Die Prägung erfolgt durch die Staatlichen Münzen Baden-Württemberg, Prägestätte Stuttgart (Prägezeichen F).</P><P>Die Münze wird ab dem 2. Juli 2015 in den Verkehr gebracht. Die 10-Euro-Gedenkmünze in der Stempelglanzqualität besteht aus einer Kupfer-Nickel-Legierung (CuNi25), hat einen Durchmesser von 32,5 Millimetern und eine Masse von 14 Gramm. Die Spiegelglanzmünze besteht aus einer Legierung von 625 Tausendteilen Silber und 375 Tausendteilen Kupfer, hat einen Durchmesser von 32,5 Millimetern und ein Gewicht von 16 Gramm. Das Gepräge auf beiden Seiten ist erhaben und wird von einem schützenden, glatten Randstab umgeben.</P><P>Die Bildseite zeigt eine Menschengruppe, eingebunden in die Leipziger Architektur und weist so auf die besondere Bedeutung des Bürgertums für die Geschichte Leipzigs hin.</P><P>Die Wertseite zeigt einen Adler, den Schriftzug „BUNDESREPUBLIK DEUTSCHLAND“, Wertziffer und Wertbezeichnung, das Prägezeichen „F“ der Staatlichen Münzen Baden-Württemberg, Prägestätte Stuttgart, die Jahreszahl 2015 sowie die zwölf Europasterne. Auf der Wertseite der Münze in Spiegelglanzqualität ist zusätzlich die Angabe „SILBER 625“ aufgeprägt.</P><P>Der glatte Münzrand enthält in vertiefter Prägung die Inschrift:</P><P>„BÜRGERSINN • BÜRGERFLEISS • BÜRGERSTOLZ •“.</P><P>Der Entwurf stammt von der Künstlerin Anne Karen Hentschel aus Bischofswiesen.</P></Content></text></textdaten></norm>
<norm builddate="20161007120711" doknr="BJNR103900015BJNE000200000"><metadaten><jurabk>Münz10EuroBek 2015-06-23/5</jurabk><enbez>Schlussformel</enbez></metadaten><textdaten><text format="XML"><Content><P><SP>Der Bundesminister der Finanzen</SP></P></Content></text></textdaten></norm>
<norm builddate="20161007120711" doknr="BJNR103900015BJNE000300000"><metadaten><jurabk>Münz10EuroBek 2015-06-23/5</jurabk><enbez>(XXXX)</enbez></metadaten><textdaten><text format="XML"><Content><P><noindex><kommentar typ="Fundstelle">(Fundstelle: BGBl. I 2015, 1039)</kommentar></noindex></P><BR/><table frame="none" tocentry="%yes;"><tgroup align="left" char="" charoff="50" cols="2"><colspec colname="col1" colwidth="50*"/><colspec colname="col2" colwidth="50*"/><tbody valign="top"><row><entry VJ="1" align="center" colname="col1" colsep="0" rowsep="0"><IMG Align="center" Height="608" Pos="inline" SRC="bgbl1_2015_j1039-1_0010.jpg" Type="TIF" Units="300" Width="642" alt=""/></entry><entry VJ="1" align="center" colname="col2" rowsep="0"><IMG Align="center" Height="608" Pos="inline" SRC="bgbl1_2015_j1039-1_0020.jpg" Type="TIF" Units="300" Width="642" alt=""/></entry></row><row><entry VJ="1" align="center" colname="col1" colsep="0"><IMG Align="center" Height="608" Pos="inline" SRC="bgbl1_2015_j1039-1_0030.jpg" Type="TIF" Units="300" Width="642" alt=""/></entry><entry VJ="1" align="center" colname="col2"><IMG Align="center" Height="608" Pos="inline" SRC="bgbl1_2015_j1039-1_0040.jpg" Type="TIF" Units="300" Width="633" alt=""/></entry></row></tbody></tgroup></table></Content></text></textdaten></norm>
</dokumente>