<?xml version="1.0" encoding="UTF-8" ?><!DOCTYPE dokumente SYSTEM "http://www.gesetze-im-internet.de/dtd/1.01/gii-norm.dtd">
<dokumente builddate="20250319223510" doknr="BJNR057100004"><norm builddate="20250319223510" doknr="BJNR057100004"><metadaten><jurabk>MSchnAusbV 2004</jurabk><ausfertigung-datum manuell="ja">2004-04-15</ausfertigung-datum><fundstelle typ="amtlich"><periodikum>BGBl I</periodikum><zitstelle>2004, 571</zitstelle></fundstelle><langue>Verordnung über die Berufsausbildung zum Maßschneider/zur Maßschneiderin</langue><standangabe checked="ja"><standtyp>Stand</standtyp><standkommentar>Geändert durch Art. 3 V v. 9.5.2005 I 1292</standkommentar></standangabe></metadaten><textdaten><fussnoten><Content><P><BR/> <pre xml:space="preserve">(+++ Textnachweis ab: 1.8.2004 +++)<BR/><BR/></pre>Diese Rechtsverordnung ist eine Ausbildungsordnung im Sinne des § 25 der Handwerksordnung. Die Ausbildungsordnung und der damit abgestimmte, von der Ständigen Konferenz der Kultusminister der Länder in der Bundesrepublik Deutschland beschlossene Rahmenlehrplan für die Berufsschule werden als Beilage zum Bundesanzeiger veröffentlicht.</P></Content></fussnoten></textdaten></norm>
<norm builddate="20250319223510" doknr="BJNR057100004BJNE000100000"><metadaten><jurabk>MSchnAusbV 2004</jurabk><enbez>Eingangsformel</enbez></metadaten><textdaten><text format="XML"><Content><P>Auf Grund des § 25 Abs. 1 in Verbindung mit Abs. 2 Satz 1 der Handwerksordnung in der Fassung der Bekanntmachung vom 24. September 1998 (BGBl. I S. 3074), der zuletzt durch Artikel 1 Nr. 26 des Gesetzes vom 24. Dezember 2003 (BGBl. I S. 2934) geändert worden ist, verordnet das Bundesministerium für Wirtschaft und Arbeit im Einvernehmen mit dem Bundesministerium für Bildung und Forschung:</P></Content></text></textdaten></norm>
<norm builddate="20250319223510" doknr="BJNR057100004BJNE000200000"><metadaten><jurabk>MSchnAusbV 2004</jurabk><enbez>§ 1</enbez><titel format="parat">Staatliche Anerkennung des Ausbildungsberufes</titel></metadaten><textdaten><text format="XML"><Content><P>Der Ausbildungsberuf Maßschneider/Maßschneiderin wird gemäß § 25 der Handwerksordnung zur Ausbildung für das Gewerbe Nummer 19, Damen- und Herrenschneider, der Anlage B Abschnitt 1 der Handwerksordnung staatlich anerkannt.</P></Content></text></textdaten></norm>
<norm builddate="20250319223510" doknr="BJNR057100004BJNE000300000"><metadaten><jurabk>MSchnAusbV 2004</jurabk><enbez>§ 2</enbez><titel format="parat">Ausbildungsdauer</titel></metadaten><textdaten><text format="XML"><Content><P>(1) Die Ausbildung dauert drei Jahre.</P><P>(2) Auszubildende, denen der Besuch eines nach landesrechtlichen Vorschriften eingeführten schulischen Berufsgrundbildungsjahres nach einer Verordnung gemäß § 27a Abs. 1 der Handwerksordnung als erstes Jahr der Berufsausbildung anzurechnen ist, beginnen die betriebliche Ausbildung im zweiten Ausbildungsjahr.</P></Content> </text></textdaten></norm>
<norm builddate="20250319223510" doknr="BJNR057100004BJNE000400000"><metadaten><jurabk>MSchnAusbV 2004</jurabk><enbez>§ 3</enbez><titel format="parat">Zielsetzung der Berufsausbildung</titel></metadaten><textdaten><text format="XML"><Content><P>Die in dieser Verordnung genannten Fertigkeiten und Kenntnisse sollen bezogen auf Arbeits- und Geschäftsprozesse vermittelt werden. Sie sollen so vermittelt werden, dass die Auszubildenden zur Ausübung einer qualifizierten beruflichen Tätigkeit im Sinne von § 1 Abs. 2 des Berufsbildungsgesetzes befähigt werden, die insbesondere selbständiges Planen, Durchführen und Kontrollieren sowie das Handeln im betrieblichen Gesamtzusammenhang einschließt. Die in Satz 2 beschriebene Befähigung ist auch in den Prüfungen nach den §§ 10 und 11 nachzuweisen.</P></Content></text></textdaten></norm>
<norm builddate="20250319223510" doknr="BJNR057100004BJNE000500000"><metadaten><jurabk>MSchnAusbV 2004</jurabk><enbez>§ 4</enbez><titel format="parat">Berufsfeldbreite Grundbildung</titel></metadaten><textdaten><text format="XML"><Content><P>Die Ausbildung im ersten Ausbildungsjahr vermittelt eine berufsfeldbreite Grundbildung, wenn die betriebliche Ausbildung nach dieser Verordnung und die Ausbildung in der Berufsschule nach den landesrechtlichen Vorschriften über das Berufsgrundbildungsjahr erfolgen.</P></Content></text></textdaten></norm>
<norm builddate="20250319223510" doknr="BJNR057100004BJNE000600000"><metadaten><jurabk>MSchnAusbV 2004</jurabk><enbez>§ 5</enbez><titel format="parat">Ausbildungsberufsbild</titel></metadaten><textdaten><text format="XML"><Content><P>Gegenstand der Berufsausbildung sind mindestens die folgenden Fertigkeiten und Kenntnisse: <DL Font="normal" Type="arabic"><DT>1.</DT><DD Font="normal"><LA Size="normal">Berufsbildung, Arbeits- und Tarifrecht,</LA></DD> <DT>2.</DT><DD Font="normal"><LA Size="normal">Aufbau und Organisation des Ausbildungsbetriebes,</LA></DD> <DT>3.</DT><DD Font="normal"><LA Size="normal">Sicherheit und Gesundheitsschutz bei der Arbeit,</LA></DD> <DT>4.</DT><DD Font="normal"><LA Size="normal">Umweltschutz,</LA></DD> <DT>5.</DT><DD Font="normal"><LA Size="normal">Planen und Vorbereiten von Arbeitsabläufen, Kundenorientierung,</LA></DD> <DT>6.</DT><DD Font="normal"><LA Size="normal">Anwenden von Informations- und Kommunikationstechniken,</LA></DD> <DT>7.</DT><DD Font="normal"><LA Size="normal">Auswählen und Vorbereiten von Werk- und Hilfsstoffen,</LA></DD> <DT>8.</DT><DD Font="normal"><LA Size="normal">Nutzen und Warten von Werkzeugen, Arbeitsgeräten, Maschinen und Zusatzeinrichtungen,</LA></DD> <DT>9.</DT><DD Font="normal"><LA Size="normal">Ausführen von gestalterischen Arbeiten,</LA></DD> <DT>10.</DT><DD Font="normal"><LA Size="normal">Zuschneiden von Werk- und Hilfsstoffen sowie Grundkonstruktion von Schnitten,</LA></DD> <DT>11.</DT><DD Font="normal"><LA Size="normal">Bügeln und Fixieren von Werk- und Hilfsstoffen,</LA></DD> <DT>12.</DT><DD Font="normal"><LA Size="normal">Ausführen von Näh- und Teilarbeiten,</LA></DD> <DT>13.</DT><DD Font="normal"><LA Size="normal">Fertigstellen von Bekleidung,</LA></DD> <DT>14.</DT><DD Font="normal"><LA Size="normal">Verändern und Aufarbeiten von Bekleidung,</LA></DD> <DT>15.</DT><DD Font="normal"><LA Size="normal">Durchführen von qualitätssichernden Maßnahmen.</LA></DD> </DL></P></Content></text></textdaten></norm>
<norm builddate="20250319223510" doknr="BJNR057100004BJNE000700000"><metadaten><jurabk>MSchnAusbV 2004</jurabk><enbez>§ 6</enbez><titel format="XML">Ausbildungsrahmenplan</titel></metadaten><textdaten><text format="XML"><Content><P>Die in § 5 genannten Fertigkeiten und Kenntnisse (Ausbildungsberufsbild) sollen unter Berücksichtigung der Schwerpunkte Damen und Herren nach der in der Anlage enthaltenen Anleitung zur sachlichen und zeitlichen Gliederung der Berufsausbildung (Ausbildungsrahmenplan) vermittelt werden. Eine von dem Ausbildungsrahmenplan abweichende sachliche und zeitliche Gliederung des Ausbildungsinhaltes ist insbesondere zulässig, soweit betriebspraktische Besonderheiten die Abweichung erfordern.</P></Content></text></textdaten></norm>
<norm builddate="20250319223510" doknr="BJNR057100004BJNE000800000"><metadaten><jurabk>MSchnAusbV 2004</jurabk><enbez>§ 7</enbez><titel format="parat">Ausbildungsplan</titel></metadaten><textdaten><text format="XML"><Content><P>Die Ausbildenden haben unter Zugrundelegung des Ausbildungsrahmenplanes für die Auszubildenden einen Ausbildungsplan zu erstellen.</P></Content></text></textdaten></norm>
<norm builddate="20250319223510" doknr="BJNR057100004BJNE000900000"><metadaten><jurabk>MSchnAusbV 2004</jurabk><enbez>§ 8</enbez><titel format="parat">Berichtsheft</titel></metadaten><textdaten><text format="XML"><Content><P>Die Auszubildenden haben ein Berichtsheft in Form eines Ausbildungsnachweises zu führen. Ihnen ist Gelegenheit zu geben, das Berichtsheft während der Ausbildungszeit zu führen. Die Ausbildenden haben das Berichtsheft regelmäßig durchzusehen.</P></Content></text></textdaten></norm>
<norm builddate="20250319223510" doknr="BJNR057100004BJNE001000000"><metadaten><jurabk>MSchnAusbV 2004</jurabk><enbez>§ 9</enbez><titel format="parat">Zwischenprüfung</titel></metadaten><textdaten><text format="XML"><Content><P>(1) Zur Ermittlung des Ausbildungsstandes ist eine Zwischenprüfung durchzuführen. Sie soll vor dem Ende des zweiten Ausbildungsjahres stattfinden.</P><P>(2) Die Zwischenprüfung erstreckt sich auf die in der Anlage für das erste Ausbildungsjahr und für das dritte Ausbildungshalbjahr aufgeführten Qualifikationen sowie auf den im Berufsschulunterricht entsprechend dem Rahmenlehrplan zu vermittelnden Lehrstoff, soweit er für die Berufsausbildung wesentlich ist.</P><P>(3) Der Prüfling soll in insgesamt höchstens acht Stunden eine Arbeitsaufgabe, die einem Kundenauftrag entspricht, durchführen und mit betriebsüblichen Unterlagen dokumentieren. Hierfür kommen insbesondere in Betracht: <DL Font="normal" Type="arabic"><DT>1.</DT><DD Font="normal"><LA Size="normal">Anfertigen eines Kleinstücks unter Berücksichtigung folgender Verarbeitungsmerkmale: Taschen und Verschluss einschließlich Knopfloch, Schlitz, Saum, Kante sowie Kragen oder Manschette,</LA></DD> <DT>2.</DT><DD Font="normal"><LA Size="normal">Anfertigen eines Kleinstücks unter Berücksichtigung folgender Verarbeitungsmerkmale: Taschen und Verschluss einschließlich Knopfloch, Schlitz, Saum, Bund und Futter.</LA><LA Size="normal">Bei der Anfertigung einer Hose kann eine zuvor gefertigte rechte Hosenseite verwandt werden.</LA></DD>  </DL>Bei der Durchführung der Arbeitsaufgabe und der Dokumentation soll der Prüfling zeigen, dass er die Arbeitsschritte planen, Arbeitsmittel festlegen, technische Unterlagen nutzen, Grundsätze der Kundenorientierung sowie Anforderungen des Sicherheits- und Gesundheitsschutzes bei der Arbeit, des Umweltschutzes und der Wirtschaftlichkeit berücksichtigen kann.</P></Content>  </text></textdaten></norm>
<norm builddate="20250319223510" doknr="BJNR057100004BJNE001100000"><metadaten><jurabk>MSchnAusbV 2004</jurabk><enbez>§ 10</enbez><titel format="parat">Gesellenprüfung</titel></metadaten><textdaten><text format="XML"><Content><P>(1) Die Gesellenprüfung erstreckt sich auf die in der Anlage aufgeführten Qualifikationen sowie auf den im Berufsschulunterricht vermittelten Lehrstoff, soweit er für die Berufsausbildung wesentlich ist.</P><P>(2) Der Prüfling soll im praktischen Teil der Prüfung in insgesamt höchstens 40 Stunden eine Arbeitsaufgabe durchführen und mit betriebsüblichen Unterlagen dokumentieren und hierüber während dieser Zeit in insgesamt höchstens 30 Minuten ein Fachgespräch führen, das aus mehreren Gesprächsphasen bestehen kann. Hierfür kommt insbesondere in Betracht: <BR/>Entwerfen und Anfertigen eines Großstücks unter Berücksichtigung der Schwerpunkte Damen und Herren. <BR/>Der Prüfling hat den Entwurf für die Arbeitsaufgabe dem Prüfungsausschuss zur Genehmigung vorzulegen. <BR/>Im praktischen Teil der Prüfung soll der Prüfling zeigen, dass er Arbeitsabläufe unter Beachtung wirtschaftlicher, technischer und organisatorischer Vorgaben selbständig und kundenorientiert planen und durchführen kann, dabei Arbeitsergebnisse kontrollieren und dokumentieren sowie Maßnahmen zur Sicherheit und zum Gesundheitsschutz bei der Arbeit und zum Umweltschutz durchführen kann. Durch das Fachgespräch soll der Prüfling zeigen, dass er fachbezogene Probleme und deren Lösungen darstellen, die für die Arbeitsaufgabe relevanten fachlichen Hintergründe aufzeigen sowie die Vorgehensweise bei der Ausführung der Arbeitsaufgabe begründen kann. Die Durchführung der Arbeitsaufgabe einschließlich der Dokumentation ist mit 80 Prozent und das Fachgespräch mit 20 Prozent zu gewichten.</P><P>(3) Der Prüfling soll im schriftlichen Teil der Prüfung in den Prüfungsbereichen Planung und Fertigung, Gestaltung und Konstruktion sowie Wirtschafts- und Sozialkunde geprüft werden. In den Prüfungsbereichen Planung und Fertigung sowie Gestaltung und Konstruktion sind fachliche Probleme mit verknüpften technologischen, mathematischen und gestalterischen Inhalten zu bewerten und zu lösen. Dabei sollen die Sicherheit und der Gesundheitsschutz bei der Arbeit, der Umweltschutz sowie qualitätssichernde Maßnahmen einbezogen werden. Es kommen Aufgaben insbesondere aus folgenden Gebieten in Betracht: <DL Font="normal" Type="arabic"><DT>1.</DT><DD Font="normal"><LA Size="normal">im Prüfungsbereich Planung und Fertigung:</LA><LA Size="normal">Auswählen von Werk- und Hilfsstoffen sowie Zutaten für Bekleidung, Planen der Fertigungsschritte sowie Erstellen von Planungsunterlagen. Dabei soll der Prüfling zeigen, dass er Werkzeuge und Maschinen auswählen, Materialeigenschaften berücksichtigen und Verarbeitungstechniken anwenden kann;</LA></DD>  <DT>2.</DT><DD Font="normal"><LA Size="normal">im Prüfungsbereich Gestaltung und Konstruktion:</LA><LA Size="normal">Bestimmen, Konstruieren und Modifizieren von Schnittteilen, Erstellen von Entwurfszeichnungen und technischen Zeichnungen. Dabei soll der Prüfling zeigen, dass er die Grundlagen der Farb- und Formgebung sowie Gestaltungstechniken anwenden und modische sowie historische Gesichtspunkte berücksichtigen kann;</LA></DD>  <DT>3.</DT><DD Font="normal"><LA Size="normal">im Prüfungsbereich Wirtschafts- und Sozialkunde:</LA><LA Size="normal">allgemeine wirtschaftliche und gesellschaftliche Zusammenhänge der Berufs- und Arbeitswelt.</LA></DD>  </DL> </P><P>(4) In der schriftlichen Prüfung ist von folgenden zeitlichen Höchstwerten auszugehen: <BR/><table frame="none" tocentry="%yes;">
	<tgroup align="left" char="" charoff="50" cols="3" colsep="0" rowsep="0">
		<colspec colname="col1" colnum="1" colwidth="5*"/>
		<colspec colname="col2" colnum="2" colwidth="60*"/>
		<colspec colname="col3" colnum="3" colwidth="30*"/>
		<tbody valign="top">
			<row>
				<entry VJ="1" align="left" colsep="0" valign="top">1.</entry>
				<entry VJ="1" align="left" colsep="0" valign="top">im Prüfungsbereich Planung und Fertigung</entry>
				<entry VJ="1" align="right" colsep="0" valign="top">150 Minuten,</entry>
			</row>
			<row>
				<entry VJ="1" align="left" colsep="0" valign="top">2.</entry>
				<entry VJ="1" align="left" colsep="0" valign="top">im Prüfungsbereich Gestaltung und Konstruktion</entry>
				<entry VJ="1" align="right" colsep="0" valign="top">120 Minuten,</entry>
			</row>
			<row>
				<entry VJ="1" align="left" colsep="0" valign="top">3.</entry>
				<entry VJ="1" align="left" colsep="0" valign="top">im Prüfungsbereich Wirtschafts- und Sozialkunde</entry>
				<entry VJ="1" align="right" colsep="0" valign="top">60 Minuten.</entry>
			</row>
		</tbody>
	</tgroup>
</table> </P><P>(5) Der schriftliche Teil der Prüfung ist auf Antrag des Prüflings oder nach Ermessen des Prüfungsausschusses in einzelnen Prüfungsbereichen durch eine mündliche Prüfung zu ergänzen, wenn diese für das Bestehen der Prüfung den Ausschlag geben kann. Bei der Ermittlung der Ergebnisse für die mündlich geprüften Prüfungsbereiche sind die jeweiligen bisherigen Ergebnisse und die entsprechenden Ergebnisse der mündlichen Ergänzungsprüfung im Verhältnis 2 : 1 zu gewichten.</P><P>(6) Innerhalb des schriftlichen Teils der Prüfung sind die Prüfungsbereiche wie folgt zu gewichten: <BR/><table frame="none" tocentry="%yes;">
	<tgroup align="left" char="" charoff="50" cols="3" colsep="0" rowsep="0">
		<colspec colname="col1" colnum="1" colwidth="5*"/>
		<colspec colname="col2" colnum="2" colwidth="60*"/>
		<colspec colname="col3" colnum="3" colwidth="30*"/>
		<tbody valign="top">
			<row>
				<entry VJ="1" align="left" colsep="0" valign="top">1.</entry>
				<entry VJ="1" align="left" colsep="0" valign="top">Prüfungsbereich Planung und Fertigung</entry>
				<entry VJ="1" align="left" colsep="0" valign="top">50 Prozent,</entry>
			</row>
			<row>
				<entry VJ="1" align="left" colsep="0" valign="top">2.</entry>
				<entry VJ="1" align="left" colsep="0" valign="top">Prüfungsbereich Gestaltung und Konstruktion</entry>
				<entry VJ="1" align="left" colsep="0" valign="top">30 Prozent,</entry>
			</row>
			<row>
				<entry VJ="1" align="left" colsep="0" valign="top">3.</entry>
				<entry VJ="1" align="left" colsep="0" valign="top">Prüfungsbereich Wirtschafts- und Sozialkunde</entry>
				<entry VJ="1" align="left" colsep="0" valign="top">20 Prozent.</entry>
			</row>
		</tbody>
	</tgroup>
</table> </P><P>(7) Die Gesellenprüfung ist bestanden, wenn <DL Font="normal" Type="arabic"><DT>1.</DT><DD Font="normal"><LA Size="normal">im praktischen Teil der Prüfung und</LA></DD> <DT>2.</DT><DD Font="normal"><LA Size="normal">im schriftlichen Teil der Prüfung</LA></DD> </DL>jeweils mindestens ausreichende Leistungen erbracht wurden. In zwei der Prüfungsbereiche des schriftlichen Teils der Prüfung müssen mindestens ausreichende Leistungen, in dem weiteren Prüfungsbereich des schriftlichen Teils der Prüfung dürfen keine ungenügenden Leistungen erbracht worden sein.</P></Content>     </text></textdaten></norm>
<norm builddate="20250319223510" doknr="BJNR057100004BJNE001500377"><metadaten><jurabk>MSchnAusbV 2004</jurabk><enbez>§ 10a</enbez><titel format="parat">Anrechnungsregelung</titel></metadaten><textdaten><text format="XML"><Content><P>Auf die Berufsausbildung nach dieser Verordnung können die in dem abgeschlossenen Ausbildungsberuf Änderungsschneider/ Änderungsschneiderin erworbenen beruflichen Fertigkeiten, Kenntnisse und Fähigkeiten bis zum vollen Umfang der dort zurückgelegten Ausbildungszeit angerechnet werden; § 8 Abs. 1 und 2 des Berufsbildungsgesetzes bleibt unberührt.</P></Content></text><fussnoten/></textdaten></norm>
<norm builddate="20250319223510" doknr="BJNR057100004BJNE001200000"><metadaten><jurabk>MSchnAusbV 2004</jurabk><enbez>§ 11</enbez><titel format="parat">Übergangsregelung</titel></metadaten><textdaten><text format="XML"><Content><P>Auf Berufsausbildungsverhältnisse, die bei Inkrafttreten dieser Verordnung bestehen, sind die bisherigen Vorschriften weiter anzuwenden, es sei denn, die Vertragsparteien vereinbaren die Anwendung der Vorschriften dieser Verordnung.</P></Content></text></textdaten></norm>
<norm builddate="20250319223510" doknr="BJNR057100004BJNE001300000"><metadaten><jurabk>MSchnAusbV 2004</jurabk><enbez>§ 12</enbez><titel format="parat">Inkrafttreten, Außerkrafttreten</titel></metadaten><textdaten><text format="XML"><Content><P>Diese Verordnung tritt am 1. August 2004 in Kraft.</P></Content></text><fussnoten/></textdaten></norm>
<norm builddate="20250319223510" doknr="BJNR057100004BJNE001400000"><metadaten><jurabk>MSchnAusbV 2004</jurabk><enbez>Anlage</enbez><titel format="XML">(zu § 6)
<BR/>
Ausbildungsrahmenplan für die Berufsausbildung zum
Maßschneider/zur Maßschneiderin</titel></metadaten><textdaten><text format="XML"><Content><P><noindex><ABWFORMAT typ="A"/><kommentar typ="Fundstelle">(Fundstelle: BGBl. 2004, 574 - 579)<BR/></kommentar></noindex><BR/><table frame="all"><tgroup cols="7" colsep="1" rowsep="1"><colspec align="center" colname="col1" colnum="1" colwidth="50"/><colspec colname="col2" colnum="2" colwidth="150"/><colspec colname="col3" colnum="3" colwidth="300"/><colspec align="center" colname="col4" colnum="4" colwidth="30"/><colspec align="center" colname="col5" colnum="5" colwidth="30"/><colspec align="center" colname="col6" colnum="6" colwidth="30"/><colspec align="center" colname="col7" colnum="7" colwidth="30"/><tbody valign="top"><row rowsep="0"><entry align="left" nameend="col7" namest="col1"/></row><row rowsep="0"><entry align="left" nameend="col7" namest="col1">I. Berufliche Grundbildung</entry></row><row><entry nameend="col7" namest="col1"> </entry></row><row><entry align="left" morerows="1">Lfd. Nr.</entry><entry align="center" morerows="1">Teil des Ausbildungsberufsbildes</entry><entry align="center" morerows="1">Zu vermittelnde Fertigkeiten und Kenntnisse</entry><entry align="center" nameend="col7" namest="col4">Zeitliche Richtwerte in Wochen im Ausbildungsjahr</entry></row><row><entry>1</entry><entry align="center" nameend="col6" namest="col5">2</entry><entry align="center">3</entry></row><row><entry>1</entry><entry align="center">2</entry><entry align="center">3</entry><entry align="center" nameend="col7" namest="col4">4</entry></row><row><entry>1</entry><entry>Berufsbildung, Arbeits- und Tarifrecht<BR/>(§ 5 Nr. 1)</entry><entry><DL><DT>a)</DT><DD><LA>Bedeutung des Ausbildungsvertrages, insbesondere Abschluss, Dauer und Beendigung, erklären</LA></DD><DT>b)</DT><DD><LA>gegenseitige Rechte und Pflichten aus dem Ausbildungsvertrag nennen</LA></DD><DT>c)</DT><DD><LA>Möglichkeiten der beruflichen Fortbildung nennen</LA></DD><DT>d)</DT><DD><LA>wesentliche Teile des Arbeitsvertrages nennen</LA></DD><DT>e)</DT><DD><LA>wesentliche Bestimmungen der für den ausbildenden Betrieb geltenden Tarifverträge nennen</LA></DD></DL></entry><entry align="left" morerows="3" nameend="col7" namest="col4" valign="middle">während der gesamten Ausbildung zu vermitteln</entry></row><row><entry>2</entry><entry>Aufbau und Organisation des Ausbildungsbetriebes<BR/>(§ 5 Nr. 2)</entry><entry><DL><DT>a)</DT><DD><LA>Aufbau und Aufgaben des ausbildenden Betriebes erläutern</LA></DD><DT>b)</DT><DD><LA>Grundfunktionen des ausbildenden Betriebes, wie Beschaffung, Fertigung, Absatz und Verwaltung, erklären</LA></DD><DT>c)</DT><DD><LA>Beziehungen des ausbildenden Betriebes und seiner Beschäftigten zu Wirtschaftsorganisationen, Berufsvertretungen und Gewerkschaften nennen</LA></DD><DT>d)</DT><DD><LA>Grundlagen, Aufgaben und Arbeitsweise der betriebsverfassungs- oder personalvertretungsrechtlichen Organe des ausbildenden Betriebes beschreiben</LA></DD></DL></entry></row><row><entry>3</entry><entry>Sicherheit und Gesundheitsschutz bei der Arbeit<BR/>(§ 5 Nr. 3)</entry><entry><DL><DT>a)</DT><DD><LA>Gefährdung von Sicherheit und Gesundheit am Arbeitsplatz feststellen und Maßnahmen zu ihrer Vermeidung ergreifen</LA></DD><DT>b)</DT><DD><LA>berufsbezogene Arbeitsschutz- und Unfallverhütungsvorschriften anwenden</LA></DD><DT>c)</DT><DD><LA>Verhaltensweisen bei Unfällen beschreiben sowie erste Maßnahmen einleiten</LA></DD><DT>d)</DT><DD><LA>Vorschriften des vorbeugenden Brandschutzes anwenden; Verhaltensweisen bei Bränden beschreiben und Maßnahmen zur Brandbekämpfung ergreifen</LA></DD></DL></entry></row><row><entry>4</entry><entry>Umweltschutz<BR/>(§ 5 Nr. 4)</entry><entry>Zur Vermeidung betriebsbedingter Umweltbelastungen im beruflichen Einwirkungsbereich beitragen, insbesondere<DL><DT>a)</DT><DD><LA>mögliche Umweltbelastungen durch den Ausbildungsbetrieb und seinen Beitrag zum Umweltschutz an Beispielen erklären</LA></DD><DT>b)</DT><DD><LA>für den Ausbildungsbetrieb geltende Regelungen des Umweltschutzes anwenden</LA></DD><DT>c)</DT><DD><LA>Möglichkeiten der wirtschaftlichen und umweltschonenden Energie- und Materialverwendung nutzen</LA></DD><DT>d)</DT><DD><LA>Abfälle vermeiden, Stoffe und Materialien einer umweltschonenden Entsorgung zuführen</LA></DD></DL></entry></row><row><entry>5</entry><entry>Planen und Vorbereiten von Arbeitsabläufen, Kundenorientierung<BR/>(§ 5 Nr. 5)</entry><entry><DL><DT>a)</DT><DD><LA>Arbeitsaufträge annehmen und auf Umsetzbarkeit prüfen</LA></DD><DT>b)</DT><DD><LA>Arbeitsschritte anhand der Auftragsunterlagen festlegen, Arbeitsabläufe dokumentieren</LA></DD><DT>c)</DT><DD><LA>Arbeitsplatz ergonomisch vorbereiten, Werk- und Hilfsstoffe, Betriebsmittel und Arbeitsgeräte auswählen und bereitstellen</LA></DD><DT>d)</DT><DD><LA>Kundengespräche führen, Termine mit Kunden abstimmen</LA></DD></DL></entry><entry valign="middle">4</entry><entry> </entry><entry> </entry><entry> </entry></row><row><entry>6</entry><entry>Anwenden von Informations- und Kommunikationstechniken<BR/>(§ 5 Nr. 6)</entry><entry><DL><DT>a)</DT><DD><LA>Bedeutung und Nutzungsmöglichkeiten von Informations- und Kommunikationssystemen beschreiben</LA></DD><DT>b)</DT><DD><LA>Informationen beschaffen, nutzen und auswerten</LA></DD><DT>c)</DT><DD><LA>Daten pflegen und sichern, Vorschriften des Datenschutzes beachten</LA></DD></DL></entry><entry valign="middle">2</entry><entry> </entry><entry> </entry><entry> </entry></row><row><entry>7</entry><entry>Auswählen und Vorbereiten von Werk- und Hilfsstoffen<BR/>(§ 5 Nr. 7)</entry><entry><DL><DT>a)</DT><DD><LA>Eigenschaften und Einsatzgebiete, insbesondere von Faserstoffen, Garnen, Zwirnen und textilen Flächengebilden, unterscheiden</LA></DD><DT>b)</DT><DD><LA>Handelsbezeichnungen, Textilkennzeichnung und Pflegesymbole anwenden</LA></DD><DT>c)</DT><DD><LA>Nähgarne auswählen</LA></DD><DT>d)</DT><DD><LA>Zutaten nach funktionellen und modischen Gesichtspunkten auswählen</LA></DD><DT>e)</DT><DD><LA>Werk- und Hilfsstoffe zuordnen und lagern</LA></DD></DL></entry><entry valign="middle">6</entry><entry> </entry><entry> </entry><entry> </entry></row><row><entry>8</entry><entry>Nutzen und Warten von Werkzeugen, Arbeitsgeräten, Maschinen und Zusatzeinrichtungen<BR/>(§ 5 Nr. 8)</entry><entry><DL><DT>a)</DT><DD><LA>Werkzeuge, Arbeitsgeräte, Maschinen und Zusatzeinrichtungen, insbesondere nach Materialbeschaffenheit und Einsatzgebieten, auswählen und einsetzen</LA></DD><DT>b)</DT><DD><LA>Zusatzeinrichtungen anbringen, Maschinen einrichten</LA></DD><DT>c)</DT><DD><LA>Werkzeuge, Arbeitsgeräte und Maschinen pflegen, Funktionen prüfen</LA></DD><DT>d)</DT><DD><LA>Störungen erkennen, beheben und Störungsbeseitigung veranlassen</LA></DD></DL></entry><entry valign="middle">6</entry><entry> </entry><entry> </entry><entry> </entry></row><row><entry>9</entry><entry>Ausführen von gestalterischen Arbeiten<BR/>(§ 5 Nr. 9)</entry><entry><DL><DT>a)</DT><DD><LA>Anregungen aufnehmen und auswerten</LA></DD><DT>b)</DT><DD><LA>Skizzen und Zeichnungen erstellen und anwenden</LA></DD><DT>c)</DT><DD><LA>Grundlagen der Farben- und Formenlehre anwenden</LA></DD></DL></entry><entry valign="middle">2</entry><entry> </entry><entry> </entry><entry> </entry></row><row><entry>10</entry><entry>Zuschneiden von Werk- und Hilfsstoffen sowie Grundkonstruktion von Schnitten<BR/>(§ 5 Nr. 10)</entry><entry><DL><DT>a)</DT><DD><LA>Schnittteile zuordnen</LA></DD><DT>b)</DT><DD><LA>Schnittschablonen erstellen und anwenden</LA></DD><DT>c)</DT><DD><LA>Fehler beim Legen und Schneiden feststellen und ihre Folgen für die Weiterverarbeitung erkennen</LA></DD><DT>d)</DT><DD><LA>Werkteile ausschneiden, insbesondere Fadenlauf- und Strichrichtung sowie mustergerechtes Ausschneiden beachten</LA></DD></DL></entry><entry valign="middle">6</entry><entry> </entry><entry> </entry><entry> </entry></row><row><entry>11</entry><entry>Bügeln und Fixieren von Werk- und Hilfsstoffen<BR/>(§ 5 Nr. 11)</entry><entry><DL><DT>a)</DT><DD><LA>Wirkung von Temperatur, Dampf, Zeit und Druck auf Werk- und Hilfsstoffe prüfen</LA></DD><DT>b)</DT><DD><LA>Nähte, Abnäher und Einlagen form- und ausbügeln</LA></DD><DT>c)</DT><DD><LA>Werk- und Hilfsstoffe abbügeln</LA></DD><DT>d)</DT><DD><LA>Werk- und Hilfsstoffe fixieren</LA></DD><DT>e)</DT><DD><LA>Fixiereffekte und Festigkeit von Verbindungen prüfen</LA></DD></DL></entry><entry valign="middle">10</entry><entry> </entry><entry> </entry><entry> </entry></row><row><entry>12</entry><entry>Ausführen von Näh- und Teilarbeiten<BR/>(§ 5 Nr. 12)</entry><entry><DL><DT>a)</DT><DD><LA>Zutaten und Zuschnitte nach Arbeitsauftrag bereitstellen</LA></DD><DT>b)</DT><DD><LA>Körperhaltungen einnehmen, Grifftechniken anwenden, insbesondere nach ergonomischen Gesichtspunkten</LA></DD><DT>c)</DT><DD><LA>Sticharten ausführen, insbesondere Heften, Steppen, Pikieren, Staffieren, Säumen und Knopflochstiche</LA></DD></DL></entry><entry valign="middle">14</entry><entry> </entry><entry> </entry><entry> </entry></row><row><entry>13</entry><entry>Durchführen von qualitätssichernden Maßnahmen<BR/>(§ 5 Nr. 15)</entry><entry><DL><DT>a)</DT><DD><LA>Ziele, Aufgaben und Bedeutung des betrieblichen Qualitätsmanagementssystems beschreiben</LA></DD><DT>b)</DT><DD><LA>Zwischenkontrollen durchführen</LA></DD><DT>c)</DT><DD><LA>Fehler erkennen und dokumentieren</LA></DD></DL></entry><entry valign="middle">2</entry><entry> </entry><entry> </entry><entry> </entry></row><row rowsep="0"><entry nameend="col7" namest="col1"> </entry></row><row><entry align="left" nameend="col7" namest="col1">II. Berufliche Fachbildung</entry></row><row><entry morerows="1">1</entry><entry morerows="1">Planen und Vorbereiten von Arbeitsabläufen, Kundenorientierung (§ 5 Nr. 5)</entry><entry><DL><DT>a)</DT><DD><LA>Produktinformationen beurteilen, Produkteigenschaften von Werk- und Hilfsstoffen vergleichen</LA></DD><DT>b)</DT><DD><LA>Verarbeitungstechniken festlegen, insbesondere Stich- und Nahtarten</LA></DD></DL></entry><entry> </entry><entry valign="middle">2</entry><entry> </entry><entry> </entry></row><row><entry><DL><DT>c)</DT><DD><LA>Aufgaben im Team planen und bearbeiten, Ergebnisse der Zusammenarbeit auswerten</LA></DD><DT>d)</DT><DD><LA>Kundenwünsche ermitteln, mit dem betrieblichen Leistungsangebot vergleichen und daraus Vorgehensweisen für die Kundenberatung ableiten</LA></DD><DT>e)</DT><DD><LA>Kosten abschätzen, Material disponieren</LA></DD></DL></entry><entry> </entry><entry> </entry><entry valign="middle">3</entry><entry> </entry></row><row><entry>2</entry><entry>Anwenden von Informations- und Kommunikationstechniken<BR/>(§ 5 Nr. 6)</entry><entry>Arbeitsaufgaben mit Hilfe von Informations- und Kommunikationssystemen bearbeiten, Anwenderprogramme nutzen</entry><entry> </entry><entry valign="middle">2</entry><entry> </entry><entry> </entry></row><row><entry morerows="1">3</entry><entry morerows="1">Auswählen und Vorbereiten von Werk- und Hilfsstoffen<BR/>(§ 5 Nr. 7)</entry><entry><DL><DT>a)</DT><DD><LA>Auswirkungen von Mängeln in Werkstoffen, Hilfsstoffen und Zubehör auf Verarbeitung und Erzeugnisqualität beurteilen</LA></DD></DL></entry><entry> </entry><entry valign="middle">2</entry><entry> </entry><entry> </entry></row><row><entry><DL><DT>b)</DT><DD><LA>Auswirkungen von Veredlungsmaßnahmen unterscheiden</LA></DD></DL></entry><entry> </entry><entry> </entry><entry valign="middle">2</entry><entry> </entry></row><row><entry morerows="1">4</entry><entry morerows="1">Ausführen von gestalterischen Arbeiten<BR/>(§ 5 Nr. 9)</entry><entry><DL><DT>a)</DT><DD><LA>Gestaltungstechniken anwenden, insbesondere Zierarbeiten, traditionelle Nähtechniken, Drapieren, Plissieren, Färben und Stäbchenverarbeitung</LA></DD></DL></entry><entry> </entry><entry> </entry><entry valign="middle">5</entry><entry> </entry></row><row><entry><DL><DT>b)</DT><DD><LA>Entwürfe nach modischen, historischen, funktionalen und technologischen Gesichtspunkten gestalten und ausarbeiten, Entwürfe präsentieren</LA></DD><DT>c)</DT><DD><LA>technische Umsetzbarkeit von Entwürfen prüfen</LA></DD></DL></entry><entry> </entry><entry> </entry><entry> </entry><entry valign="middle">4</entry></row><row><entry>5</entry><entry>Zuschneiden von Werk- und Hilfsstoffen sowie Grundkonstruktion von Schnitten<BR/>(§ 5 Nr. 10)</entry><entry><DL><DT>a)</DT><DD><LA>Körpermaße und individuelle Besonderheiten feststellen und ihre Bedeutung für Grundschnitt, Passform und Verarbeitung beachten</LA></DD><DT>b)</DT><DD><LA>Zusammenhang zwischen Grund- und Modellschnitten herstellen</LA></DD></DL></entry><entry> </entry><entry> </entry><entry valign="middle">4</entry><entry> </entry></row><row><entry>6</entry><entry>Bügeln und Fixieren von Werk- und Hilfsstoffen<BR/>(§ 5 Nr. 11)</entry><entry>schnittergänzende Dressurarbeiten festlegen, zugeschnittene Teile dressieren</entry><entry> </entry><entry valign="middle">3</entry><entry> </entry><entry> </entry></row><row><entry>7</entry><entry>Ausführen von Näh- und Teilarbeiten<BR/>(§ 5 Nr. 12)</entry><entry><DL><DT>a)</DT><DD><LA>Teilarbeiten ausführen, insbesondere Taschen, Kanten, Schlitze und Verschlüsse fertigen</LA></DD><DT>b)</DT><DD><LA>Bekleidungsstücke zur Anprobe richten, Änderungen markieren und vornehmen</LA></DD><DT>c)</DT><DD><LA>Teilarbeiten ausführen, insbesondere Kragen und Ärmel fertigen</LA></DD></DL></entry><entry> </entry><entry valign="middle">9</entry><entry> </entry><entry> </entry></row><row><entry morerows="1">8</entry><entry morerows="1">Fertigstellen von Bekleidung<BR/>(§ 5 Nr. 13)</entry><entry>Kleinteile in verschiedenen Ausführungen unter Anwendung unterschiedlicher Verarbeitungsweisen und unter Berücksichtigung von Material, Modell, Funktion und Kundenanforderungen fertig stellen, insbesondere<DL><DT>a)</DT><DD><LA>Hosen mit Schlitz-, Bund-, Saum-, Taschen- und Futterverarbeitung</LA></DD><DT>b)</DT><DD><LA>Röcke mit Schlitz-, Bund-, Saum-, Taschen-, Futter- und Faltenverarbeitung sowie Blusen mit Kragenverarbeitung, Ausschnitt- und Ärmelformen sowie Verschlusstechniken oder Hemden mit Kragen- und Manschettenverarbeitung sowie Verschlusstechniken</LA></DD><DT>c)</DT><DD><LA>modellbezogene Besonderheiten und Ausschmückungen ausarbeiten</LA></DD></DL></entry><entry> </entry><entry valign="middle">10</entry><entry> </entry><entry> </entry></row><row><entry><DL><DT>d)</DT><DD><LA>Westen mit Taschen-, Futter- und Kantenverarbeitung sowie Verschlusstechniken</LA></DD><DT>e)</DT><DD><LA>Nähergebnisse, insbesondere anhand des Kundenauftrags, prüfen</LA></DD></DL></entry><entry> </entry><entry> </entry><entry valign="middle">8</entry><entry> </entry></row><row><entry>9</entry><entry>Verändern und Aufarbeiten von Bekleidung<BR/>(§ 5 Nr. 14)</entry><entry><DL><DT>a)</DT><DD><LA>Bekleidung reparieren und instand halten</LA></DD><DT>b)</DT><DD><LA>Bekleidung modernisieren</LA></DD><DT>c)</DT><DD><LA>körperliche Veränderungen und Abweichungen feststellen</LA></DD><DT>d)</DT><DD><LA>Bekleidung anpassen</LA></DD><DT>e)</DT><DD><LA>Änderungen hinsichtlich Kosten und Umsetzbarkeit prüfen</LA></DD><DT>f)</DT><DD><LA>Reklamationen entgegennehmen und bearbeiten</LA></DD></DL></entry><entry> </entry><entry> </entry><entry> </entry><entry valign="middle">4</entry></row><row><entry morerows="1">10</entry><entry morerows="1">Durchführen von qualitätssichernden Maßnahmen<BR/>(§ 5 Nr. 15)</entry><entry><DL><DT>a)</DT><DD><LA>Prüftechniken anwenden, Prüfergebnisse bewerten und dokumentieren</LA></DD><DT>b)</DT><DD><LA>Lösungen zur Fehlerbeseitigung erarbeiten, Fehler beheben</LA></DD><DT>c)</DT><DD><LA>Ursachen von Qualitätsabweichungen feststellen und auswerten, Korrektur- und Vorbeugungsmaßnahmen durchführen</LA></DD></DL></entry><entry> </entry><entry> </entry><entry valign="middle">2</entry><entry> </entry></row><row><entry><DL><DT>d)</DT><DD><LA>Endkontrollen anhand von Arbeitsaufträgen durchführen, Qualitätsvorgaben einhalten, insbesondere Toleranzbereiche, Fertigmaße und Verarbeitung, Ergebnisse dokumentieren</LA></DD><DT>e)</DT><DD><LA>Bekleidungsstücke präsentieren</LA></DD><DT>f)</DT><DD><LA>Bekleidungsstücke für die Auslieferung vorbereiten</LA></DD><DT>g)</DT><DD><LA>zur kontinuierlichen Verbesserung von Arbeitsvorgängen beitragen</LA></DD></DL></entry><entry> </entry><entry> </entry><entry> </entry><entry valign="middle">4</entry></row><row rowsep="0"><entry nameend="col7" namest="col1"> </entry></row><row><entry align="left" nameend="col7" namest="col1">A: Schwerpunkt Damen</entry></row><row><entry morerows="1">1</entry><entry morerows="1">Fertigstellen von Bekleidung<BR/>(§ 5 Nr. 13)</entry><entry>Großstücke in verschiedenen Ausführungen unter Anwendung unterschiedlicher Verarbeitungstechniken und unter Berücksichtigung von weiblichen Körperformen, Material, Modell, Funktion und Kundenanforderungen fertig stellen, insbesondere<DL><DT>a)</DT><DD><LA>Kleider, insbesondere mit unterschiedlichen Ausschnitt-, Ärmel- und Rockformen, Taillenverarbeitung sowie Ausschmückungen</LA></DD><DT>b)</DT><DD><LA>Gesellschaftskleidung, insbesondere Cocktail-, Abend- oder Brautkleider sowie Corsagen</LA></DD></DL></entry><entry> </entry><entry> </entry><entry> </entry><entry valign="middle">20</entry></row><row><entry><DL><DT>c)</DT><DD><LA>Kostüme, insbesondere mit Kragen-, Revers-, Futter- und Einlagenverarbeitung sowie Verschlusstechniken</LA></DD><DT>d)</DT><DD><LA>Jacken und Mäntel, insbesondere mit unterschiedlichen Ärmelanlagen, Kragen- und Reversverarbeitung sowie Verschlusstechniken</LA></DD></DL></entry><entry> </entry><entry> </entry><entry> </entry><entry valign="middle">20</entry></row><row rowsep="0"><entry nameend="col7" namest="col1"> </entry></row><row><entry align="left" nameend="col7" namest="col1">B: Schwerpunkt Herren</entry></row><row><entry morerows="1">1</entry><entry morerows="1">Fertigstellen von Bekleidung<BR/>(§ 5 Nr. 13)</entry><entry>Großstücke in verschiedenen Ausführungen unter Anwendung unterschiedlicher Verarbeitungstechniken und unter Berücksichtigung von männlichen Körperformen, Material, Modell, Funktion und Kundenanforderungen fertig stellen, insbesondere<DL><DT>a)</DT><DD><LA>Sakkos, insbesondere mit Ober- und Unterkragen-, Revers- und Futterverarbeitung sowie Verschlusstechniken und formgebenden Einlagen</LA></DD><DT>b)</DT><DD><LA>Anzüge in stilistischer und verarbeitungstechnischer Abstimmung</LA></DD><DT>c)</DT><DD><LA>Gesellschaftskleidung, insbesondere Smoking, Cut oder Frack</LA></DD></DL></entry><entry> </entry><entry> </entry><entry> </entry><entry valign="middle">26</entry></row><row><entry><DL><DT>d)</DT><DD><LA>Jacken und Mäntel, insbesondere mit unterschiedlichen Ärmelanlagen, Kragen- und Reversverarbeitung sowie Verschlusstechniken</LA></DD></DL></entry><entry> </entry><entry> </entry><entry> </entry><entry valign="middle">14</entry></row></tbody></tgroup></table></P></Content></text></textdaten></norm>
</dokumente>