<?xml version="1.0" encoding="UTF-8" ?><!DOCTYPE dokumente SYSTEM "http://www.gesetze-im-internet.de/dtd/1.01/gii-norm.dtd">
<dokumente builddate="20241015215001" doknr="BJNR1310A0024"><norm builddate="20241015215001" doknr="BJNR1310A0024"><metadaten><jurabk>BBiMindVergFBek 2025</jurabk><ausfertigung-datum manuell="ja">2024-10-08</ausfertigung-datum><fundstelle typ="amtlich"><periodikum>BGBl. I</periodikum><zitstelle>2024, Nr. 305</zitstelle></fundstelle><langue>Bekanntmachung zur Fortschreibung der Höhe der Mindestvergütung für Berufsausbildungen nach dem Berufsbildungsgesetz (2025)</langue></metadaten><textdaten><fussnoten><Content><P><BR/> <pre xml:space="preserve">(+++ Textnachweis ab: 14.10.2024 +++)<BR/><BR/></pre></P></Content></fussnoten></textdaten></norm>
<norm builddate="20241015215001" doknr="BJNR1310A0024BJNE000100000"><metadaten><jurabk>BBiMindVergFBek 2025</jurabk><enbez>(XXXX)</enbez></metadaten><textdaten><text format="XML"><Content><P>Auf Grund des § 17 Absatz 2 Satz 5 des Berufsbildungsgesetzes in der Fassung der Bekanntmachung vom 4. Mai 2020 (BGBl. I S. 920), das zuletzt durch Artikel 2 des Gesetzes vom 19. Juli 2024 (BGBl. 2024 I Nr. 246) geändert worden ist, wird bekannt gemacht:</P><P>Die Höhe der monatlichen Mindestvergütung nach § 17 Absatz 2 Satz 1 des Berufsbildungsgesetzes beträgt, wenn die Berufsausbildung im Zeitraum vom 1. Januar 2025 bis zum 31. Dezember 2025 begonnen wird, <BR/><table frame="none" pgwide="1" tocentry="%yes;"><tgroup align="left" char="" charoff="50" cols="2"><colspec colname="col1" colwidth="60*"/><colspec colname="col2" colwidth="105*"/><tbody valign="top"><row><entry VJ="1" colname="col1" colsep="0" rowsep="0">im ersten Jahr einer Berufsausbildung</entry><entry VJ="1" colname="col2" rowsep="0">682 Euro (§ 17 Absatz 2 Satz 1 Nummer 1 des Berufsbildungsgesetzes),</entry></row><row><entry VJ="1" colname="col1" colsep="0" rowsep="0">im zweiten Jahr einer Berufsausbildung</entry><entry VJ="1" colname="col2" rowsep="0">805 Euro (§ 17 Absatz 2 Satz 1 Nummer 2 des Berufsbildungsgesetzes),</entry></row><row><entry VJ="1" colname="col1" colsep="0" rowsep="0">im dritten Jahr einer Berufsausbildung</entry><entry VJ="1" colname="col2" rowsep="0">921 Euro (§ 17 Absatz 2 Satz 1 Nummer 3 des Berufsbildungsgesetzes)</entry></row><row><entry VJ="1" colname="col1" colsep="0" rowsep="0">und</entry><entry VJ="1" colname="col2" rowsep="0"/></row><row><entry VJ="1" colname="col1" colsep="0">im vierten Jahr einer Berufsausbildung</entry><entry VJ="1" colname="col2">955 Euro (§ 17 Absatz 2 Satz 1 Nummer 4 des Berufsbildungsgesetzes).</entry></row></tbody></tgroup></table></P></Content></text></textdaten></norm>
<norm builddate="20241015215001" doknr="BJNR1310A0024BJNE000200000"><metadaten><jurabk>BBiMindVergFBek 2025</jurabk><enbez>Schlussformel</enbez></metadaten><textdaten><text format="XML"><Content><P><SP>Bundesministerium für Bildung und Forschung</SP></P></Content></text></textdaten></norm>
</dokumente>