<?xml version="1.0" encoding="UTF-8" ?><!DOCTYPE dokumente SYSTEM "http://www.gesetze-im-internet.de/dtd/1.01/gii-norm.dtd">
<dokumente builddate="20120625155011" doknr="BJNR208710981"><norm builddate="20120625155011" doknr="BJNR208710981"><metadaten><jurabk>LMeerSchÜbk</jurabk><ausfertigung-datum manuell="ja">1974-06-04</ausfertigung-datum><fundstelle typ="amtlich"><periodikum>BGBl II</periodikum><zitstelle>1981, 871</zitstelle></fundstelle><langue>Übereinkommen zur Verhütung der Meeresverschmutzung vom Lande aus</langue></metadaten><textdaten><text format="decorated"/><fussnoten><Content><P>G v. 18.9.1981 II 870 <BR/>Inkraft gem. Bek. v. 1.4.1982 II 445 mWv 1.4.1982</P></Content></fussnoten></textdaten></norm>
</dokumente>