<?xml version="1.0" encoding="UTF-8" ?><!DOCTYPE dokumente SYSTEM "http://www.gesetze-im-internet.de/dtd/1.01/gii-norm.dtd">
<dokumente builddate="20230831213501" doknr="BJNR004810989"><norm builddate="20230831213501" doknr="BJNR004810989"><metadaten><jurabk>StVOuaVsAusnV 2</jurabk><ausfertigung-datum manuell="ja">1989-02-28</ausfertigung-datum><fundstelle typ="amtlich"><periodikum>BGBl I</periodikum><zitstelle>1989, 481</zitstelle></fundstelle><langue>Zweite Verordnung über Ausnahmen von straßenverkehrsrechtlichen
Vorschriften</langue><standangabe checked="ja"><standtyp>Stand</standtyp><standkommentar>Zuletzt geändert durch Art. 6 V v. 20.7.2023 I Nr. 199</standkommentar></standangabe></metadaten><textdaten><fussnoten><Content><P><BR/> <pre xml:space="preserve">(+++ Textnachweis ab: 1.1.1989 +++)<BR/><BR/></pre></P></Content></fussnoten></textdaten></norm>
<norm builddate="20230831213501" doknr="BJNR004810989BJNE000100325"><metadaten><jurabk>StVOuaVsAusnV 2</jurabk><enbez>Eingangsformel</enbez></metadaten><textdaten><text format="XML"><Content><P>Auf Grund des § 6 Abs. 1 Nr. 1 und Nr. 3 in Verbindung mit Abs. 3 des Straßenverkehrsgesetzes in der im Bundesgesetzblatt Teil III, Gliederungsnummer 9231-1, veröffentlichten bereinigten Fassung, Nummer 1 geändert durch Artikel 1 Nr. 3 des Gesetzes vom 13. Mai 1986 (BGBl. I S. 700), Nummer 3 zuletzt geändert durch Gesetz vom 6. April 1980 (BGBl. I S. 413), Absatz 3 eingefügt durch § 70 Abs. 1 Nr. 3 des Gesetzes vom 15. März 1974 (BGBl. I S. 721) und geändert durch Artikel 22 Nr. 3 der Verordnung vom 26. November 1986 (BGBl. I S. 2089), wird nach Anhörung der zuständigen obersten Landesbehörden verordnet:</P></Content></text></textdaten></norm>
<norm builddate="20230831213501" doknr="BJNR004810989BJNE000207119"><metadaten><jurabk>StVOuaVsAusnV 2</jurabk><enbez>§ 1</enbez></metadaten><textdaten><text format="XML"><Content><P>(1) Zugmaschinen mit einer durch die Bauart bestimmten Höchstgeschwindigkeit von nicht mehr als 60 km/h und Anhänger hinter diesen Zugmaschinen sind von der Zulassungspflicht nach § 3 Abs. 1 Satz 1 der Fahrzeug-Zulassungsverordnung ausgenommen, wenn sie <DL Font="normal" Type="arabic"><DT>1.</DT><DD Font="normal"><LA Size="normal">auf örtlichen Brauchtumsveranstaltungen,</LA></DD><DT>2.</DT><DD Font="normal"><LA Size="normal">für nicht gewerbsmäßig durchgeführte Altmaterialsammlungen oder Landschaftssäuberungsaktionen,</LA></DD><DT>3.</DT><DD Font="normal"><LA Size="normal">zu Feuerwehreinsätzen oder Feuerwehrübungen,</LA></DD><DT>4.</DT><DD Font="normal"><LA Size="normal">von Feldgeschworenen im Rahmen ihrer Tätigkeit oder</LA></DD><DT>5.</DT><DD Font="normal"><LA Size="normal">auf den An- oder Abfahrten zu Einsätzen nach den Nummern 1 bis 4</LA></DD></DL>verwendet werden. Dies gilt nur, wenn für jede eingesetzte Zugmaschine ein eigenes Kennzeichen zugeteilt ist.</P><P>(1a) Abweichend von § 19 Abs. 2 der Straßenverkehrs-Zulassungs-Ordnung erlischt für Fahrzeuge, die mit An- oder Aufbauten versehen sind, bei der Verwendung nach Absatz 1 Satz 1 Nr. 1 die Betriebserlaubnis nicht, wenn die Verkehrssicherheit dieser Fahrzeuge auf solchen Veranstaltungen nicht beeinträchtigt wird. Abweichend von den §§ 32 und 34 der Straßenverkehrs-Zulassungs-Ordnung dürfen bei der Verwendung von Fahrzeugen nach Absatz 1 Satz 1 Nr. 1 die zulässigen Abmessungen, Achslasten und Gesamtgewichte überschritten werden, wenn durch das Gutachten eines amtlich anerkannten Sachverständigen oder Prüfers für den Kraftfahrzeugverkehr bescheinigt wird, daß keine Bedenken gegen die Verkehrssicherheit des Fahrzeugs auf solchen Veranstaltungen bestehen. Abweichend von § 17 Abs. 1 Satz 2 der Straßenverkehrs-Ordnung und § 49a Abs. 1 Satz 1 der Straßenverkehrs-Zulassungs-Ordnung dürfen an Fahrzeugen bei der Verwendung nach Absatz 1 Satz 1 Nr. 1 die vorgeschriebenen oder für zulässig erklärten lichttechnischen Einrichtungen verdeckt und zusätzliche lichttechnische Einrichtungen angebracht sein, wenn die Benutzung der Beleuchtung nach § 17 Abs. 1 Satz 1 der Straßenverkehrs-Ordnung nicht erforderlich ist. Eine Änderung der Fahrzeugpapiere nach § 15 Absatz 1 der Fahrzeug-Zulassungsverordnung ist nicht erforderlich.</P><P>(2) Abweichend von § 6 Abs. 1 der Fahrerlaubnis-Verordnung berechtigt die Fahrerlaubnis der Klasse L oder T auch zum Führen von Zugmaschinen und Anhängern im Sinne von Absatz 1 Satz 1 Nummer 1, 2 und 3 sowie Nummer 5 in den Fällen von Absatz 1 Satz 1 Nummer 1, 2 oder 3, bei Klasse L jedoch nur bis zu einer durch die Bauart bestimmten Höchstgeschwindigkeit der Zugmaschine von nicht mehr als 40 km/h, wenn die Zugmaschinen und Anhänger gemäß dieser Vorschrift eingesetzt werden und der Fahrzeugführer das 18. Lebensjahr vollendet hat.</P><P>(3) Abweichend von § 21 Absatz 2 Satz 4 der Straßenverkehrs-Ordnung dürfen beim Einsatz von Fahrzeugen nach Absatz 1 Satz 1 auf örtlichen Brauchtumsveranstaltungen, nicht jedoch auf den An- und Abfahrten, Personen auf Anhängern befördert werden, wenn deren Ladefläche eben, tritt- und rutschfest ist, für jeden Sitz- und Stehplatz eine ausreichende Sicherung gegen Verletzungen und Herunterfallen des Platzinhabers besteht und die Aufbauten sicher gestaltet und am Anhänger fest angebracht sind.</P><P>(4) Die Ausnahmen nach den Absätzen 1 bis 3 gelten nur, wenn <DL Font="normal" Type="arabic"><DT>1.</DT><DD Font="normal"><LA Size="normal">für jedes der eingesetzten Fahrzeuge eine Kraftfahrzeughaftpflichtversicherung besteht, die die Haftung für Schäden abdeckt, die auf den Einsatz der Fahrzeuge im Rahmen der Absätze 1 bis 3 zurückzuführen sind,</LA></DD><DT>2.</DT><DD Font="normal"><LA Size="normal">die Fahrzeuge mit einer Geschwindigkeit von nicht mehr als 25 km/h, auf den örtlichen Brauchtumsveranstaltungen nur mit Schrittgeschwindigkeit, gefahren werden und</LA></DD><DT>3.</DT><DD Font="normal"><LA Size="normal">die Fahrzeuge bei der Verwendung nach Absatz 1 Satz 1 Nr. 2 einschließlich An- und Abfahrten für eine Geschwindigkeit von nicht mehr als 25 km/h nach § 58 der Straßenverkehrs-Zulassungs-Ordnung gekennzeichnet sind.</LA></DD></DL></P></Content></text><fussnoten/></textdaten></norm>
<norm builddate="20230831213501" doknr="BJNR004810989BJNE000301307"><metadaten><jurabk>StVOuaVsAusnV 2</jurabk><enbez>§ 2</enbez></metadaten><textdaten><text format="XML"><Content><P>(weggefallen)</P></Content></text><fussnoten/></textdaten></norm>
<norm builddate="20230831213501" doknr="BJNR004810989BJNE000401308"><metadaten><jurabk>StVOuaVsAusnV 2</jurabk><enbez>§ 3</enbez></metadaten><textdaten><text format="XML"><Content><P>-</P></Content></text><fussnoten/></textdaten></norm>
<norm builddate="20230831213501" doknr="BJNR004810989BJNE000501307"><metadaten><jurabk>StVOuaVsAusnV 2</jurabk><enbez>§ 4</enbez></metadaten><textdaten><text format="XML"><Content><P>(weggefallen)</P></Content></text><fussnoten/></textdaten></norm>
<norm builddate="20230831213501" doknr="BJNR004810989BJNE000601307"><metadaten><jurabk>StVOuaVsAusnV 2</jurabk><enbez>§ 5</enbez></metadaten><textdaten><text format="XML"><Content><P>(weggefallen)</P></Content></text><fussnoten/></textdaten></norm>
<norm builddate="20230831213501" doknr="BJNR004810989BJNE000802307"><metadaten><jurabk>StVOuaVsAusnV 2</jurabk><enbez>§ 6</enbez></metadaten><textdaten><text format="XML"><Content><P>Diese Verordnung tritt am Tage nach der Verkündung in Kraft.</P></Content></text><fussnoten/></textdaten></norm>
<norm builddate="20230831213501" doknr="BJNR004810989BJNE000900325"><metadaten><jurabk>StVOuaVsAusnV 2</jurabk><enbez>Schlußformel</enbez></metadaten><textdaten><text format="XML"><Content><P><SP>Der Bundesminister für Verkehr</SP></P></Content></text></textdaten></norm>
</dokumente>