<?xml version="1.0" encoding="UTF-8" ?><!DOCTYPE dokumente SYSTEM "http://www.gesetze-im-internet.de/dtd/1.01/gii-norm.dtd">
<dokumente builddate="20120625152927" doknr="BJNR052920999"><norm builddate="20120625152927" doknr="BJNR052920999"><metadaten><jurabk>AuslStreitkrNiederschr</jurabk><ausfertigung-datum manuell="ja">1997-05-05</ausfertigung-datum><fundstelle typ="amtlich"><periodikum>BGBl II</periodikum><zitstelle>1999, 529</zitstelle></fundstelle><langue>Vereinbarte Niederschrift der Verhandlungen zwischen der Regierung
der Bundesrepublik Deutschland und den Regierungen des Königreichs Dänemark,
der Griechischen Republik, der Italienischen Republik, des Großherzogtums
Luxemburg, des Königreichs Norwegen, der Portugiesischen Republik,
des Königreichs Spanien und der Republik Türkei über die Rechtsstellung
ihrer Streitkräfte bei vorübergehenden Aufenthalten in der
Bundesrepublik Deutschland</langue></metadaten><textdaten><text format="decorated"/><fussnoten><Content><P>G v. 9.7.1999 II 506 <BR/>In Kraft getreten gem. Bek. v. 14.4.2000 II 782 <BR/>mWv 30.8.1999 im Verhältnis zu Dänemark, <BR/>mWv  9.9.1999 im Verhältnis zur Türkei, <BR/>mWv 14.9.1999 im Verhältnis zu Spanien</P></Content></fussnoten></textdaten></norm>
</dokumente>