<?xml version="1.0" encoding="UTF-8" ?><!DOCTYPE dokumente SYSTEM "http://www.gesetze-im-internet.de/dtd/1.01/gii-norm.dtd">
<dokumente builddate="20131202132457" doknr="BJNR003600012"><norm builddate="20131202132457" doknr="BJNR003600012"><metadaten><jurabk>Münz2EuroBek 2012</jurabk><ausfertigung-datum manuell="ja">2011-12-21</ausfertigung-datum><fundstelle typ="amtlich"><periodikum>BGBl I</periodikum><zitstelle>2012, 36</zitstelle></fundstelle><langue>Bekanntmachung über die Ausprägung von deutschen Euro-Gedenkmünzen im Nennwert von 2 Euro (Gedenkmünze „10 Jahre Euro-Bargeld“)</langue></metadaten><textdaten><fussnoten><Content><P><BR/> <pre xml:space="preserve">(+++ Textnachweis ab: 2.1.2012 +++)<BR/><BR/></pre></P></Content></fussnoten></textdaten></norm>
<norm builddate="20131202132457" doknr="BJNR003600012BJNE000100000"><metadaten><jurabk>Münz2EuroBek 2012</jurabk><enbez>(XXXX)</enbez></metadaten><textdaten><text format="XML"><Content><P>Auf Initiative der Europäischen Kommission soll im Januar 2012 anlässlich des 10. Jahrestages der Einführung der Euro-Münzen und Euro-Banknoten von allen Mitgliedsstaaten der Euro-Zone eine motivgleiche <NB>2-Euro-Gedenkmünze</NB> ausgegeben werden. Vor diesem Hintergrund und gemäß den §§ 2, 4 und 5 des Münzgesetzes vom 16. Dezember 1999 (BGBl. I S. 2402) hat die Bundesregierung beschlossen, eine 2-Euro-Gedenkmünze „10 Jahre Euro-Bargeld“ prägen zu lassen.</P><P>Die Münze wird ab dem 2. Januar 2012 in den Verkehr gebracht.</P><P>Die Wertseite der Münze, die Randschrift und die technischen Parameter der 2-Euro-Gedenkmünze entsprechen denen der 2-Euro-Umlaufmünze. Die nationale Seite der Münze unterscheidet sich in den einzelnen Euro-Mitgliedsstaaten nur durch den Namen und die Schreibweise des Ausgabelandes sowie die nationalen Münzzeichen.</P><P>Das Motiv der Bildseite wurde entsprechend dem von der Europäischen Kommission vorgeschlagenen Verfahren von den Bürgerinnen und Bürgern der Europäischen Union im Ergebnis einer Internet-Abstimmung als Sieger aus fünf Vorschlägen gewählt. Es stammt von dem Künstler Helmut Andexlinger aus Österreich und symbolisiert den Euro als Währung mit weltweiter Bedeutung.</P><P>Es ist vorgesehen, die 2-Euro-Gedenkmünze von den fünf deutschen Münzstätten prägen zu lassen. Die für den Umlauf bestimmte Auflage der Münze soll 30 Millionen Stück betragen. Daneben werden ca. 0,75 Millionen Stück in der höherwertigen Prägequalität Spiegelglanz für Sammlerzwecke produziert.</P></Content></text></textdaten></norm>
<norm builddate="20131202132457" doknr="BJNR003600012BJNE000200000"><metadaten><jurabk>Münz2EuroBek 2012</jurabk><enbez>Schlussformel</enbez></metadaten><textdaten><text format="XML"><Content><P><SP>Der Bundesminister der Finanzen</SP></P></Content></text></textdaten></norm>
<norm builddate="20131202132457" doknr="BJNR003600012BJNE000300000"><metadaten><jurabk>Münz2EuroBek 2012</jurabk><enbez>(XXXX)</enbez></metadaten><textdaten><text format="XML"><Content><P><noindex><kommentar typ="Fundstelle">(Fundstelle: BGBl. I 2012, 36)</kommentar></noindex></P><BR/><table frame="none" tocentry="%yes;"><tgroup align="center" char="" charoff="50" cols="2"><colspec colname="col1" colsep="0" colwidth="5*"/><colspec colname="col2" colwidth="5*"/><tbody valign="top"><row><entry VJ="1" colname="col1"><IMG Align="center" Height="651" Pos="inline" SRC="bgbl1_2011_j0036-1_0010.jpg" Type="TIF" Units="210.820007324219" alt=""/></entry><entry VJ="1" colname="col2"><IMG Align="center" Height="928" Pos="inline" SRC="bgbl1_2011_j0036-1_0020.jpg" Type="TIF" Units="300" alt=""/></entry></row></tbody></tgroup></table></Content></text></textdaten></norm>
</dokumente>