<?xml version="1.0" encoding="UTF-8" ?><!DOCTYPE dokumente SYSTEM "http://www.gesetze-im-internet.de/dtd/1.01/gii-norm.dtd">
<dokumente builddate="20160713215533" doknr="BJNR616300012"><norm builddate="20160713215533" doknr="BJNR616300012"><metadaten><jurabk>SperrWarngebV</jurabk><amtabk>SperrWarngebV</amtabk><ausfertigung-datum manuell="ja">2012-06-01</ausfertigung-datum><fundstelle typ="amtlich"><periodikum>BAnz</periodikum><zitstelle>AT 11.06.2012 V1</zitstelle></fundstelle><kurzue>Sperr- und Warngebietverordnung</kurzue><langue>Verordnung über Sicherungsmaßnahmen für militärische Sperr- und Warngebiete an der schleswig-holsteinischen Ost- und Westküste und im Nord-Ostsee-Kanal</langue></metadaten><textdaten><fussnoten><Content><P>V nur mit Überschrift aufgenommen <BR/>Zuletzt geändert durch Art. 74 § 3 V v. 2.6.2016 I 1257</P></Content></fussnoten></textdaten></norm>
</dokumente>