<?xml version="1.0" encoding="UTF-8" ?><!DOCTYPE dokumente SYSTEM "http://www.gesetze-im-internet.de/dtd/1.01/gii-norm.dtd">
<dokumente builddate="20210702213105" doknr="BJNR071500020"><norm builddate="20210702213105" doknr="BJNR071500020"><metadaten><jurabk>GuAMKflAusbV</jurabk><amtabk>GuAMKflAusbV</amtabk><ausfertigung-datum manuell="ja">2020-03-19</ausfertigung-datum><fundstelle typ="amtlich"><periodikum>BGBl I</periodikum><zitstelle>2020, 715, 1933</zitstelle></fundstelle><kurzue>Groß-und-Außenhandelsmanagement-Kaufleute-Ausbildungsverordnung</kurzue><langue>Verordnung über die Berufsausbildung zum Kaufmann für Groß- und Außenhandelsmanagement und zur Kauffrau für Groß- und Außenhandelsmanagement<BR/><FnR ID="F810763_01_BJNR071500020"/></langue><standangabe checked="ja"><standtyp>Stand</standtyp><standkommentar>Geändert durch Art. 1 V v. 29.6.2021 I 2244</standkommentar></standangabe><standangabe checked="ja"><standtyp>Sonst</standtyp><standkommentar>Ersetzt V 806-22-1-15 v. 14.2.2006 I 409 (GrHdlKfmAusbV 2006)</standkommentar></standangabe></metadaten><textdaten><text format="XML"><Footnotes><Footnote FnZ="*" Group="column" ID="F810763_01_BJNR071500020" Pos="normal"><noindex>Diese Rechtsverordnung ist eine Ausbildungsordnung im Sinne des § 4 des Berufsbildungsgesetzes. Die Ausbildungsordnung und der damit abgestimmte, von der Ständigen Konferenz der Kultusminister der Länder in der Bundesrepublik Deutschland beschlossene Rahmenlehrplan für die Berufsschule werden demnächst im amtlichen Teil des Bundesanzeigers veröffentlichet.</noindex></Footnote></Footnotes></text><fussnoten><Content><P><BR/> <pre xml:space="preserve">(+++ Textnachweis ab: 1.8.2020 +++)<BR/><BR/></pre></P></Content></fussnoten></textdaten></norm>
<norm builddate="20210702213105" doknr="BJNR071500020BJNE000100000"><metadaten><jurabk>GuAMKflAusbV</jurabk><enbez>Eingangsformel</enbez></metadaten><textdaten><text format="XML"><Content><P>Auf Grund des § 4 Absatz 1 des Berufsbildungsgesetzes, der zuletzt durch Artikel 436 Nummer 1 der Verordnung vom 31. August 2015 (BGBl. I S. 1474) geändert worden ist, verordnet das Bundesministerium für Wirtschaft und Energie im Einvernehmen mit dem Bundesministerium für Bildung und Forschung:</P></Content></text></textdaten></norm>
<norm builddate="20210702213105" doknr="BJNR071500020BJNE000200000"><metadaten><jurabk>GuAMKflAusbV</jurabk><enbez>Inhaltsübersicht</enbez></metadaten><textdaten><text format="XML"><Content><TOC><Ident Class="S1">Abschnitt 1</Ident><P/><Title Align="auto" Class="S1">Gegenstand, Dauer und<BR/> Gliederung der Berufsausbildung</Title><P/><table colsep="0" frame="none" pgwide="1" rowsep="0" tocentry="%yes;"><tgroup align="left" char="" charoff="50" cols="2"><colspec colname="col1" colwidth="10*"/><colspec colname="col2" colwidth="70*"/><tbody valign="top"><row><entry VJ="1" colname="col1">§  1</entry><entry VJ="1" colname="col2">Staatliche Anerkennung des Ausbildungsberufes</entry></row><row><entry VJ="1" colname="col1">§  2</entry><entry VJ="1" colname="col2">Dauer der Berufsausbildung</entry></row><row><entry VJ="1" colname="col1">§  3</entry><entry VJ="1" colname="col2">Gegenstand der Berufsausbildung und Ausbildungsrahmenplan</entry></row><row><entry VJ="1" colname="col1">§  4</entry><entry VJ="1" colname="col2">Struktur der Berufsausbildung, Ausbildungsberufsbild</entry></row><row><entry VJ="1" colname="col1">§  5</entry><entry VJ="1" colname="col2">Ausbildungsplan</entry></row></tbody></tgroup></table><P/><Ident Class="S1">Abschnitt 2</Ident><P/><Title Align="auto" Class="S1">Abschlussprüfung</Title><P/><Ident Class="S0">Unterabschnitt 1</Ident><P/><Title Align="auto" Class="S0">Allgemeines</Title><P/><table colsep="0" frame="none" pgwide="1" rowsep="0" tocentry="%yes;"><tgroup align="left" char="" charoff="50" cols="2"><colspec colname="col1" colwidth="10*"/><colspec colname="col2" colwidth="70*"/><tbody valign="top"><row><entry VJ="1" colname="col1">§  6</entry><entry VJ="1" colname="col2">Aufteilung in zwei Teile und Zeitpunkt</entry></row></tbody></tgroup></table><P/><Ident Class="S0">Unterabschnitt 2</Ident><P/><Title Align="auto" Class="S0">Teil 1 der Abschlussprüfung</Title><P/><table colsep="0" frame="none" pgwide="1" rowsep="0" tocentry="%yes;"><tgroup align="left" char="" charoff="50" cols="2"><colspec colname="col1" colwidth="10*"/><colspec colname="col2" colwidth="70*"/><tbody valign="top"><row><entry VJ="1" colname="col1">§  7</entry><entry VJ="1" colname="col2">Inhalt von Teil 1</entry></row><row><entry VJ="1" colname="col1">§  8</entry><entry VJ="1" colname="col2">Prüfungsbereich von Teil 1</entry></row></tbody></tgroup></table><P/><Ident Class="S0">Unterabschnitt 3</Ident><P/><Title Align="auto" Class="S0">Teil 2 der Abschlussprüfung<BR/> in der Fachrichtung Großhandel</Title><P/><table colsep="0" frame="none" pgwide="1" rowsep="0" tocentry="%yes;"><tgroup align="left" char="" charoff="50" cols="2"><colspec colname="col1" colwidth="10*"/><colspec colname="col2" colwidth="70*"/><tbody valign="top"><row><entry VJ="1" colname="col1">§  9</entry><entry VJ="1" colname="col2">Inhalt von Teil 2</entry></row><row><entry VJ="1" colname="col1">§ 10</entry><entry VJ="1" colname="col2">Prüfungsbereiche von Teil 2</entry></row><row><entry VJ="1" colname="col1">§ 11</entry><entry VJ="1" colname="col2">Prüfungsbereich Kaufmännische Steuerung von Geschäftsprozessen</entry></row><row><entry VJ="1" colname="col1">§ 12</entry><entry VJ="1" colname="col2">Prüfungsbereich Prozessorientierte Organisation von Großhandelsgeschäften</entry></row><row><entry VJ="1" colname="col1">§ 13</entry><entry VJ="1" colname="col2">Prüfungsbereich Fallbezogenes Fachgespräch zu einer betrieblichen Fachaufgabe im Großhandel</entry></row><row><entry VJ="1" colname="col1">§ 14</entry><entry VJ="1" colname="col2">Prüfungsbereich Wirtschafts- und Sozialkunde</entry></row><row><entry VJ="1" colname="col1">§ 15</entry><entry VJ="1" colname="col2">Gewichtung der Prüfungsbereiche und Anforderungen für das Bestehen der Abschlussprüfung</entry></row><row><entry VJ="1" colname="col1">§ 16</entry><entry VJ="1" colname="col2">Mündliche Ergänzungsprüfung</entry></row></tbody></tgroup></table><P/><Ident Class="S0">Unterabschnitt 4</Ident><P/><Title Align="auto" Class="S0">Teil 2 der Abschlussprüfung<BR/> in der Fachrichtung Außenhandel</Title><P/><table colsep="0" frame="none" pgwide="1" rowsep="0" tocentry="%yes;"><tgroup align="left" char="" charoff="50" cols="2"><colspec colname="col1" colwidth="10*"/><colspec colname="col2" colwidth="70*"/><tbody valign="top"><row><entry VJ="1" colname="col1">§ 17</entry><entry VJ="1" colname="col2">Inhalt von Teil 2</entry></row><row><entry VJ="1" colname="col1">§ 18</entry><entry VJ="1" colname="col2">Prüfungsbereiche von Teil 2</entry></row><row><entry VJ="1" colname="col1">§ 19</entry><entry VJ="1" colname="col2">Prüfungsbereich Kaufmännische Steuerung von Geschäftsprozessen</entry></row><row><entry VJ="1" colname="col1">§ 20</entry><entry VJ="1" colname="col2">Prüfungsbereich Prozessorientierte Organisation von Außenhandelsgeschäften</entry></row><row><entry VJ="1" colname="col1">§ 21</entry><entry VJ="1" colname="col2">Prüfungsbereich Fallbezogenes Fachgespräch zu einer betrieblichen Fachaufgabe im Außenhandel</entry></row><row><entry VJ="1" colname="col1">§ 22</entry><entry VJ="1" colname="col2">Prüfungsbereich Wirtschafts- und Sozialkunde</entry></row><row><entry VJ="1" colname="col1">§ 23</entry><entry VJ="1" colname="col2">Gewichtung der Prüfungsbereiche und Anforderungen für das Bestehen der Abschlussprüfung</entry></row><row><entry VJ="1" colname="col1">§ 24</entry><entry VJ="1" colname="col2">Mündliche Ergänzungsprüfung</entry></row></tbody></tgroup></table><P/><Ident Class="S1">Abschnitt 3</Ident><P/><Title Align="auto" Class="S1">Schlussvorschriften</Title><P/><table colsep="0" frame="none" pgwide="1" rowsep="0" tocentry="%yes;"><tgroup align="left" char="" charoff="50" cols="2"><colspec colname="col1" colwidth="10*"/><colspec colname="col2" colwidth="70*"/><tbody valign="top"><row><entry VJ="1" colname="col1">§ 25</entry><entry VJ="1" colname="col2">Inkrafttreten, Außerkrafttreten</entry></row></tbody></tgroup></table><P/><table colsep="0" frame="none" pgwide="1" rowsep="0" tocentry="%yes;"><tgroup align="left" char="" charoff="50" cols="2"><colspec colname="col1" colwidth="10.24*"/><colspec colname="col2" colwidth="69.76*"/><tbody valign="top"><row><entry VJ="1" colname="col1">Anlage:</entry><entry VJ="1" colname="col2">Ausbildungsrahmenplan für die Berufsausbildung zum Kaufmann für Groß- und Außenhandelsmanagement und zur Kauffrau für Groß- und Außenhandelsmanagement</entry></row></tbody></tgroup></table></TOC></Content></text></textdaten></norm>
<norm builddate="20210702213105" doknr="BJNR071500020BJNG000100000"><metadaten><jurabk>GuAMKflAusbV</jurabk><gliederungseinheit><gliederungskennzahl>010</gliederungskennzahl><gliederungsbez>Abschnitt 1</gliederungsbez><gliederungstitel>Gegenstand, Dauer und Gliederung der Berufsausbildung</gliederungstitel></gliederungseinheit></metadaten><textdaten/></norm>
<norm builddate="20210702213105" doknr="BJNR071500020BJNE000300000"><metadaten><jurabk>GuAMKflAusbV</jurabk><enbez>§ 1</enbez><titel format="XML">Staatliche Anerkennung des Ausbildungsberufes</titel></metadaten><textdaten><text format="XML"><Content><P>Der Ausbildungsberuf des Kaufmanns für Groß- und Außenhandelsmanagement und der Kauffrau für Groß- und Außenhandelsmanagement wird nach § 4 Absatz 1 des Berufsbildungsgesetzes staatlich anerkannt.</P></Content></text></textdaten></norm>
<norm builddate="20210702213105" doknr="BJNR071500020BJNE000400000"><metadaten><jurabk>GuAMKflAusbV</jurabk><enbez>§ 2</enbez><titel format="XML">Dauer der Berufsausbildung</titel></metadaten><textdaten><text format="XML"><Content><P>Die Berufsausbildung dauert drei Jahre.</P></Content></text></textdaten></norm>
<norm builddate="20210702213105" doknr="BJNR071500020BJNE000500000"><metadaten><jurabk>GuAMKflAusbV</jurabk><enbez>§ 3</enbez><titel format="XML">Gegenstand der Berufsausbildung und Ausbildungsrahmenplan</titel></metadaten><textdaten><text format="XML"><Content><P>(1) Gegenstand der Berufsausbildung sind mindestens die im Ausbildungsrahmenplan (Anlage) genannten Fertigkeiten, Kenntnisse und Fähigkeiten. Von der Organisation der Berufsausbildung, wie sie im Ausbildungsrahmenplan vorgegeben ist, darf abgewichen werden, wenn und soweit betriebspraktische Besonderheiten oder Gründe, die in der Person des oder der Auszubildenden liegen, die Abweichung erfordern.</P><P>(2) Die im Ausbildungsrahmenplan genannten Fertigkeiten, Kenntnisse und Fähigkeiten sollen so vermittelt werden, dass die Auszubildenden die berufliche Handlungsfähigkeit nach § 1 Absatz 3 des Berufsbildungsgesetzes erlangen. Die berufliche Handlungsfähigkeit schließt insbesondere selbständiges Planen, Durchführen und Kontrollieren ein.</P></Content></text></textdaten></norm>
<norm builddate="20210702213105" doknr="BJNR071500020BJNE000600000"><metadaten><jurabk>GuAMKflAusbV</jurabk><enbez>§ 4</enbez><titel format="XML">Struktur der Berufsausbildung, Ausbildungsberufsbild</titel></metadaten><textdaten><text format="XML"><Content><P>(1) Die Berufsausbildung gliedert sich in: <DL Type="arabic"><DT>1.</DT><DD Font="normal"><LA>fachrichtungsübergreifende berufsprofilgebende Fertigkeiten, Kenntnisse und Fähigkeiten,</LA></DD><DT>2.</DT><DD Font="normal"><LA>berufsprofilgebende Fertigkeiten, Kenntnisse und Fähigkeiten in der Fachrichtung <DL Type="alpha"><DT>a)</DT><DD Font="normal"><LA>Großhandel und</LA></DD><DT>b)</DT><DD Font="normal"><LA>Außenhandel sowie</LA></DD></DL></LA></DD><DT>3.</DT><DD Font="normal"><LA>fachrichtungsübergreifende, integrativ zu vermittelnde Fertigkeiten, Kenntnisse und Fähigkeiten.</LA></DD></DL>Die Fertigkeiten, Kenntnisse und Fähigkeiten sind in Berufsbildpositionen als Teil des Ausbildungsberufsbildes gebündelt.</P><P>(2) Die Berufsbildpositionen der fachrichtungsübergreifenden berufsprofilgebenden Fertigkeiten, Kenntnisse und Fähigkeiten sind: <DL Type="arabic"><DT>1.</DT><DD Font="normal"><LA>Warensortiment zusammenstellen und Dienstleistungen anbieten,</LA></DD><DT>2.</DT><DD Font="normal"><LA>handelsspezifische Beschaffungslogistik planen und steuern,</LA></DD><DT>3.</DT><DD Font="normal"><LA>Einkauf von Waren und Dienstleistungen marktorientiert planen, organisieren und durchführen,</LA></DD><DT>4.</DT><DD Font="normal"><LA>Marketingmaßnahmen planen, durchführen, kontrollieren und steuern,</LA></DD><DT>5.</DT><DD Font="normal"><LA>Verkauf kundenorientiert planen und durchführen,</LA></DD><DT>6.</DT><DD Font="normal"><LA>Distribution planen und steuern,</LA></DD><DT>7.</DT><DD Font="normal"><LA>kaufmännische Steuerung und Kontrolle durchführen und</LA></DD><DT>8.</DT><DD Font="normal"><LA>Arbeitsorganisation projekt- und teamorientiert planen und steuern.</LA></DD></DL></P><P>(3) Die Berufsbildpositionen der berufsprofilgebenden Fertigkeiten, Kenntnisse und Fähigkeiten in der Fachrichtung Großhandel sind: <DL Type="arabic"><DT>1.</DT><DD Font="normal"><LA>Lagerlogistik planen, steuern und abwickeln und</LA></DD><DT>2.</DT><DD Font="normal"><LA>warenbezogene Rückabwicklungsprozesse organisieren und durchführen.</LA></DD></DL></P><P>(4) Die Berufsbildpositionen der berufsprofilgebenden Fertigkeiten, Kenntnisse und Fähigkeiten in der Fachrichtung Außenhandel sind: <DL Type="arabic"><DT>1.</DT><DD Font="normal"><LA>Außenhandelsgeschäfte abwickeln und Auslandsmärkte bedienen und</LA></DD><DT>2.</DT><DD Font="normal"><LA>internationale Berufskompetenzen anwenden.</LA></DD></DL></P><P>(5) Die Berufsbildpositionen der fachrichtungsübergreifenden, integrativ zu vermittelnden Fertigkeiten, Kenntnisse und Fähigkeiten sind: <DL Type="arabic"><DT>1.</DT><DD Font="normal"><LA>Berufsbildung sowie arbeits-, sozial- und tarifrechtliche Vorschriften,</LA></DD><DT>2.</DT><DD Font="normal"><LA>Bedeutung des Groß- und Außenhandels sowie Aufbau und Organisation des Ausbildungsbetriebes,</LA></DD><DT>3.</DT><DD Font="normal"><LA>Sicherheit und Gesundheitsschutz bei der Arbeit,</LA></DD><DT>4.</DT><DD Font="normal"><LA>Umweltschutz,</LA></DD><DT>5.</DT><DD Font="normal"><LA>Kommunikation und</LA></DD><DT>6.</DT><DD Font="normal"><LA>elektronische Geschäftsprozesse (E-Business).</LA></DD></DL></P></Content></text></textdaten></norm>
<norm builddate="20210702213105" doknr="BJNR071500020BJNE000700000"><metadaten><jurabk>GuAMKflAusbV</jurabk><enbez>§ 5</enbez><titel format="XML">Ausbildungsplan</titel></metadaten><textdaten><text format="XML"><Content><P>Die Ausbildenden haben spätestens zu Beginn der Ausbildung auf der Grundlage des Ausbildungsrahmenplans für jeden Auszubildenden und für jede Auszubildende einen Ausbildungsplan zu erstellen.</P></Content></text></textdaten></norm>
<norm builddate="20210702213105" doknr="BJNR071500020BJNG000200000"><metadaten><jurabk>GuAMKflAusbV</jurabk><gliederungseinheit><gliederungskennzahl>020</gliederungskennzahl><gliederungsbez>Abschnitt 2</gliederungsbez><gliederungstitel>Abschlussprüfung</gliederungstitel></gliederungseinheit></metadaten><textdaten/></norm>
<norm builddate="20210702213105" doknr="BJNR071500020BJNG000300000"><metadaten><jurabk>GuAMKflAusbV</jurabk><gliederungseinheit><gliederungskennzahl>020010</gliederungskennzahl><gliederungsbez>Unterabschnitt 1</gliederungsbez><gliederungstitel>Allgemeines</gliederungstitel></gliederungseinheit></metadaten><textdaten/></norm>
<norm builddate="20210702213105" doknr="BJNR071500020BJNE000801311"><metadaten><jurabk>GuAMKflAusbV</jurabk><enbez>§ 6</enbez><titel format="XML">Aufteilung in zwei Teile und Zeitpunkt</titel></metadaten><textdaten><text format="XML"><Content><P>(1) Die Abschlussprüfung besteht aus den Teilen 1 und 2.</P><P>(2) Teil 1 soll im vierten Ausbildungshalbjahr stattfinden. Teil 2 findet am Ende der Berufsausbildung statt. Wird die Ausbildungsdauer verkürzt, so soll Teil 1 der Abschlussprüfung spätestens vier Monate vor dem Zeitpunkt von Teil 2 der Abschlussprüfung stattfinden. Den jeweiligen Zeitpunkt legt die zuständige Stelle fest.</P></Content></text><fussnoten/></textdaten></norm>
<norm builddate="20210702213105" doknr="BJNR071500020BJNG000400000"><metadaten><jurabk>GuAMKflAusbV</jurabk><gliederungseinheit><gliederungskennzahl>020020</gliederungskennzahl><gliederungsbez>Unterabschnitt 2</gliederungsbez><gliederungstitel>Teil 1 der Abschlussprüfung</gliederungstitel></gliederungseinheit></metadaten><textdaten/></norm>
<norm builddate="20210702213105" doknr="BJNR071500020BJNE000900000"><metadaten><jurabk>GuAMKflAusbV</jurabk><enbez>§ 7</enbez><titel format="XML">Inhalt von Teil 1</titel></metadaten><textdaten><text format="XML"><Content><P>Teil 1 der Abschlussprüfung erstreckt sich auf <DL Type="arabic"><DT>1.</DT><DD Font="normal"><LA>die im Ausbildungsrahmenplan für die ersten 15 Ausbildungsmonate genannten Fertigkeiten, Kenntnisse und Fähigkeiten sowie</LA></DD><DT>2.</DT><DD Font="normal"><LA>den im Berufsschulunterricht zu vermittelnden Lehrstoff, soweit er den im Ausbildungsrahmenplan genannten Fertigkeiten, Kenntnissen und Fähigkeiten entspricht.</LA></DD></DL></P></Content></text></textdaten></norm>
<norm builddate="20210702213105" doknr="BJNR071500020BJNE001000000"><metadaten><jurabk>GuAMKflAusbV</jurabk><enbez>§ 8</enbez><titel format="XML">Prüfungsbereich von Teil 1</titel></metadaten><textdaten><text format="XML"><Content><P>(1) Teil 1 der Abschlussprüfung findet im Prüfungsbereich Organisieren des Warensortiments und von Dienstleistungen statt.</P><P>(2) Im Prüfungsbereich Organisieren des Warensortiments und von Dienstleistungen hat der Prüfling nachzuweisen, dass er in der Lage ist, <DL Type="arabic"><DT>1.</DT><DD Font="normal"><LA>Bedarfe und Absatzchancen zu ermitteln, Informationen über Waren und Dienstleistungen einzuholen und marktorientierte Warensortimente und kundenbezogene Dienstleistungsangebote zu bewerten,</LA></DD><DT>2.</DT><DD Font="normal"><LA>Angebote von Lieferanten einzuholen und zu vergleichen, Waren zu bestellen und Dienstleistungen zu beauftragen,</LA></DD><DT>3.</DT><DD Font="normal"><LA>Kundenanfragen zu bearbeiten, Angebote zu erstellen und Aufträge unter Beachtung von Liefer- und Zahlungsbedingungen zu bearbeiten,</LA></DD><DT>4.</DT><DD Font="normal"><LA>adressatengerecht, situations- und zielorientiert zu kommunizieren sowie</LA></DD><DT>5.</DT><DD Font="normal"><LA>Kundendaten zu verwalten und dabei rechtliche Regelungen zum Datenschutz und zur IT-Sicherheit einzuhalten.</LA></DD></DL></P><P>(3) Die Prüfungsaufgaben sollen praxisbezogen sein. Der Prüfling hat die Aufgaben schriftlich zu bearbeiten.</P><P>(4) Die Prüfungszeit beträgt 90 Minuten.</P></Content></text></textdaten></norm>
<norm builddate="20210702213105" doknr="BJNR071500020BJNG000500000"><metadaten><jurabk>GuAMKflAusbV</jurabk><gliederungseinheit><gliederungskennzahl>020030</gliederungskennzahl><gliederungsbez>Unterabschnitt 3</gliederungsbez><gliederungstitel>Teil 2 der Abschlussprüfung in der Fachrichtung Großhandel</gliederungstitel></gliederungseinheit></metadaten><textdaten/></norm>
<norm builddate="20210702213105" doknr="BJNR071500020BJNE001100000"><metadaten><jurabk>GuAMKflAusbV</jurabk><enbez>§ 9</enbez><titel format="XML">Inhalt von Teil 2</titel></metadaten><textdaten><text format="XML"><Content><P>(1) Teil 2 der Abschlussprüfung erstreckt sich in der Fachrichtung Großhandel auf <DL Type="arabic"><DT>1.</DT><DD Font="normal"><LA>die im Ausbildungsrahmenplan genannten Fertigkeiten, Kenntnisse und Fähigkeiten sowie</LA></DD><DT>2.</DT><DD Font="normal"><LA>den im Berufsschulunterricht zu vermittelnden Lehrstoff, soweit er den im Ausbildungsrahmenplan genannten Fertigkeiten, Kenntnissen und Fähigkeiten entspricht.</LA></DD></DL></P><P>(2) In Teil 2 der Abschlussprüfung sollen Fertigkeiten, Kenntnisse und Fähigkeiten, die bereits Gegenstand von Teil 1 der Abschlussprüfung waren, nur insoweit einbezogen werden, als es für die Feststellung der beruflichen Handlungsfähigkeit erforderlich ist.</P></Content></text></textdaten></norm>
<norm builddate="20210702213105" doknr="BJNR071500020BJNE001200000"><metadaten><jurabk>GuAMKflAusbV</jurabk><enbez>§ 10</enbez><titel format="XML">Prüfungsbereiche von Teil 2</titel></metadaten><textdaten><text format="XML"><Content><P>Teil 2 der Abschlussprüfung findet in der Fachrichtung Großhandel in den folgenden Prüfungsbereichen statt: <DL Type="arabic"><DT>1.</DT><DD Font="normal"><LA>Kaufmännische Steuerung von Geschäftsprozessen,</LA></DD><DT>2.</DT><DD Font="normal"><LA>Prozessorientierte Organisation von Großhandelsgeschäften,</LA></DD><DT>3.</DT><DD Font="normal"><LA>Fallbezogenes Fachgespräch zu einer betrieblichen Fachaufgabe im Großhandel sowie</LA></DD><DT>4.</DT><DD Font="normal"><LA>Wirtschafts- und Sozialkunde.</LA></DD></DL></P></Content></text></textdaten></norm>
<norm builddate="20210702213105" doknr="BJNR071500020BJNE001300000"><metadaten><jurabk>GuAMKflAusbV</jurabk><enbez>§ 11</enbez><titel format="XML">Prüfungsbereich Kaufmännische Steuerung von Geschäftsprozessen</titel></metadaten><textdaten><text format="XML"><Content><P>(1) Im Prüfungsbereich Kaufmännische Steuerung von Geschäftsprozessen hat der Prüfling nachzuweisen, dass er in der Lage ist, <DL Type="arabic"><DT>1.</DT><DD Font="normal"><LA>Geschäftsvorgänge buchhalterisch zu erfassen und Zahlungsvorgänge zu bearbeiten,</LA></DD><DT>2.</DT><DD Font="normal"><LA>die betriebliche Kosten-und-Leistungs-Rechnung anzuwenden sowie Kennzahlen zu ermitteln und zu analysieren und Instrumente der kaufmännischen Steuerung und Kontrolle zu nutzen,</LA></DD><DT>3.</DT><DD Font="normal"><LA>im Rahmen eines Kundenauftrages den mengen- und wertebezogenen Daten- und Warenfluss in elektronischen Systemen zur Ressourcenplanung und zur Verwaltung von Kundenbeziehungen zu erfassen und die Zusammenhänge darzustellen und</LA></DD><DT>4.</DT><DD Font="normal"><LA>Arbeitsorganisation projekt- und teamorientiert zu planen und zu steuern.</LA></DD></DL></P><P>(2) Die Prüfungsaufgaben sollen praxisbezogen sein. Der Prüfling hat die Aufgaben schriftlich zu bearbeiten.</P><P>(3) Die Prüfungszeit beträgt 60 Minuten.</P></Content></text></textdaten></norm>
<norm builddate="20210702213105" doknr="BJNR071500020BJNE001400000"><metadaten><jurabk>GuAMKflAusbV</jurabk><enbez>§ 12</enbez><titel format="XML">Prüfungsbereich Prozessorientierte Organisation von Großhandelsgeschäften</titel></metadaten><textdaten><text format="XML"><Content><P>(1) Im Prüfungsbereich Prozessorientierte Organisation von Großhandelsgeschäften hat der Prüfling nachzuweisen, dass er in der Lage ist, <DL Type="arabic"><DT>1.</DT><DD Font="normal"><LA>logistische Prozesse von der Beschaffung bis zur Distribution zu steuern und zu kontrollieren,</LA></DD><DT>2.</DT><DD Font="normal"><LA>die Prozesse der betrieblichen Lagerlogistik von der Warenannahme bis zum Versand zu planen und abzuwickeln und dabei auch elektronische Lagerverwaltungssysteme anzuwenden,</LA></DD><DT>3.</DT><DD Font="normal"><LA>den Einkauf von Waren und Dienstleistungen durchzuführen und dabei auch Risiken und Besonderheiten im internationalen Handel zu berücksichtigen,</LA></DD><DT>4.</DT><DD Font="normal"><LA>Verkaufsprozesse durch zielgruppenorientierte Marketingmaßnahmen zu unterstützen,</LA></DD><DT>5.</DT><DD Font="normal"><LA>Reklamationen und Retouren abzuwickeln und</LA></DD><DT>6.</DT><DD Font="normal"><LA>Kundenanliegen lösungsorientiert mit dem Ziel des Vertragsabschlusses zu bearbeiten und Möglichkeiten der Konfliktlösung anzuwenden.</LA></DD></DL></P><P>(2) Die Prüfungsaufgaben sollen praxisbezogen sein. Der Prüfling hat die Aufgaben schriftlich zu bearbeiten.</P><P>(3) Die Prüfungszeit beträgt 120 Minuten.</P></Content></text></textdaten></norm>
<norm builddate="20210702213105" doknr="BJNR071500020BJNE001500000"><metadaten><jurabk>GuAMKflAusbV</jurabk><enbez>§ 13</enbez><titel format="XML">Prüfungsbereich Fallbezogenes Fachgespräch zu einer betrieblichen Fachaufgabe im Großhandel</titel></metadaten><textdaten><text format="XML"><Content><P>(1) Im Prüfungsbereich Fallbezogenes Fachgespräch zu einer betrieblichen Fachaufgabe im Großhandel hat der Prüfling nachzuweisen, dass er in der Lage ist, <DL Type="arabic"><DT>1.</DT><DD Font="normal"><LA>berufstypische Aufgabenstellungen zu erfassen,</LA></DD><DT>2.</DT><DD Font="normal"><LA>Probleme und Vorgehensweisen zu erörtern,</LA></DD><DT>3.</DT><DD Font="normal"><LA>Lösungswege zu entwickeln und zu begründen,</LA></DD><DT>4.</DT><DD Font="normal"><LA>Geschäftsgespräche kunden-, service- und prozessorientiert zu führen und auszuwerten und dabei Waren-, Dienstleistungs- und Fachkenntnisse einzubeziehen und</LA></DD><DT>5.</DT><DD Font="normal"><LA>praxisbezogene Aufgaben unter Berücksichtigung wirtschaftlicher und ökologischer Zusammenhänge sowie unter Beachtung rechtlicher Zusammenhänge zu planen, durchzuführen, zu steuern und auszuwerten.</LA></DD></DL></P><P>(2) Für den Nachweis nach Absatz 1 ist eines der folgenden Gebiete zugrunde zu legen: <DL Type="arabic"><DT>1.</DT><DD Font="normal"><LA>Verkauf und Distribution,</LA></DD><DT>2.</DT><DD Font="normal"><LA>Warensortiment und Marketing und</LA></DD><DT>3.</DT><DD Font="normal"><LA>Einkauf und Beschaffungslogistik.</LA></DD></DL></P><P>(3) Mit dem Prüfling wird ein fallbezogenes Fachgespräch geführt. Das fallbezogene Fachgespräch dauert 30 Minuten. Grundlage für das fallbezogene Fachgespräch ist eine praxisbezogene Fachaufgabe. Der Ausbildungsbetrieb teilt der zuständigen Stelle mit der Anmeldung zur Abschlussprüfung mit, ob die Durchführung nach Absatz 4 oder Absatz 5 gewählt wird.</P><P>(4) Zur Vorbereitung auf das fallbezogene Fachgespräch hat der Prüfling eine von zwei praxisbezogenen Fachaufgaben zu bearbeiten, die <DL Type="arabic"><DT>1.</DT><DD Font="normal"><LA>ihm vom Prüfungsausschuss zur Wahl gestellt werden und</LA></DD><DT>2.</DT><DD Font="normal"><LA>aus zwei unterschiedlichen Gebieten nach Absatz 2 stammen müssen.</LA></DD></DL>Der Prüfling wählt aus, welche praxisbezogene Fachaufgabe er bearbeitet. Die Bearbeitung findet unmittelbar vor dem fallbezogenen Fachgespräch statt. Für die Bearbeitung ist dem Prüfling zusätzlich eine Bearbeitungszeit von 15 Minuten einzuräumen. Das fallbezogene Fachgespräch beginnt damit, dass der Prüfling die von ihm bearbeitete praxisbezogene Fachaufgabe und seinen Lösungsweg darstellt. Ausgehend von dieser praxisbezogenen Fachaufgabe entwickelt der Prüfungsausschuss das fallbezogene Fachgespräch so, dass die in Absatz 1 genannten Anforderungen nachgewiesen werden können.</P><P>(5) Zur Vorbereitung auf das fallbezogene Fachgespräch hat der Prüfling im Ausbildungsbetrieb eigenständig zwei praxisbezogene Fachaufgaben zu bearbeiten, die <DL Type="arabic"><DT>1.</DT><DD Font="normal"><LA>der Ausbildungsbetrieb festgelegt hat und</LA></DD><DT>2.</DT><DD Font="normal"><LA>aus zwei unterschiedlichen Gebieten nach Absatz 2 stammen müssen.</LA></DD></DL>Zu jeder der beiden praxisbezogenen Fachaufgaben hat der Prüfling einen Report zu erstellen. In dem Report hat er die Aufgabenstellung, die Zielsetzung, die Planung, das Vorgehen und das Ergebnis zu beschreiben und den Prozess, der zu dem Ergebnis geführt hat, zu reflektieren. Der Report darf jeweils höchstens drei Seiten umfassen. Spätestens am ersten Tag von Teil 2 der Abschlussprüfung sind dem Prüfungsausschuss die beiden Reporte zuzuleiten sowie eine Bestätigung des Ausbildungsbetriebs darüber, dass der Prüfling die praxisbezogenen Fachaufgaben eigenständig durchgeführt hat. Aus den beiden bearbeiteten praxisbezogenen Fachaufgaben wählt der Prüfungsausschuss für das fallbezogene Fachgespräch eine aus und teilt sie dem Prüfling mit. Das fallbezogene Fachgespräch beginnt damit, dass der Prüfling die vom Prüfungsausschuss ausgewählte Fachaufgabe und seinen Lösungsweg darstellt. Ausgehend von der gewählten praxisbezogenen Fachaufgabe und dem dazugehörigen Report entwickelt der Prüfungsausschuss das fallbezogene Fachgespräch so, dass die in Absatz 1 genannten Anforderungen nachgewiesen werden können.</P><P>(6) Bewertet wird nur die Leistung, die der Prüfling im fallbezogenen Fachgespräch erbringt.</P></Content></text></textdaten></norm>
<norm builddate="20210702213105" doknr="BJNR071500020BJNE001600000"><metadaten><jurabk>GuAMKflAusbV</jurabk><enbez>§ 14</enbez><titel format="XML">Prüfungsbereich Wirtschafts- und Sozialkunde</titel></metadaten><textdaten><text format="XML"><Content><P>(1) Im Prüfungsbereich Wirtschafts- und Sozialkunde hat der Prüfling nachzuweisen, dass er in der Lage ist, allgemeine wirtschaftliche und gesellschaftliche Zusammenhänge der Berufs- und Arbeitswelt darzustellen und zu beurteilen.</P><P>(2) Die Prüfungsaufgaben müssen praxisbezogen sein. Der Prüfling hat die Aufgaben schriftlich zu bearbeiten.</P><P>(3) Die Prüfungszeit beträgt 60 Minuten.</P></Content></text></textdaten></norm>
<norm builddate="20210702213105" doknr="BJNR071500020BJNE001700000"><metadaten><jurabk>GuAMKflAusbV</jurabk><enbez>§ 15</enbez><titel format="XML">Gewichtung der Prüfungsbereiche und Anforderungen für das Bestehen der Abschlussprüfung</titel></metadaten><textdaten><text format="XML"><Content><P>(1) Die Bewertungen der einzelnen Prüfungsbereiche sind in der Fachrichtung Großhandel wie folgt zu gewichten: <DL Type="arabic"><DT>1.</DT><DD Font="normal"><LA><!-- SPLIT UMBAU : [Text: Organisieren des Warensortiments][Element: <BR/>


][Text:  und von Dienstleistungen ][Element: 


<Split/>


][Text: mit 25 Prozent,]--><table colsep="0" frame="none" pgwide="1" rowsep="0"><tgroup cols="2"><colspec align="left" colname="leftSplit"/><colspec align="right" colname="rightSplit"/><tbody Class="Split"><row><entry colname="leftSplit">Organisieren des Warensortiments<BR/> und von Dienstleistungen</entry><entry colname="rightSplit" valign="bottom">mit 25 Prozent,</entry></row></tbody></tgroup></table></LA></DD><DT>2.</DT><DD Font="normal"><LA><!-- SPLIT UMBAU : [Text: Kaufmännische Steuerung von][Element: <BR/>


][Text:  Geschäftsprozessen ][Element: 


<Split/>


][Text: mit 15 Prozent,]--><table colsep="0" frame="none" pgwide="1" rowsep="0"><tgroup cols="2"><colspec align="left" colname="leftSplit"/><colspec align="right" colname="rightSplit"/><tbody Class="Split"><row><entry colname="leftSplit">Kaufmännische Steuerung von<BR/> Geschäftsprozessen</entry><entry colname="rightSplit" valign="bottom">mit 15 Prozent,</entry></row></tbody></tgroup></table></LA></DD><DT>3.</DT><DD Font="normal"><LA><!-- SPLIT UMBAU : [Text: Prozessorientierte Organisation von][Element: <BR/>


][Text:  Großhandelsgeschäften ][Element: 


<Split/>


][Text: mit 30 Prozent,]--><table colsep="0" frame="none" pgwide="1" rowsep="0"><tgroup cols="2"><colspec align="left" colname="leftSplit"/><colspec align="right" colname="rightSplit"/><tbody Class="Split"><row><entry colname="leftSplit">Prozessorientierte Organisation von<BR/> Großhandelsgeschäften</entry><entry colname="rightSplit" valign="bottom">mit 30 Prozent,</entry></row></tbody></tgroup></table></LA></DD><DT>4.</DT><DD Font="normal"><LA><!-- SPLIT UMBAU : [Text: Fallbezogenes Fachgespräch zu einer][Element: <BR/>


][Text:  betrieblichen Fachaufgabe][Element: <BR/>][Text:  im Großhandel 
][Element: 


<Split/>


][Text: mit 20 Prozent sowie]--><table colsep="0" frame="none" pgwide="1" rowsep="0"><tgroup cols="2"><colspec align="left" colname="leftSplit"/><colspec align="right" colname="rightSplit"/><tbody Class="Split"><row><entry colname="leftSplit">Fallbezogenes Fachgespräch zu einer<BR/> betrieblichen Fachaufgabe<BR/> im Großhandel</entry><entry colname="rightSplit" valign="bottom">mit 20 Prozent sowie</entry></row></tbody></tgroup></table></LA></DD><DT>5.</DT><DD Font="normal"><LA><!-- SPLIT UMBAU : [Text: Wirtschafts- und Sozialkunde ][Element: <Split/>


][Text: mit 10 Prozent.<Rec/>]--><table colsep="0" frame="none" pgwide="1" rowsep="0"><tgroup cols="2"><colspec align="left" colname="leftSplit"/><colspec align="right" colname="rightSplit"/><tbody Class="Split"><row><entry colname="leftSplit">Wirtschafts- und Sozialkunde</entry><entry colname="rightSplit" valign="bottom">mit 10 Prozent.</entry></row></tbody></tgroup></table></LA></DD></DL></P><P>(2) Die Abschlussprüfung ist bestanden, wenn die Prüfungsleistungen – auch unter Berücksichtigung einer mündlichen Ergänzungsprüfung nach § 16 – wie folgt bewertet worden sind: <DL Type="arabic"><DT>1.</DT><DD Font="normal"><LA>im Gesamtergebnis von Teil 1 und Teil 2 mit mindestens „ausreichend“,</LA></DD><DT>2.</DT><DD Font="normal"><LA>im Ergebnis von Teil 2 mit mindestens „ausreichend“,</LA></DD><DT>3.</DT><DD Font="normal"><LA>in mindestens drei Prüfungsbereichen von Teil 2 mit mindestens „ausreichend“ und</LA></DD><DT>4.</DT><DD Font="normal"><LA>in keinem Prüfungsbereich von Teil 2 mit „ungenügend“.</LA></DD></DL></P></Content></text></textdaten></norm>
<norm builddate="20210702213105" doknr="BJNR071500020BJNE001800000"><metadaten><jurabk>GuAMKflAusbV</jurabk><enbez>§ 16</enbez><titel format="XML">Mündliche Ergänzungsprüfung</titel></metadaten><textdaten><text format="XML"><Content><P>(1) Der Prüfling kann in einem Prüfungsbereich eine mündliche Ergänzungsprüfung beantragen.</P><P>(2) Dem Antrag ist stattzugeben, <DL Type="arabic"><DT>1.</DT><DD Font="normal"><LA>wenn er für einen der folgenden Prüfungsbereiche gestellt worden ist: <DL Type="alpha"><DT>a)</DT><DD Font="normal"><LA>Kaufmännische Steuerung von Geschäftsprozessen,</LA></DD><DT>b)</DT><DD Font="normal"><LA>Prozessorientierte Organisation von Großhandelsgeschäften oder</LA></DD><DT>c)</DT><DD Font="normal"><LA>Wirtschafts- und Sozialkunde,</LA></DD></DL></LA></DD><DT>2.</DT><DD Font="normal"><LA>wenn der benannte Prüfungsbereich schlechter als mit „ausreichend“ bewertet worden ist und</LA></DD><DT>3.</DT><DD Font="normal"><LA>wenn die mündliche Ergänzungsprüfung für das Bestehen der Abschlussprüfung den Ausschlag geben kann.</LA></DD></DL>Die mündliche Ergänzungsprüfung darf nur in einem einzigen Prüfungsbereich durchgeführt werden.</P><P>(3) Die mündliche Ergänzungsprüfung soll 15 Minuten dauern.</P><P>(4) Bei der Ermittlung des Ergebnisses für den Prüfungsbereich sind das bisherige Ergebnis und das Ergebnis der mündlichen Ergänzungsprüfung im Verhältnis 2:1 zu gewichten.</P></Content></text></textdaten></norm>
<norm builddate="20210702213105" doknr="BJNR071500020BJNG000600000"><metadaten><jurabk>GuAMKflAusbV</jurabk><gliederungseinheit><gliederungskennzahl>020040</gliederungskennzahl><gliederungsbez>Unterabschnitt 4</gliederungsbez><gliederungstitel>Teil 2 der Abschlussprüfung in der Fachrichtung Außenhandel</gliederungstitel></gliederungseinheit></metadaten><textdaten/></norm>
<norm builddate="20210702213105" doknr="BJNR071500020BJNE001900000"><metadaten><jurabk>GuAMKflAusbV</jurabk><enbez>§ 17</enbez><titel format="XML">Inhalt von Teil 2</titel></metadaten><textdaten><text format="XML"><Content><P>(1) Teil 2 der Abschlussprüfung erstreckt sich in der Fachrichtung Außenhandel auf <DL Type="arabic"><DT>1.</DT><DD Font="normal"><LA>die im Ausbildungsrahmenplan genannten Fertigkeiten, Kenntnisse und Fähigkeiten sowie</LA></DD><DT>2.</DT><DD Font="normal"><LA>den im Berufsschulunterricht zu vermittelnden Lehrstoff, soweit er den im Ausbildungsrahmenplan genannten Fertigkeiten, Kenntnissen und Fähigkeiten entspricht.</LA></DD></DL></P><P>(2) In Teil 2 der Abschlussprüfung sollen Fertigkeiten, Kenntnisse und Fähigkeiten, die bereits Gegenstand von Teil 1 der Abschlussprüfung waren, nur insoweit einbezogen werden, als es für die Feststellung der beruflichen Handlungsfähigkeit erforderlich ist.</P></Content></text></textdaten></norm>
<norm builddate="20210702213105" doknr="BJNR071500020BJNE002000000"><metadaten><jurabk>GuAMKflAusbV</jurabk><enbez>§ 18</enbez><titel format="XML">Prüfungsbereiche von Teil 2</titel></metadaten><textdaten><text format="XML"><Content><P>Teil 2 der Abschlussprüfung findet in der Fachrichtung Außenhandel in folgenden Prüfungsbereichen statt: <DL Type="arabic"><DT>1.</DT><DD Font="normal"><LA>Kaufmännische Steuerung von Geschäftsprozessen,</LA></DD><DT>2.</DT><DD Font="normal"><LA>Prozessorientierte Organisation von Außenhandelsgeschäften,</LA></DD><DT>3.</DT><DD Font="normal"><LA>Fallbezogenes Fachgespräch zu einer betrieblichen Fachaufgabe im Außenhandel sowie</LA></DD><DT>4.</DT><DD Font="normal"><LA>Wirtschafts- und Sozialkunde.</LA></DD></DL></P></Content></text></textdaten></norm>
<norm builddate="20210702213105" doknr="BJNR071500020BJNE002100000"><metadaten><jurabk>GuAMKflAusbV</jurabk><enbez>§ 19</enbez><titel format="XML">Prüfungsbereich Kaufmännische Steuerung von Geschäftsprozessen</titel></metadaten><textdaten><text format="XML"><Content><P>(1) Im Prüfungsbereich Kaufmännische Steuerung von Geschäftsprozessen hat der Prüfling nachzuweisen, dass er in der Lage ist, <DL Type="arabic"><DT>1.</DT><DD Font="normal"><LA>Geschäftsvorgänge buchhalterisch zu erfassen und Zahlungsvorgänge zu bearbeiten,</LA></DD><DT>2.</DT><DD Font="normal"><LA>die betriebliche Kosten-und-Leistungs-Rechnung anzuwenden sowie Kennzahlen zu ermitteln und zu analysieren und Instrumente der kaufmännischen Steuerung und Kontrolle zu nutzen,</LA></DD><DT>3.</DT><DD Font="normal"><LA>im Rahmen eines Kundenauftrages den mengen- und wertebezogenen Daten- und Warenfluss in elektronischen Systemen zur Ressourcenplanung und zur Verwaltung von Kundenbeziehungen zu erfassen und die Zusammenhänge darzustellen und</LA></DD><DT>4.</DT><DD Font="normal"><LA>Arbeitsorganisation projekt- und teamorientiert zu planen und zu steuern.</LA></DD></DL></P><P>(2) Die Prüfungsaufgaben sollen praxisbezogen sein. Der Prüfling hat die Aufgaben schriftlich zu bearbeiten.</P><P>(3) Die Prüfungszeit beträgt 60 Minuten.</P></Content></text></textdaten></norm>
<norm builddate="20210702213105" doknr="BJNR071500020BJNE002200000"><metadaten><jurabk>GuAMKflAusbV</jurabk><enbez>§ 20</enbez><titel format="XML">Prüfungsbereich Prozessorientierte Organisation von Außenhandelsgeschäften</titel></metadaten><textdaten><text format="XML"><Content><P>(1) Im Prüfungsbereich Prozessorientierte Organisation von Außenhandelsgeschäften hat der Prüfling nachzuweisen, dass er in der Lage ist, <DL Type="arabic"><DT>1.</DT><DD Font="normal"><LA>Absatzmärkte zu identifizieren,</LA></DD><DT>2.</DT><DD Font="normal"><LA>Außenhandelsgeschäfte vorzubereiten und abzuschließen und dabei Risiken und international gebräuchliche Handelsklauseln zu berücksichtigen,</LA></DD><DT>3.</DT><DD Font="normal"><LA>bei der Vorbereitung und beim Abschluss von Außenhandelsgeschäften Finanzierungs- und Kreditsicherungsmöglichkeiten sowie Zahlungsbedingungen zu berücksichtigen,</LA></DD><DT>4.</DT><DD Font="normal"><LA>logistische Prozesse von der Beschaffung bis zur Distribution zu steuern und zu kontrollieren,</LA></DD><DT>5.</DT><DD Font="normal"><LA>Außenhandelsgeschäfte in einer Fremdsprache abzuwickeln und dabei die Kommunikation mit ausländischen Geschäftspartnern und Geschäftspartnerinnen adressatengerecht zu gestalten,</LA></DD><DT>6.</DT><DD Font="normal"><LA>den Einkauf von Waren und Dienstleistungen durchzuführen und dabei Risiken und Besonderheiten im internationalen Handel zu berücksichtigen,</LA></DD><DT>7.</DT><DD Font="normal"><LA>Verkaufsprozesse durch zielgruppenorientierte Marketingmaßnahmen zu unterstützen und</LA></DD><DT>8.</DT><DD Font="normal"><LA>Kundenanliegen lösungsorientiert mit dem Ziel des Vertragsabschlusses zu bearbeiten und Möglichkeiten der Konfliktlösung anzuwenden.</LA></DD></DL></P><P>(2) Die Prüfungsaufgaben sollen praxisbezogen sein. Der Prüfling hat die Aufgaben schriftlich zu bearbeiten.</P><P>(3) Die Prüfungszeit beträgt 120 Minuten.</P></Content></text></textdaten></norm>
<norm builddate="20210702213105" doknr="BJNR071500020BJNE002300000"><metadaten><jurabk>GuAMKflAusbV</jurabk><enbez>§ 21</enbez><titel format="XML">Prüfungsbereich Fallbezogenes Fachgespräch zu einer betrieblichen Fachaufgabe im Außenhandel</titel></metadaten><textdaten><text format="XML"><Content><P>(1) Im Prüfungsbereich Fallbezogenes Fachgespräch zu einer betrieblichen Fachaufgabe im Außenhandel hat der Prüfling nachzuweisen, dass er in der Lage ist, <DL Type="arabic"><DT>1.</DT><DD Font="normal"><LA>berufstypische Aufgabenstellungen zu erfassen,</LA></DD><DT>2.</DT><DD Font="normal"><LA>Probleme und Vorgehensweisen zu erörtern,</LA></DD><DT>3.</DT><DD Font="normal"><LA>Lösungswege unter Anwendung internationaler Berufskompetenz zu entwickeln und zu begründen,</LA></DD><DT>4.</DT><DD Font="normal"><LA>Geschäftsgespräche kunden-, service- und prozessorientiert zu führen und auszuwerten und dabei Waren-, Dienstleistungs- und Fachkenntnisse einzubeziehen und</LA></DD><DT>5.</DT><DD Font="normal"><LA>praxisbezogene Aufgaben unter Berücksichtigung wirtschaftlicher und ökologischer Zusammenhänge sowie unter Beachtung rechtlicher Zusammenhänge zu planen, durchzuführen, zu steuern und auszuwerten.</LA></DD></DL></P><P>(2) Für den Nachweis nach Absatz 1 ist eines der folgenden Gebiete zugrunde zu legen: <DL Type="arabic"><DT>1.</DT><DD Font="normal"><LA>Internationaler Handel und Auslandsmärkte,</LA></DD><DT>2.</DT><DD Font="normal"><LA>Warensortiment und Marketing und</LA></DD><DT>3.</DT><DD Font="normal"><LA>Einkauf und Beschaffungslogistik.</LA></DD></DL></P><P>(3) Mit dem Prüfling wird ein fallbezogenes Fachgespräch geführt. Das fallbezogene Fachgespräch dauert 30 Minuten. Grundlage für das fallbezogene Fachgespräch ist eine praxisbezogene Fachaufgabe. Der Ausbildungsbetrieb teilt der zuständigen Stelle mit der Anmeldung zur Abschlussprüfung mit, ob die Durchführung nach Absatz 4 oder Absatz 5 gewählt wird.</P><P>(4) Zur Vorbereitung auf das fallbezogene Fachgespräch hat der Prüfling eine von zwei praxisbezogenen Fachaufgaben zu bearbeiten, die <DL Type="arabic"><DT>1.</DT><DD Font="normal"><LA>ihm vom Prüfungsausschuss zur Wahl gestellt werden und</LA></DD><DT>2.</DT><DD Font="normal"><LA>aus zwei unterschiedlichen Gebieten nach Absatz 2 stammen müssen.</LA></DD></DL>Der Prüfling wählt aus, welche praxisbezogene Fachaufgabe er bearbeitet. Die Bearbeitung findet unmittelbar vor dem fallbezogenen Fachgespräch statt. Für die Bearbeitung ist dem Prüfling zusätzlich eine Bearbeitungszeit von 15 Minuten einzuräumen. Das fallbezogene Fachgespräch beginnt damit, dass der Prüfling die von ihm bearbeitete praxisbezogene Fachaufgabe und seinen Lösungsweg darstellt. Ausgehend von dieser praxisbezogenen Fachaufgabe entwickelt der Prüfungsausschuss das fallbezogene Fachgespräch so, dass die in Absatz 1 genannten Anforderungen nachgewiesen werden können.</P><P>(5) Zur Vorbereitung auf das fallbezogene Fachgespräch hat der Prüfling im Ausbildungsbetrieb eigenständig zwei praxisbezogene Fachaufgaben zu bearbeiten, die <DL Type="arabic"><DT>1.</DT><DD Font="normal"><LA>der Ausbildungsbetrieb festgelegt hat und</LA></DD><DT>2.</DT><DD Font="normal"><LA>aus zwei unterschiedlichen Gebieten nach Absatz 2 stammen müssen.</LA></DD></DL>Zu jeder der beiden praxisbezogenen Fachaufgaben hat der Prüfling einen Report zu erstellen. In dem Report hat er die Aufgabenstellung, die Zielsetzung, die Planung, das Vorgehen und das Ergebnis zu beschreiben und den Prozess, der zu dem Ergebnis geführt hat, zu reflektieren. Der Report darf jeweils höchstens drei Seiten umfassen. Spätestens am ersten Tag von Teil 2 der Abschlussprüfung sind dem Prüfungsausschuss die beiden Reporte zuzuleiten sowie eine Bestätigung des Ausbildungsbetriebs darüber, dass der Prüfling die praxisbezogenen Fachaufgaben eigenständig durchgeführt hat. Aus den beiden bearbeiteten praxisbezogenen Fachaufgaben wählt der Prüfungsausschuss für das fallbezogene Fachgespräch eine aus und teilt sie dem Prüfling mit. Das fallbezogene Fachgespräch beginnt damit, dass der Prüfling die vom Prüfungsausschuss ausgewählte Fachaufgabe und seinen Lösungsweg darstellt. Ausgehend von der gewählten praxisbezogenen Fachaufgabe und dem dazugehörigen Report entwickelt der Prüfungsausschuss das fallbezogene Fachgespräch so, dass die in Absatz 1 genannten Anforderungen nachgewiesen werden können.</P><P>(6) Bewertet wird nur die Leistung, die der Prüfling im fallbezogenen Fachgespräch erbringt.</P></Content></text></textdaten></norm>
<norm builddate="20210702213105" doknr="BJNR071500020BJNE002400000"><metadaten><jurabk>GuAMKflAusbV</jurabk><enbez>§ 22</enbez><titel format="XML">Prüfungsbereich Wirtschafts- und Sozialkunde</titel></metadaten><textdaten><text format="XML"><Content><P>(1) Im Prüfungsbereich Wirtschafts- und Sozialkunde hat der Prüfling nachzuweisen, dass er in der Lage ist, allgemeine wirtschaftliche und gesellschaftliche Zusammenhänge der Berufs- und Arbeitswelt darzustellen und zu beurteilen.</P><P>(2) Die Prüfungsaufgaben müssen praxisbezogen sein. Der Prüfling hat die Aufgaben schriftlich zu bearbeiten.</P><P>(3) Die Prüfungszeit beträgt 60 Minuten.</P></Content></text></textdaten></norm>
<norm builddate="20210702213105" doknr="BJNR071500020BJNE002500000"><metadaten><jurabk>GuAMKflAusbV</jurabk><enbez>§ 23</enbez><titel format="XML">Gewichtung der Prüfungsbereiche und Anforderungen für das Bestehen der Abschlussprüfung</titel></metadaten><textdaten><text format="XML"><Content><P>(1) Die Bewertungen der einzelnen Prüfungsbereiche sind in der Fachrichtung Außenhandel wie folgt zu gewichten: <DL Type="arabic"><DT>1.</DT><DD Font="normal"><LA><!-- SPLIT UMBAU : [Text: Organisieren des Warensortiments][Element: <BR/>




][Text:  und von Dienstleistungen ][Element: 




<Split/>




][Text: mit 25 Prozent,]--><table colsep="0" frame="none" pgwide="1" rowsep="0"><tgroup cols="2"><colspec align="left" colname="leftSplit"/><colspec align="right" colname="rightSplit"/><tbody Class="Split"><row><entry colname="leftSplit">Organisieren des Warensortiments<BR/> und von Dienstleistungen</entry><entry colname="rightSplit" valign="bottom">mit 25 Prozent,</entry></row></tbody></tgroup></table></LA></DD><DT>2.</DT><DD Font="normal"><LA><!-- SPLIT UMBAU : [Text: Kaufmännische Steuerung von][Element: <BR/>




][Text:  Geschäftsprozessen ][Element: 




<Split/>




][Text: mit 15 Prozent,]--><table colsep="0" frame="none" pgwide="1" rowsep="0"><tgroup cols="2"><colspec align="left" colname="leftSplit"/><colspec align="right" colname="rightSplit"/><tbody Class="Split"><row><entry colname="leftSplit">Kaufmännische Steuerung von<BR/> Geschäftsprozessen</entry><entry colname="rightSplit" valign="bottom">mit 15 Prozent,</entry></row></tbody></tgroup></table></LA></DD><DT>3.</DT><DD Font="normal"><LA><!-- SPLIT UMBAU : [Text: Prozessorientierte Organisation von][Element: <BR/>




][Text:  Außenhandelsgeschäften ][Element: 




<Split/>




][Text: mit 30 Prozent,]--><table colsep="0" frame="none" pgwide="1" rowsep="0"><tgroup cols="2"><colspec align="left" colname="leftSplit"/><colspec align="right" colname="rightSplit"/><tbody Class="Split"><row><entry colname="leftSplit">Prozessorientierte Organisation von<BR/> Außenhandelsgeschäften</entry><entry colname="rightSplit" valign="bottom">mit 30 Prozent,</entry></row></tbody></tgroup></table></LA></DD><DT>4.</DT><DD Font="normal"><LA><!-- SPLIT UMBAU : [Text: Fallbezogenes Fachgespräch zu einer][Element: <BR/>




][Text:  betrieblichen Fachaufgabe][Element: <BR/>][Text:  im Außenhandel 
][Element: 




<Split/>




][Text: mit 20 Prozent sowie]--><table colsep="0" frame="none" pgwide="1" rowsep="0"><tgroup cols="2"><colspec align="left" colname="leftSplit"/><colspec align="right" colname="rightSplit"/><tbody Class="Split"><row><entry colname="leftSplit">Fallbezogenes Fachgespräch zu einer<BR/> betrieblichen Fachaufgabe<BR/> im Außenhandel</entry><entry colname="rightSplit" valign="bottom">mit 20 Prozent sowie</entry></row></tbody></tgroup></table></LA></DD><DT>5.</DT><DD Font="normal"><LA><!-- SPLIT UMBAU : [Text: Wirtschafts- und Sozialkunde ][Element: <Split/>




][Text: mit 10 Prozent.<Rec/>]--><table colsep="0" frame="none" pgwide="1" rowsep="0"><tgroup cols="2"><colspec align="left" colname="leftSplit"/><colspec align="right" colname="rightSplit"/><tbody Class="Split"><row><entry colname="leftSplit">Wirtschafts- und Sozialkunde</entry><entry colname="rightSplit" valign="bottom">mit 10 Prozent.</entry></row></tbody></tgroup></table></LA></DD></DL></P><P>(2) Die Abschlussprüfung ist bestanden, wenn die Prüfungsleistungen – auch unter Berücksichtigung einer mündlichen Ergänzungsprüfung nach § 24 – wie folgt bewertet worden sind: <DL Type="arabic"><DT>1.</DT><DD Font="normal"><LA>im Gesamtergebnis von Teil 1 und Teil 2 mit mindestens „ausreichend“,</LA></DD><DT>2.</DT><DD Font="normal"><LA>im Ergebnis von Teil 2 mit mindestens „ausreichend“,</LA></DD><DT>3.</DT><DD Font="normal"><LA>in mindestens drei Prüfungsbereichen von Teil 2 mit mindestens „ausreichend“ und</LA></DD><DT>4.</DT><DD Font="normal"><LA>in keinem Prüfungsbereich von Teil 2 mit „ungenügend“.</LA></DD></DL></P></Content></text></textdaten></norm>
<norm builddate="20210702213105" doknr="BJNR071500020BJNE002600000"><metadaten><jurabk>GuAMKflAusbV</jurabk><enbez>§ 24</enbez><titel format="XML">Mündliche Ergänzungsprüfung</titel></metadaten><textdaten><text format="XML"><Content><P>(1) Der Prüfling kann in einem Prüfungsbereich eine mündliche Ergänzungsprüfung beantragen.</P><P>(2) Dem Antrag ist stattzugeben, <DL Type="arabic"><DT>1.</DT><DD Font="normal"><LA>wenn er für einen der folgenden Prüfungsbereiche gestellt worden ist: <DL Type="alpha"><DT>a)</DT><DD Font="normal"><LA>Kaufmännische Steuerung von Geschäftsprozessen,</LA></DD><DT>b)</DT><DD Font="normal"><LA>Prozessorientierte Organisation von Außenhandelsgeschäften oder</LA></DD><DT>c)</DT><DD Font="normal"><LA>Wirtschafts- und Sozialkunde,</LA></DD></DL></LA></DD><DT>2.</DT><DD Font="normal"><LA>wenn der benannte Prüfungsbereich schlechter als mit „ausreichend“ bewertet worden ist und</LA></DD><DT>3.</DT><DD Font="normal"><LA>wenn die mündliche Ergänzungsprüfung für das Bestehen der Abschlussprüfung den Ausschlag geben kann.</LA></DD></DL>Die mündliche Ergänzungsprüfung darf nur in einem einzigen Prüfungsbereich durchgeführt werden.</P><P>(3) Die mündliche Ergänzungsprüfung soll 15 Minuten dauern.</P><P>(4) Bei der Ermittlung des Ergebnisses für den Prüfungsbereich sind das bisherige Ergebnis und das Ergebnis der mündlichen Ergänzungsprüfung im Verhältnis 2:1 zu gewichten.</P></Content></text></textdaten></norm>
<norm builddate="20210702213105" doknr="BJNR071500020BJNG000700000"><metadaten><jurabk>GuAMKflAusbV</jurabk><gliederungseinheit><gliederungskennzahl>030</gliederungskennzahl><gliederungsbez>Abschnitt 3</gliederungsbez><gliederungstitel>Schlussvorschriften</gliederungstitel></gliederungseinheit></metadaten><textdaten/></norm>
<norm builddate="20210702213105" doknr="BJNR071500020BJNE002700000"><metadaten><jurabk>GuAMKflAusbV</jurabk><enbez>§ 25</enbez><titel format="XML">Inkrafttreten, Außerkrafttreten</titel></metadaten><textdaten><text format="XML"><Content><P>Diese Verordnung tritt am 1. August 2020 in Kraft. Gleichzeitig tritt die Verordnung über die Berufsausbildung zum Kaufmann im Groß- und Außenhandel/zur Kauffrau im Groß- und Außenhandel vom 14. Februar 2006 (BGBl. I S. 409) außer Kraft.</P></Content></text></textdaten></norm>
<norm builddate="20210702213105" doknr="BJNR071500020BJNE002800000"><metadaten><jurabk>GuAMKflAusbV</jurabk><enbez>Anlage</enbez><titel format="XML">(zu § 3 Absatz 1)<BR/>Ausbildungsrahmenplan für die Berufsausbildung zum Kaufmann für Groß- und Außenhandelsmanagement und zur Kauffrau für Groß- und Außenhandelsmanagement</titel></metadaten><textdaten><text format="XML"><Content><P><noindex><kommentar typ="Fundstelle">(Fundstelle: BGBl. I 2020, 722 - 729)</kommentar></noindex></P><table frame="all" pgwide="1" tabstyle="Ausbildung" tocentry="%yes;"><Title Align="left" Class="S1"><B>Abschnitt A: fachrichtungsübergreifende berufsprofilgebende Fertigkeiten, Kenntnisse und Fähigkeiten</B></Title><tgroup align="left" char="" charoff="50" cols="5" colsep="1" rowsep="1"><colspec align="center" colname="col1" colnum="1" colwidth=".75*"/><colspec colname="col2" colnum="2" colwidth="4.5*"/><colspec align="justify" colname="col3" colnum="3" colwidth="8.5*"/><colspec align="center" colname="col4" colnum="4" colwidth="1.5*"/><colspec align="center" colname="col5" colnum="5" colwidth="1.5*"/><thead valign="bottom"><row><entry VJ="1" align="center" colname="col1" morerows="1" valign="middle">Lfd.<BR/> Nr.</entry><entry VJ="1" align="center" colname="col2" morerows="1" valign="middle">Teil des<BR/> Ausbildungsberufsbildes</entry><entry VJ="1" align="center" colname="col3" morerows="1" valign="middle">Zu vermittelnde<BR/> Fertigkeiten, Kenntnisse und Fähigkeiten</entry><entry VJ="1" align="center" nameend="col5" namest="col4" valign="middle">Zeitliche Richtwerte<BR/> in Wochen im</entry></row><row><entry VJ="1" align="center" colname="col4" valign="middle">1. bis 15.<BR/> Monat</entry><entry VJ="1" align="center" colname="col5" valign="middle">16. bis 36.<BR/> Monat</entry></row><row><entry VJ="1" align="center" colname="col1" valign="middle">1</entry><entry VJ="1" align="center" colname="col2" valign="middle">2</entry><entry VJ="1" align="center" colname="col3" valign="middle">3</entry><entry VJ="1" align="center" nameend="col5" namest="col4" valign="middle">4</entry></row></thead><tbody valign="top"><row><entry VJ="1" colname="col1">1</entry><entry VJ="1" colname="col2">Warensortiment zusammenstellen und Dienstleistungen anbieten<BR/> (§ 4 Absatz 2 Nummer 1)</entry><entry VJ="1" colname="col3"><DL Font="normal" Type="alpha"><DT>a)</DT><DD Font="normal"><LA Size="normal">Bedarf an Artikeln, Warengruppen und Dienstleistungen unter Berücksichtigung der Absatzchancen ermitteln und dabei Kern- und Randsortimente differenziert betrachten</LA></DD><DT>b)</DT><DD Font="normal"><LA Size="normal">Informationen über Warensortimente und Dienstleistungen einholen, auch unter Nutzung elektronischer Medien</LA></DD><DT>c)</DT><DD Font="normal"><LA Size="normal">Vorschläge für die Zusammenstellung marktorientierter Warensortimente entwickeln</LA></DD><DT>d)</DT><DD Font="normal"><LA Size="normal">Verpackungen nach technischen, ökonomischen und ökologischen Gesichtspunkten auswählen</LA></DD><DT>e)</DT><DD Font="normal"><LA Size="normal">Vorschläge für waren- und kundenbezogene Dienstleistungsangebote entwickeln</LA></DD><DT>f)</DT><DD Font="normal"><LA Size="normal">branchenübliche Fachbegriffe, Maß-, Mengen- und Gewichtseinheiten verwenden</LA></DD><DT>g)</DT><DD Font="normal"><LA Size="normal">waren- und dienstleistungsbezogene Normen und rechtliche Regelungen einhalten</LA></DD></DL></entry><entry VJ="1" colname="col4" valign="middle">16</entry><entry VJ="1" colname="col5" valign="middle"/></row><row><entry VJ="1" colname="col1">2</entry><entry VJ="1" colname="col2">Handelsspezifische<BR/> Beschaffungslogistik planen und steuern<BR/> (§ 4 Absatz 2 Nummer 2)</entry><entry VJ="1" colname="col3"><DL Font="normal" Type="alpha"><DT>a)</DT><DD Font="normal"><LA Size="normal">Ziele der handelsspezifischen Beschaffungslogistik reflektieren, Konzepte bewerten und daraus geeignete Transportmittel und Lagerstätten für Logistikketten ableiten</LA></DD><DT>b)</DT><DD Font="normal"><LA Size="normal">logistische Dienstleistungen nach ökonomischen und ökologischen Kriterien sowie nach betrieblichen Vorgaben auswählen, Verträge abschließen und die Vertragserfüllung kontrollieren</LA></DD><DT>c)</DT><DD Font="normal"><LA Size="normal">rechtliche Regelungen für das Transportwesen einhalten sowie Transportrisiken beurteilen und absichern</LA></DD><DT>d)</DT><DD Font="normal"><LA Size="normal">Schnittstellen zu Herstellern, Lieferanten und Wiederverkäufern sowie Schwachstellen in der Wertschöpfungskette analysieren, Fehlerquellen erkennen und Vorschläge zur Fehlerbeseitigung und zur Prozessoptimierung machen</LA></DD><DT>e)</DT><DD Font="normal"><LA Size="normal">für die Warenbeschaffung branchenbezogene Markt- und Börsenberichte, Fachpublikationen, Bezugsquellenverzeichnisse und Lieferanteninformationen, einschließlich elektronischer Informationsquellen, auswählen, nutzen und auswerten</LA></DD><DT>f)</DT><DD Font="normal"><LA Size="normal">ökonomische, ökologische, soziale und ethische Aspekte der Nachhaltigkeit in nationalen und internationalen Lieferketten bei der Beschaffung berücksichtigen</LA></DD></DL></entry><entry VJ="1" colname="col4" valign="middle"/><entry VJ="1" colname="col5" valign="middle">10</entry></row><row><entry VJ="1" colname="col1" morerows="1">3</entry><entry VJ="1" colname="col2" morerows="1">Einkauf von Waren und Dienstleistungen<BR/> marktorientiert planen,<BR/> organisieren und durchführen<BR/> (§ 4 Absatz 2 Nummer 3)</entry><entry VJ="1" colname="col3"><DL Font="normal" Type="alpha"><DT>a)</DT><DD Font="normal"><LA Size="normal">unter Beachtung von Beschaffungsrichtlinien Bezugsquellen ermitteln und Angebote einholen</LA></DD><DT>b)</DT><DD Font="normal"><LA Size="normal">Durchführung von Ausschreibungsverfahren prüfen, an Ausschreibungsverfahren mitwirken und elektronische Plattformen für die Beschaffung nutzen</LA></DD><DT>c)</DT><DD Font="normal"><LA Size="normal">Angebote vergleichen hinsichtlich Art, Beschaffenheit, Qualität, Menge und Preis von Waren, Verpackungskosten, Lieferzeit sowie Liefer- und Zahlungsbedingungen</LA></DD><DT>d)</DT><DD Font="normal"><LA Size="normal">Dienstleistungsangebote, insbesondere im Hinblick auf Umfang, Qualität, Verfügbarkeit und Preise, vergleichen</LA></DD><DT>e)</DT><DD Font="normal"><LA Size="normal">Waren bestellen, Dienstleistungen beauftragen und Auftragsbestätigungen prüfen</LA></DD></DL></entry><entry VJ="1" colname="col4" valign="middle">12</entry><entry VJ="1" colname="col5" valign="middle"/></row><row><entry VJ="1" colname="col3"><DL Font="normal" Type="alpha"><DT>f)</DT><DD Font="normal"><LA Size="normal">Verhandlungen mit Lieferanten und Dienstleistern führen, Vertragsbedingungen festlegen und dokumentieren und dabei Risiken und Besonderheiten beim Einkauf im Ausland beachten</LA></DD><DT>g)</DT><DD Font="normal"><LA Size="normal">Vertragserfüllung, insbesondere Liefer- und Leistungstermine, überwachen, bei Verzug mahnen sowie Rechnungen und Lieferdokumente prüfen</LA></DD><DT>h)</DT><DD Font="normal"><LA Size="normal">Reklamationen unter Berücksichtigung der vertraglichen Verpflichtungen bearbeiten</LA></DD></DL></entry><entry VJ="1" colname="col4" valign="middle"/><entry VJ="1" colname="col5" valign="middle">4</entry></row><row><entry VJ="1" colname="col1">4</entry><entry VJ="1" colname="col2">Marketingmaßnahmen<BR/> planen, durchführen,<BR/> kontrollieren und steuern<BR/> (§ 4 Absatz 2 Nummer 4)</entry><entry VJ="1" colname="col3"><DL Font="normal" Type="alpha"><DT>a)</DT><DD Font="normal"><LA Size="normal">Informationen zu Zielgruppen, Absatzgebieten und Vertriebskanälen anforderungsorientiert beschaffen und bewerten</LA></DD><DT>b)</DT><DD Font="normal"><LA Size="normal">Marktbeobachtung durchführen, Ergebnisse auswerten und Vorschläge für den Einsatz von Marketinginstrumenten auch unter Berücksichtigung von Instrumenten des Onlinemarketings ableiten</LA></DD><DT>c)</DT><DD Font="normal"><LA Size="normal">Marktaktivitäten des Unternehmens mit denen von Wettbewerbern vergleichen</LA></DD><DT>d)</DT><DD Font="normal"><LA Size="normal">verkaufsfördernde Maßnahmen für alle unternehmensspezifischen Vertriebskanäle planen, durchführen, kontrollieren und steuern und dabei Budgetvorgaben berücksichtigen</LA></DD><DT>e)</DT><DD Font="normal"><LA Size="normal">ergänzende waren- und kundenbezogene Dienstleistungen anbieten und ihre Wirkung als Marketinginstrument bewerten</LA></DD><DT>f)</DT><DD Font="normal"><LA Size="normal">Marketingmaßnahmen hinsichtlich ihrer Zielsetzung reflektieren und Verbesserungsvorschläge ableiten</LA></DD><DT>g)</DT><DD Font="normal"><LA Size="normal">die Weiterentwicklung und Optimierung des Onlineauftrittes unterstützen</LA></DD><DT>h)</DT><DD Font="normal"><LA Size="normal">kundenorientiert handeln, insbesondere Beziehungen zu Kunden und Geschäftspartnern pflegen und Maßnahmen der Kundenbindung durchführen</LA></DD></DL></entry><entry VJ="1" colname="col4" valign="middle"/><entry VJ="1" colname="col5" valign="middle">8</entry></row><row rowsep="0"><entry VJ="1" colname="col1">5</entry><entry VJ="1" colname="col2">Verkauf kundenorientiert<BR/> planen und durchführen<BR/> (§ 4 Absatz 2 Nummer 5)</entry><entry VJ="1" colname="col3"><DL Font="normal" Type="alpha"><DT>a)</DT><DD Font="normal"><LA Size="normal">Anfragen bearbeiten, Preise ermitteln und angebotsspezifische Kalkulationen durchführen</LA></DD><DT>b)</DT><DD Font="normal"><LA Size="normal">Aufträge bearbeiten und bestätigen sowie Rechnungen erstellen</LA></DD></DL></entry><entry VJ="1" colname="col4" valign="bottom">14</entry><entry VJ="1" colname="col5" valign="middle"/></row><row><entry VJ="1" colname="col1" rowsep="0"/><entry VJ="1" colname="col2" rowsep="0"/><entry VJ="1" colname="col3"><DL Font="normal" Type="alpha"><DT>c)</DT><DD Font="normal"><LA Size="normal">durch eigenes Verhalten zur Kundenzufriedenheit und Kundenbindung beitragen</LA></DD><DT>d)</DT><DD Font="normal"><LA Size="normal">Angebote unter Berücksichtigung von Geschäfts-, Liefer- und Zahlungsbedingungen erstellen</LA></DD></DL></entry><entry VJ="1" colname="col4" valign="middle"/><entry VJ="1" colname="col5" valign="middle"/></row><row><entry VJ="1" colname="col3"><DL Font="normal" Type="alpha"><DT>e)</DT><DD Font="normal"><LA Size="normal">Zusammensetzung der Kundenstruktur ermitteln, Kundenkontakte herstellen und pflegen</LA></DD><DT>f)</DT><DD Font="normal"><LA Size="normal">betriebliche Vertriebskanäle kundenspezifisch nutzen</LA></DD><DT>g)</DT><DD Font="normal"><LA Size="normal">Möglichkeiten von Onlinevertriebskanälen prüfen sowie Verknüpfungen und Wechselwirkungen zwischen verschiedenen Vertriebskanälen darstellen</LA></DD><DT>h)</DT><DD Font="normal"><LA Size="normal">dem Kunden Handlungsmöglichkeiten bei auftragsbezogenen Änderungen, insbesondere bei Preisänderungen, aufzeigen</LA></DD><DT>i)</DT><DD Font="normal"><LA Size="normal">Beratungs- und Verkaufsgespräche kunden- und ergebnisorientiert unter Berücksichtigung verkaufspsychologischer Aspekte planen, durchführen und nachbereiten</LA></DD><DT>j)</DT><DD Font="normal"><LA Size="normal">Verträge abschließen</LA></DD><DT>k)</DT><DD Font="normal"><LA Size="normal">Kundenreklamationen erfassen und nach rechtlichen Regelungen und betrieblichen Vorgaben bearbeiten sowie Kulanzregelungen anwenden</LA></DD></DL></entry><entry VJ="1" colname="col4" valign="middle"/><entry VJ="1" colname="col5" valign="middle">8</entry></row><row><entry VJ="1" colname="col1">6</entry><entry VJ="1" colname="col2">Distribution planen und <BR/> steuern<BR/> (§ 4 Absatz 2 Nummer 6)</entry><entry VJ="1" colname="col3"><DL Font="normal" Type="alpha"><DT>a)</DT><DD Font="normal"><LA Size="normal">betrieblich genutzte Beförderungs- und Frachtarten auftragsbezogen auswählen sowie Transportkosten ermitteln</LA></DD><DT>b)</DT><DD Font="normal"><LA Size="normal">versandspezifische Anforderungen erfüllen, Aufträge abwickeln sowie Versand- und Begleitdokumente erstellen</LA></DD><DT>c)</DT><DD Font="normal"><LA Size="normal">Liefertermine vereinbaren, Warenversand planen und veranlassen</LA></DD><DT>d)</DT><DD Font="normal"><LA Size="normal">Liefertermine kontrollieren und Möglichkeiten der Sendungsverfolgung nutzen</LA></DD></DL></entry><entry VJ="1" colname="col4" valign="middle"/><entry VJ="1" colname="col5" valign="middle">6</entry></row><row><entry VJ="1" colname="col1">7</entry><entry VJ="1" colname="col2">Kaufmännische Steuerung und Kontrolle durchführen<BR/> (§ 4 Absatz 2 Nummer 7)</entry><entry VJ="1" colname="col3"><DL Font="normal" Type="alpha"><DT>a)</DT><DD Font="normal"><LA Size="normal">Geschäftsvorgänge unter Einhaltung betrieblicher und rechtlicher Regelungen buchhalterisch einordnen, Belege erfassen und buchen</LA></DD><DT>b)</DT><DD Font="normal"><LA Size="normal">Zahlungsvorgänge im Zusammenwirken mit Kreditinstituten, Dienstleistern, Lieferanten und Kunden bearbeiten</LA></DD><DT>c)</DT><DD Font="normal"><LA Size="normal">Auskünfte über Kunden, Lieferanten und Dienstleister einholen und bewerten</LA></DD><DT>d)</DT><DD Font="normal"><LA Size="normal">aus dem Kauf- und Zahlungsverhalten Maßnahmen ableiten</LA></DD><DT>e)</DT><DD Font="normal"><LA Size="normal">betriebliche Grundsätze der Kreditgewährung anwenden und Möglichkeiten der Risikoabsicherung nutzen</LA></DD><DT>f)</DT><DD Font="normal"><LA Size="normal">betriebliche Kosten-und-Leistungs-Rechnung anwenden, Kosten erfassen und überwachen sowie betriebliche Leistungen bewerten und verrechnen</LA></DD><DT>g)</DT><DD Font="normal"><LA Size="normal">betriebliches Controlling als Informations- und Steuerungsinstrument nutzen, Kennzahlen ermitteln und analysieren sowie Handlungsoptionen ableiten</LA></DD></DL></entry><entry VJ="1" colname="col4" valign="middle"/><entry VJ="1" colname="col5" valign="middle">12</entry></row><row><entry VJ="1" colname="col1" morerows="1">8</entry><entry VJ="1" colname="col2" morerows="1">Arbeitsorganisation projekt- und teamorientiert planen<BR/> und steuern<BR/> (§ 4 Absatz 2 Nummer 8)</entry><entry VJ="1" colname="col3"><DL Font="normal" Type="alpha"><DT>a)</DT><DD Font="normal"><LA Size="normal">eigene Arbeit unter Einsatz betrieblicher Arbeits- und Organisationsmittel systematisch planen, durchführen und kontrollieren</LA></DD><DT>b)</DT><DD Font="normal"><LA Size="normal">Arbeitsprozesse im eigenen Arbeitsbereich reflektieren und Maßnahmen zur Optimierung vorschlagen</LA></DD><DT>c)</DT><DD Font="normal"><LA Size="normal">Lern- und Arbeitstechniken sowie Methoden des selbstgesteuerten Lernens anwenden und elektronische Lernmedien nutzen</LA></DD><DT>d)</DT><DD Font="normal"><LA Size="normal">Aufgaben im Team planen und bearbeiten sowie Ergebnisse abstimmen und auswerten</LA></DD><DT>e)</DT><DD Font="normal"><LA Size="normal">Präsentationstechniken anwenden</LA></DD></DL></entry><entry VJ="1" colname="col4" valign="middle">6</entry><entry VJ="1" colname="col5" valign="middle"/></row><row><entry VJ="1" colname="col3"><DL Font="normal" Type="alpha"><DT>f)</DT><DD Font="normal"><LA Size="normal">Vorbereitung, Planung, Überwachung, Steuerung, Abschluss und Dokumentation betrieblicher Projekte unterstützen</LA></DD><DT>g)</DT><DD Font="normal"><LA Size="normal">bei der Umsetzung und Durchführung von betrieblichen Projekten mitarbeiten</LA></DD></DL></entry><entry VJ="1" colname="col4" valign="middle"/><entry VJ="1" colname="col5" valign="middle">4</entry></row></tbody></tgroup></table><P/><table frame="all" pgwide="1" tabstyle="Ausbildung" tocentry="%yes;"><Title Align="left" Class="S1"><B>Abschnitt B: berufsprofilgebende Fertigkeiten, Kenntnisse und Fähigkeiten in der Fachrichtung Großhandel</B></Title><tgroup align="left" char="" charoff="50" cols="5" colsep="1" rowsep="1"><colspec align="center" colname="col1" colnum="1" colwidth=".75*"/><colspec colname="col2" colnum="2" colwidth="4.5*"/><colspec align="justify" colname="col3" colnum="3" colwidth="8.5*"/><colspec align="center" colname="col4" colnum="4" colwidth="1.5*"/><colspec align="center" colname="col5" colnum="5" colwidth="1.5*"/><thead valign="bottom"><row><entry VJ="1" align="center" colname="col1" morerows="1" valign="middle">Lfd.<BR/> Nr.</entry><entry VJ="1" align="center" colname="col2" morerows="1" valign="middle">Teil des<BR/> Ausbildungsberufsbildes</entry><entry VJ="1" align="center" colname="col3" morerows="1" valign="middle">Zu vermittelnde<BR/> Fertigkeiten, Kenntnisse und Fähigkeiten</entry><entry VJ="1" align="center" nameend="col5" namest="col4" valign="middle">Zeitliche Richtwerte<BR/> in Wochen im</entry></row><row><entry VJ="1" align="center" colname="col4" valign="middle">1. bis 15.<BR/> Monat</entry><entry VJ="1" align="center" colname="col5" valign="middle">16. bis 36.<BR/> Monat</entry></row><row><entry VJ="1" align="center" colname="col1" valign="middle">1</entry><entry VJ="1" align="center" colname="col2" valign="middle">2</entry><entry VJ="1" align="center" colname="col3" valign="middle">3</entry><entry VJ="1" align="center" nameend="col5" namest="col4" valign="middle">4</entry></row></thead><tbody valign="top"><row><entry VJ="1" colname="col1">1</entry><entry VJ="1" colname="col2">Lagerlogistik planen, steuern und abwickeln<BR/> (§ 4 Absatz 3 Nummer 1)</entry><entry VJ="1" colname="col3"><DL Font="normal" Type="alpha"><DT>a)</DT><DD Font="normal"><LA Size="normal">Anliefertermine überwachen, Waren annehmen, Waren und Frachtdokumente prüfen und Abweichungen dokumentieren</LA></DD><DT>b)</DT><DD Font="normal"><LA Size="normal">Wareneingangskontrollen durchführen und Wareneingänge erfassen, Abweichungen dokumentieren und Korrekturmaßnahmen einleiten</LA></DD><DT>c)</DT><DD Font="normal"><LA Size="normal">Waren nach betrieblichen Vorgaben einlagern und pflegen</LA></DD><DT>d)</DT><DD Font="normal"><LA Size="normal">betriebliche Lagerhaltung und deren Arbeitsabläufe im Hinblick auf die Zielsetzung der Lagerhaltung organisieren, auch unter Nutzung elektronischer Lagerverwaltungssysteme</LA></DD><DT>e)</DT><DD Font="normal"><LA Size="normal">Lagerbestände überwachen, Bestandsveränderungen und -abweichungen erfassen und erforderliche Korrekturen durchführen</LA></DD><DT>f)</DT><DD Font="normal"><LA Size="normal">Istbestände gemäß betrieblicher Inventurmethode aufnehmen und mit den Sollbeständen abgleichen</LA></DD><DT>g)</DT><DD Font="normal"><LA Size="normal">Waren auftragsbezogen auslagern, kommissionieren und versandfertig machen sowie Versand veranlassen</LA></DD><DT>h)</DT><DD Font="normal"><LA Size="normal">rechtliche und betriebliche Regelungen für die Lagerlogistik einhalten</LA></DD></DL></entry><entry VJ="1" colname="col4" valign="middle"/><entry VJ="1" colname="col5" valign="middle">24</entry></row><row rowsep="0"><entry VJ="1" colname="col1">2</entry><entry VJ="1" colname="col2">Warenbezogene Rückabwicklungsprozesse organisieren und durchführen<BR/> (§ 4 Absatz 3 Nummer 2)</entry><entry VJ="1" colname="col3"><DL Font="normal" Type="alpha"><DT>a)</DT><DD Font="normal"><LA Size="normal">Retourenprozesse aus Kundenreklamationen gemäß betrieblichen Regelungen einleiten</LA></DD><DT>b)</DT><DD Font="normal"><LA Size="normal">Waren aus Kundenretouren annehmen, prüfen und ihre weitere Verwendung klären</LA></DD><DT>c)</DT><DD Font="normal"><LA Size="normal">Retourengründe analysieren und Maßnahmen ableiten</LA></DD></DL></entry><entry VJ="1" colname="col4" valign="middle"/><entry VJ="1" colname="col5" valign="bottom">4</entry></row><row><entry VJ="1" colname="col1"/><entry VJ="1" colname="col2"/><entry VJ="1" colname="col3"><DL Font="normal" Type="alpha"><DT>d)</DT><DD Font="normal"><LA Size="normal">Gründe für Lieferantenretouren unterscheiden, weitere Verwendung der Retourware und Rücksendemöglichkeiten prüfen</LA></DD><DT>e)</DT><DD Font="normal"><LA Size="normal">Waren für die Rücksendung prüfen und versandfähig bereitstellen</LA></DD><DT>f)</DT><DD Font="normal"><LA Size="normal">warenbezogene Rückabwicklungsprozesse kaufmännisch umsetzen und dokumentieren</LA></DD></DL></entry><entry VJ="1" colname="col4" valign="middle"/><entry VJ="1" colname="col5" valign="middle"/></row></tbody></tgroup></table><P/><table frame="all" pgwide="1" tabstyle="Ausbildung" tocentry="%yes;"><Title Align="left" Class="S1"><B>Abschnitt C: berufsprofilgebende Fertigkeiten, Kenntnisse und Fähigkeiten in der Fachrichtung Außenhandel</B></Title><tgroup align="left" char="" charoff="50" cols="5" colsep="1" rowsep="1"><colspec align="center" colname="col1" colnum="1" colwidth=".75*"/><colspec colname="col2" colnum="2" colwidth="4.5*"/><colspec align="justify" colname="col3" colnum="3" colwidth="8.5*"/><colspec align="center" colname="col4" colnum="4" colwidth="1.5*"/><colspec align="center" colname="col5" colnum="5" colwidth="1.5*"/><thead valign="bottom"><row><entry VJ="1" align="center" colname="col1" morerows="1" valign="middle">Lfd.<BR/> Nr.</entry><entry VJ="1" align="center" colname="col2" morerows="1" valign="middle">Teil des<BR/> Ausbildungsberufsbildes</entry><entry VJ="1" align="center" colname="col3" morerows="1" valign="middle">Zu vermittelnde<BR/> Fertigkeiten, Kenntnisse und Fähigkeiten</entry><entry VJ="1" align="center" nameend="col5" namest="col4" valign="middle">Zeitliche Richtwerte<BR/> in Wochen im</entry></row><row><entry VJ="1" align="center" colname="col4" valign="middle">1. bis 15.<BR/> Monat</entry><entry VJ="1" align="center" colname="col5" valign="middle">16. bis 36.<BR/> Monat</entry></row><row><entry VJ="1" align="center" colname="col1" valign="middle">1</entry><entry VJ="1" align="center" colname="col2" valign="middle">2</entry><entry VJ="1" align="center" colname="col3" valign="middle">3</entry><entry VJ="1" align="center" nameend="col5" namest="col4" valign="middle">4</entry></row></thead><tbody valign="top"><row><entry VJ="1" colname="col1">1</entry><entry VJ="1" colname="col2">Außenhandelsgeschäfte<BR/> abwickeln und Auslandsmärkte bedienen<BR/> (§ 4 Absatz 4 Nummer 1)</entry><entry VJ="1" colname="col3"><DL Font="normal" Type="alpha"><DT>a)</DT><DD Font="normal"><LA Size="normal">zur Vorbereitung von Außenhandelsgeschäften die Absatz- und Beschaffungschancen ermitteln und dokumentieren sowie die staatenspezifischen Import- oder Exportbestimmungen einhalten</LA></DD><DT>b)</DT><DD Font="normal"><LA Size="normal">Außenhandelsrisiken berücksichtigen und geeignete Maßnahmen zum Risikomanagement für die abzuschließenden Verträge auswählen</LA></DD><DT>c)</DT><DD Font="normal"><LA Size="normal">außenhandelsspezifische Zahlungsbedingungen und -instrumente, insbesondere Akkreditive, auswählen und anwenden</LA></DD><DT>d)</DT><DD Font="normal"><LA Size="normal">international gebräuchliche Handelsklauseln, insbesondere die Incoterms, bei Handelsgeschäften anwenden</LA></DD><DT>e)</DT><DD Font="normal"><LA Size="normal">Möglichkeiten der Außenhandelsfinanzierung erläutern und Kreditabsicherung vorbereiten</LA></DD><DT>f)</DT><DD Font="normal"><LA Size="normal">Transportmittel und -wege im internationalen Warenverkehr bestimmen und dabei ökologische und ökonomische Kriterien sowie die Transportfähigkeit, Transportrisiken, Lagerfähigkeit, Pflege, Behandlung und Verpackung von Waren berücksichtigen</LA></DD><DT>g)</DT><DD Font="normal"><LA Size="normal">Fracht-, Speditions-, Lager- und Logistikverträge abschließen</LA></DD><DT>h)</DT><DD Font="normal"><LA Size="normal">Notwendigkeiten von Transportversicherungen prüfen und Maßnahmen vorschlagen</LA></DD><DT>i)</DT><DD Font="normal"><LA Size="normal">geeignetes Zollverfahren auswählen, bei Importgeschäften die anfallenden Abgaben, insbesondere Zölle und Einfuhrumsatzsteuer, errechnen und bei Einkaufs- und Verkaufskalkulationen einbeziehen sowie am elektronischen Zollverfahren mitwirken</LA></DD><DT>j)</DT><DD Font="normal"><LA Size="normal">für den internationalen Handel übliche Warendokumente prüfen, beschaffen und erstellen</LA></DD></DL></entry><entry VJ="1" colname="col4" valign="middle"/><entry VJ="1" colname="col5" valign="middle">20</entry></row><row rowsep="0"><entry VJ="1" colname="col1">2</entry><entry VJ="1" colname="col2">Internationale Berufskompetenzen anwenden<BR/> (§ 4 Absatz 4 Nummer 2)</entry><entry VJ="1" colname="col3"><DL Font="normal" Type="alpha"><DT>a)</DT><DD Font="normal"><LA Size="normal">im Rahmen der internationalen Kommunikation, Kooperation und Geschäftsanbahnung staatenspezifische Rahmenbedingungen und rechtliche Anforderungen beachten</LA></DD><DT>b)</DT><DD Font="normal"><LA Size="normal">Gespräche situations- und adressatengerecht führen und dabei kulturelle Identitäten und Verhaltensweisen berücksichtigen</LA></DD></DL></entry><entry VJ="1" colname="col4" valign="middle"/><entry VJ="1" colname="col5" valign="bottom">8</entry></row><row><entry VJ="1" colname="col1"/><entry VJ="1" colname="col2"/><entry VJ="1" colname="col3"><DL Font="normal" Type="alpha"><DT>c)</DT><DD Font="normal"><LA Size="normal">bei Anbahnungen, Verhandlungen, Abschlüssen und Erfüllung von Außenhandelsverträgen mündlich und schriftlich in einer Fremdsprache kommunizieren, insbesondere Informationen einholen</LA></DD><DT>d)</DT><DD Font="normal"><LA Size="normal">Angebote, Annahmen, Auftragsbestätigungen und Handelsrechnungen staatenspezifisch erstellen, bearbeiten und prüfen</LA></DD><DT>e)</DT><DD Font="normal"><LA Size="normal">Waren- und Frachtdokumente in einer Fremdsprache bearbeiten, prüfen und erstellen</LA></DD></DL></entry><entry VJ="1" colname="col4" valign="middle"/><entry VJ="1" colname="col5" valign="middle"/></row></tbody></tgroup></table><P/><table frame="all" pgwide="1" tabstyle="Ausbildung" tocentry="%yes;"><Title Align="left" Class="S1"><B>Abschnitt D: fachrichtungsübergreifende, integrativ zu vermittelnde Fertigkeiten, Kenntnisse und Fähigkeiten</B></Title><tgroup align="left" char="" charoff="50" cols="5" colsep="1" rowsep="1"><colspec align="center" colname="col1" colnum="1" colwidth=".75*"/><colspec colname="col2" colnum="2" colwidth="4.5*"/><colspec align="justify" colname="col3" colnum="3" colwidth="8.5*"/><colspec align="center" colname="col4" colnum="4" colwidth="1.5*"/><colspec align="center" colname="col5" colnum="5" colwidth="1.5*"/><thead valign="bottom"><row><entry VJ="1" align="center" colname="col1" morerows="1" valign="middle">Lfd.<BR/> Nr.</entry><entry VJ="1" align="center" colname="col2" morerows="1" valign="middle">Teil des<BR/> Ausbildungsberufsbildes</entry><entry VJ="1" align="center" colname="col3" morerows="1" valign="middle">Zu vermittelnde<BR/> Fertigkeiten, Kenntnisse und Fähigkeiten</entry><entry VJ="1" align="center" nameend="col5" namest="col4" valign="middle">Zeitliche Richtwerte<BR/> in Wochen im</entry></row><row><entry VJ="1" align="center" colname="col4" valign="middle">1. bis 15.<BR/> Monat</entry><entry VJ="1" align="center" colname="col5" valign="middle">16. bis 36.<BR/> Monat</entry></row><row><entry VJ="1" align="center" colname="col1" valign="middle">1</entry><entry VJ="1" align="center" colname="col2" valign="middle">2</entry><entry VJ="1" align="center" colname="col3" valign="middle">3</entry><entry VJ="1" align="center" nameend="col5" namest="col4" valign="middle">4</entry></row></thead><tbody valign="top"><row><entry VJ="1" colname="col1">1</entry><entry VJ="1" colname="col2">Berufsbildung sowie arbeits-, sozial- und tarifrechtliche Vorschriften<BR/> (§ 4 Absatz 5 Nummer 1)</entry><entry VJ="1" colname="col3"><DL Font="normal" Type="alpha"><DT>a)</DT><DD Font="normal"><LA Size="normal">Rechte und Pflichten aus dem Ausbildungsvertrag feststellen und Aufgaben der Beteiligten im dualen System beschreiben</LA></DD><DT>b)</DT><DD Font="normal"><LA Size="normal">den betrieblichen Ausbildungsplan mit der Ausbildungsordnung vergleichen und zu seiner Umsetzung beitragen</LA></DD><DT>c)</DT><DD Font="normal"><LA Size="normal">betriebliche und tarifliche Regelungen sowie arbeits- und sozialrechtliche Bestimmungen erläutern, insbesondere wesentliche Inhalte und Bestandteile eines Arbeitsvertrages darstellen</LA></DD><DT>d)</DT><DD Font="normal"><LA Size="normal">Positionen der eigenen Entgeltabrechnung erklären</LA></DD><DT>e)</DT><DD Font="normal"><LA Size="normal">Mitbestimmungs- und Mitwirkungsrechte betriebsverfassungsrechtlicher Organe des Ausbildungsbetriebes erklären</LA></DD><DT>f)</DT><DD Font="normal"><LA Size="normal">Chancen und Anforderungen des lebensbegleitenden Lernens für die berufliche und persönliche Entwicklung begründen und die eigenen Kompetenzen weiterentwickeln</LA></DD><DT>g)</DT><DD Font="normal"><LA Size="normal">Ziele und Grundsätze des betrieblichen Personalwesens beschreiben</LA></DD><DT>h)</DT><DD Font="normal"><LA Size="normal">Sinn und Zweck der Prävention und einer Präventionskultur auf der Grundlage der gesetzlichen Unfallversicherung beschreiben und diese Präventionskultur auf die betriebliche Praxis übertragen</LA></DD></DL></entry><entry VJ="1" align="left" morerows="3" nameend="col5" namest="col4" rowsep="0" valign="bottom">während<BR/> der gesamten<BR/> Ausbildung<BR/></entry></row><row rowsep="0"><entry VJ="1" colname="col1">2</entry><entry VJ="1" colname="col2">Bedeutung des Groß- und Außenhandels sowie<BR/> Aufbau und Organisation des Ausbildungsbetriebes<BR/> (§ 4 Absatz 5 Nummer 2)</entry><entry VJ="1" colname="col3"><DL Font="normal" Type="alpha"><DT>a)</DT><DD Font="normal"><LA Size="normal">Aufgaben und Funktionen des Groß- und Außenhandels entlang der Wertschöpfungskette im Rahmen der Gesamtwirtschaft beschreiben</LA></DD><DT>b)</DT><DD Font="normal"><LA Size="normal">Zielsetzung und Tätigkeitsfelder des Ausbildungsbetriebes sowie seine Stellung am Markt erläutern</LA></DD><DT>c)</DT><DD Font="normal"><LA Size="normal">Geschäftsbeziehungen innerhalb und außerhalb der Europäischen Union darstellen</LA></DD><DT>d)</DT><DD Font="normal"><LA Size="normal">Art und Rechtsform des Ausbildungsbetriebes darstellen</LA></DD><DT>e)</DT><DD Font="normal"><LA Size="normal">Aufbau und Aufgaben des Ausbildungsbetriebes erläutern</LA></DD></DL></entry></row><row><entry VJ="1" colname="col1"/><entry VJ="1" colname="col2"/><entry VJ="1" colname="col3"><DL Font="normal" Type="alpha"><DT>f)</DT><DD Font="normal"><LA Size="normal">Beziehungen des Ausbildungsbetriebes und seiner Beschäftigten zu Behörden, Wirtschaftsorganisationen und Gewerkschaften erläutern</LA></DD><DT>g)</DT><DD Font="normal"><LA Size="normal">Compliance, insbesondere Maßnahmen, Strukturen und Prozesse zur Einhaltung rechtlicher Regelungen und betrieblicher Richtlinien beachten und Abweichungen melden</LA></DD></DL></entry></row><row><entry VJ="1" colname="col1">3</entry><entry VJ="1" colname="col2">Sicherheit und Gesundheitsschutz bei der Arbeit<BR/> (§ 4 Absatz 5 Nummer 3)</entry><entry VJ="1" colname="col3"><DL Font="normal" Type="alpha"><DT>a)</DT><DD Font="normal"><LA Size="normal">Gefährdung von Sicherheit und Gesundheit am Arbeitsplatz feststellen und Maßnahmen zur Vermeidung der Gefährdung ergreifen</LA></DD><DT>b)</DT><DD Font="normal"><LA Size="normal">berufsbezogene Arbeitsschutz- und Unfallverhütungsvorschriften anwenden</LA></DD><DT>c)</DT><DD Font="normal"><LA Size="normal">Verhaltensweisen bei Unfällen beschreiben sowie erste Maßnahmen einleiten</LA></DD><DT>d)</DT><DD Font="normal"><LA Size="normal">Vorschriften des vorbeugenden Brandschutzes anwenden sowie Verhaltensweisen bei Bränden beschreiben und Maßnahmen zur Brandbekämpfung ergreifen</LA></DD></DL></entry></row><row><entry VJ="1" colname="col1">4</entry><entry VJ="1" colname="col2">Umweltschutz<BR/> (§ 4 Absatz 5 Nummer 4)</entry><entry VJ="1" colname="col3">Zur Vermeidung betriebsbedingter Umweltbelastungen im beruflichen Einwirkungsbereich beitragen, insbesondere <BR/><DL Font="normal" Type="alpha"><DT>a)</DT><DD Font="normal"><LA Size="normal">mögliche Umweltbelastungen durch den Ausbildungsbetrieb und seinen Beitrag zum Umweltschutz an Beispielen erklären</LA></DD><DT>b)</DT><DD Font="normal"><LA Size="normal">für den Ausbildungsbetrieb geltende Regelungen des Umweltschutzes anwenden</LA></DD><DT>c)</DT><DD Font="normal"><LA Size="normal">Möglichkeiten der wirtschaftlichen und umweltschonenden Energie- und Materialverwendung nutzen</LA></DD><DT>d)</DT><DD Font="normal"><LA Size="normal">Abfälle vermeiden sowie Stoffe und Materialien einer umweltschonenden Entsorgung zuführen</LA></DD></DL></entry><entry VJ="1" nameend="col5" namest="col4"/></row><row><entry VJ="1" colname="col1" morerows="1">5</entry><entry VJ="1" colname="col2" morerows="1">Kommunikation<BR/> (§ 4 Absatz 5 Nummer 5)</entry><entry VJ="1" colname="col3"><DL Font="normal" Type="alpha"><DT>a)</DT><DD Font="normal"><LA Size="normal">in der internen und externen Zusammenarbeit situations- und zielorientiert unter Berücksichtigung von Wertschätzung, Vertrauen, Respekt und gesellschaftlicher Vielfalt kommunizieren</LA></DD><DT>b)</DT><DD Font="normal"><LA Size="normal">effizient, ressourcenschonend und adressatengerecht, auch unter Nutzung digitaler Medien, kommunizieren sowie Ergebnisse dokumentieren</LA></DD><DT>c)</DT><DD Font="normal"><LA Size="normal">fremdsprachige Fachbegriffe verwenden</LA></DD><DT>d)</DT><DD Font="normal"><LA Size="normal">fremdsprachige Informationen nutzen</LA></DD></DL></entry><entry VJ="1" colname="col4" valign="middle">6</entry><entry VJ="1" colname="col5" valign="middle"/></row><row><entry VJ="1" colname="col3"><DL Font="normal" Type="alpha"><DT>e)</DT><DD Font="normal"><LA Size="normal">Auskünfte in einer Fremdsprache erteilen</LA></DD><DT>f)</DT><DD Font="normal"><LA Size="normal">Ursachen von Konflikten und Kommunikationsstörungen erkennen und Möglichkeiten der Konfliktlösung anwenden</LA></DD></DL></entry><entry VJ="1" colname="col4" valign="middle"/><entry VJ="1" colname="col5" valign="middle">4</entry></row><row rowsep="0"><entry VJ="1" colname="col1">6</entry><entry VJ="1" colname="col2">Elektronische Geschäftsprozesse (E-Business)<BR/> (§ 4 Absatz 5 Nummer 6)</entry><entry VJ="1" colname="col3"><DL Font="normal" Type="alpha"><DT>a)</DT><DD Font="normal"><LA Size="normal">E-Business-Systeme zur Ressourcenplanung und Verwaltung von Kundenbeziehungen in den Geschäftsprozessen anwenden und Ziele, Funktionen und Schnittstellen dieser Systeme darstellen</LA></DD><DT>b)</DT><DD Font="normal"><LA Size="normal">Zusammenhänge zwischen Daten- und Warenfluss bei betrieblichen Prozessen herstellen und berücksichtigen</LA></DD></DL></entry><entry VJ="1" colname="col4" valign="bottom">10</entry><entry VJ="1" colname="col5" valign="middle"/></row><row><entry VJ="1" colname="col1" rowsep="0"/><entry VJ="1" colname="col2" rowsep="0"/><entry VJ="1" colname="col3"><DL Font="normal" Type="alpha"><DT>c)</DT><DD Font="normal"><LA Size="normal">externe und interne elektronische Informations- und Kommunikationsquellen aus E-Business-Systemen für die Informationsbeschaffung auswählen und bei betrieblichen Prozessen nutzen sowie Standardsoftware und betriebsspezifische Software anwenden</LA></DD><DT>d)</DT><DD Font="normal"><LA Size="normal">Daten und Informationen, insbesondere im Zusammenhang mit Stammdatenmanagement, beschaffen, erfassen, vervollständigen, sichern und pflegen</LA></DD><DT>e)</DT><DD Font="normal"><LA Size="normal">rechtliche Regelungen und betriebliche Vorgaben zum Datenschutz und zur IT-Sicherheit einhalten</LA></DD></DL></entry><entry VJ="1" colname="col4" valign="middle"/><entry VJ="1" colname="col5" valign="middle"/></row><row><entry VJ="1" colname="col1"/><entry VJ="1" colname="col2"/><entry VJ="1" colname="col3"><DL Font="normal" Type="alpha"><DT>f)</DT><DD Font="normal"><LA Size="normal">Daten aus dem Warenwirtschaftssystem analysieren und Ergebnisse zur Steuerung des Warenflusses nutzen</LA></DD><DT>g)</DT><DD Font="normal"><LA Size="normal">Kennzahlen mit elektronischen Anwendungen ermitteln</LA></DD></DL></entry><entry VJ="1" colname="col4" valign="middle"/><entry VJ="1" colname="col5" valign="middle">8</entry></row></tbody></tgroup></table></Content></text></textdaten></norm>
</dokumente>