<?xml version="1.0" encoding="UTF-8" ?><!DOCTYPE dokumente SYSTEM "http://www.gesetze-im-internet.de/dtd/1.01/gii-norm.dtd">
<dokumente builddate="20131231220504" doknr="BJNR000300009"><norm builddate="20131231220504" doknr="BJNR000300009"><metadaten><jurabk>EStZustV</jurabk><amtabk>EStZustV</amtabk><ausfertigung-datum manuell="ja">2009-01-02</ausfertigung-datum><fundstelle typ="amtlich"><periodikum>BGBl I</periodikum><zitstelle>2009, 3</zitstelle></fundstelle><langue>Einkommensteuer-Zuständigkeitsverordnung</langue><standangabe checked="ja"><standtyp>Stand</standtyp><standkommentar>Geändert durch Art. 3 V v. 11.12.2012 I 2637</standkommentar></standangabe></metadaten><textdaten><fussnoten><Content><P><BR/> <pre xml:space="preserve">(+++ Textnachweis ab: 1.1.2009 +++)<BR/>(+++ Zur Anwendung vgl. § 2 +++)<BR/><BR/></pre></P></Content></fussnoten></textdaten></norm>
<norm builddate="20131231220504" doknr="BJNR000300009BJNE000100000"><metadaten><jurabk>EStZustV</jurabk><enbez>Eingangsformel</enbez></metadaten><textdaten><text format="XML"><Content><P>Auf Grund des § 19 Abs. 6 Satz 1 und 2 der Abgabenordnung in der Fassung der Bekanntmachung vom 1. Oktober 2002 (BGBl. I S. 3866, 2003 I S. 61), der zuletzt durch Artikel 10 Nr. 3 des Gesetzes vom 19. Dezember 2008 (BGBl. I S. 2794) geändert worden ist, verordnet das Bundesministerium der Finanzen:</P></Content></text></textdaten></norm>
<norm builddate="20131231220504" doknr="BJNR000300009BJNE000200000"><metadaten><jurabk>EStZustV</jurabk><enbez>§ 1</enbez><titel format="XML">Örtliche Zuständigkeit</titel></metadaten><textdaten><text format="XML"><Content><P>Für die Besteuerung nach dem Einkommen von Personen, die nach § 1 Abs. 4 des Einkommensteuergesetzes beschränkt einkommensteuerpflichtig sind und ausschließlich mit Einkünften im Sinne des § 49 Abs. 1 Nr. 7 und 10 des Einkommensteuergesetzes zu veranlagen sind, ist das Finanzamt Neubrandenburg örtlich zuständig. Das Finanzamt Neubrandenburg ist ebenfalls zuständig in den Fällen des § 19 Abs. 6 Satz 2 der Abgabenordnung.</P></Content></text></textdaten></norm>
<norm builddate="20131231220504" doknr="BJNR000300009BJNE000301140"><metadaten><jurabk>EStZustV</jurabk><enbez>§ 2</enbez><titel format="XML">Anwendungszeitraum</titel></metadaten><textdaten><text format="XML"><Content><P>Diese Verordnung ist erstmals für den Veranlagungszeitraum 2005 anzuwenden.</P></Content></text><fussnoten/></textdaten></norm>
<norm builddate="20131231220504" doknr="BJNR000300009BJNE000400000"><metadaten><jurabk>EStZustV</jurabk><enbez>§ 3</enbez><titel format="XML">Inkrafttreten</titel></metadaten><textdaten><text format="XML"><Content><P>Diese Verordnung tritt mit Wirkung vom 1. Januar 2009 in Kraft.</P></Content></text></textdaten></norm>
<norm builddate="20131231220504" doknr="BJNR000300009BJNE000500000"><metadaten><jurabk>EStZustV</jurabk><enbez>Schlussformel</enbez></metadaten><textdaten><text format="XML"><Content><P>Der Bundesrat hat zugestimmt.</P></Content></text></textdaten></norm>
</dokumente>