<?xml version="1.0" encoding="UTF-8" ?><!DOCTYPE dokumente SYSTEM "http://www.gesetze-im-internet.de/dtd/1.01/gii-norm.dtd">
<dokumente builddate="20140127141510" doknr="BJNR233000010"><norm builddate="20140127141510" doknr="BJNR233000010"><metadaten><jurabk>Münz10EuroBek 2010-12-17</jurabk><ausfertigung-datum manuell="ja">2010-12-17</ausfertigung-datum><fundstelle typ="amtlich"><periodikum>BGBl I</periodikum><zitstelle>2010, 2330</zitstelle></fundstelle><langue>Bekanntmachung über die Ausprägung von deutschen Euro-Gedenkmünzen im Nennwert von 10 Euro Gedenkmünze „FIS-ALPINE SKI WM 2011 Garmisch-Partenkirchen“</langue></metadaten><textdaten><fussnoten><Content><P>(+++ Textnachweis ab: 31.12.2010 +++)</P></Content></fussnoten></textdaten></norm>
<norm builddate="20140127141510" doknr="BJNR233000010BJNE000100000"><metadaten><jurabk>Münz10EuroBek 2010-12-17</jurabk><enbez>(XXXX)</enbez></metadaten><textdaten><text format="XML"><Content><P>Gemäß den §§ 2, 4 und 5 des Münzgesetzes vom 16. Dezember 1999 (BGBl. I S. 2402) hat die Bundesregierung beschlossen, aus Anlass der FIS ALPINE SKI-WM 2011 in Garmisch-Partenkirchen eine deutsche Euro-Gedenkmünze im Nennwert von 10 Euro prägen zu lassen.</P><P>Die Auflage der Münze beträgt maximal 2 210 000 Stück, darunter maximal 210 000 Stück in Spiegelglanzausführung. Die Prägung erfolgt durch die fünf staatlichen deutschen Münzstätten in Berlin, München, Stuttgart, Karlsruhe und Hamburg.</P><P>Die Münze wird seit dem 26. Oktober 2010 in den Verkehr gebracht. Sie besteht aus einer Legierung von 925 Tausendteilen Silber und 75 Tausendteilen Kupfer, hat einen Durchmesser von 32,5 Millimetern und eine Masse von 18 Gramm. Das Gepräge auf beiden Seiten ist erhaben und wird von einem schützenden, glatten Randstab umgeben.</P><P>Die Bildseite bringt durch die Darstellung eines Slalomfahrers vor dem Hintergrund der Alpspitze in überzeugender Weise die Verbindung von Natur und Dynamik des alpinen Skisports zum Ausdruck. Zusammen mit der im unteren Teil angedeuteten Silhouette von Garmisch-Partenkirchen, dem Austragungsort der Weltmeisterschaft, ergibt sich ein ansprechendes künstlerisches Gesamtbild.</P><P>Die Wertseite zeigt einen Adler, den Schriftzug „BUNDESREPUBLIK DEUTSCHLAND“, die Wertziffer und Wertbezeichnung sowie die Jahreszahl 2010 und die zwölf Europasterne.</P><P>Der glatte Münzrand enthält in vertiefter Prägung die Inschrift:</P><P>„<F>❄</F> FESTSPIELE IM SCHNEE <F>❄</F>“</P><P>sowie die Prägebuchstaben „A D F G J“ der deutschen Prägestätten.</P><P>Der Entwurf stammt von dem Künstler Bodo Broschat, Berlin.</P></Content></text></textdaten></norm>
<norm builddate="20140127141510" doknr="BJNR233000010BJNE000200000"><metadaten><jurabk>Münz10EuroBek 2010-12-17</jurabk><enbez>Schlussformel</enbez></metadaten><textdaten><text format="XML"><Content><P><SP>Der Bundesminister der Finanzen</SP></P></Content></text></textdaten></norm>
<norm builddate="20140127141510" doknr="BJNR233000010BJNE000300000"><metadaten><jurabk>Münz10EuroBek 2010-12-17</jurabk><enbez>(XXXX)</enbez></metadaten><textdaten><text format="XML"><Content><P><noindex><kommentar typ="Fundstelle">(Fundstelle: BGBl. I 2010, 2330)</kommentar></noindex></P><BR/><table frame="none" tocentry="%yes;"><tgroup align="left" char="" charoff="50" cols="2"><colspec colname="col1"/><colspec colname="col2"/><tbody valign="top"><row><entry VJ="1" align="center" colname="col1"><IMG Height="899" Pos="inline" SRC="bgbl1_2010_j2330-1_0010.jpg" Type="TIF" Units="300" alt=""/></entry><entry VJ="1" align="center" colname="col2"><IMG Height="899" Pos="inline" SRC="bgbl1_2010_j2330-1_0020.jpg" Type="TIF" Units="300" alt=""/></entry></row></tbody></tgroup></table></Content></text></textdaten></norm>
</dokumente>