<?xml version="1.0" encoding="UTF-8" ?><!DOCTYPE dokumente SYSTEM "http://www.gesetze-im-internet.de/dtd/1.01/gii-norm.dtd">
<dokumente builddate="20120625153520" doknr="BJNR208460972"><norm builddate="20120625153520" doknr="BJNR208460972"><metadaten><jurabk>VollstrZustÜbkProt</jurabk><ausfertigung-datum manuell="ja">1971-06-03</ausfertigung-datum><fundstelle typ="amtlich"><periodikum>BGBl II</periodikum><zitstelle>1972, 846</zitstelle></fundstelle><langue>Protokoll betreffend die Auslegung des Übereinkommens vom 27. September
1968 über die gerichtliche Zuständigkeit und die Vollstreckung gerichtlicher
Entscheidungen in Zivil- und Handelssachen durch den Gerichtshof</langue></metadaten><textdaten><text format="decorated"/><fussnoten><Content><P>G v. 7.8.1972 II 845 <BR/>In Kraft gem. Bek. v. 21.7.1975 II 1138 mWv 1.9.1975</P></Content></fussnoten></textdaten></norm>
</dokumente>