<?xml version="1.0" encoding="UTF-8" ?><!DOCTYPE dokumente SYSTEM "http://www.gesetze-im-internet.de/dtd/1.01/gii-norm.dtd">
<dokumente builddate="20120625150649" doknr="BJNR078600995"><norm builddate="20120625150649" doknr="BJNR078600995"><metadaten><jurabk>SeeGVG</jurabk><amtabk>SeeGVG</amtabk><ausfertigung-datum manuell="ja">1995-06-06</ausfertigung-datum><fundstelle typ="amtlich"><periodikum>BGBl I</periodikum><zitstelle>1995, 778, 786</zitstelle></fundstelle><kurzue>Seegerichtsvollstreckungsgesetz</kurzue><langue>Gesetz über die Vollstreckung von Entscheidungen internationaler Gerichte
auf dem Gebiet des Seerechts</langue><standangabe checked="ja"><standtyp>Stand</standtyp><standkommentar>Zuletzt geändert durch Art. 2 Abs. 2 G v. 30.1.2002 I 564</standkommentar></standangabe></metadaten><textdaten><fussnoten><Content><P><BR/> <pre xml:space="preserve">(+++ Textnachweis ab: 15.6.1995 +++)<BR/><BR/></pre>Das G ist als Artikel 14 G 9510-23 v. 6.6.1995 I 778 (SeeRÜbkAG) vom Bundestag mit Zustimmung des Bundesrates beschlossen worden. Es ist gem. Art. 15 dieses G mWv 15.6.1995 in Kraft getreten.</P></Content></fussnoten></textdaten></norm>
<norm builddate="20120625150649" doknr="BJNR078600995BJNE000100305"><metadaten><jurabk>SeeGVG</jurabk><enbez>§ 1</enbez><titel format="parat">Vollstreckbarkeit</titel></metadaten><textdaten><text format="XML"><Content><P>Entscheidungen der Kammer für Meeresbodenstreitigkeiten des Internationalen Seegerichtshofs (Artikel 39 der Anlage VI zum Seerechtsübereinkommen der Vereinten Nationen vom 10. Dezember 1982) und endgültige Entscheidungen eines auf Grund dieses Übereinkommens zuständigen Gerichtshofs betreffend die Rechte und Pflichten der Behörde und des Vertragsnehmers (Artikel 21 Abs. 2 der Anlage III zum Seerechtsübereinkommen) sind vollstreckbare Titel. Die Zwangsvollstreckung erfolgt nach den Vorschriften des Zivilverfahrensrechts mit den nachfolgenden Maßgaben.</P></Content></text></textdaten></norm>
<norm builddate="20120625150649" doknr="BJNR078600995BJNE000202310"><metadaten><jurabk>SeeGVG</jurabk><enbez>§ 2</enbez><titel format="parat">Vollstreckungsklausel</titel></metadaten><textdaten><text format="XML"><Content><P>(1) Eine mit der Vollstreckungsklausel versehene Ausfertigung des Titels wird auf Antrag dem in der Entscheidung bezeichneten Gläubiger nach Prüfung der Wirksamkeit des Titels, seiner Vollstreckbarkeit nach § 1 Satz 1 und seiner Eignung zur Zwangsvollstreckung erteilt. Zuständig für die Erteilung der Vollstreckungsklausel ist das Oberlandesgericht am Sitz des Seegerichtshofs.</P><P>(2) Die Bundesregierung übermittelt die ihr vom Internationalen Seegerichtshof übersandte Ausfertigung der Entscheidung an das Oberlandesgericht. Sie setzt den Antragsteller hiervon in Kenntnis und fordert ihn auf, einen Zustellungsbevollmächtigten im Inland zu benennen. § 5 des Anerkennungs- und Vollstreckungsausführungsgesetzes vom 19. Februar 2001 (BGBl. I S. 288) findet entsprechende Anwendung.</P><P>(3) Vor der Erteilung der Klausel ist der Schuldner zu hören.</P><P>(4) Das Gericht entscheidet durch unanfechtbaren Beschluß. Auf Grund entsprechender Anordnung in dem Beschluß erteilt der Urkundsbeamte der Geschäftsstelle die Vollstreckungsklausel in folgender Form: <BR/><pre xml:space="preserve"> <BR/>&quot;Gemäß dem Beschluß des<BR/>.............................................................................<BR/>(Bezeichnung des Senats des Oberlandesgerichts und des Beschlusses)<BR/>ist die Zwangsvollstreckung aus<BR/>.............................................................................<BR/>(Bezeichnung des Schuldtitels)<BR/>zugunsten des<BR/>.............................................................................<BR/>(Bezeichnung des Gläubigers)<BR/>gegen den<BR/>.............................................................................<BR/>(Bezeichnung des Schuldners)<BR/>zulässig.<BR/>Die zu vollstreckende Verpflichtung lautet:<BR/>.............................................................................<BR/>(Angabe der Entscheidungsformel in deutscher Sprache, die aus dem Beschluß<BR/>des Senats zu übernehmen ist).&quot;</pre></P></Content></text><fussnoten/></textdaten></norm>
<norm builddate="20120625150649" doknr="BJNR078600995BJNE000300305"><metadaten><jurabk>SeeGVG</jurabk><enbez>§ 3</enbez><titel format="parat">Zuständigkeit des Oberlandesgerichts als Vollstreckungsorgan</titel></metadaten><textdaten><text format="XML"><Content><P>Soweit das Prozeßgericht des ersten Rechtszuges als Vollstreckungsorgan bestimmt ist, nimmt diese Aufgabe das Oberlandesgericht am Sitz des Seegerichtshofs wahr. Es entscheidet durch unanfechtbaren Beschluß. Vor der Entscheidung ist der Schuldner zu hören.</P></Content></text></textdaten></norm>
<norm builddate="20120625150649" doknr="BJNR078600995BJNE000400305"><metadaten><jurabk>SeeGVG</jurabk><enbez>§ 4</enbez><titel format="parat">Rechtsbehelfe in der Zwangsvollstreckung</titel></metadaten><textdaten><text format="XML"><Content><P>Einwendungen, die den durch die Entscheidung des Seegerichtshofs festgestellten Anspruch betreffen, können vor inländischen Gerichten nicht geltend gemacht werden.</P></Content></text></textdaten></norm>
</dokumente>