<?xml version="1.0" encoding="UTF-8" ?><!DOCTYPE dokumente SYSTEM "http://www.gesetze-im-internet.de/dtd/1.01/gii-norm.dtd">
<dokumente builddate="20131008093831" doknr="BJNR202920958"><norm builddate="20131008093831" doknr="BJNR202920958"><metadaten><jurabk>LuftRAbkÄndProt</jurabk><ausfertigung-datum manuell="ja">1955-09-28</ausfertigung-datum><fundstelle typ="amtlich"><periodikum>BGBl II</periodikum><zitstelle>1958, 292</zitstelle></fundstelle><langue>Protokoll zur Änderung des Abkommens zur Vereinheitlichung von Regeln
über die Beförderung im internationalen Luftverkehr unterzeichnet in Warschau
am 12. Oktober 1929</langue></metadaten><textdaten><text format="decorated"/><fussnoten><Content><P>G v. 7.8.1958 II 291 <BR/>Inkraft gem. Bek. v. 14.8.1964 II 1295 mWv 1.8.1963</P></Content></fussnoten></textdaten></norm>
</dokumente>