<?xml version="1.0" encoding="UTF-8" ?><!DOCTYPE dokumente SYSTEM "http://www.gesetze-im-internet.de/dtd/1.01/gii-norm.dtd">
<dokumente builddate="20130405133015" doknr="BJNR388500004"><norm builddate="20130405133015" doknr="BJNR388500004"><metadaten><jurabk>BKOrgErl 2004</jurabk><ausfertigung-datum manuell="ja">2004-12-28</ausfertigung-datum><fundstelle typ="amtlich"><periodikum>BGBl I</periodikum><zitstelle>2004, 3885</zitstelle></fundstelle><langue>Organisationserlass des Bundeskanzlers</langue></metadaten><textdaten><text format="XML"><Content><P/></Content></text><fussnoten><Content><P><BR/> <pre xml:space="preserve">(+++ Textnachweis ab: 31.12.2004 +++)</pre></P></Content></fussnoten></textdaten></norm>
<norm builddate="20130405133015" doknr="BJNR388500004BJNE000100000"><metadaten><jurabk>BKOrgErl 2004</jurabk><enbez>(XXXX)</enbez></metadaten><textdaten><text format="XML"><Content><P>Gemäß § 9 der Geschäftsordnung der Bundesregierung ordne ich mit Wirkung vom 1. Januar 2005 an: <DL Font="normal" Type="arabic"><DT>1.</DT><DD Font="normal"><LA Size="normal">Der Beauftragten der Bundesregierung für Kultur und Medien werden übertragen:<DL Font="normal" Type="arabic"><DT>a)</DT><DD Font="normal"><LA Size="normal">die Zuständigkeit für die Bundesbeauftragte für die Unterlagen des Staatssicherheitsdienstes der ehemaligen Deutschen Demokratischen Republik aus dem Geschäftsbereich des Bundesministeriums des Innern,</LA></DD><DT>b)</DT><DD Font="normal"><LA Size="normal">die Zuständigkeit für die Stiftung zur Aufarbeitung der SED-Diktatur vom Bundesministerium des Innern.</LA></DD></DL></LA></DD><DT>2.</DT><DD Font="normal"><LA Size="normal">Die Einzelheiten der Übertragungen werden zwischen dem Bundesministerium des Innern und der Beauftragten der Bundesregierung für Kultur und Medien geregelt und dem Chef des Bundeskanzleramtes mitgeteilt.</LA></DD></DL></P></Content></text></textdaten></norm>
<norm builddate="20130405133015" doknr="BJNR388500004BJNE000200000"><metadaten><jurabk>BKOrgErl 2004</jurabk><enbez>Schlussformel</enbez></metadaten><textdaten><text format="XML"><Content><P>Der Bundeskanzler</P></Content></text></textdaten></norm>
</dokumente>