<?xml version="1.0" encoding="UTF-8" ?><!DOCTYPE dokumente SYSTEM "http://www.gesetze-im-internet.de/dtd/1.01/gii-norm.dtd">
<dokumente builddate="20120625153231" doknr="BJNR226900001"><norm builddate="20120625153231" doknr="BJNR226900001"><metadaten><jurabk>ArbZustBauV</jurabk><amtabk>ArbZustBauV</amtabk><ausfertigung-datum manuell="ja">2001-08-30</ausfertigung-datum><fundstelle typ="amtlich"><periodikum>BGBl I</periodikum><zitstelle>2001, 2267, 2269</zitstelle></fundstelle><kurzue>Arbeitnehmer-Zuständigkeitsverordnung-Bau</kurzue><langue>Verordnung über die örtliche Zuständigkeit für die Einkommensteuer von im Ausland ansässigen Arbeitnehmern des Baugewerbes</langue><standangabe checked="ja"><standtyp>Stand</standtyp><standkommentar>geändert durch Art. 62b G v. 8.5.2008 I 810</standkommentar></standangabe></metadaten><textdaten><fussnoten><Content><P><BR/> <pre xml:space="preserve">(+++ Textnachweis ab:  7.9.2001 +++)<BR/><BR/></pre>Überschrift: Buchstabenabkürzung eingefügt durch Art. 62b Nr. 1 G v. 8.5.2008 I 810 mWv 1.4.2008 <BR/> Die V wurde als Art. 6 G 610-1-3/2 v. 30.8.2001 I 2267 beschlossen.</P></Content></fussnoten></textdaten></norm>
<norm builddate="20120625153231" doknr="BJNR226900001BJNE000100305"><metadaten><jurabk>ArbZustBauV</jurabk><enbez>Eingangsformel</enbez></metadaten><textdaten><text format="XML"><Content><P>Auf Grund des § 20a Abs. 3 der Abgabenordnung vom 16. März 1976 (BGBl. I S. 613, 1977 I S. 269), der durch Artikel 1 des Gesetzes vom 30. August 2001 (BGBl. I S. 2267) eingefügt worden ist, verordnet das Bundesministerium der Finanzen:</P></Content></text></textdaten></norm>
<norm builddate="20120625153231" doknr="BJNR226900001BJNE000201140"><metadaten><jurabk>ArbZustBauV</jurabk><enbez>§ 1</enbez></metadaten><textdaten><text format="XML"><Content><P>Für die Einkommensteuer des Arbeitnehmers, der von einem Unternehmer im Sinne des § 20a Abs. 1 oder 2 der Abgabenordnung im Inland beschäftigt ist und der seinen Wohnsitz im Ausland hat, ist das in § 1 Abs. 1 oder 2 der Umsatzsteuerzuständigkeitsverordnung für seinen Wohnsitzstaat genannte Finanzamt zuständig. Hat der Arbeitnehmer eines in der Republik Polen ansässigen Unternehmens im Sinne des § 20a Abs. 1 oder 2 der Abgabenordnung seinen Wohnsitz in der Republik Polen, ist für seine Einkommensteuer abweichend von Satz 1 das Finanzamt zuständig, das für seinen Arbeitgeber zuständig ist.</P></Content></text><fussnoten/></textdaten></norm>
<norm builddate="20120625153231" doknr="BJNR226900001BJNE000300305"><metadaten><jurabk>ArbZustBauV</jurabk><enbez>§ 2</enbez></metadaten><textdaten><text format="XML"><Content><P>Diese Verordnung tritt am 7. September 2001 in Kraft.</P></Content></text></textdaten></norm>
</dokumente>