<?xml version="1.0" encoding="UTF-8" ?><!DOCTYPE dokumente SYSTEM "http://www.gesetze-im-internet.de/dtd/1.01/gii-norm.dtd">
<dokumente builddate="20120625155102" doknr="BJNR054000010"><norm builddate="20120625155102" doknr="BJNR054000010"><metadaten><jurabk>WaStrOsteÜbgV</jurabk><ausfertigung-datum manuell="ja">2010-04-27</ausfertigung-datum><fundstelle typ="amtlich"><periodikum>BGBl I</periodikum><zitstelle>2010, 540</zitstelle></fundstelle><langue>Verordnung zum Übergang einer Teilstrecke der Bundeswasserstraße Oste auf das Land Niedersachsen</langue></metadaten><textdaten><fussnoten><Content><P><BR/> <pre xml:space="preserve">(+++ Textnachweis ab: 1.7.2010 +++)<BR/><BR/></pre></P></Content></fussnoten></textdaten></norm>
<norm builddate="20120625155102" doknr="BJNR054000010BJNE000100000"><metadaten><jurabk>WaStrOsteÜbgV</jurabk><enbez>Eingangsformel</enbez></metadaten><textdaten><text format="XML"><Content><P>Auf Grund des § 2 Absatz 1 Satz 2 in Verbindung mit Absatz 2 des Bundeswasserstraßengesetzes in der Fassung der Bekanntmachung vom 23. Mai 2007 (BGBl. I S. 962; 2008 I S. 1980) verordnet das Bundesministerium für Verkehr, Bau und Stadtentwicklung im Einvernehmen mit dem Bundesministerium der Finanzen:</P></Content></text></textdaten></norm>
<norm builddate="20120625155102" doknr="BJNR054000010BJNE000200000"><metadaten><jurabk>WaStrOsteÜbgV</jurabk><enbez>§ 1</enbez></metadaten><textdaten><text format="XML"><Content><P>Die Teilstrecke der Bundeswasserstraße Oste von der Nordostkante des Mühlenwehres in Bremervörde (km 0,00) bis Oste-km 69,360 verliert die Eigenschaft einer dem allgemeinen Verkehr dienenden Binnenwasserstraße des Bundes und geht auf das Land Niedersachsen über.</P></Content></text></textdaten></norm>
<norm builddate="20120625155102" doknr="BJNR054000010BJNE000300000"><metadaten><jurabk>WaStrOsteÜbgV</jurabk><enbez>§ 2</enbez></metadaten><textdaten><text format="XML"><Content><P/></Content></text><fussnoten/></textdaten></norm>
<norm builddate="20120625155102" doknr="BJNR054000010BJNE000400000"><metadaten><jurabk>WaStrOsteÜbgV</jurabk><enbez>§ 3</enbez></metadaten><textdaten><text format="XML"><Content><P>Diese Verordnung tritt am 1. Juli 2010 in Kraft.</P></Content></text></textdaten></norm>
</dokumente>