<?xml version="1.0" encoding="UTF-8" ?><!DOCTYPE dokumente SYSTEM "http://www.gesetze-im-internet.de/dtd/1.01/gii-norm.dtd">
<dokumente builddate="20230130214015" doknr="BJNR352000017"><norm builddate="20230130214015" doknr="BJNR352000017"><metadaten><jurabk>NLV 2018</jurabk><amtabk>NLV</amtabk><ausfertigung-datum manuell="ja">2017-09-27</ausfertigung-datum><fundstelle typ="amtlich"><periodikum>BGBl I</periodikum><zitstelle>2017, 3520</zitstelle></fundstelle><kurzue>Neuartige Lebensmittel-Verordnung</kurzue><langue>Verordnung zur Durchführung unionsrechtlicher Vorschriften über neuartige Lebensmittel</langue><standangabe checked="ja"><standtyp>Stand</standtyp><standkommentar>Zuletzt geändert durch Art. 3 V v. 21.10.2022 I 1879</standkommentar></standangabe><standangabe checked="ja"><standtyp>Sonst</standtyp><standkommentar>Ersetzt V 2125-43 v. 19.5.1998 I 1125</standkommentar></standangabe></metadaten><textdaten><fussnoten><Content><P><BR/> <pre xml:space="preserve">(+++ Textnachweis ab: 1.1.2018 +++)<BR/><BR/></pre></P></Content></fussnoten></textdaten></norm>
<norm builddate="20230130214015" doknr="BJNR352000017BJNE000100000"><metadaten><jurabk>NLV 2018</jurabk><jurabk>NLV</jurabk><enbez>Eingangsformel</enbez></metadaten><textdaten><text format="XML"><Content><P>Auf Grund des § 47 Absatz 2 Satz 1 Nummer 1 und des § 65 Satz 1 Nummer 3 des Lebensmittel- und Futtermittelgesetzbuches in der Fassung der Bekanntmachung vom 3. Juni 2013 (BGBl. I S. 1426) verordnet das Bundesministerium für Ernährung und Landwirtschaft:</P></Content></text></textdaten></norm>
<norm builddate="20230130214015" doknr="BJNR352000017BJNE000202130"><metadaten><jurabk>NLV 2018</jurabk><jurabk>NLV</jurabk><enbez>§ 1</enbez><titel format="XML">Aufgaben und Befugnisse</titel></metadaten><textdaten><text format="XML"><Content><P>Das Bundesamt für Verbraucherschutz und Lebensmittelsicherheit ist zuständige Stelle für <DL Font="normal" Type="arabic"><DT>1.</DT><DD Font="normal"><LA Size="normal">die in Artikel 4 Absatz 2 und 3 der Verordnung (EU) 2015/2283 des Europäischen Parlaments und des Rates vom 25. November 2015 über neuartige Lebensmittel, zur Änderung der Verordnung (EU) Nr. 1169/2011 des Europäischen Parlaments und des Rates und zur Aufhebung der Verordnung (EG) Nr. 258/97 des Europäischen Parlaments und des Rates und der Verordnung (EG) Nr. 1852/2001 der Kommission (ABl. L 327 vom 11.12.2015, S. 1) und der Durchführungsverordnung (EU) 2018/456 der Kommission vom 19. März 2018 über die Verfahrensschritte bei der Konsultation zur Bestimmung des Status als neuartiges Lebensmittel gemäß der Verordnung (EU) 2015/2283 des Europäischen Parlaments und des Rates über neuartige Lebensmittel (ABl. L 77 vom 20.3.2018, S. 6) genannten Aufgaben und Befugnisse im Rahmen des Konsultationsverfahrens zur Bestimmung des Status als neuartiges Lebensmittel und</LA></DD><DT>2.</DT><DD Font="normal"><LA Size="normal">die <DL Font="normal" Type="alpha"><DT>a)</DT><DD Font="normal"><LA Size="normal">Entgegennahme von Meldungen nach Artikel 15 Absatz 1 der Verordnung (EU) 2015/2283,</LA></DD><DT>b)</DT><DD Font="normal"><LA Size="normal">Übermittlung von Einwänden nach Artikel 15 Absatz 2 der Verordnung (EU) 2015/2283,</LA></DD><DT>c)</DT><DD Font="normal"><LA Size="normal">Durchführung von Konsultationen mit der Europäischen Kommission, den anderen Mitgliedstaaten der Europäischen Union und der Europäischen Behörde für Lebensmittelsicherheit nach Artikel 9 Absatz 1 der Durchführungsverordnung (EU) 2017/2468 der Kommission vom 20. Dezember 2017 zur Festlegung administrativer und wissenschaftlicher Anforderungen an traditionelle Lebensmittel aus Drittländern gemäß der Verordnung (EU) 2015/2283 des Europäischen Parlaments und des Rates über neuartige Lebensmittel (ABl. L 351 vom 30.12.2017, S. 55), die zuletzt durch die Durchführungsverordnung (EU) 2020/1824 (ABl. L 406 vom 3.12.2020, S. 51) geändert worden ist,</LA></DD><DT>d)</DT><DD Font="normal"><LA Size="normal">Durchführung von Konsultationen nach Artikel 7 Absatz 2 Satz 1 der Durchführungsverordnung (EU) 2017/2468 und</LA></DD><DT>e)</DT><DD Font="normal"><LA Size="normal">Vorlage von Stellungnahmen nach Artikel 7 Absatz 2 Satz 2 der Durchführungsverordnung (EU) 2017/2468.</LA></DD></DL></LA></DD></DL></P></Content></text><fussnoten/></textdaten></norm>
<norm builddate="20230130214015" doknr="BJNR352000017BJNE000600130"><metadaten><jurabk>NLV 2018</jurabk><jurabk>NLV</jurabk><enbez>§ 2</enbez><titel format="XML">Verkehrsverbot</titel></metadaten><textdaten><text format="XML"><Content><P>(1) Es ist verboten, ein neuartiges Lebensmittel, das die in Satz 2 beschriebenen Höchstgehalte nicht einhält, in den Verkehr zu bringen oder in oder auf einem Lebensmittel zu verwenden. Höchstgehalte im Sinne des Satzes 1 sind solche, die in Tabelle 1 Spalte 2 des Anhangs der Durchführungsverordnung (EU) 2017/2470 der Kommission vom 20. Dezember 2017 zur Erstellung der Unionsliste der neuartigen Lebensmittel gemäß der Verordnung (EU) 2015/2283 des Europäischen Parlaments und des Rates über neuartige Lebensmittel (ABl. L 351 vom 30.12.2017, S. 72), die zuletzt durch die Durchführungsverordnung (EU) 2021/912 (ABl. L 199 vom 7.6.2021, S. 10) geändert worden ist, festgelegt sind und <DL Font="normal" Type="arabic"><DT>1.</DT><DD Font="normal"><LA Size="normal">ausgedrückt sind als Verhältnis von einer Einheit im Sinne von § 1 Absatz 1 der Einheitenverordnung vom 13. Dezember 1985 (BGBl. I S. 2272), die zuletzt durch Artikel 1 der Verordnung vom 25. September 2009 (BGBl. I S. 3169) geändert worden ist, zu einer anderen solchen Einheit,</LA></DD><DT>2.</DT><DD Font="normal"><LA Size="normal">ausgedrückt sind als Verhältnis von einer Einheit im Sinne von § 1 Absatz 1 der Einheitenverordnung zu den Einheiten „Portion“ oder „Mahlzeit“ oder</LA></DD><DT>3.</DT><DD Font="normal"><LA Size="normal">in Prozent ausgedrückt sind.</LA></DD></DL></P><P>(2) Es ist verboten, ein neuartiges Lebensmittel, das die in den Sätzen 2 und 3 beschriebenen Spezifikationen, insbesondere die Höchstgehalte oder Mindestgehalte nicht einhält, in den Verkehr zu bringen oder in oder auf einem Lebensmittel zu verwenden. Spezifikationen im Sinne des Satzes 1 sind Angaben der Spalte Spezifikation der Tabelle 2 des Anhangs der Durchführungsverordnung (EU) 2017/2470 in den Kategorien <DL Font="normal" Type="arabic"><DT>1.</DT><DD Font="normal"><LA Size="normal">Spezifikation,</LA></DD><DT>2.</DT><DD Font="normal"><LA Size="normal">Beschreibung/Definition,</LA></DD><DT>3.</DT><DD Font="normal"><LA Size="normal">Merkmale,</LA></DD><DT>4.</DT><DD Font="normal"><LA Size="normal">Merkmale/Zusammensetzung,</LA></DD><DT>5.</DT><DD Font="normal"><LA Size="normal">Gehalt,</LA></DD><DT>6.</DT><DD Font="normal"><LA Size="normal">Reinheit,</LA></DD><DT>7.</DT><DD Font="normal"><LA Size="normal">Verunreinigungen,</LA></DD><DT>8.</DT><DD Font="normal"><LA Size="normal">Nährstoffe,</LA></DD><DT>9.</DT><DD Font="normal"><LA Size="normal">Kontaminanten,</LA></DD><DT>10.</DT><DD Font="normal"><LA Size="normal">Pestizide,</LA></DD><DT>11.</DT><DD Font="normal"><LA Size="normal">Schwermetalle,</LA></DD><DT>12.</DT><DD Font="normal"><LA Size="normal">Schwermetalle und Halogene,</LA></DD><DT>13.</DT><DD Font="normal"><LA Size="normal">Lösungsmittelreste,</LA></DD><DT>14.</DT><DD Font="normal"><LA Size="normal">mikrobiologische Kriterien,</LA></DD><DT>15.</DT><DD Font="normal"><LA Size="normal">Chemische Parameter,</LA></DD><DT>16.</DT><DD Font="normal"><LA Size="normal">Physikalische Parameter,</LA></DD><DT>17.</DT><DD Font="normal"><LA Size="normal">Analytische Spezifikationen,</LA></DD><DT>18.</DT><DD Font="normal"><LA Size="normal">Zusammensetzung,</LA></DD><DT>19.</DT><DD Font="normal"><LA Size="normal">Fettsäurezusammensetzung,</LA></DD><DT>20.</DT><DD Font="normal"><LA Size="normal">Zusammensetzung des Oleoresins,</LA></DD><DT>21.</DT><DD Font="normal"><LA Size="normal">Physikalisch-chemische Eigenschaften,</LA></DD><DT>22.</DT><DD Font="normal"><LA Size="normal">Physikalisch-chemische Eigenschaften von Rinder-Lactoferrin,</LA></DD><DT>23.</DT><DD Font="normal"><LA Size="normal">Zusammensetzung der getrockneten Kaffeekirschenpulpe,</LA></DD><DT>24.</DT><DD Font="normal"><LA Size="normal">Typische Nährstoffbestandteile geschälter Fonio-Körner,</LA></DD><DT>25.</DT><DD Font="normal"><LA Size="normal">Typische Zusammensetzung des Fruchtfleischs der Kakaopflanze und des aus dem Fruchtfleisch gewonnenen Safts oder konzentrierten Safts,</LA></DD><DT>26.</DT><DD Font="normal"><LA Size="normal">Acylglycerid-Verteilung,</LA></DD><DT>27.</DT><DD Font="normal"><LA Size="normal">Hoodigoside oder</LA></DD><DT>28.</DT><DD Font="normal"><LA Size="normal">Sonstiges.</LA></DD></DL>Im Übrigen sind auch solche Angaben der Tabelle 2 des Anhangs der Durchführungsverordnung (EU) 2017/2470 Spezifikationen im Sinne des Satzes 1, die nicht bereits durch Satz 2 erfasst sind, die Zusammensetzung betreffen und <DL Font="normal" Type="arabic"><DT>1.</DT><DD Font="normal"><LA Size="normal">ausgedrückt sind als Verhältnis von einer Einheit im Sinne von § 1 Absatz 1 der Einheitenverordnung zu einer anderen solchen Einheit,</LA></DD><DT>2.</DT><DD Font="normal"><LA Size="normal">in Prozent oder ppm ausgedrückt sind oder</LA></DD><DT>3.</DT><DD Font="normal"><LA Size="normal">vorschreiben, dass ein bestimmter Stoff nicht oder in einer bestimmten Einheit im Sinne von § 1 Absatz 1 der Einheitenverordnung nicht nachweisbar sein darf.</LA></DD></DL></P></Content></text><fussnoten/></textdaten></norm>
<norm builddate="20230130214015" doknr="BJNR352000017BJNE000501130"><metadaten><jurabk>NLV 2018</jurabk><jurabk>NLV</jurabk><enbez>§ 3</enbez><titel format="XML">Straftaten und Ordnungswidrigkeiten</titel></metadaten><textdaten><text format="XML"><Content><P>(1) Nach § 58 Absatz 1 Nummer 18, Absatz 4 bis 6 des Lebensmittel- und Futtermittelgesetzbuches wird bestraft, wer entgegen § 2 Absatz 1 Satz 1 oder Absatz 2 Satz 1 ein neuartiges Lebensmittel in den Verkehr bringt oder in oder auf einem Lebensmittel verwendet.</P><P>(2) Nach § 59 Absatz 3 Nummer 2 Buchstabe a des Lebensmittel- und Futtermittelgesetzbuches wird bestraft, wer entgegen Artikel 6 Absatz 2 der Verordnung (EU) 2015/2283 des Europäischen Parlaments und des Rates vom 25. November 2015 über neuartige Lebensmittel, zur Änderung der Verordnung (EU) Nr. 1169/2011 des Europäischen Parlaments und des Rates und zur Aufhebung der Verordnung (EG) Nr. 258/97 des Europäischen Parlaments und des Rates und der Verordnung (EG) Nr. 1852/2001 der Kommission (ABl. L 327 vom 11.12.2015, S. 1), die durch die Verordnung (EU) 2019/1381 (ABl. L 231 vom 6.9.2019, S. 1) geändert worden ist, in Verbindung mit dem Anhang der Durchführungsverordnung (EU) 2017/2470 der Kommission vom 20. Dezember 2017 zur Erstellung der Unionsliste der neuartigen Lebensmittel gemäß der Verordnung (EU) 2015/2283 des Europäischen Parlaments und des Rates über neuartige Lebensmittel (ABl. L 351 vom 30.12.2017, S. 72) ein neuartiges Lebensmittel in Verkehr bringt oder in oder auf einem Lebensmittel verwendet.</P><P>(3) Wer eine in Absatz 2 bezeichnete Handlung fahrlässig begeht, handelt nach § 60 Absatz 1 Nummer 2 des Lebensmittel- und Futtermittelgesetzbuches ordnungswidrig.</P></Content></text><fussnoten/></textdaten></norm>
<norm builddate="20230130214016" doknr="BJNR352000017BJNE000301130"><metadaten><jurabk>NLV 2018</jurabk><jurabk>NLV</jurabk><enbez>§ 4</enbez><titel format="XML">Inkrafttreten, Außerkrafttreten</titel></metadaten><textdaten><text format="XML"><Content><P>Diese Verordnung tritt am 1. Januar 2018 in Kraft. Gleichzeitig tritt die Neuartige Lebensmittel- und Lebensmittelzutaten-Verordnung in der Fassung der Bekanntmachung vom 14. Februar 2000 (BGBl. I S. 123), die zuletzt durch Artikel 13 der Verordnung vom 5. Juli 2017 (BGBl. I S. 2272) geändert worden ist, außer Kraft.</P></Content></text><fussnoten/></textdaten></norm>
<norm builddate="20230130214016" doknr="BJNR352000017BJNE000400000"><metadaten><jurabk>NLV 2018</jurabk><jurabk>NLV</jurabk><enbez>Schlussformel</enbez></metadaten><textdaten><text format="XML"><Content><P>Der Bundesrat hat zugestimmt.</P></Content></text></textdaten></norm>
</dokumente>