<?xml version="1.0" encoding="UTF-8" ?><!DOCTYPE dokumente SYSTEM "http://www.gesetze-im-internet.de/dtd/1.01/gii-norm.dtd">
<dokumente builddate="20120625155138" doknr="BJNR259260998"><norm builddate="20120625155138" doknr="BJNR259260998"><metadaten><jurabk>PostPakÜbkVollzOSchlProt</jurabk><ausfertigung-datum manuell="ja">1995-02-16</ausfertigung-datum><fundstelle typ="amtlich"><periodikum>BGBl II</periodikum><zitstelle>1998, 2592 [Anlagenband zu Nr. 41, 208]</zitstelle></fundstelle><langue>Schlußprotokoll zur Vollzugsordnung zum Postpaketübereinkommen</langue></metadaten><textdaten><text format="decorated"/><fussnoten><Content><P>V v. 21.9.1998 II 2592 <BR/>In Kraft gem. Art. 1 Satz 1 iVm Art. 2 Abs. 1 WPostVtr1994VollzO u. iVm Bek. v. 13.1.1999 II 82 mWv 9.12.1998</P></Content></fussnoten></textdaten></norm>
</dokumente>