<?xml version="1.0" encoding="UTF-8" ?><!DOCTYPE dokumente SYSTEM "http://www.gesetze-im-internet.de/dtd/1.01/gii-norm.dtd">
<dokumente builddate="20120625155034" doknr="BJNR215060970"><norm builddate="20120625155034" doknr="BJNR215060970"><metadaten><jurabk>LuftBekÜbk</jurabk><ausfertigung-datum manuell="ja">1970-12-16</ausfertigung-datum><fundstelle typ="amtlich"><periodikum>BGBl II</periodikum><zitstelle>1972, 1506</zitstelle></fundstelle><langue>Übereinkommen zur Bekämpfung der widerrechtlichen Inbesitznahme von
Luftfahrzeugen</langue></metadaten><textdaten><text format="decorated"/><fussnoten><Content><P>G v. 6.11.1972 II 1505 Inkraft gem. Bek. v. 8.8.1975 II 1204 mWv 10.11.1974</P></Content></fussnoten></textdaten></norm>
</dokumente>