<?xml version="1.0" encoding="UTF-8" ?><!DOCTYPE dokumente SYSTEM "http://www.gesetze-im-internet.de/dtd/1.01/gii-norm.dtd">
<dokumente builddate="20130405130722" doknr="BJNR076600994"><norm builddate="20130405130722" doknr="BJNR076600994"><metadaten><jurabk>BKleingÄndG</jurabk><amtabk>BKleingÄndG</amtabk><ausfertigung-datum manuell="ja">1994-04-08</ausfertigung-datum><fundstelle typ="amtlich"><periodikum>BGBl I</periodikum><zitstelle>1994, 766</zitstelle></fundstelle><langue>Gesetz zur Änderung des Bundeskleingartengesetzes</langue><standangabe checked="ja"><standtyp>Stand</standtyp><standkommentar>Zuletzt geändert durch Art. 4 G v. 13.7.2001 I 1542</standkommentar></standangabe></metadaten><textdaten><fussnoten><Content><P>(+++ Textnachweis ab: 1.5.1994 +++)</P></Content></fussnoten></textdaten></norm>
<norm builddate="20130405130722" doknr="BJNR076600994BJNE000100307"><metadaten><jurabk>BKleingÄndG</jurabk><enbez>Eingangsformel</enbez></metadaten><textdaten><text format="XML"><Content><P>Der Bundestag hat mit Zustimmung des Bundesrates das folgende Gesetz beschlossen:</P></Content></text></textdaten></norm>
<norm builddate="20130405130722" doknr="BJNR076600994BJNE000200307"><metadaten><jurabk>BKleingÄndG</jurabk><enbez>(XXXX) Art 1 und 2</enbez><titel format="XML">(weggefallen)</titel></metadaten><textdaten><text format="XML"><Content><P>-</P></Content></text><fussnoten/></textdaten></norm>
<norm builddate="20130405130722" doknr="BJNR076600994BJNE000303320"><metadaten><jurabk>BKleingÄndG</jurabk><enbez>Art 3</enbez><titel format="parat">Überleitungsregelungen</titel></metadaten><textdaten><text format="XML"><Content><P>Für private Verpächter von Kleingärten findet Artikel 1 Nr. 4 Buchstabe a <DL Font="normal" Type="arabic"><DT>1.</DT><DD Font="normal"><LA Size="normal">im Falle am 1. November 1992 nicht bestandskräftig entschiedener Rechtsstreitigkeiten über die Höhe der Pacht rückwirkend vom ersten Tage des auf die Rechtshängigkeit folgenden Monats,</LA></DD> <DT>2.</DT><DD Font="normal"><LA Size="normal">im übrigen ab 1. November 1992</LA></DD> </DL>Anwendung. Das gilt nicht für den Anwendungsbereich des § 20a des Bundeskleingartengesetzes. § 5 Abs. 3 Satz 1 und 4 des Bundeskleingartengesetzes gilt entsprechend. Die in Textform abgegebene Erklärung des Verpächters hat die Wirkung, dass mit dem vom Verpächter genannten Zeitpunkt an die Stelle der bisherigen Pacht die erhöhte Pacht tritt.</P></Content></text><fussnoten/></textdaten></norm>
<norm builddate="20130405130722" doknr="BJNR076600994BJNE000400307"><metadaten><jurabk>BKleingÄndG</jurabk><enbez>Art 4</enbez><titel format="parat">Inkrafttreten</titel></metadaten><textdaten><text format="XML"><Content><P>Dieses Gesetz tritt am 1. Mai 1994 in Kraft.</P></Content></text></textdaten></norm>
</dokumente>