<?xml version="1.0" encoding="UTF-8" ?><!DOCTYPE dokumente SYSTEM "http://www.gesetze-im-internet.de/dtd/1.01/gii-norm.dtd">
<dokumente builddate="20120625153204" doknr="BJNR016720989"><norm builddate="20120625153204" doknr="BJNR016720989"><metadaten><jurabk>BPräsKldgTHWAnO</jurabk><ausfertigung-datum manuell="ja">1989-09-05</ausfertigung-datum><fundstelle typ="amtlich"><periodikum>BGBl I</periodikum><zitstelle>1989, 1672</zitstelle></fundstelle><langue>Anordnung des Bundespräsidenten über die Übertragung der Befugnis zum
Erlaß von Bestimmungen über die Dienstkleidung von hauptamtlichen Mitarbeitern
der Bundesanstalt Technisches Hilfswerk</langue></metadaten><textdaten><text format="XML"><Content><P/></Content></text><fussnoten><Content><P>(+++ Textnachweis ab: 19. 9.1989 +++)</P></Content></fussnoten></textdaten></norm>
<norm builddate="20120625153204" doknr="BJNR016720989BJNE000100308"><metadaten><jurabk>BPräsKldgTHWAnO</jurabk><enbez>(XXXX)</enbez></metadaten><textdaten><text format="XML"><Content><P>Gemäß § 76 Satz 2 des Bundesbeamtengesetzes übertrage ich die Ausübung der Befugnis zum Erlaß von Bestimmungen über die Dienstkleidung für hauptamtliche Mitarbeiter der Bundesanstalt Technisches Hilfswerk dem Bundesminister des Innern.<BR/><BR/><SP>Der Bundespräsident</SP><BR/><SP>Der Bundesminister des Innern</SP></P></Content></text></textdaten></norm>
</dokumente>