<?xml version="1.0" encoding="UTF-8" ?><!DOCTYPE dokumente SYSTEM "http://www.gesetze-im-internet.de/dtd/1.01/gii-norm.dtd">
<dokumente builddate="20250127224018" doknr="BJNR0130A0025"><norm builddate="20250127224018" doknr="BJNR0130A0025"><metadaten><jurabk>GrÄndStVtrBB/ST2024Bek</jurabk><ausfertigung-datum manuell="ja">2025-01-21</ausfertigung-datum><fundstelle typ="amtlich"><periodikum>BGBl. I</periodikum><zitstelle>2025, Nr. 19</zitstelle></fundstelle><langue>Bekanntmachung über den Abschluss und das Inkrafttreten des Staatsvertrages zwischen dem Land Brandenburg und dem Land Sachsen-Anhalt über die Änderung der gemeinsamen Landesgrenze</langue></metadaten><textdaten><text format="XML"><Content><P>Zwischen dem Land Brandenburg und dem Land Sachsen-Anhalt wurde am 15. Februar 2024/27. Februar 2024 ein Staatsvertrag über die Änderung der gemeinsamen Landesgrenze abgeschlossen. Diesem Vertrag haben der Brandenburgische Landtag mit Gesetz vom 3. Juli 2024 (Gesetz- und Verordnungsblatt für das Land Brandenburg, GVBI. I – 2024, Nr. 39) und der Landtag von Sachsen-Anhalt mit Gesetz vom 16. September 2024 (Gesetz und Verordnungsblatt für das Land Sachsen-Anhalt, 35. Jahrgang, ausgegeben am 27. September 2024, Nummer 18, S. 254) zugestimmt.</P><P>Der Staatsvertrag ist nach seinem Artikel 5 Absatz 2 am 12. Oktober 2024 in Kraft getreten (Bekanntmachung des Landes Brandenburg vom 18. Oktober 2024, Gesetz- und Verordnungsblatt für das Land Brandenburg, GVBI. I – 2024, Nr. 50,Verkündung vom 22. Oktober 2024; Bekanntmachung des Landes Sachsen-Anhalt vom 30. Oktober 2024, Gesetz- und Verordnungsblatt für das Land Sachsen-Anhalt, 35. Jahrgang, ausgegeben am 7. November 2024, Nummer 21, S. 314).</P><P>Die in Artikel 1 Absatz 9 Satz 1 des Staatsvertrages genannten Grenzänderungen sind in der Anlage des Vertrages kartographisch dargestellt und sind als Anlage Bestandteil des Vertrages. Sie wurden in den oben genannten Verkündungsblättern des Landes Brandenburg und des Landes Sachsen-Anhalt als Anlage mit veröffentlicht.</P><P>Gemäß § 2 Absatz 3 des Gesetzes über das Verfahren bei sonstigen Änderungen des Gebietsbestandes der Länder nach Artikel 29 Abs. 7 des Grundgesetzes vom 30. Juli 1979 (BGBl. I S. 1325), das durch Artikel 3 der Verordnung vom 19. Juni 2020 (BGBl. I S. 1328) geändert worden ist, wird der Staatsvertrag nachstehend bekannt gemacht.</P></Content></text><fussnoten><Content><P><BR/> <pre xml:space="preserve">(+++ Text des Staatsvertrages siehe: GrÄndStVtr BB/ST 2024 +++) <BR/><BR/></pre></P></Content></fussnoten></textdaten></norm>
</dokumente>