<?xml version="1.0" encoding="UTF-8" ?><!DOCTYPE dokumente SYSTEM "http://www.gesetze-im-internet.de/dtd/1.01/gii-norm.dtd">
<dokumente builddate="20120625153330" doknr="BJNR156000996"><norm builddate="20120625153330" doknr="BJNR156000996"><metadaten><jurabk>FluLärmMüV 1996</jurabk><ausfertigung-datum manuell="ja">1996-10-22</ausfertigung-datum><fundstelle typ="amtlich"><periodikum>BGBl I</periodikum><zitstelle>1996, 1560</zitstelle></fundstelle><langue>Verordnung über die Festsetzung des
Lärmschutzbereichs für den Verkehrsflughafen München</langue></metadaten><textdaten><text format="XML"><Content><P/></Content></text><fussnoten><Content><P>(+++ Textnachweis ab:  1.11.1996 +++)</P></Content></fussnoten></textdaten></norm>
<norm builddate="20120625153330" doknr="BJNR156000996BJNE000100305"><metadaten><jurabk>FluLärmMüV 1996</jurabk><enbez>Eingangsformel</enbez></metadaten><textdaten><text format="XML"><Content><P>Auf Grund des § 4 Abs. 1 des Gesetzes zum Schutz gegen Fluglärm vom 30. März 1971 (BGBl. I S. 282), der gemäß Artikel 3 Abs. 1 der Verordnung vom 26. November 1986 (BGBl. I S. 2089) geändert worden ist, verordnet das Bundesministerium für Umwelt, Naturschutz und Reaktorsicherheit im Einvernehmen mit dem Bundesministerium für Verkehr:</P></Content></text></textdaten></norm>
<norm builddate="20120625153330" doknr="BJNR156000996BJNE000200305"><metadaten><jurabk>FluLärmMüV 1996</jurabk><enbez>§ 1</enbez></metadaten><textdaten><text format="XML"><Content><P>Zum Schutz der Allgemeinheit vor Gefahren, erheblichen Nachteilen und erheblichen Belästigungen durch Fluglärm in der Umgebung des Verkehrsflughafens München wird der in § 2 bestimmte Lärmschutzbereich festgesetzt.</P></Content></text></textdaten></norm>
<norm builddate="20120625153330" doknr="BJNR156000996BJNE000300305"><metadaten><jurabk>FluLärmMüV 1996</jurabk><enbez>§ 2</enbez></metadaten><textdaten><text format="XML"><Content><P>Der Lärmschutzbereich wird nach Anlage 1 bestimmt durch die interpolierten Verbindungslinien zwischen den Kurvenpunkten, soweit diese Linien außerhalb des Flugplatzgeländes verlaufen.</P></Content></text></textdaten></norm>
<norm builddate="20120625153330" doknr="BJNR156000996BJNE000400305"><metadaten><jurabk>FluLärmMüV 1996</jurabk><enbez>§ 3</enbez></metadaten><textdaten><text format="XML"><Content><P>(1) Liegt eine bauliche Anlage zu einem Teil im Lärmschutzbereich, so gilt sie als ganz im Lärmschutzbereich gelegen. Liegt eine bauliche Anlage zu einem Teil in der Schutzzone 1, so gilt sie als ganz in dieser Schutzzone gelegen.</P><P>(2) Auf die Errichtung einer baulichen Anlage ist Absatz 1 entsprechend anzuwenden.</P></Content> </text></textdaten></norm>
<norm builddate="20120625153330" doknr="BJNR156000996BJNE000500305"><metadaten><jurabk>FluLärmMüV 1996</jurabk><enbez>§ 4</enbez></metadaten><textdaten><text format="XML"><Content><P>Der nach § 2 bestimmte Lärmschutzbereich ist in einer topographischen Karte im Maßstab 1:50.000 und in Karten im Maßstabe 1:5.000 dargestellt. Die topographische Karte ist in verkleinerter Form dieser Verordnung als Anlage 2 beigefügt. Die topographische Karte und die Karten im Maßstab 1:5.000 sind bei dem Staatlichen Vermessungsamt in 85435 Erding, Dorfener Straße 15, und dem Staatlichen Vermessungsamt in 85354 Freising, Domberg 20, zu jedermanns Einsicht archivmäßig gesichert niedergelegt.</P></Content></text></textdaten></norm>
<norm builddate="20120625153330" doknr="BJNR156000996BJNE000600305"><metadaten><jurabk>FluLärmMüV 1996</jurabk><enbez>§ 5</enbez></metadaten><textdaten><text format="XML"><Content><P>Diese Verordnung tritt am Tage nach der Verkündung in Kraft.</P></Content></text></textdaten></norm>
<norm builddate="20120625153330" doknr="BJNR156000996BJNE000700305"><metadaten><jurabk>FluLärmMüV 1996</jurabk><enbez>Schlußformel</enbez></metadaten><textdaten><text format="XML"><Content><P>Der Bundesrat hat zugestimmt.</P></Content></text></textdaten></norm>
<norm builddate="20120625153330" doknr="BJNR156000996BJNE000800305"><metadaten><jurabk>FluLärmMüV 1996</jurabk><enbez>Anlage 1</enbez><titel format="parat">(zu § 2 der Verordnung über die Festsetzung des
Lärmschutzbereichs für den Verkehrsflughafen München)</titel></metadaten><textdaten><text format="XML"><Content><P><ABWFORMAT typ="A"/><kommentar typ="Fundstelle">(Fundstelle des Originaltextes: BGBl. I 1996, 1561 - 1565)</kommentar><BR/><table frame="none"><tgroup align="center" cols="9" colsep="0" rowsep="0"><colspec colname="col1" colnum="1" colwidth="50"/><colspec colname="col2" colnum="2" colwidth="100"/><colspec colname="col3" colnum="3" colwidth="100"/><colspec colname="col4" colnum="4" colwidth="50"/><colspec colname="col5" colnum="5" colwidth="100"/><colspec colname="col6" colnum="6" colwidth="100"/><colspec colname="col7" colnum="7" colwidth="50"/><colspec colname="col8" colnum="8" colwidth="100"/><colspec colname="col9" colnum="9" colwidth="100"/><tbody><row><entry align="center" nameend="col9" namest="col1">Lärmschutzbereich</entry></row><row><entry align="left" nameend="col9" namest="col1" valign="top"> </entry></row><row><entry align="left" nameend="col3" namest="col1" valign="top">Koordinatensystem:</entry><entry align="left" nameend="col6" namest="col4" valign="top">Gauß - Krüger:</entry><entry align="left" nameend="col9" namest="col7">Y = Rechtswert<BR/>X = Hochwert</entry></row><row><entry align="left" nameend="col3" namest="col1">Interpolation:</entry><entry align="left" nameend="col9" namest="col4">Polynom 3. Grades mit stetigem Tangentenübergang</entry></row><row><entry align="left" nameend="col9" namest="col1"> </entry></row><row><entry align="left" nameend="col9" namest="col1">Kurvenpunkte der Schutzzone 1 - Nord (Verkehrsflughafen München)</entry></row><row><entry>Nr.</entry><entry>Y</entry><entry>X</entry><entry>Nr.</entry><entry>Y</entry><entry>X</entry><entry>Nr.</entry><entry>Y</entry><entry>X</entry></row><row><entry/><entry> </entry><entry> </entry><entry> </entry><entry> </entry><entry> </entry><entry> </entry><entry> </entry><entry> </entry></row><row><entry>1</entry><entry>4486852.9</entry><entry>5359211.1</entry><entry>51</entry><entry>4485552.8</entry><entry>5358334.6</entry><entry>101</entry><entry>4482853.1</entry><entry>5358633.4</entry></row><row><entry>2</entry><entry>4486904.3</entry><entry>5359208.6</entry><entry>52</entry><entry>4485453.0</entry><entry>5358322.7</entry><entry>102</entry><entry>4482952.8</entry><entry>5358651.0</entry></row><row><entry>3</entry><entry>4486955.1</entry><entry>5359200.6</entry><entry>53</entry><entry>4485353.1</entry><entry>5358308.0</entry><entry>103</entry><entry>4483053.1</entry><entry>5358664.6</entry></row><row><entry>4</entry><entry>4487004.8</entry><entry>5359187.3</entry><entry>54</entry><entry>4485253.0</entry><entry>5358294.4</entry><entry>104</entry><entry>4483153.2</entry><entry>5358679.5</entry></row><row><entry>5</entry><entry>4487052.9</entry><entry>5359169.1</entry><entry>55</entry><entry>4485153.1</entry><entry>5358283.6</entry><entry>105</entry><entry>4483253.1</entry><entry>5358695.8</entry></row><row><entry>6</entry><entry>4487106.4</entry><entry>5359142.3</entry><entry>56</entry><entry>4485053.0</entry><entry>5358275.9</entry><entry>106</entry><entry>4483353.2</entry><entry>5358712.2</entry></row><row><entry>7</entry><entry>4487157.1</entry><entry>5359110.5</entry><entry>57</entry><entry>4484952.4</entry><entry>5358265.4</entry><entry>107</entry><entry>4483453.1</entry><entry>5358729.3</entry></row><row><entry>8</entry><entry>4487252.8</entry><entry>5359038.9</entry><entry>58</entry><entry>4484853.0</entry><entry>5358246.7</entry><entry>108</entry><entry>4483543.6</entry><entry>5358745.4</entry></row><row><entry>9</entry><entry>4487325.4</entry><entry>5358988.2</entry><entry>59</entry><entry>4484753.0</entry><entry>5358225.0</entry><entry>109</entry><entry>4483653.1</entry><entry>5358765.2</entry></row><row><entry>10</entry><entry>4487403.0</entry><entry>5358945.4</entry><entry>60</entry><entry>4484653.0</entry><entry>5358202.6</entry><entry>110</entry><entry>4483752.9</entry><entry>5358782.9</entry></row><row><entry nameend="col9" namest="col1"> </entry></row><row><entry>11</entry><entry>4487448.1</entry><entry>5358929.8</entry><entry>61</entry><entry>4484553.5</entry><entry>5358179.7</entry><entry>111</entry><entry>4483853.1</entry><entry>5358797.5</entry></row><row><entry>12</entry><entry>4487494.3</entry><entry>5358918.0</entry><entry>62</entry><entry>4484453.0</entry><entry>5358161.1</entry><entry>112</entry><entry>4483953.1</entry><entry>5358811.7</entry></row><row><entry>13</entry><entry>4487522.4</entry><entry>5358911.5</entry><entry>63</entry><entry>4484353.0</entry><entry>5358153.6</entry><entry>113</entry><entry>4484053.1</entry><entry>5358826.0</entry></row><row><entry>14</entry><entry>4487550.4</entry><entry>5358905.0</entry><entry>64</entry><entry>4484253.1</entry><entry>5358146.7</entry><entry>114</entry><entry>4484153.1</entry><entry>5358840.4</entry></row><row><entry>15</entry><entry>4487569.6</entry><entry>5358899.7</entry><entry>65</entry><entry>4484153.1</entry><entry>5358138.9</entry><entry>115</entry><entry>4484253.1</entry><entry>5358855.6</entry></row><row><entry>16</entry><entry>4487588.3</entry><entry>5358892.7</entry><entry>66</entry><entry>4484053.1</entry><entry>5358130.9</entry><entry>116</entry><entry>4484352.6</entry><entry>5358871.1</entry></row><row><entry>17</entry><entry>4487599.8</entry><entry>5358883.8</entry><entry>67</entry><entry>4483953.1</entry><entry>5358122.6</entry><entry>117</entry><entry>4484453.0</entry><entry>5358879.2</entry></row><row><entry>18</entry><entry>4487597.4</entry><entry>5358869.4</entry><entry>68</entry><entry>4483853.1</entry><entry>5358114.5</entry><entry>118</entry><entry>4484553.0</entry><entry>5358879.0</entry></row><row><entry>19</entry><entry>4487588.0</entry><entry>5358861.1</entry><entry>69</entry><entry>4483753.1</entry><entry>5358108.8</entry><entry>119</entry><entry>4484653.0</entry><entry>5358879.5</entry></row><row><entry>20</entry><entry>4487577.5</entry><entry>5358854.3</entry><entry>70</entry><entry>4483653.1</entry><entry>5358104.5</entry><entry>120</entry><entry>4484753.0</entry><entry>5358879.4</entry></row><row><entry nameend="col9" namest="col1"> </entry></row><row><entry>21</entry><entry>4487566.1</entry><entry>5358847.9</entry><entry>71</entry><entry>4483553.1</entry><entry>5358099.9</entry><entry>121</entry><entry>4484853.0</entry><entry>5358882.7</entry></row><row><entry>22</entry><entry>4487554.5</entry><entry>5358841.8</entry><entry>72</entry><entry>4483453.1</entry><entry>5358094.7</entry><entry>122</entry><entry>4484953.6</entry><entry>5358889.9</entry></row><row><entry>23</entry><entry>4487530.9</entry><entry>5358830.3</entry><entry>73</entry><entry>4483353.1</entry><entry>5358088.6</entry><entry>123</entry><entry>4485053.0</entry><entry>5358907.1</entry></row><row><entry>24</entry><entry>4487484.0</entry><entry>5358807.1</entry><entry>74</entry><entry>4483253.1</entry><entry>5358082.4</entry><entry>124</entry><entry>4485152.9</entry><entry>5358918.4</entry></row><row><entry>25</entry><entry>4487435.7</entry><entry>5358779.2</entry><entry>75</entry><entry>4483153.0</entry><entry>5358075.1</entry><entry>125</entry><entry>4485253.0</entry><entry>5358927.6</entry></row><row><entry>26</entry><entry>4487391.4</entry><entry>5358745.4</entry><entry>76</entry><entry>4483053.1</entry><entry>5358066.5</entry><entry>126</entry><entry>4485354.4</entry><entry>5358936.0</entry></row><row><entry>27</entry><entry>4487361.6</entry><entry>5358715.6</entry><entry>77</entry><entry>4482953.2</entry><entry>5358060.3</entry><entry>127</entry><entry>4485455.7</entry><entry>5358945.4</entry></row><row><entry>28</entry><entry>4487331.0</entry><entry>5358682.4</entry><entry>78</entry><entry>4482903.0</entry><entry>5358058.7</entry><entry>128</entry><entry>4485554.5</entry><entry>5358959.4</entry></row><row><entry>29</entry><entry>4487292.2</entry><entry>5358637.4</entry><entry>79</entry><entry>4482853.1</entry><entry>5358063.9</entry><entry>129</entry><entry>4485653.0</entry><entry>5358975.5</entry></row><row><entry>30</entry><entry>4487252.8</entry><entry>5358589.0</entry><entry>80</entry><entry>4482801.9</entry><entry>5358075.4</entry><entry>130</entry><entry>4485752.9</entry><entry>5358992.3</entry></row><row><entry nameend="col9" namest="col1"> </entry></row><row><entry>31</entry><entry>4487209.3</entry><entry>5358540.0</entry><entry>81</entry><entry>4482752.6</entry><entry>5358093.0</entry><entry>131</entry><entry>4485852.9</entry><entry>5359009.4</entry></row><row><entry>32</entry><entry>4487161.9</entry><entry>5358494.9</entry><entry>82</entry><entry>4482705.8</entry><entry>5358116.6</entry><entry>132</entry><entry>4485953.0</entry><entry>5359027.0</entry></row><row><entry>33</entry><entry>4487109.7</entry><entry>5358455.3</entry><entry>83</entry><entry>4482662.0</entry><entry>5358145.5</entry><entry>133</entry><entry>4486052.9</entry><entry>5359045.2</entry></row><row><entry>34</entry><entry>4487052.9</entry><entry>5358422.5</entry><entry>84</entry><entry>4482612.5</entry><entry>5358185.7</entry><entry>134</entry><entry>4486153.0</entry><entry>5359064.2</entry></row><row><entry>35</entry><entry>4487005.3</entry><entry>5358402.1</entry><entry>85</entry><entry>4482566.4</entry><entry>5358229.7</entry><entry>135</entry><entry>4486252.9</entry><entry>5359083.8</entry></row><row><entry>36</entry><entry>4486955.9</entry><entry>5358386.9</entry><entry>86</entry><entry>4482540.2</entry><entry>5358253.3</entry><entry>136</entry><entry>4486353.0</entry><entry>5359104.2</entry></row><row><entry>37</entry><entry>4486904.8</entry><entry>5358377.2</entry><entry>87</entry><entry>4482512.1</entry><entry>5358274.8</entry><entry>137</entry><entry>4486452.9</entry><entry>5359125.4</entry></row><row><entry>38</entry><entry>4486852.9</entry><entry>5358377.9</entry><entry>88</entry><entry>4482494.1</entry><entry>5358288.9</entry><entry>138</entry><entry>4486547.5</entry><entry>5359146.4</entry></row><row><entry>39</entry><entry>4486752.9</entry><entry>5358379.1</entry><entry>89</entry><entry>4482486.9</entry><entry>5358298.5</entry><entry>139</entry><entry>4486652.9</entry><entry>5359170.8</entry></row><row><entry>40</entry><entry>4486652.9</entry><entry>5358379.9</entry><entry>90</entry><entry>4482486.4</entry><entry>5358310.5</entry><entry>140</entry><entry>4486752.1</entry><entry>5359194.7</entry></row><row><entry nameend="col9" namest="col1"> </entry></row><row><entry>41</entry><entry>4486552.9</entry><entry>5358379.5</entry><entry>91</entry><entry>4482498.5</entry><entry>5358329.0</entry><entry>141</entry><entry>4486801.9</entry><entry>5359206.8</entry></row><row><entry>42</entry><entry>4486452.9</entry><entry>5358378.1</entry><entry>92</entry><entry>4482513.2</entry><entry>5358345.4</entry><entry>142</entry><entry>4486852.9</entry><entry>5359211.1</entry></row><row><entry>43</entry><entry>4486352.9</entry><entry>5358375.9</entry><entry>93</entry><entry>4482531.5</entry><entry>5358367.1</entry><entry> </entry><entry> </entry><entry> </entry></row><row><entry>44</entry><entry>4486252.9</entry><entry>5358372.9</entry><entry>94</entry><entry>4482548.3</entry><entry>5358390.1</entry><entry> </entry><entry> </entry><entry> </entry></row><row><entry>45</entry><entry>4486152.9</entry><entry>5358369.2</entry><entry>95</entry><entry>4482579.8</entry><entry>5358437.2</entry><entry> </entry><entry> </entry><entry> </entry></row><row><entry>46</entry><entry>4486052.9</entry><entry>5358364.9</entry><entry>96</entry><entry>4482614.7</entry><entry>5358482.0</entry><entry> </entry><entry> </entry><entry> </entry></row><row><entry>47</entry><entry>4485952.9</entry><entry>5358359.9</entry><entry>97</entry><entry>4482653.2</entry><entry>5358523.7</entry><entry> </entry><entry> </entry><entry> </entry></row><row><entry>48</entry><entry>4485852.9</entry><entry>5358354.6</entry><entry>98</entry><entry>4482697.1</entry><entry>5358561.1</entry><entry> </entry><entry> </entry><entry> </entry></row><row><entry>49</entry><entry>4485761.9</entry><entry>5358349.2</entry><entry>99</entry><entry>4482745.8</entry><entry>5358592.1</entry><entry> </entry><entry> </entry><entry> </entry></row><row><entry>50</entry><entry>4485653.0</entry><entry>5358342.4</entry><entry>100</entry><entry>4482798.0</entry><entry>5358616.4</entry><entry> </entry><entry> </entry><entry> </entry></row><row><entry align="left" nameend="col9" namest="col1"> </entry></row><row><entry align="left" nameend="col9" namest="col1">Kurvenpunkte der Schutzzone 1 - Süd (Verkehrsflughafen München)</entry></row><row><entry align="center" nameend="col9" namest="col1"> </entry></row><row><entry>1</entry><entry>4485653.0</entry><entry>5356718.4</entry><entry>51</entry><entry>4483752.3</entry><entry>5355863.6</entry><entry>101</entry><entry>4481853.2</entry><entry>5356168.0</entry></row><row><entry>2</entry><entry>4485705.4</entry><entry>5356711.4</entry><entry>52</entry><entry>4483653.1</entry><entry>5355845.3</entry><entry>102</entry><entry>4481953.3</entry><entry>5356183.0</entry></row><row><entry>3</entry><entry>4485756.5</entry><entry>5356698.2</entry><entry>53</entry><entry>4483552.8</entry><entry>5355825.2</entry><entry>103</entry><entry>4482053.2</entry><entry>5356199.2</entry></row><row><entry>4</entry><entry>4485805.8</entry><entry>5356679.3</entry><entry>54</entry><entry>4483453.1</entry><entry>5355802.0</entry><entry>104</entry><entry>4482153.3</entry><entry>5356215.7</entry></row><row><entry>5</entry><entry>4485852.9</entry><entry>5356655.4</entry><entry>55</entry><entry>4483353.9</entry><entry>5355780.3</entry><entry>105</entry><entry>4482253.2</entry><entry>5356233.2</entry></row><row><entry>6</entry><entry>4485933.2</entry><entry>5356602.3</entry><entry>56</entry><entry>4483303.7</entry><entry>5355772.6</entry><entry>106</entry><entry>4482353.2</entry><entry>5356251.8</entry></row><row><entry>7</entry><entry>4486011.2</entry><entry>5356545.6</entry><entry>57</entry><entry>4483278.4</entry><entry>5355770.4</entry><entry>107</entry><entry>4482453.2</entry><entry>5356270.8</entry></row><row><entry>8</entry><entry>4486070.3</entry><entry>5356506.8</entry><entry>58</entry><entry>4483265.8</entry><entry>5355769.5</entry><entry>108</entry><entry>4482553.0</entry><entry>5356289.0</entry></row><row><entry>9</entry><entry>4486134.5</entry><entry>5356477.2</entry><entry>59</entry><entry>4483253.1</entry><entry>5355768.5</entry><entry>109</entry><entry>4482653.2</entry><entry>5356305.3</entry></row><row><entry>10</entry><entry>4486193.4</entry><entry>5356460.4</entry><entry>60</entry><entry>4483242.0</entry><entry>5355767.7</entry><entry>110</entry><entry>4482753.2</entry><entry>5356320.3</entry></row><row><entry nameend="col9" namest="col1"> </entry></row><row><entry>11</entry><entry>4486223.3</entry><entry>5356453.8</entry><entry>61</entry><entry>4483230.2</entry><entry>5355767.9</entry><entry>111</entry><entry>4482853.1</entry><entry>5356335.0</entry></row><row><entry>12</entry><entry>4486253.3</entry><entry>5356447.4</entry><entry>62</entry><entry>4483218.4</entry><entry>5355767.1</entry><entry>112</entry><entry>4482953.2</entry><entry>5356349.9</entry></row><row><entry>13</entry><entry>4486271.0</entry><entry>5356443.4</entry><entry>63</entry><entry>4483194.8</entry><entry>5355765.5</entry><entry>113</entry><entry>4483053.1</entry><entry>5356365.8</entry></row><row><entry>14</entry><entry>4486288.5</entry><entry>5356438.6</entry><entry>64</entry><entry>4483147.5</entry><entry>5355762.5</entry><entry>114</entry><entry>4483152.8</entry><entry>5356381.9</entry></row><row><entry>15</entry><entry>4486298.6</entry><entry>5356435.0</entry><entry>65</entry><entry>4483053.1</entry><entry>5355756.5</entry><entry>115</entry><entry>4483253.1</entry><entry>5356394.1</entry></row><row><entry>16</entry><entry>4486308.3</entry><entry>5356430.3</entry><entry>66</entry><entry>4482908.5</entry><entry>5355745.6</entry><entry>116</entry><entry>4483353.1</entry><entry>5356394.7</entry></row><row><entry>17</entry><entry>4486315.9</entry><entry>5356419.8</entry><entry>67</entry><entry>4482780.9</entry><entry>5355735.6</entry><entry>117</entry><entry>4483453.1</entry><entry>5356393.9</entry></row><row><entry>18</entry><entry>4486309.1</entry><entry>5356408.8</entry><entry>68</entry><entry>4482653.2</entry><entry>5355726.8</entry><entry>118</entry><entry>4483553.1</entry><entry>5356394.6</entry></row><row><entry>19</entry><entry>4486295.2</entry><entry>5356399.0</entry><entry>69</entry><entry>4482553.2</entry><entry>5355721.5</entry><entry>119</entry><entry>4483653.1</entry><entry>5356397.8</entry></row><row><entry>20</entry><entry>4486280.3</entry><entry>5356390.8</entry><entry>70</entry><entry>4482453.2</entry><entry>5355717.4</entry><entry>120</entry><entry>4483753.5</entry><entry>5356408.8</entry></row><row><entry nameend="col9" namest="col1"> </entry></row><row><entry>21</entry><entry>4486249.6</entry><entry>5356376.2</entry><entry>71</entry><entry>4482353.2</entry><entry>5355712.9</entry><entry>121</entry><entry>4483853.1</entry><entry>5356426.1</entry></row><row><entry>22</entry><entry>4486217.2</entry><entry>5356361.3</entry><entry>72</entry><entry>4482253.2</entry><entry>5355707.8</entry><entry>122</entry><entry>4483953.0</entry><entry>5356435.7</entry></row><row><entry>23</entry><entry>4486185.2</entry><entry>5356345.6</entry><entry>73</entry><entry>4482153.2</entry><entry>5355701.6</entry><entry>123</entry><entry>4484053.1</entry><entry>5356443.3</entry></row><row><entry>24</entry><entry>4486148.3</entry><entry>5356324.7</entry><entry>74</entry><entry>4482053.2</entry><entry>5355694.8</entry><entry>124</entry><entry>4484153.2</entry><entry>5356451.1</entry></row><row><entry>25</entry><entry>4486113.6</entry><entry>5356300.3</entry><entry>75</entry><entry>4481953.1</entry><entry>5355687.4</entry><entry>125</entry><entry>4484253.1</entry><entry>5356461.5</entry></row><row><entry>26</entry><entry>4486052.9</entry><entry>5356241.3</entry><entry>76</entry><entry>4481853.2</entry><entry>5355678.4</entry><entry>126</entry><entry>4484353.1</entry><entry>5356476.0</entry></row><row><entry>27</entry><entry>4485966.7</entry><entry>5356145.6</entry><entry>77</entry><entry>4481753.3</entry><entry>5355669.1</entry><entry>127</entry><entry>4484453.0</entry><entry>5356491.9</entry></row><row><entry>28</entry><entry>4485913.0</entry><entry>5356091.6</entry><entry>78</entry><entry>4481703.3</entry><entry>5355665.7</entry><entry>128</entry><entry>4484553.0</entry><entry>5356508.2</entry></row><row><entry>29</entry><entry>4485852.9</entry><entry>5356044.8</entry><entry>79</entry><entry>4481653.2</entry><entry>5355664.1</entry><entry>129</entry><entry>4484653.0</entry><entry>5356524.8</entry></row><row><entry>30</entry><entry>4485806.7</entry><entry>5356017.8</entry><entry>80</entry><entry>4481598.8</entry><entry>5355672.2</entry><entry>130</entry><entry>4484713.4</entry><entry>5356535.0</entry></row><row><entry nameend="col9" namest="col1"> </entry></row><row><entry>31</entry><entry>4485757.5</entry><entry>5355996.4</entry><entry>81</entry><entry>4481546.5</entry><entry>5355689.3</entry><entry>131</entry><entry>4484773.7</entry><entry>5356545.6</entry></row><row><entry>32</entry><entry>4485706.2</entry><entry>5355981.3</entry><entry>82</entry><entry>4481497.8</entry><entry>5355714.8</entry><entry>132</entry><entry>4484826.9</entry><entry>5356555.3</entry></row><row><entry>33</entry><entry>4485653.0</entry><entry>5355974.2</entry><entry>83</entry><entry>4481453.2</entry><entry>5355746.9</entry><entry>133</entry><entry>4484883.5</entry><entry>5356565.6</entry></row><row><entry>34</entry><entry>4485553.0</entry><entry>5355975.0</entry><entry>84</entry><entry>4481408.5</entry><entry>5355787.6</entry><entry>134</entry><entry>4484940.1</entry><entry>5356576.2</entry></row><row><entry>35</entry><entry>4485453.0</entry><entry>5355975.7</entry><entry>85</entry><entry>4481386.4</entry><entry>5355808.2</entry><entry>135</entry><entry>4485053.0</entry><entry>5356598.2</entry></row><row><entry>36</entry><entry>4485353.0</entry><entry>5355975.5</entry><entry>86</entry><entry>4481362.9</entry><entry>5355827.2</entry><entry>136</entry><entry>4485153.1</entry><entry>5356618.6</entry></row><row><entry>37</entry><entry>4485253.0</entry><entry>5355974.0</entry><entry>87</entry><entry>4481346.2</entry><entry>5355839.4</entry><entry>137</entry><entry>4485253.0</entry><entry>5356640.0</entry></row><row><entry>38</entry><entry>4485153.0</entry><entry>5355971.7</entry><entry>88</entry><entry>4481331.6</entry><entry>5355854.1</entry><entry>138</entry><entry>4485353.1</entry><entry>5356663.0</entry></row><row><entry>39</entry><entry>4485053.0</entry><entry>5355968.8</entry><entry>89</entry><entry>4481330.3</entry><entry>5355865.1</entry><entry>139</entry><entry>4485453.0</entry><entry>5356686.8</entry></row><row><entry>40</entry><entry>4484953.0</entry><entry>5355964.9</entry><entry>90</entry><entry>4481335.1</entry><entry>5355875.1</entry><entry>140</entry><entry>4485551.8</entry><entry>5356710.4</entry></row><row><entry nameend="col9" namest="col1"> </entry></row><row><entry>41</entry><entry>4484853.0</entry><entry>5355960.4</entry><entry>91</entry><entry>4481348.4</entry><entry>5355891.8</entry><entry>141</entry><entry>4485602.0</entry><entry>5356719.0</entry></row><row><entry>42</entry><entry>4484721.8</entry><entry>5355953.4</entry><entry>92</entry><entry>4481368.7</entry><entry>5355917.9</entry><entry>142</entry><entry>4485653.0</entry><entry>5356718.4</entry></row><row><entry>43</entry><entry>4484590.6</entry><entry>5355945.6</entry><entry>93</entry><entry>4481386.9</entry><entry>5355945.6</entry><entry> </entry><entry> </entry><entry> </entry></row><row><entry>44</entry><entry>4484453.0</entry><entry>5355936.9</entry><entry>94</entry><entry>4481417.6</entry><entry>5355992.5</entry><entry> </entry><entry> </entry><entry> </entry></row><row><entry>45</entry><entry>4484352.9</entry><entry>5355929.9</entry><entry>95</entry><entry>4481453.2</entry><entry>5356035.7</entry><entry> </entry><entry> </entry><entry> </entry></row><row><entry>46</entry><entry>4484253.1</entry><entry>5355920.1</entry><entry>96</entry><entry>4481495.6</entry><entry>5356074.3</entry><entry> </entry><entry> </entry><entry> </entry></row><row><entry>47</entry><entry>4484153.1</entry><entry>5355905.6</entry><entry>97</entry><entry>4481544.0</entry><entry>5356105.2</entry><entry> </entry><entry> </entry><entry> </entry></row><row><entry>48</entry><entry>4484053.1</entry><entry>5355891.3</entry><entry>98</entry><entry>4481597.0</entry><entry>5356127.2</entry><entry> </entry><entry> </entry><entry> </entry></row><row><entry>49</entry><entry>4483953.5</entry><entry>5355877.0</entry><entry>99</entry><entry>4481653.2</entry><entry>5356139.0</entry><entry> </entry><entry> </entry><entry> </entry></row><row><entry>50</entry><entry>4483853.1</entry><entry>5355869.7</entry><entry>100</entry><entry>4481753.1</entry><entry>5356154.5</entry><entry> </entry><entry> </entry><entry> </entry></row><row><entry align="left" nameend="col9" namest="col1"> </entry></row><row><entry align="left" nameend="col9" namest="col1">Kurvenpunkte der Schutzzone 2 (Verkehrsflughafen München)</entry></row><row><entry align="center" nameend="col9" namest="col1"> </entry></row><row><entry>1</entry><entry>4486852.9</entry><entry>5359785.5</entry><entry>51</entry><entry>4490657.7</entry><entry>5359215.1</entry><entry>101</entry><entry>4486935.6</entry><entry>5357603.1</entry></row><row><entry>2</entry><entry>4486953.3</entry><entry>5359780.5</entry><entry>52</entry><entry>4490645.7</entry><entry>5359199.4</entry><entry>102</entry><entry>4486894.3</entry><entry>5357599.4</entry></row><row><entry>3</entry><entry>4487003.2</entry><entry>5359775.0</entry><entry>53</entry><entry>4490630.0</entry><entry>5359187.3</entry><entry>103</entry><entry>4486852.9</entry><entry>5357597.9</entry></row><row><entry>4</entry><entry>4487052.9</entry><entry>5359767.7</entry><entry>54</entry><entry>4490609.4</entry><entry>5359175.0</entry><entry>104</entry><entry>4486802.8</entry><entry>5357595.6</entry></row><row><entry>5</entry><entry>4487097.5</entry><entry>5359759.3</entry><entry>55</entry><entry>4490588.0</entry><entry>5359164.3</entry><entry>105</entry><entry>4486752.8</entry><entry>5357592.0</entry></row><row><entry>6</entry><entry>4487141.8</entry><entry>5359749.5</entry><entry>56</entry><entry>4490544.0</entry><entry>5359145.4</entry><entry>106</entry><entry>4486652.9</entry><entry>5357582.4</entry></row><row><entry>7</entry><entry>4487196.5</entry><entry>5359727.5</entry><entry>57</entry><entry>4490498.5</entry><entry>5359128.4</entry><entry>107</entry><entry>4486552.9</entry><entry>5357571.3</entry></row><row><entry>8</entry><entry>4487252.8</entry><entry>5359709.8</entry><entry>58</entry><entry>4490452.6</entry><entry>5359112.4</entry><entry>108</entry><entry>4486502.9</entry><entry>5357566.4</entry></row><row><entry>9</entry><entry>4487354.0</entry><entry>5359672.0</entry><entry>59</entry><entry>4490402.9</entry><entry>5359096.8</entry><entry>109</entry><entry>4486452.9</entry><entry>5357560.9</entry></row><row><entry>10</entry><entry>4487452.8</entry><entry>5359628.4</entry><entry>60</entry><entry>4490353.0</entry><entry>5359082.0</entry><entry>110</entry><entry>4486408.7</entry><entry>5357555.2</entry></row><row><entry nameend="col9" namest="col1"> </entry></row><row><entry>11</entry><entry>4487534.3</entry><entry>5359587.9</entry><entry>61</entry><entry>4490252.6</entry><entry>5359054.3</entry><entry>111</entry><entry>4486365.2</entry><entry>5357545.5</entry></row><row><entry>12</entry><entry>4487614.8</entry><entry>5359545.4</entry><entry>62</entry><entry>4490152.7</entry><entry>5359028.3</entry><entry>112</entry><entry>4486331.7</entry><entry>5357535.1</entry></row><row><entry>13</entry><entry>4487731.9</entry><entry>5359485.2</entry><entry>63</entry><entry>4490052.7</entry><entry>5359003.4</entry><entry>113</entry><entry>4486299.3</entry><entry>5357521.6</entry></row><row><entry>14</entry><entry>4487791.9</entry><entry>5359457.9</entry><entry>64</entry><entry>4489952.8</entry><entry>5358979.2</entry><entry>114</entry><entry>4486268.9</entry><entry>5357503.4</entry></row><row><entry>15</entry><entry>4487852.8</entry><entry>5359432.9</entry><entry>65</entry><entry>4489852.7</entry><entry>5358955.6</entry><entry>115</entry><entry>4486244.6</entry><entry>5357477.7</entry></row><row><entry>16</entry><entry>4487888.5</entry><entry>5359422.6</entry><entry>66</entry><entry>4489752.7</entry><entry>5358932.3</entry><entry>116</entry><entry>4486237.0</entry><entry>5357460.4</entry></row><row><entry>17</entry><entry>4487928.9</entry><entry>5359408.8</entry><entry>67</entry><entry>4489652.7</entry><entry>5358909.3</entry><entry>117</entry><entry>4486235.3</entry><entry>5357441.5</entry></row><row><entry>18</entry><entry>4487969.8</entry><entry>5359396.6</entry><entry>68</entry><entry>4489552.7</entry><entry>5358886.3</entry><entry>118</entry><entry>4486245.2</entry><entry>5357405.5</entry></row><row><entry>19</entry><entry>4488052.8</entry><entry>5359376.7</entry><entry>69</entry><entry>4489452.7</entry><entry>5358863.2</entry><entry>119</entry><entry>4486263.4</entry><entry>5357374.2</entry></row><row><entry>20</entry><entry>4488152.4</entry><entry>5359360.1</entry><entry>70</entry><entry>4489352.6</entry><entry>5358839.7</entry><entry>120</entry><entry>4486285.4</entry><entry>5357345.5</entry></row><row><entry nameend="col9" namest="col1"> </entry></row><row><entry>21</entry><entry>4488252.8</entry><entry>5359349.2</entry><entry>71</entry><entry>4489252.7</entry><entry>5358815.5</entry><entry>121</entry><entry>4486327.0</entry><entry>5357300.7</entry></row><row><entry>22</entry><entry>4488352.9</entry><entry>5359343.8</entry><entry>72</entry><entry>4489152.6</entry><entry>5358790.4</entry><entry>122</entry><entry>4486388.1</entry><entry>5357242.0</entry></row><row><entry>23</entry><entry>4488452.8</entry><entry>5359335.3</entry><entry>73</entry><entry>4489052.7</entry><entry>5358764.3</entry><entry>123</entry><entry>4486452.9</entry><entry>5357187.5</entry></row><row><entry>24</entry><entry>4488552.7</entry><entry>5359324.1</entry><entry>74</entry><entry>4488952.5</entry><entry>5358736.9</entry><entry>124</entry><entry>4486549.9</entry><entry>5357120.9</entry></row><row><entry>25</entry><entry>4488652.7</entry><entry>5359315.6</entry><entry>75</entry><entry>4488852.7</entry><entry>5358708.1</entry><entry>125</entry><entry>4486652.9</entry><entry>5357064.2</entry></row><row><entry>26</entry><entry>4488752.6</entry><entry>5359309.1</entry><entry>76</entry><entry>4488752.4</entry><entry>5358676.2</entry><entry>126</entry><entry>4486750.8</entry><entry>5357024.9</entry></row><row><entry>27</entry><entry>4488852.7</entry><entry>5359304.8</entry><entry>77</entry><entry>4488652.7</entry><entry>5358642.2</entry><entry>127</entry><entry>4486852.9</entry><entry>5356998.2</entry></row><row><entry>28</entry><entry>4488952.7</entry><entry>5359302.1</entry><entry>78</entry><entry>4488554.4</entry><entry>5358604.4</entry><entry>128</entry><entry>4486952.6</entry><entry>5356983.7</entry></row><row><entry>29</entry><entry>4489052.7</entry><entry>5359300.8</entry><entry>79</entry><entry>4488452.8</entry><entry>5358576.0</entry><entry>129</entry><entry>4487052.9</entry><entry>5356974.5</entry></row><row><entry>30</entry><entry>4489152.7</entry><entry>5359300.4</entry><entry>80</entry><entry>4488357.1</entry><entry>5358545.4</entry><entry>130</entry><entry>4487152.7</entry><entry>5356963.9</entry></row><row><entry nameend="col9" namest="col1"> </entry></row><row><entry>31</entry><entry>4489252.7</entry><entry>5359301.0</entry><entry>81</entry><entry>4488252.8</entry><entry>5358504.9</entry><entry>131</entry><entry>4487252.8</entry><entry>5356958.0</entry></row><row><entry>32</entry><entry>4489352.7</entry><entry>5359302.1</entry><entry>82</entry><entry>4488149.9</entry><entry>5358454.6</entry><entry>132</entry><entry>4487343.7</entry><entry>5356955.9</entry></row><row><entry>33</entry><entry>4489452.7</entry><entry>5359303.3</entry><entry>83</entry><entry>4488052.8</entry><entry>5358393.9</entry><entry>133</entry><entry>4487434.0</entry><entry>5356945.5</entry></row><row><entry>34</entry><entry>4489552.7</entry><entry>5359304.5</entry><entry>84</entry><entry>4487988.3</entry><entry>5358345.4</entry><entry>134</entry><entry>4487543.2</entry><entry>5356929.1</entry></row><row><entry>35</entry><entry>4489652.7</entry><entry>5359305.8</entry><entry>85</entry><entry>4487919.4</entry><entry>5358286.7</entry><entry>135</entry><entry>4487652.8</entry><entry>5356916.5</entry></row><row><entry>36</entry><entry>4489752.7</entry><entry>5359306.5</entry><entry>86</entry><entry>4487852.8</entry><entry>5358225.2</entry><entry>136</entry><entry>4487752.7</entry><entry>5356907.7</entry></row><row><entry>37</entry><entry>4489852.7</entry><entry>5359306.7</entry><entry>87</entry><entry>4487773.4</entry><entry>5358145.5</entry><entry>137</entry><entry>4487852.8</entry><entry>5356900.6</entry></row><row><entry>38</entry><entry>4489952.7</entry><entry>5359306.4</entry><entry>88</entry><entry>4487713.8</entry><entry>5358085.5</entry><entry>138</entry><entry>4487952.8</entry><entry>5356895.2</entry></row><row><entry>39</entry><entry>4480052.7</entry><entry>5359305.3</entry><entry>89</entry><entry>4487652.8</entry><entry>5358026.8</entry><entry>139</entry><entry>4488052.8</entry><entry>5356892.0</entry></row><row><entry>40</entry><entry>4480152.6</entry><entry>5359303.3</entry><entry>90</entry><entry>4487561.2</entry><entry>5357945.5</entry><entry>140</entry><entry>4488152.8</entry><entry>5356889.9</entry></row><row><entry nameend="col9" namest="col1"> </entry></row><row><entry>41</entry><entry>4490252.6</entry><entry>5359300.1</entry><entry>91</entry><entry>4487454.5</entry><entry>5357861.1</entry><entry>141</entry><entry>4488252.8</entry><entry>5356888.3</entry></row><row><entry>42</entry><entry>4490352.7</entry><entry>5359295.1</entry><entry>92</entry><entry>4487366.9</entry><entry>5357800.5</entry><entry>142</entry><entry>4488352.8</entry><entry>5356887.2</entry></row><row><entry>43</entry><entry>4490452.6</entry><entry>5359286.9</entry><entry>93</entry><entry>4487275.6</entry><entry>5357745.5</entry><entry>143</entry><entry>4488452.8</entry><entry>5356886.4</entry></row><row><entry>44</entry><entry>4490516.0</entry><entry>5359279.3</entry><entry>94</entry><entry>4487165.6</entry><entry>5357687.3</entry><entry>144</entry><entry>4488552.8</entry><entry>5356885.5</entry></row><row><entry>45</entry><entry>4490547.5</entry><entry>5359274.4</entry><entry>95</entry><entry>4487109.5</entry><entry>5357660.3</entry><entry>145</entry><entry>4488652.7</entry><entry>5356884.7</entry></row><row><entry>46</entry><entry>4490578.8</entry><entry>5359268.2</entry><entry>96</entry><entry>4487081.2</entry><entry>5357647.3</entry><entry>146</entry><entry>4488752.7</entry><entry>5356884.0</entry></row><row><entry>47</entry><entry>4490608.8</entry><entry>5359260.3</entry><entry>97</entry><entry>4487052.9</entry><entry>5357634.4</entry><entry>147</entry><entry>4488852.7</entry><entry>5356883.1</entry></row><row><entry>48</entry><entry>4490637.7</entry><entry>5359248.8</entry><entry>98</entry><entry>4487024.8</entry><entry>5357621.9</entry><entry>148</entry><entry>4488935.9</entry><entry>5356882.1</entry></row><row><entry>49</entry><entry>4490654.4</entry><entry>5359235.9</entry><entry>99</entry><entry>4486996.7</entry><entry>5357609.5</entry><entry>149</entry><entry>4489052.7</entry><entry>5356880.2</entry></row><row><entry>50</entry><entry>4490659.2</entry><entry>5359226.0</entry><entry>100</entry><entry>4486966.2</entry><entry>5357605.5</entry><entry>150</entry><entry>4489152.7</entry><entry>5356877.7</entry></row><row><entry align="left" nameend="col9" namest="col1"> </entry></row><row><entry align="left" nameend="col9" namest="col1">noch Schutzzone 2 (Verkehrsflughafen München)</entry></row><row><entry align="center" nameend="col9" namest="col1"> </entry></row><row><entry>151</entry><entry>4489252.7</entry><entry>5356874.3</entry><entry>201</entry><entry>4485951.0</entry><entry>5355505.7</entry><entry>251</entry><entry>4481343.2</entry><entry>5354967.7</entry></row><row><entry>152</entry><entry>4489352.8</entry><entry>5356869.2</entry><entry>202</entry><entry>4485902.3</entry><entry>5355488.6</entry><entry>252</entry><entry>4481253.3</entry><entry>5354997.4</entry></row><row><entry>153</entry><entry>4489452.7</entry><entry>5356861.4</entry><entry>203</entry><entry>4485852.9</entry><entry>5355473.7</entry><entry>253</entry><entry>4481153.4</entry><entry>5355020.2</entry></row><row><entry>154</entry><entry>4489505.2</entry><entry>5356855.6</entry><entry>204</entry><entry>4485803.8</entry><entry>5355460.9</entry><entry>254</entry><entry>4481053.3</entry><entry>5355042.4</entry></row><row><entry>155</entry><entry>4489557.2</entry><entry>5356846.8</entry><entry>205</entry><entry>4485754.3</entry><entry>5355450.2</entry><entry>255</entry><entry>4480953.2</entry><entry>5355065.4</entry></row><row><entry>156</entry><entry>4489600.4</entry><entry>5356835.0</entry><entry>206</entry><entry>4485703.8</entry><entry>5355445.9</entry><entry>256</entry><entry>4480853.3</entry><entry>5355088.8</entry></row><row><entry>157</entry><entry>4489621.5</entry><entry>5356827.4</entry><entry>207</entry><entry>4485653.0</entry><entry>5355448.2</entry><entry>257</entry><entry>4480753.5</entry><entry>5355100.2</entry></row><row><entry>158</entry><entry>4489641.0</entry><entry>5356816.2</entry><entry>208</entry><entry>4485553.0</entry><entry>5355454.8</entry><entry>258</entry><entry>4480653.3</entry><entry>5355108.3</entry></row><row><entry>159</entry><entry>4489649.9</entry><entry>5356804.2</entry><entry>209</entry><entry>4485453.0</entry><entry>5355462.0</entry><entry>259</entry><entry>4480553.3</entry><entry>5355116.2</entry></row><row><entry>160</entry><entry>4489648.0</entry><entry>5356789.4</entry><entry>210</entry><entry>4485353.0</entry><entry>5355468.3</entry><entry>260</entry><entry>4480453.3</entry><entry>5355123.5</entry></row><row><entry nameend="col9" namest="col1"> </entry></row><row><entry>161</entry><entry>4489639.4</entry><entry>5356778.4</entry><entry>211</entry><entry>4485253.0</entry><entry>5355473.3</entry><entry>261</entry><entry>4480353.2</entry><entry>5355130.2</entry></row><row><entry>162</entry><entry>4489628.8</entry><entry>5356769.5</entry><entry>212</entry><entry>4485153.0</entry><entry>5355477.1</entry><entry>262</entry><entry>4480253.3</entry><entry>5355139.1</entry></row><row><entry>163</entry><entry>4489608.3</entry><entry>5356756.6</entry><entry>213</entry><entry>4485053.0</entry><entry>5355479.5</entry><entry>263</entry><entry>4480153.3</entry><entry>5355148.5</entry></row><row><entry>164</entry><entry>4489586.7</entry><entry>5356745.6</entry><entry>214</entry><entry>4484953.0</entry><entry>5355480.4</entry><entry>264</entry><entry>4480053.3</entry><entry>5355157.6</entry></row><row><entry>165</entry><entry>4489554.4</entry><entry>5356729.9</entry><entry>215</entry><entry>4484853.0</entry><entry>5355480.5</entry><entry>265</entry><entry>4479953.3</entry><entry>5355166.1</entry></row><row><entry>166</entry><entry>4489520.8</entry><entry>5356717.2</entry><entry>216</entry><entry>4484753.0</entry><entry>5355480.7</entry><entry>266</entry><entry>4479853.3</entry><entry>5355174.7</entry></row><row><entry>167</entry><entry>4489452.7</entry><entry>5356694.3</entry><entry>217</entry><entry>4484653.0</entry><entry>5355482.8</entry><entry>267</entry><entry>4479753.4</entry><entry>5355183.3</entry></row><row><entry>168</entry><entry>4489353.1</entry><entry>5356664.8</entry><entry>218</entry><entry>4484553.0</entry><entry>5355486.8</entry><entry>268</entry><entry>4479653.4</entry><entry>5355190.7</entry></row><row><entry>169</entry><entry>4489252.7</entry><entry>5356637.8</entry><entry>219</entry><entry>4484453.0</entry><entry>5355490.6</entry><entry>269</entry><entry>4479509.1</entry><entry>5355204.6</entry></row><row><entry>170</entry><entry>4489152.9</entry><entry>5356612.6</entry><entry>220</entry><entry>4484353.0</entry><entry>5355491.8</entry><entry>270</entry><entry>4479381.4</entry><entry>5355222.3</entry></row><row><entry nameend="col9" namest="col1"> </entry></row><row><entry>171</entry><entry>4489052.7</entry><entry>5356588.8</entry><entry>221</entry><entry>4484253.1</entry><entry>5355487.0</entry><entry>271</entry><entry>4479253.4</entry><entry>5355237.3</entry></row><row><entry>172</entry><entry>4488971.1</entry><entry>5356569.9</entry><entry>222</entry><entry>4484153.1</entry><entry>5355478.8</entry><entry>272</entry><entry>4479153.3</entry><entry>5355248.5</entry></row><row><entry>173</entry><entry>4488863.1</entry><entry>5356545.6</entry><entry>223</entry><entry>4484053.1</entry><entry>5355469.9</entry><entry>273</entry><entry>4479053.4</entry><entry>5355261.5</entry></row><row><entry>174</entry><entry>4488758.0</entry><entry>5356522.5</entry><entry>224</entry><entry>4483953.1</entry><entry>5355460.8</entry><entry>274</entry><entry>4478953.1</entry><entry>5355277.4</entry></row><row><entry>175</entry><entry>4488652.7</entry><entry>5356500.0</entry><entry>225</entry><entry>4483853.1</entry><entry>5355451.1</entry><entry>275</entry><entry>4478853.4</entry><entry>5355296.2</entry></row><row><entry>176</entry><entry>4488552.8</entry><entry>5356479.0</entry><entry>226</entry><entry>4483751.9</entry><entry>5355428.6</entry><entry>276</entry><entry>4478753.1</entry><entry>5355317.5</entry></row><row><entry>177</entry><entry>4488452.8</entry><entry>5356458.2</entry><entry>227</entry><entry>4483653.1</entry><entry>5355397.4</entry><entry>277</entry><entry>4478653.4</entry><entry>5355341.0</entry></row><row><entry>178</entry><entry>4488352.8</entry><entry>5356437.7</entry><entry>228</entry><entry>4483582.3</entry><entry>5355372.4</entry><entry>278</entry><entry>4478559.1</entry><entry>5355365.2</entry></row><row><entry>179</entry><entry>4488252.8</entry><entry>5356417.0</entry><entry>229</entry><entry>4483512.2</entry><entry>5355345.6</entry><entry>279</entry><entry>4478453.4</entry><entry>5355396.2</entry></row><row><entry>180</entry><entry>4488152.8</entry><entry>5356396.3</entry><entry>230</entry><entry>4483382.9</entry><entry>5355295.0</entry><entry>280</entry><entry>4478394.4</entry><entry>5355416.8</entry></row><row><entry nameend="col9" namest="col1"> </entry></row><row><entry>181</entry><entry>4488052.8</entry><entry>5356375.3</entry><entry>231</entry><entry>4483253.1</entry><entry>5355245.8</entry><entry>281</entry><entry>4478337.1</entry><entry>5355441.7</entry></row><row><entry>182</entry><entry>4487917.7</entry><entry>5356345.6</entry><entry>232</entry><entry>4483153.1</entry><entry>5355210.7</entry><entry>282</entry><entry>4478307.8</entry><entry>5355458.5</entry></row><row><entry>183</entry><entry>4487785.1</entry><entry>5356315.4</entry><entry>233</entry><entry>4483053.1</entry><entry>5355175.5</entry><entry>283</entry><entry>4478281.7</entry><entry>5355479.8</entry></row><row><entry>184</entry><entry>4487652.8</entry><entry>5356283.8</entry><entry>234</entry><entry>4482969.4</entry><entry>5355145.7</entry><entry>284</entry><entry>4478270.7</entry><entry>5355493.9</entry></row><row><entry>185</entry><entry>4487552.6</entry><entry>5356258.6</entry><entry>235</entry><entry>4482853.1</entry><entry>5355104.4</entry><entry>285</entry><entry>4478263.6</entry><entry>5355510.4</entry></row><row><entry>186</entry><entry>4487452.8</entry><entry>5356232.0</entry><entry>236</entry><entry>4482753.2</entry><entry>5355069.1</entry><entry>286</entry><entry>4478262.8</entry><entry>5355528.3</entry></row><row><entry>187</entry><entry>4487352.5</entry><entry>5356203.2</entry><entry>237</entry><entry>4482653.2</entry><entry>5355033.6</entry><entry>287</entry><entry>4478267.8</entry><entry>5355545.6</entry></row><row><entry>188</entry><entry>4487252.8</entry><entry>5356172.1</entry><entry>238</entry><entry>4482553.4</entry><entry>5355001.7</entry><entry>288</entry><entry>4478283.8</entry><entry>5355572.3</entry></row><row><entry>189</entry><entry>4487157.2</entry><entry>5356145.6</entry><entry>239</entry><entry>4482453.2</entry><entry>5354971.3</entry><entry>289</entry><entry>4478304.9</entry><entry>5355595.2</entry></row><row><entry>190</entry><entry>4487052.9</entry><entry>5356121.3</entry><entry>240</entry><entry>4482349.1</entry><entry>5354945.7</entry><entry>290</entry><entry>4478352.1</entry><entry>5355635.3</entry></row><row><entry nameend="col9" namest="col1"> </entry></row><row><entry>191</entry><entry>4486952.0</entry><entry>5356094.0</entry><entry>241</entry><entry>4482253.2</entry><entry>5354928.0</entry><entry>291</entry><entry>4478453.4</entry><entry>5355705.2</entry></row><row><entry>192</entry><entry>4486852.9</entry><entry>5356060.5</entry><entry>242</entry><entry>4482153.4</entry><entry>5354914.0</entry><entry>292</entry><entry>4478553.7</entry><entry>5355770.2</entry></row><row><entry>193</entry><entry>4486750.6</entry><entry>5356016.6</entry><entry>243</entry><entry>4482053.2</entry><entry>5354903.4</entry><entry>293</entry><entry>4478653.4</entry><entry>5355836.1</entry></row><row><entry>194</entry><entry>4486652.9</entry><entry>5355963.3</entry><entry>244</entry><entry>4481953.3</entry><entry>5354892.5</entry><entry>294</entry><entry>4478732.5</entry><entry>5355890.5</entry></row><row><entry>195</entry><entry>4486549.6</entry><entry>5355895.6</entry><entry>245</entry><entry>4481853.2</entry><entry>5354882.7</entry><entry>295</entry><entry>4478811.2</entry><entry>5355945.6</entry></row><row><entry>196</entry><entry>4486452.9</entry><entry>5355818.7</entry><entry>246</entry><entry>4481753.1</entry><entry>5354887.3</entry><entry>296</entry><entry>4478892.8</entry><entry>5356003.4</entry></row><row><entry>197</entry><entry>4486361.6</entry><entry>5355745.6</entry><entry>247</entry><entry>4481653.2</entry><entry>5354896.0</entry><entry>297</entry><entry>4478972.7</entry><entry>5356058.5</entry></row><row><entry>198</entry><entry>4486252.9</entry><entry>5355665.1</entry><entry>248</entry><entry>4481581.5</entry><entry>5354900.9</entry><entry>298</entry><entry>4479053.4</entry><entry>5356112.4</entry></row><row><entry>199</entry><entry>4486151.8</entry><entry>5355601.4</entry><entry>249</entry><entry>4481509.8</entry><entry>5354906.9</entry><entry>299</entry><entry>4479151.8</entry><entry>5356171.8</entry></row><row><entry>200</entry><entry>4486046.1</entry><entry>5355545.6</entry><entry>250</entry><entry>4481422.2</entry><entry>5354931.7</entry><entry>300</entry><entry>4479253.4</entry><entry>5356225.7</entry></row><row><entry align="left" nameend="col9" namest="col1"> </entry></row><row><entry align="left" nameend="col9" namest="col1">noch Schutzzone 2 (Verkehrsflughafen München)</entry></row><row><entry align="center" nameend="col9" namest="col1"> </entry></row><row><entry>301</entry><entry>4479353.2</entry><entry>5356281.7</entry><entry>351</entry><entry>4478753.2</entry><entry>5358099.8</entry><entry>401</entry><entry>4483553.1</entry><entry>5359481.5</entry></row><row><entry>302</entry><entry>4479453.4</entry><entry>5356337.1</entry><entry>352</entry><entry>4478853.4</entry><entry>5358133.5</entry><entry>402</entry><entry>4483653.1</entry><entry>5359473.6</entry></row><row><entry>303</entry><entry>4479552.9</entry><entry>5356389.4</entry><entry>353</entry><entry>4478953.2</entry><entry>5358166.7</entry><entry>403</entry><entry>4483753.1</entry><entry>5359462.1</entry></row><row><entry>304</entry><entry>4479653.4</entry><entry>5356440.0</entry><entry>354</entry><entry>4479053.4</entry><entry>5358198.7</entry><entry>404</entry><entry>4483853.1</entry><entry>5359450.2</entry></row><row><entry>305</entry><entry>4479754.8</entry><entry>5356490.9</entry><entry>355</entry><entry>4479153.4</entry><entry>5358230.4</entry><entry>405</entry><entry>4483953.1</entry><entry>5359438.2</entry></row><row><entry>306</entry><entry>4479853.3</entry><entry>5356547.1</entry><entry>356</entry><entry>4479253.4</entry><entry>5358261.9</entry><entry>406</entry><entry>4484053.1</entry><entry>5359425.9</entry></row><row><entry>307</entry><entry>4479955.2</entry><entry>5356610.8</entry><entry>357</entry><entry>4479353.3</entry><entry>5358293.0</entry><entry>407</entry><entry>4484153.1</entry><entry>5359413.5</entry></row><row><entry>308</entry><entry>4480053.3</entry><entry>5356680.4</entry><entry>358</entry><entry>4479453.4</entry><entry>5358323.2</entry><entry>408</entry><entry>4484253.1</entry><entry>5359400.4</entry></row><row><entry>309</entry><entry>4480131.0</entry><entry>5356745.5</entry><entry>359</entry><entry>4479553.2</entry><entry>5358355.0</entry><entry>409</entry><entry>4484353.0</entry><entry>5359385.2</entry></row><row><entry>310</entry><entry>4480197.9</entry><entry>5356807.3</entry><entry>360</entry><entry>4479653.4</entry><entry>5358385.8</entry><entry>410</entry><entry>4484453.0</entry><entry>5359370.6</entry></row><row><entry nameend="col9" namest="col1"> </entry></row><row><entry>311</entry><entry>4480228.0</entry><entry>5356841.6</entry><entry>361</entry><entry>4479753.3</entry><entry>5358416.1</entry><entry>411</entry><entry>4484546.8</entry><entry>5359357.6</entry></row><row><entry>312</entry><entry>4480253.3</entry><entry>5356879.5</entry><entry>362</entry><entry>4479853.3</entry><entry>5358446.0</entry><entry>412</entry><entry>4484640.7</entry><entry>5359345.4</entry></row><row><entry>313</entry><entry>4480269.6</entry><entry>5356916.1</entry><entry>363</entry><entry>4479927.6</entry><entry>5358468.1</entry><entry>413</entry><entry>4484746.7</entry><entry>5359335.7</entry></row><row><entry>314</entry><entry>4480276.2</entry><entry>5356955.6</entry><entry>364</entry><entry>4480001.9</entry><entry>5358489.9</entry><entry>414</entry><entry>4484853.0</entry><entry>5359330.0</entry></row><row><entry>315</entry><entry>4480271.0</entry><entry>5356995.6</entry><entry>365</entry><entry>4480098.5</entry><entry>5358517.9</entry><entry>415</entry><entry>4484921.4</entry><entry>5359334.3</entry></row><row><entry>316</entry><entry>4480253.3</entry><entry>5357031.8</entry><entry>366</entry><entry>4480195.2</entry><entry>5358545.4</entry><entry>416</entry><entry>4484988.9</entry><entry>5359345.4</entry></row><row><entry>317</entry><entry>4480222.8</entry><entry>5357068.4</entry><entry>367</entry><entry>4480324.1</entry><entry>5358581.1</entry><entry>417</entry><entry>4485120.9</entry><entry>5359369.1</entry></row><row><entry>318</entry><entry>4480185.6</entry><entry>5357098.2</entry><entry>368</entry><entry>4480453.3</entry><entry>5358615.4</entry><entry>418</entry><entry>4485253.0</entry><entry>5359392.2</entry></row><row><entry>319</entry><entry>4480103.4</entry><entry>5357145.5</entry><entry>369</entry><entry>4480553.3</entry><entry>5358645.6</entry><entry>419</entry><entry>4485353.5</entry><entry>5359408.0</entry></row><row><entry>320</entry><entry>4479980.8</entry><entry>5357200.3</entry><entry>370</entry><entry>4480653.3</entry><entry>5358676.2</entry><entry>420</entry><entry>4485453.0</entry><entry>5359428.7</entry></row><row><entry nameend="col9" namest="col1"> </entry></row><row><entry>321</entry><entry>4479853.3</entry><entry>5357242.6</entry><entry>371</entry><entry>4480753.4</entry><entry>5358707.2</entry><entry>421</entry><entry>4485553.2</entry><entry>5359454.8</entry></row><row><entry>322</entry><entry>4479753.3</entry><entry>5357270.0</entry><entry>372</entry><entry>4480853.3</entry><entry>5358738.7</entry><entry>422</entry><entry>4485653.0</entry><entry>5359482.5</entry></row><row><entry>323</entry><entry>4479653.4</entry><entry>5357298.4</entry><entry>373</entry><entry>4480953.3</entry><entry>5358770.4</entry><entry>423</entry><entry>4485753.0</entry><entry>5359511.1</entry></row><row><entry>324</entry><entry>4479574.3</entry><entry>5357323.5</entry><entry>374</entry><entry>4481053.3</entry><entry>5358802.2</entry><entry>424</entry><entry>4485852.9</entry><entry>5359540.6</entry></row><row><entry>325</entry><entry>4479494.4</entry><entry>5357345.5</entry><entry>375</entry><entry>4481153.4</entry><entry>5358834.3</entry><entry>425</entry><entry>4485952.7</entry><entry>5359566.9</entry></row><row><entry>326</entry><entry>4479373.9</entry><entry>5357378.5</entry><entry>376</entry><entry>4481253.3</entry><entry>5358866.9</entry><entry>426</entry><entry>4486052.9</entry><entry>5359591.7</entry></row><row><entry>327</entry><entry>4479253.4</entry><entry>5357411.3</entry><entry>377</entry><entry>4481352.9</entry><entry>5358899.9</entry><entry>427</entry><entry>4486153.0</entry><entry>5359616.4</entry></row><row><entry>328</entry><entry>4479153.5</entry><entry>5357437.6</entry><entry>378</entry><entry>4481453.2</entry><entry>5358930.7</entry><entry>428</entry><entry>4486252.9</entry><entry>5359642.1</entry></row><row><entry>329</entry><entry>4479053.4</entry><entry>5357463.2</entry><entry>379</entry><entry>4481553.3</entry><entry>5358958.9</entry><entry>429</entry><entry>4486343.4</entry><entry>5359666.4</entry></row><row><entry>330</entry><entry>4478953.4</entry><entry>5357487.9</entry><entry>380</entry><entry>4481653.2</entry><entry>5358988.0</entry><entry>430</entry><entry>4486433.9</entry><entry>5359691.1</entry></row><row><entry nameend="col9" namest="col1"> </entry></row><row><entry>331</entry><entry>4478853.4</entry><entry>5357512.3</entry><entry>381</entry><entry>4481753.3</entry><entry>5359017.8</entry><entry>431</entry><entry>4486525.1</entry><entry>5359717.5</entry></row><row><entry>332</entry><entry>4478722.9</entry><entry>5357545.5</entry><entry>382</entry><entry>4481853.2</entry><entry>5359047.9</entry><entry>432</entry><entry>4486615.9</entry><entry>5359745.3</entry></row><row><entry>333</entry><entry>4478587.7</entry><entry>5357582.2</entry><entry>383</entry><entry>4481954.5</entry><entry>5359089.6</entry><entry>433</entry><entry>4486673.9</entry><entry>5359762.5</entry></row><row><entry>334</entry><entry>4478453.4</entry><entry>5357622.2</entry><entry>384</entry><entry>4482053.2</entry><entry>5359137.3</entry><entry>434</entry><entry>4486732.1</entry><entry>5359779.1</entry></row><row><entry>335</entry><entry>4478351.7</entry><entry>5357657.1</entry><entry>385</entry><entry>4482153.2</entry><entry>5359184.8</entry><entry>435</entry><entry>4486792.3</entry><entry>5359785.2</entry></row><row><entry>336</entry><entry>4478301.9</entry><entry>5357677.5</entry><entry>386</entry><entry>4482253.2</entry><entry>5359232.3</entry><entry>436</entry><entry>4486852.9</entry><entry>5359785.5</entry></row><row><entry>337</entry><entry>4478253.4</entry><entry>5357700.8</entry><entry>387</entry><entry>4482352.3</entry><entry>5359277.2</entry><entry> </entry><entry> </entry><entry> </entry></row><row><entry>338</entry><entry>4478227.2</entry><entry>5357716.8</entry><entry>388</entry><entry>4482453.2</entry><entry>5359318.1</entry><entry> </entry><entry> </entry><entry> </entry></row><row><entry>339</entry><entry>4478203.2</entry><entry>5357736.2</entry><entry>389</entry><entry>4482527.1</entry><entry>5359345.4</entry><entry> </entry><entry> </entry><entry> </entry></row><row><entry>340</entry><entry>4478184.6</entry><entry>5357761.6</entry><entry>390</entry><entry>4482653.2</entry><entry>5359389.3</entry><entry> </entry><entry> </entry><entry> </entry></row><row><entry nameend="col9" namest="col1"> </entry></row><row><entry>341</entry><entry>4478179.3</entry><entry>5357776.6</entry><entry>391</entry><entry>4482752.4</entry><entry>5359425.7</entry><entry> </entry><entry> </entry><entry> </entry></row><row><entry>342</entry><entry>4478178.5</entry><entry>5357792.5</entry><entry>392</entry><entry>4482802.7</entry><entry>5359441.7</entry><entry> </entry><entry> </entry><entry> </entry></row><row><entry>343</entry><entry>4478188.5</entry><entry>5357821.3</entry><entry>393</entry><entry>4482853.1</entry><entry>5359457.7</entry><entry> </entry><entry> </entry><entry> </entry></row><row><entry>344</entry><entry>4478207.0</entry><entry>5357845.6</entry><entry>394</entry><entry>4482903.0</entry><entry>5359465.0</entry><entry> </entry><entry> </entry><entry> </entry></row><row><entry>345</entry><entry>4478253.4</entry><entry>5357884.2</entry><entry>395</entry><entry>4482953.0</entry><entry>5359471.7</entry><entry> </entry><entry> </entry><entry> </entry></row><row><entry>346</entry><entry>4478306.3</entry><entry>5357916.9</entry><entry>396</entry><entry>4483053.1</entry><entry>5359485.0</entry><entry> </entry><entry> </entry><entry> </entry></row><row><entry>347</entry><entry>4478361.4</entry><entry>5357945.5</entry><entry>397</entry><entry>4483152.8</entry><entry>5359496.7</entry><entry> </entry><entry> </entry><entry> </entry></row><row><entry>348</entry><entry>4478453.4</entry><entry>5357987.1</entry><entry>398</entry><entry>4483253.1</entry><entry>5359500.2</entry><entry> </entry><entry> </entry><entry> </entry></row><row><entry>349</entry><entry>4478552.9</entry><entry>5358027.1</entry><entry>399</entry><entry>4483353.2</entry><entry>5359497.0</entry><entry> </entry><entry> </entry><entry> </entry></row><row><entry>350</entry><entry>4478653.4</entry><entry>5358064.7</entry><entry>400</entry><entry>4483453.1</entry><entry>5359489.8</entry><entry align="left"/><entry> </entry><entry> </entry></row></tbody></tgroup></table></P></Content></text></textdaten></norm>
<norm builddate="20120625153331" doknr="BJNR156000996BJNE000900305"><metadaten><jurabk>FluLärmMüV 1996</jurabk><enbez>Anlage 2</enbez><titel format="parat">(zu § 4 der Verordnung über die Festsetzung des Lärmschutzbereichs
für den Verkehrsflughafen München)</titel></metadaten><textdaten><text format="XML"><Content><P><ABWFORMAT typ="A"/><kommentar typ="Fundstelle"> Fundstelle des Originaltextes: BGBl. I 1996, 1566 - 1567 </kommentar></P><P> Lärmschutzbereich für den Verkehrsflughafen München <BR/>(Gesetz zum Schutz gegen Fluglärm vom 30. März 1971, BGBl. I S. 282) <BR/>Verkleinerung der Kartendarstellung 1:50.000</P><P> <ABWFORMAT typ="A"/>... (nicht darstellbare Zeichenerklärung) <BR/><ABWFORMAT typ="A"/>... (nicht darstellbare topographische Karte)</P></Content>  </text></textdaten></norm>
</dokumente>