<?xml version="1.0" encoding="UTF-8" ?><!DOCTYPE dokumente SYSTEM "http://www.gesetze-im-internet.de/dtd/1.01/gii-norm.dtd">
<dokumente builddate="20130603220008" doknr="BJNR136220012"><norm builddate="20130603220008" doknr="BJNR136220012"><metadaten><jurabk>GTNSitzAbkG</jurabk><ausfertigung-datum manuell="ja">2012-11-21</ausfertigung-datum><fundstelle typ="amtlich"><periodikum>BGBl II</periodikum><zitstelle>2012, 1362</zitstelle></fundstelle><langue>Gesetz zu dem Abkommen vom 29. Juni 2012 zwischen der Bundesrepublik Deutschland und dem Globalen Treuhandfonds für Nutzpflanzenvielfalt über den Sitz des Globalen Treuhandfonds für Nutzpflanzenvielfalt</langue></metadaten><textdaten><fussnoten><Content><P><BR/> <pre xml:space="preserve">(+++ Textnachweis ab: 30.11.2012 +++)<BR/><BR/></pre></P></Content></fussnoten></textdaten></norm>
<norm builddate="20130603220008" doknr="BJNR136220012BJNE000100000"><metadaten><jurabk>GTNSitzAbkG</jurabk><enbez>Eingangsformel</enbez></metadaten><textdaten><text format="XML"><Content><P>Der Bundestag hat mit Zustimmung des Bundesrates das folgende Gesetz beschlossen:</P></Content></text></textdaten></norm>
<norm builddate="20130603220008" doknr="BJNR136220012BJNE000200116"><metadaten><jurabk>GTNSitzAbkG</jurabk><enbez>Art 1</enbez></metadaten><textdaten><text format="XML"><Content><P>Dem in Berlin am 29. Juni 2012 unterzeichneten Abkommen zwischen der Bundesrepublik Deutschland und dem Globalen Treuhandfonds für Nutzpflanzenvielfalt über den Sitz des Globalen Treuhandfonds für Nutzpflanzenvielfalt wird zugestimmt. Das Abkommen mit den im Wege des Notenwechsels abgegebenen Erklärungen wird nachstehend veröffentlicht.</P></Content></text></textdaten></norm>
<norm builddate="20130603220008" doknr="BJNR136220012BJNE000300116"><metadaten><jurabk>GTNSitzAbkG</jurabk><enbez>Art 2</enbez></metadaten><textdaten><text format="XML"><Content><P>Eine Befreiung der in Artikel 18 des Abkommens genannten Personen von den Gesetzen der Bundesrepublik Deutschland über Pflichtbeiträge in Bezug auf die Systeme der Sozialen Sicherheit der Bundesrepublik Deutschland ist keine Regelung im Sinne der deutschen Rechtsvorschriften, die die Anrechnung von Kindererziehungszeiten und Berücksichtigungszeiten ausschließt.</P></Content></text></textdaten></norm>
<norm builddate="20130603220008" doknr="BJNR136220012BJNE000400116"><metadaten><jurabk>GTNSitzAbkG</jurabk><enbez>Art 3</enbez></metadaten><textdaten><text format="XML"><Content><P>(1) Dieses Gesetz tritt am Tag nach der Verkündung in Kraft.</P><P>(2) Der Tag, an dem das Abkommen nach seinem Artikel 24 Absatz 2 in Kraft tritt, ist im Bundesgesetzblatt bekannt zu geben.</P></Content></text></textdaten></norm>
</dokumente>