<?xml version="1.0" encoding="UTF-8" ?><!DOCTYPE dokumente SYSTEM "http://www.gesetze-im-internet.de/dtd/1.01/gii-norm.dtd">
<dokumente builddate="20120625150259" doknr="BJNR040600003"><norm builddate="20120625150259" doknr="BJNR040600003"><metadaten><jurabk>OrdenErl4ÄndErl</jurabk><ausfertigung-datum manuell="ja">2003-03-19</ausfertigung-datum><fundstelle typ="amtlich"><periodikum>BGBl I</periodikum><zitstelle>2003, 406</zitstelle></fundstelle><langue>Erlass über die Genehmigung einer Änderung des Erlasses über die Stiftung und Verleihung der Goethe-Medaille</langue></metadaten><textdaten><text format="XML"><Content><P/></Content></text><fussnoten><Content><P><BR/> <pre xml:space="preserve">(+++ Textnachweis ab:  3. 4.2003 +++)<BR/><BR/></pre></P></Content></fussnoten></textdaten></norm>
<norm builddate="20120625150259" doknr="BJNR040600003BJNE000100000"><metadaten><jurabk>OrdenErl4ÄndErl</jurabk><enbez>(XXXX)</enbez></metadaten><textdaten><text format="XML"><Content><P>Das Präsidium des Goethe-Instituts Inter Nationes e. V. hat am 17. Februar 2003 das Statut und die Ausführungsbestimmungen zum Statut für die Verleihung der Goethe-Medaille in der Fassung vom Februar 1978 geändert. Danach wird die Goethe-Medaille vom Präsidium des Goethe-Instituts Inter Nationes e. V. in der in § 1 der Ausführungsbestimmungen zum Statut für die Verleihung der Goethe-Medaille beschriebenen neuen Form verliehen.</P><P>Nach Artikel 4 des Vierten Erlasses über die Genehmigung der Stiftung und Verleihung von Orden und Ehrenzeichen vom 27. Juni 1975 (BGBl. I S. 1857) genehmige ich diese Änderung.</P><P>Der Bundespräsident</P></Content></text></textdaten></norm>
</dokumente>