<?xml version="1.0" encoding="UTF-8" ?><!DOCTYPE dokumente SYSTEM "http://www.gesetze-im-internet.de/dtd/1.01/gii-norm.dtd">
<dokumente builddate="20260105215617" doknr="BJNR1520A0025"><norm builddate="20260105215617" doknr="BJNR1520A0025"><metadaten><jurabk>KugBeV 4</jurabk><amtabk>4. KugBeV</amtabk><ausfertigung-datum manuell="ja">2025-12-17</ausfertigung-datum><fundstelle typ="amtlich"><periodikum>BGBl. I</periodikum><zitstelle>2025, Nr. 338</zitstelle></fundstelle><kurzue>Vierte Kurzarbeitergeldbezugsdauerverordnung</kurzue><langue>Vierte Verordnung über die Bezugsdauer für das Kurzarbeitergeld</langue><standangabe checked="ja"><standtyp>Aufh</standtyp><standkommentar>V aufgeh. durch § 2 dieser V mit Ablauf des 31.12.2026</standkommentar></standangabe></metadaten><textdaten><fussnoten><Content><P><BR/> <pre xml:space="preserve">(+++ Textnachweis ab: 1.1.2026 +++)<BR/><BR/></pre></P></Content></fussnoten></textdaten></norm>
<norm builddate="20260105215617" doknr="BJNR1520A0025BJNE000100000"><metadaten><jurabk>KugBeV 4</jurabk><jurabk>4. KugBeV</jurabk><enbez>Eingangsformel</enbez></metadaten><textdaten><text format="XML"><Content><P>Die Bundesregierung verordnet aufgrund des § 109 Absatz 4 des Dritten Buches Sozialgesetzbuch – Arbeitsförderung – (Artikel 1 des Gesetzes vom 24. März 1997, BGBl. I S. 594, 595), das zuletzt durch Artikel 6 des Gesetzes vom 28. Oktober 2025 (BGBl. 2025 I Nr. 259) geändert worden ist:</P></Content></text></textdaten></norm>
<norm builddate="20260105215617" doknr="BJNR1520A0025BJNE000200000"><metadaten><jurabk>KugBeV 4</jurabk><jurabk>4. KugBeV</jurabk><enbez>§ 1</enbez><titel format="XML">Verlängerung der Bezugsdauer</titel></metadaten><textdaten><text format="XML"><Content><P>Die Bezugsdauer für das Kurzarbeitergeld wird über die Bezugsdauer nach § 104 Absatz 1 Satz 1 des Dritten Buches Sozialgesetzbuch hinaus auf bis zu 24 Monate, längstens bis zum 31. Dezember 2026, verlängert.</P></Content></text></textdaten></norm>
<norm builddate="20260105215617" doknr="BJNR1520A0025BJNE000300000"><metadaten><jurabk>KugBeV 4</jurabk><jurabk>4. KugBeV</jurabk><enbez>§ 2</enbez><titel format="XML">Außerkrafttreten</titel></metadaten><textdaten><text format="XML"><Content><P>Diese Verordnung tritt mit Ablauf des 31. Dezember 2026 außer Kraft.</P></Content></text></textdaten></norm>
<norm builddate="20260105215617" doknr="BJNR1520A0025BJNE000400000"><metadaten><jurabk>KugBeV 4</jurabk><jurabk>4. KugBeV</jurabk><enbez>§ 3</enbez><titel format="XML">Inkrafttreten</titel></metadaten><textdaten><text format="XML"><Content><P>Diese Verordnung tritt am 1. Januar 2026 in Kraft.</P></Content></text></textdaten></norm>
</dokumente>