<?xml version="1.0" encoding="UTF-8" ?><!DOCTYPE dokumente SYSTEM "http://www.gesetze-im-internet.de/dtd/1.01/gii-norm.dtd">
<dokumente builddate="20201217213034" doknr="BJNR288100020"><norm builddate="20201217213034" doknr="BJNR288100020"><metadaten><jurabk>WaldErhCoKonjPDG</jurabk><ausfertigung-datum manuell="ja">2020-12-11</ausfertigung-datum><fundstelle typ="amtlich"><periodikum>BGBl I</periodikum><zitstelle>2020, 2880, 2881</zitstelle></fundstelle><langue>Gesetz über die Durchführung von Maßnahmen aus dem Corona-Konjunkturpaket zum Erhalt und zur nachhaltigen Bewirtschaftung der Wälder</langue></metadaten><textdaten><fussnoten><Content><P><BR/> <pre xml:space="preserve">(+++ Textnachweis ab: 17.12.2020 +++)<BR/><BR/></pre>Das G wurde als Artikel 4 des G v. 11.12.2020 I 2880 vom Bundestag mit Zustimmung des Bundesrates beschlossen. Es ist gem. Art. 5 Abs. 1 dieses G am 17.12.2020 in Kraft getreten.</P></Content></fussnoten></textdaten></norm>
<norm builddate="20201217213034" doknr="BJNR288100020BJNE000100000"><metadaten><jurabk>WaldErhCoKonjPDG</jurabk><enbez>§ 1</enbez></metadaten><textdaten><text format="XML"><Content><P>Zweck dieses Gesetzes ist es, zur Durchführung von Maßnahmen aus dem Corona-Konjunkturpaket zum Erhalt und zur nachhaltigen Bewirtschaftung der Wälder die Fachagentur Nachwachsende Rohstoffe e. V. mit Verwaltungsaufgaben zu beleihen.</P></Content></text></textdaten></norm>
<norm builddate="20201217213034" doknr="BJNR288100020BJNE000200000"><metadaten><jurabk>WaldErhCoKonjPDG</jurabk><enbez>§ 2</enbez></metadaten><textdaten><text format="XML"><Content><P>Die Fachagentur Nachwachsende Rohstoffe e. V. nimmt als Beliehene im Rahmen des § 1 Verwaltungsaufgaben auf dem Gebiet einer waldflächenbezogenen Prämie, die als nicht rückzahlbarer Zuschuss gewährt wird, im eigenen Namen und in den Handlungsformen des öffentlichen Rechts wahr. Sie unterliegt der Aufsicht des Bundesministeriums für Ernährung und Landwirtschaft.</P></Content></text></textdaten></norm>
<norm builddate="20201217213034" doknr="BJNR288100020BJNE000300000"><metadaten><jurabk>WaldErhCoKonjPDG</jurabk><enbez>§ 3</enbez></metadaten><textdaten><text format="XML"><Content><P>Das Bundesministerium für Ernährung und Landwirtschaft hat dem Deutschen Bundestag bis spätestens 31. Dezember 2022 und danach jeweils im Abstand von drei Jahren zu berichten, ob und gegebenenfalls inwieweit die Regelungen in den §§ 1 und 2 dieses Gesetzes weiterhin erforderlich sind, um zu gewährleisten, dass die Fachagentur Nachwachsende Rohstoffe e. V. die Verwaltungsaufgaben, mit denen sie durch dieses Gesetz beliehen ist, im eigenen Namen und in den Handlungsformen des öffentlichen Rechts wahrnehmen kann.</P></Content></text></textdaten></norm>
</dokumente>