<?xml version="1.0" encoding="UTF-8" ?><!DOCTYPE dokumente SYSTEM "http://www.gesetze-im-internet.de/dtd/1.01/gii-norm.dtd">
<dokumente builddate="20120625150243" doknr="BJNR200340990"><norm builddate="20120625150243" doknr="BJNR200340990"><metadaten><jurabk>StImmÜbkG</jurabk><ausfertigung-datum manuell="ja">1990-01-22</ausfertigung-datum><fundstelle typ="amtlich"><periodikum>BGBl II</periodikum><zitstelle>1990, 34</zitstelle></fundstelle><langue>Gesetz zum Europäischen Übereinkommen vom 16. Mai 1972 über
Staatenimmunität</langue></metadaten><textdaten><text format="XML"><Content><P/></Content></text><fussnoten><Content><P>(+++ Textnachweis ab: 28. 1.1990 +++)</P></Content></fussnoten></textdaten></norm>
<norm builddate="20120625150243" doknr="BJNR200340990BJNE000100308"><metadaten><jurabk>StImmÜbkG</jurabk><enbez>Eingangsformel</enbez></metadaten><textdaten><text format="XML"><Content><P>Der Bundestag hat mit Zustimmung des Bundesrates das folgende Gesetz beschlossen:</P></Content></text></textdaten></norm>
<norm builddate="20120625150243" doknr="BJNR200340990BJNE000200308"><metadaten><jurabk>StImmÜbkG</jurabk><enbez>Art 1</enbez></metadaten><textdaten><text format="XML"><Content><P>Dem in Basel am 16. Mai 1972 von der Bundesrepublik Deutschland unterzeichneten Europäischen Übereinkommen über Staatenimmunität wird zugestimmt. Das Übereinkommen wird nachstehend veröffentlicht.</P></Content></text></textdaten></norm>
<norm builddate="20120625150243" doknr="BJNR200340990BJNE000300308"><metadaten><jurabk>StImmÜbkG</jurabk><enbez>Art 2</enbez></metadaten><textdaten><text format="XML"><Content><P>(1) Zur Feststellung, ob die Bundesrepublik Deutschland oder ein Bundesland die Entscheidung eines Gerichts eines anderen Vertragsstaates gemäß Artikel 20 oder Artikel 25 oder einen Vergleich gemäß Artikel 22 des Übereinkommens zu erfüllen hat, ist das Landgericht zuständig, in dessen Bezirk die Bundesregierung ihren Sitz hat.</P><P>(2) Die Feststellung ist aufgrund einer Klage im streitigen Verfahren zu treffen.</P><P>(3) Die Feststellungsklage kann von der Partei, die aus der ausländischen Gerichtsentscheidung oder dem Vergleich unmittelbar Rechte für sich ableitet, sowie in jedem Fall von der Bundesrepublik Deutschland oder dem von der Entscheidung betroffenen Bundesland erhoben werden.</P></Content>  </text></textdaten></norm>
<norm builddate="20120625150243" doknr="BJNR200340990BJNE000400308"><metadaten><jurabk>StImmÜbkG</jurabk><enbez>Art 3</enbez></metadaten><textdaten><text format="XML"><Content><P>Dieses Gesetz gilt auch im Land Berlin, sofern das Land Berlin die Anwendung dieses Gesetzes feststellt.</P></Content></text></textdaten></norm>
<norm builddate="20120625150243" doknr="BJNR200340990BJNE000500308"><metadaten><jurabk>StImmÜbkG</jurabk><enbez>Art 4</enbez></metadaten><textdaten><text format="XML"><Content><P>(1) Dieses Gesetz tritt am Tage nach seiner Verkündung in Kraft.</P><P>(2) Der Tag, an dem das Übereinkommen nach seinem Artikel 36 Abs. 3 für die Bundesrepublik Deutschland in Kraft tritt, ist im Bundesgesetzblatt bekanntzugeben.</P></Content> </text></textdaten></norm>
</dokumente>