<?xml version="1.0" encoding="UTF-8" ?><!DOCTYPE dokumente SYSTEM "http://www.gesetze-im-internet.de/dtd/1.01/gii-norm.dtd">
<dokumente builddate="20200103213424" doknr="BJNR201500959"><norm builddate="20200103213424" doknr="BJNR201500959"><metadaten><jurabk>UhAnsprAuslÜbk</jurabk><ausfertigung-datum manuell="ja">1956-06-20</ausfertigung-datum><fundstelle typ="amtlich"><periodikum>BGBl II</periodikum><zitstelle>1959, 150</zitstelle></fundstelle><langue>Übereinkommen über die Geltendmachung von Unterhaltsansprüchen im Ausland</langue></metadaten><textdaten><text format="decorated"/><fussnoten><Content><P>G v. 26.2.1959 II 149 <BR/>In Kraft gem. Bek. v. 20.11.1959 II 1377 mWv 19.8.1959</P></Content></fussnoten></textdaten></norm>
</dokumente>