<?xml version="1.0" encoding="UTF-8" ?><!DOCTYPE dokumente SYSTEM "http://www.gesetze-im-internet.de/dtd/1.01/gii-norm.dtd">
<dokumente builddate="20201231213838" doknr="BJNR270900020"><norm builddate="20201231213838" doknr="BJNR270900020"><metadaten><jurabk>AELV 2021</jurabk><amtabk>AELV 2021</amtabk><ausfertigung-datum manuell="ja">2020-11-30</ausfertigung-datum><fundstelle typ="amtlich"><periodikum>BGBl I</periodikum><zitstelle>2020, 2709</zitstelle></fundstelle><kurzue>Arbeitseinkommenverordnung Landwirtschaft 2021</kurzue><langue>Verordnung zur Ermittlung des Arbeitseinkommens aus der Land- und Forstwirtschaft für das Jahr 2021</langue></metadaten><textdaten><fussnoten><Content><P><BR/> <pre xml:space="preserve">(+++ Textnachweis ab: 1.1.2021 +++)<BR/><BR/></pre></P></Content></fussnoten></textdaten></norm>
<norm builddate="20201231213838" doknr="BJNR270900020BJNE000100000"><metadaten><jurabk>AELV 2021</jurabk><enbez>Eingangsformel</enbez></metadaten><textdaten><text format="XML"><Content><P>Auf Grund des § 35 des Gesetzes über die Alterssicherung der Landwirte, der zuletzt durch Artikel 438 der Verordnung vom 31. August 2015 (BGBl. I S. 1474) geändert worden ist, verordnet das Bundesministerium für Arbeit und Soziales im Einvernehmen mit dem Bundesministerium für Ernährung und Landwirtschaft:</P></Content></text></textdaten></norm>
<norm builddate="20201231213838" doknr="BJNR270900020BJNE000200000"><metadaten><jurabk>AELV 2021</jurabk><enbez>§ 1</enbez><titel format="XML">Ermittlung des Arbeitseinkommens</titel></metadaten><textdaten><text format="XML"><Content><P>(1) Das für die Gewährung von Beitragszuschüssen für das Jahr 2021 maßgebende Arbeitseinkommen aus Land- und Forstwirtschaft wird auf der Grundlage von Beziehungswerten ermittelt, die sich ergeben aus <DL Type="arabic"><DT>1.</DT><DD Font="normal"><LA>dem Wirtschaftswert und dem fünfjährigen Durchschnitt der Gewinne der für den Agrarbericht der Bundesregierung ausgewerteten landwirtschaftlichen Testbetriebe und</LA></DD><DT>2.</DT><DD Font="normal"><LA>dem Umrechnungskurs nach Artikel 1 der Verordnung (EG) Nr. 2866/98 des Rates vom 31. Dezember 1998 über die Umrechnungskurse zwischen dem Euro und den Währungen der Mitgliedstaaten, die den Euro einführen (ABl. L 359 vom 31.12.1998, S. 1).</LA></DD></DL></P><P>(2) Das Arbeitseinkommen aus Land- und Forstwirtschaft ergibt sich, indem der Wirtschaftswert des Unternehmens, der nach § 32 Absatz 6 Satz 5 des Gesetzes über die Alterssicherung der Landwirte zugrunde zu legen ist <DL Type="arabic"><DT>1.</DT><DD Font="normal"><LA>bei Betrieben, die der Gruppe 1 nach § 32 Absatz 6 Satz 1 Nummer 2 des Gesetzes über die Alterssicherung der Landwirte zuzuordnen sind, mit dem sich aus der Anlage 1 ergebenden Beziehungswert vervielfältigt wird und</LA></DD><DT>2.</DT><DD Font="normal"><LA>bei Betrieben, die der Gruppe 2 nach § 32 Absatz 6 Satz 1 Nummer 2 des Gesetzes über die Alterssicherung der Landwirte zuzuordnen sind, mit dem sich aus der Anlage 2 ergebenden Beziehungswert vervielfältigt wird.</LA></DD></DL>Für Unternehmen mit einem Wirtschaftswert bis zu 25 000 Deutsche Mark gilt der für diesen Wirtschaftswert ermittelte Beziehungswert. Der Beziehungswert für einen Wirtschaftswert, der nicht in den Anlagen 1 und 2 aufgeführt wird und der nicht unter Absatz 3 fällt, ist zu ermitteln, indem <DL Type="arabic"><DT>1.</DT><DD Font="normal"><LA>der Differenzbetrag aus diesem Wirtschaftswert und dem nächstniedrigeren Wirtschaftswert der Anlage durch den Wert 1 000 dividiert wird,</LA></DD><DT>2.</DT><DD Font="normal"><LA>dieser Wert mit dem Differenzbetrag zwischen dem Beziehungswert der nächstniedrigeren Stufe und dem Beziehungswert der nächsthöheren Stufe vervielfältigt wird und</LA></DD><DT>3.</DT><DD Font="normal"><LA>dieses Produkt vom Beziehungswert des nächstniedrigeren Wirtschaftswerts der Anlage abgezogen wird.</LA></DD></DL>Der sich ergebende Beziehungswert ist nicht zu runden.</P><P>(3) Bei Betrieben mit einem zugrunde zu legenden Wirtschaftswert von mehr als 38 000 Deutsche Mark ergibt sich das Arbeitseinkommen aus Land- und Forstwirtschaft, indem der Wirtschaftswert des Unternehmens <DL Type="arabic"><DT>1.</DT><DD Font="normal"><LA>bei Betrieben, die der Gruppe 1 nach § 32 Absatz 6 Satz 1 Nummer 2 des Gesetzes über die Alterssicherung der Landwirte zuzuordnen sind, mit dem sich aus der Anlage 3 ergebenden Beziehungswert vervielfältigt wird und</LA></DD><DT>2.</DT><DD Font="normal"><LA>bei Betrieben, die der Gruppe 2 nach § 32 Absatz 6 Satz 1 Nummer 2 des Gesetzes über die Alterssicherung der Landwirte zuzuordnen sind, mit dem sich aus der Anlage 4 ergebenden Beziehungswert vervielfältigt wird.</LA></DD></DL>Für Betriebe der Gruppen 1 und 2 mit einem Wirtschaftswert über 38 000 Deutsche Mark und unter 500 000 Deutsche Mark, deren Wirtschaftswert in den Anlagen 3 und 4 nicht aufgeführt ist, wird das Arbeitseinkommen ermittelt, indem <DL Type="arabic"><DT>1.</DT><DD Font="normal"><LA>der Differenzbetrag zwischen diesem Wirtschaftswert und dem nächstniedrigeren Wirtschaftswert der Anlage durch den Differenzbetrag zwischen dem nächsthöheren Wirtschaftswert und dem nächstniedrigeren Wirtschaftswert der Anlage dividiert wird,</LA></DD><DT>2.</DT><DD Font="normal"><LA>dieser Wert mit dem Differenzbetrag aus dem nach Satz 1 ermittelten Arbeitseinkommen, das dem nächsthöheren Wirtschaftswert der Anlage entspricht, und dem nach Satz 1 ermittelten Arbeitseinkommen, das dem nächstniedrigeren Wirtschaftswert der Anlage entspricht, vervielfältigt wird und</LA></DD><DT>3.</DT><DD Font="normal"><LA>dieses Produkt zum nach Satz 1 ermittelten Arbeitseinkommen, das dem nächstniedrigeren Wirtschaftswert der Anlage entspricht, addiert wird.</LA></DD></DL>Für Unternehmen der Gruppe 1 mit einem Wirtschaftswert über 500 000 Deutsche Mark beträgt das Arbeitseinkommen das 0,1841fache des Wirtschaftswerts. Für Unternehmen der Gruppe 2 mit einem Wirtschaftswert über 500 000 Deutsche Mark beträgt das Arbeitseinkommen das 0,1598fache des Wirtschaftswerts.</P><P>(4) Bei Betrieben, die der Gruppe 3 nach § 32 Absatz 6 Satz 1 Nummer 2 des Gesetzes über die Alterssicherung der Landwirte zuzuordnen sind, wird das Arbeitseinkommen ermittelt, indem <DL Type="arabic"><DT>1.</DT><DD Font="normal"><LA>zunächst die Arbeitseinkommen nach den Absätzen 2 und 3 ermittelt werden, die sich bei Zuordnung des Betriebs zur Gruppe 1 (Arbeitseinkommen 1) und bei Zuordnung des Betriebs zur Gruppe 2 (Arbeitseinkommen 2) ergeben würden,</LA></DD><DT>2.</DT><DD Font="normal"><LA>dann der Differenzbetrag zwischen dem außerbetrieblichen Erwerbs- und Erwerbsersatzeinkommen des Unternehmers und einem Sechstel der Bezugsgröße des Jahres, für das dieses Einkommen zu ermitteln ist, durch zwei Drittel der Bezugsgröße dieses Jahres dividiert wird,</LA></DD><DT>3.</DT><DD Font="normal"><LA>dieser Wert mit dem Differenzbetrag aus dem Arbeitseinkommen 1 und dem Arbeitseinkommen 2 vervielfältigt wird und</LA></DD><DT>4.</DT><DD Font="normal"><LA>dieses Produkt vom Arbeitseinkommen 1 abgezogen wird.</LA></DD></DL></P><P>(5) Das Arbeitseinkommen aus der Land- und Forstwirtschaft wird auf volle Euro abgerundet.</P></Content></text></textdaten></norm>
<norm builddate="20201231213838" doknr="BJNR270900020BJNE000300000"><metadaten><jurabk>AELV 2021</jurabk><enbez>§ 2</enbez><titel format="XML">Inkrafttreten</titel></metadaten><textdaten><text format="XML"><Content><P>Diese Verordnung tritt am 1. Januar 2021 in Kraft.</P></Content></text></textdaten></norm>
<norm builddate="20201231213838" doknr="BJNR270900020BJNE000400000"><metadaten><jurabk>AELV 2021</jurabk><enbez>Schlussformel</enbez></metadaten><textdaten><text format="XML"><Content><P>Der Bundesrat hat zugestimmt.</P></Content></text></textdaten></norm>
<norm builddate="20201231213838" doknr="BJNR270900020BJNE000500000"><metadaten><jurabk>AELV 2021</jurabk><enbez>Anlage 1</enbez><titel format="XML">(zu § 1 Absatz 2 Satz 1 Nummer 1)</titel></metadaten><textdaten><text format="XML"><Content><P><noindex><kommentar typ="Fundstelle">(Fundstelle: BGBl. I 2020, 2711)</kommentar></noindex></P><P><table frame="none" pgwide="1" tocentry="%yes;"><tgroup align="left" char="" charoff="50" cols="2"><colspec colname="col1" colwidth="0.87*"/><colspec colname="col2" colwidth="1.13*"/><tbody valign="top"><row><entry VJ="1" align="center" colname="col1" colsep="0" rowsep="1">Wirtschaftswert<BR/> in DM</entry><entry VJ="1" align="center" colname="col2" rowsep="1">Beziehungswert</entry></row><row><entry VJ="1" align="center" colname="col1" colsep="0" rowsep="0">  bis 25 000</entry><entry VJ="1" align="center" colname="col2" rowsep="0">1,1642</entry></row><row><entry VJ="1" align="center" colname="col1" colsep="0" rowsep="0">26 000</entry><entry VJ="1" align="center" colname="col2" rowsep="0">1,1511</entry></row><row><entry VJ="1" align="center" colname="col1" colsep="0" rowsep="0">27 000</entry><entry VJ="1" align="center" colname="col2" rowsep="0">1,1378</entry></row><row><entry VJ="1" align="center" colname="col1" colsep="0" rowsep="0">28 000</entry><entry VJ="1" align="center" colname="col2" rowsep="0">1,1245</entry></row><row><entry VJ="1" align="center" colname="col1" colsep="0" rowsep="0">29 000</entry><entry VJ="1" align="center" colname="col2" rowsep="0">1,1111</entry></row><row><entry VJ="1" align="center" colname="col1" colsep="0" rowsep="0">30 000</entry><entry VJ="1" align="center" colname="col2" rowsep="0">1,0978</entry></row><row><entry VJ="1" align="center" colname="col1" colsep="0" rowsep="0">31 000</entry><entry VJ="1" align="center" colname="col2" rowsep="0">1,0847</entry></row><row><entry VJ="1" align="center" colname="col1" colsep="0" rowsep="0">32 000</entry><entry VJ="1" align="center" colname="col2" rowsep="0">1,0716</entry></row><row><entry VJ="1" align="center" colname="col1" colsep="0" rowsep="0">33 000</entry><entry VJ="1" align="center" colname="col2" rowsep="0">1,0587</entry></row><row><entry VJ="1" align="center" colname="col1" colsep="0" rowsep="0">34 000</entry><entry VJ="1" align="center" colname="col2" rowsep="0">1,0461</entry></row><row><entry VJ="1" align="center" colname="col1" colsep="0" rowsep="0">35 000</entry><entry VJ="1" align="center" colname="col2" rowsep="0">1,0336</entry></row><row><entry VJ="1" align="center" colname="col1" colsep="0" rowsep="0">36 000</entry><entry VJ="1" align="center" colname="col2" rowsep="0">1,0213</entry></row><row><entry VJ="1" align="center" colname="col1" colsep="0" rowsep="0">37 000</entry><entry VJ="1" align="center" colname="col2" rowsep="0">1,0093</entry></row><row><entry VJ="1" align="center" colname="col1" colsep="0">38 000</entry><entry VJ="1" align="center" colname="col2">0,9975</entry></row></tbody></tgroup></table></P></Content></text></textdaten></norm>
<norm builddate="20201231213838" doknr="BJNR270900020BJNE000600000"><metadaten><jurabk>AELV 2021</jurabk><enbez>Anlage 2</enbez><titel format="XML">(zu § 1 Absatz 2 Satz 1 Nummer 2)</titel></metadaten><textdaten><text format="XML"><Content><P><noindex><kommentar typ="Fundstelle">(Fundstelle: BGBl. I 2020, 2711)</kommentar></noindex></P><P><table frame="none" pgwide="1" tocentry="%yes;"><tgroup align="left" char="" charoff="50" cols="2"><colspec colname="col1" colwidth="0.88*"/><colspec colname="col2" colwidth="1.12*"/><tbody valign="top"><row><entry VJ="1" align="center" colname="col1" colsep="0" rowsep="1">Wirtschaftswert<BR/> in DM</entry><entry VJ="1" align="center" colname="col2" rowsep="1">Beziehungswert</entry></row><row><entry VJ="1" align="center" colname="col1" colsep="0" rowsep="0">  bis 25 000</entry><entry VJ="1" align="center" colname="col2" rowsep="0">0,6952</entry></row><row><entry VJ="1" align="center" colname="col1" colsep="0" rowsep="0">26 000</entry><entry VJ="1" align="center" colname="col2" rowsep="0">0,6999</entry></row><row><entry VJ="1" align="center" colname="col1" colsep="0" rowsep="0">27 000</entry><entry VJ="1" align="center" colname="col2" rowsep="0">0,7032</entry></row><row><entry VJ="1" align="center" colname="col1" colsep="0" rowsep="0">28 000</entry><entry VJ="1" align="center" colname="col2" rowsep="0">0,7052</entry></row><row><entry VJ="1" align="center" colname="col1" colsep="0" rowsep="0">29 000</entry><entry VJ="1" align="center" colname="col2" rowsep="0">0,7061</entry></row><row><entry VJ="1" align="center" colname="col1" colsep="0" rowsep="0">30 000</entry><entry VJ="1" align="center" colname="col2" rowsep="0">0,7061</entry></row><row><entry VJ="1" align="center" colname="col1" colsep="0" rowsep="0">31 000</entry><entry VJ="1" align="center" colname="col2" rowsep="0">0,7054</entry></row><row><entry VJ="1" align="center" colname="col1" colsep="0" rowsep="0">32 000</entry><entry VJ="1" align="center" colname="col2" rowsep="0">0,7041</entry></row><row><entry VJ="1" align="center" colname="col1" colsep="0" rowsep="0">33 000</entry><entry VJ="1" align="center" colname="col2" rowsep="0">0,7022</entry></row><row><entry VJ="1" align="center" colname="col1" colsep="0" rowsep="0">34 000</entry><entry VJ="1" align="center" colname="col2" rowsep="0">0,6999</entry></row><row><entry VJ="1" align="center" colname="col1" colsep="0" rowsep="0">35 000</entry><entry VJ="1" align="center" colname="col2" rowsep="0">0,6972</entry></row><row><entry VJ="1" align="center" colname="col1" colsep="0" rowsep="0">36 000</entry><entry VJ="1" align="center" colname="col2" rowsep="0">0,6941</entry></row><row><entry VJ="1" align="center" colname="col1" colsep="0" rowsep="0">37 000</entry><entry VJ="1" align="center" colname="col2" rowsep="0">0,6909</entry></row><row><entry VJ="1" align="center" colname="col1" colsep="0">38 000</entry><entry VJ="1" align="center" colname="col2">0,6873</entry></row></tbody></tgroup></table></P></Content></text></textdaten></norm>
<norm builddate="20201231213838" doknr="BJNR270900020BJNE000700000"><metadaten><jurabk>AELV 2021</jurabk><enbez>Anlage 3</enbez><titel format="XML">(zu § 1 Absatz 3 Satz 1 Nummer 1)</titel></metadaten><textdaten><text format="XML"><Content><P><noindex><kommentar typ="Fundstelle">(Fundstelle: BGBl. I 2020, 2712)</kommentar></noindex></P><P><table frame="none" pgwide="1" tocentry="%yes;"><tgroup align="left" char="" charoff="50" cols="2"><colspec colname="col1" colwidth="0.90*"/><colspec colname="col2" colwidth="1.10*"/><tbody valign="top"><row><entry VJ="1" align="center" colname="col1" colsep="0" rowsep="1">Wirtschaftswert<BR/> in DM</entry><entry VJ="1" align="center" colname="col2" rowsep="1">Beziehungswert</entry></row><row><entry VJ="1" align="center" colname="col1" colsep="0" rowsep="0"> 38 000</entry><entry VJ="1" align="center" colname="col2" rowsep="0">0,9975</entry></row><row><entry VJ="1" align="center" colname="col1" colsep="0" rowsep="0">100 000</entry><entry VJ="1" align="center" colname="col2" rowsep="0">0,5824</entry></row><row><entry VJ="1" align="center" colname="col1" colsep="0" rowsep="0">150 000</entry><entry VJ="1" align="center" colname="col2" rowsep="0">0,4450</entry></row><row><entry VJ="1" align="center" colname="col1" colsep="0" rowsep="0">200 000</entry><entry VJ="1" align="center" colname="col2" rowsep="0">0,3640</entry></row><row><entry VJ="1" align="center" colname="col1" colsep="0" rowsep="0">250 000</entry><entry VJ="1" align="center" colname="col2" rowsep="0">0,3099</entry></row><row><entry VJ="1" align="center" colname="col1" colsep="0" rowsep="0">300 000</entry><entry VJ="1" align="center" colname="col2" rowsep="0">0,2711</entry></row><row><entry VJ="1" align="center" colname="col1" colsep="0" rowsep="0">350 000</entry><entry VJ="1" align="center" colname="col2" rowsep="0">0,2416</entry></row><row><entry VJ="1" align="center" colname="col1" colsep="0" rowsep="0">400 000</entry><entry VJ="1" align="center" colname="col2" rowsep="0">0,2184</entry></row><row><entry VJ="1" align="center" colname="col1" colsep="0" rowsep="0">450 000</entry><entry VJ="1" align="center" colname="col2" rowsep="0">0,1997</entry></row><row><entry VJ="1" align="center" colname="col1" colsep="0">500 000</entry><entry VJ="1" align="center" colname="col2">0,1841</entry></row></tbody></tgroup></table></P></Content></text></textdaten></norm>
<norm builddate="20201231213838" doknr="BJNR270900020BJNE000800000"><metadaten><jurabk>AELV 2021</jurabk><enbez>Anlage 4</enbez><titel format="XML">(zu § 1 Absatz 3 Satz 1 Nummer 2)</titel></metadaten><textdaten><text format="XML"><Content><P><noindex><kommentar typ="Fundstelle">(Fundstelle: BGBl. I 2020, 2712)</kommentar></noindex></P><P><table frame="none" pgwide="1" tocentry="%yes;"><tgroup align="left" char="" charoff="50" cols="2"><colspec colname="col1"/><colspec colname="col2"/><tbody valign="top"><row><entry VJ="1" align="center" colname="col1" colsep="0" rowsep="1">Wirtschaftswert<BR/> in DM</entry><entry VJ="1" align="center" colname="col2" rowsep="1">Beziehungswert</entry></row><row><entry VJ="1" align="center" colname="col1" colsep="0" rowsep="0"> 38 000</entry><entry VJ="1" align="center" colname="col2" rowsep="0">0,6873</entry></row><row><entry VJ="1" align="center" colname="col1" colsep="0" rowsep="0">100 000</entry><entry VJ="1" align="center" colname="col2" rowsep="0">0,4631</entry></row><row><entry VJ="1" align="center" colname="col1" colsep="0" rowsep="0">150 000</entry><entry VJ="1" align="center" colname="col2" rowsep="0">0,3652</entry></row><row><entry VJ="1" align="center" colname="col1" colsep="0" rowsep="0">200 000</entry><entry VJ="1" align="center" colname="col2" rowsep="0">0,3039</entry></row><row><entry VJ="1" align="center" colname="col1" colsep="0" rowsep="0">250 000</entry><entry VJ="1" align="center" colname="col2" rowsep="0">0,2617</entry></row><row><entry VJ="1" align="center" colname="col1" colsep="0" rowsep="0">300 000</entry><entry VJ="1" align="center" colname="col2" rowsep="0">0,2308</entry></row><row><entry VJ="1" align="center" colname="col1" colsep="0" rowsep="0">350 000</entry><entry VJ="1" align="center" colname="col2" rowsep="0">0,2070</entry></row><row><entry VJ="1" align="center" colname="col1" colsep="0" rowsep="0">400 000</entry><entry VJ="1" align="center" colname="col2" rowsep="0">0,1881</entry></row><row><entry VJ="1" align="center" colname="col1" colsep="0" rowsep="0">450 000</entry><entry VJ="1" align="center" colname="col2" rowsep="0">0,1727</entry></row><row><entry VJ="1" align="center" colname="col1" colsep="0">500 000</entry><entry VJ="1" align="center" colname="col2">0,1598</entry></row></tbody></tgroup></table></P></Content></text></textdaten></norm>
</dokumente>