<?xml version="1.0" encoding="UTF-8" ?><!DOCTYPE dokumente SYSTEM "http://www.gesetze-im-internet.de/dtd/1.01/gii-norm.dtd">
<dokumente builddate="20120625152638" doknr="BJNR207930963"><norm builddate="20120625152638" doknr="BJNR207930963"><metadaten><jurabk>WGLeistVtr ITA</jurabk><ausfertigung-datum manuell="ja">1961-06-02</ausfertigung-datum><fundstelle typ="amtlich"><periodikum>BGBl II</periodikum><zitstelle>1963, 793</zitstelle></fundstelle><langue>Vertrag zwischen der Bundesrepublik Deutschland und der Italienischen
Republik über Leistungen zugunsten italienischer Staatsangehöriger, die von
nationalsozialistischen Verfolgungsmaßnahmen betroffen worden sind</langue></metadaten><textdaten><text format="decorated"/></textdaten></norm>
</dokumente>