<?xml version="1.0" encoding="UTF-8" ?><!DOCTYPE dokumente SYSTEM "http://www.gesetze-im-internet.de/dtd/1.01/gii-norm.dtd">
<dokumente builddate="20120625150039" doknr="BJNR089620999"><norm builddate="20120625150039" doknr="BJNR089620999"><metadaten><jurabk>SozSichAbkDVbg JPN</jurabk><ausfertigung-datum manuell="ja">1998-04-20</ausfertigung-datum><fundstelle typ="amtlich"><periodikum>BGBl II</periodikum><zitstelle>1999, 896</zitstelle></fundstelle><langue>Vereinbarung zur Durchführung des
Abkommens zwischen der Bundesrepublik Deutschland und Japan
über Soziale Sicherheit</langue></metadaten><textdaten><text format="decorated"/><fussnoten><Content><P>G v. 22.9.1999 II 874</P><P><BR/> In Kraft gem. Bek. v. 21.12.1999; 2000 II 44 mWv 1.2.2000</P></Content></fussnoten></textdaten></norm>
</dokumente>