<?xml version="1.0" encoding="UTF-8" ?><!DOCTYPE dokumente SYSTEM "http://www.gesetze-im-internet.de/dtd/1.01/gii-norm.dtd">
<dokumente builddate="20120625153945" doknr="BJNR205340988"><norm builddate="20120625153945" doknr="BJNR205340988"><metadaten><jurabk>INF-VtrNotWV</jurabk><ausfertigung-datum manuell="ja">1988-05-30</ausfertigung-datum><fundstelle typ="amtlich"><periodikum>BGBl II</periodikum><zitstelle>1988, 534</zitstelle></fundstelle><kurzue>Verordnung über Inspektion nach dem INF-Vertrag</kurzue><langue>Verordnung zu dem Notenwechsel vom 4. Mai 1988 zwischen der
Bundesrepublik Deutschland und der Union der Sozialistischen Sowjetrepubliken
über Inspektionen in bezug auf den Vertrag vom 8. Dezember 1987 zwischen den
Vereinigten Staaten von Amerika und der Union der Sozialistischen
Sowjetrepubliken über die Beseitigung ihrer Flugkörper mittlerer und kürzerer
Reichweite</langue></metadaten><textdaten><text format="decorated"/><fussnoten><Content><P>Überschrift: Diese Vorschrift gilt nicht in Berlin (West) gem. § 3 Nr. 10 G v. 25.9.1990 I 2106 und nicht in dem in Artikel 3 des Einigungsvertrages genannten Gebiet gem. Artikel 11 und Anl. I Kap. I Nr. 10 EinigVtr v. 31.8.1990 iVm Art. 1 G v. 23.9.1990 II 885, 908 <BR/>Inkraft gem. Bek. v. 23.6.1988 II 612 mWv 1.6.1988</P></Content></fussnoten></textdaten></norm>
</dokumente>