<?xml version="1.0" encoding="UTF-8" ?><!DOCTYPE dokumente SYSTEM "http://www.gesetze-im-internet.de/dtd/1.01/gii-norm.dtd">
<dokumente builddate="20131008093834" doknr="BJNR204530964"><norm builddate="20131008093834" doknr="BJNR204530964"><metadaten><jurabk>LAAbkErgAbkCHEG</jurabk><ausfertigung-datum manuell="ja">1964-04-17</ausfertigung-datum><fundstelle typ="amtlich"><periodikum>BGBl II</periodikum><zitstelle>1964, 453</zitstelle></fundstelle><langue>Gesetz zu dem Abkommen vom 16. März 1962 zur Ergänzung des Abkommens vom
26. August 1952 zwischen der Bundesrepublik Deutschland und der Schweizerischen
Eidgenossenschaft zum deutschen Lastenausgleich</langue></metadaten><textdaten><text format="XML"><Content><P/></Content></text><fussnoten><Content><P>(+++ Textnachweis ab: 24. 4.1964 +++)</P></Content></fussnoten></textdaten></norm>
<norm builddate="20131008093834" doknr="BJNR204530964BJNE000100325"><metadaten><jurabk>LAAbkErgAbkCHEG</jurabk><enbez>Eingangsformel</enbez></metadaten><textdaten><text format="XML"><Content><P>Der Bundestag hat das folgende Gesetz beschlossen:</P></Content></text></textdaten></norm>
<norm builddate="20131008093834" doknr="BJNR204530964BJNE000200325"><metadaten><jurabk>LAAbkErgAbkCHEG</jurabk><enbez>Art 1</enbez></metadaten><textdaten><text format="XML"><Content><P>-</P></Content></text><fussnoten/></textdaten></norm>
<norm builddate="20131008093834" doknr="BJNR204530964BJNE000300325"><metadaten><jurabk>LAAbkErgAbkCHEG</jurabk><enbez>Art 2</enbez></metadaten><textdaten><text format="XML"><Content><P>Das Abkommen wird vom Inkrafttreten des Lastenausgleichsgesetzes vom 14. August 1952 (BGBl. I S. 446) an (§ 375 des Lastenausgleichsgesetzes) angewendet. Für die Anwendung der §§ 266, 272, 273, 280 und 282 des Lastenausgleichsgesetzes gilt das Abkommen vom 1. Juni 1961 an.</P></Content></text></textdaten></norm>
<norm builddate="20131008093834" doknr="BJNR204530964BJNE000400325"><metadaten><jurabk>LAAbkErgAbkCHEG</jurabk><enbez>Art 3</enbez></metadaten><textdaten><text format="XML"><Content><P>Dieses Gesetz gilt auch im Land Berlin, sofern das Land Berlin die Anwendung dieses Gesetzes feststellt.</P></Content></text></textdaten></norm>
<norm builddate="20131008093834" doknr="BJNR204530964BJNE000500325"><metadaten><jurabk>LAAbkErgAbkCHEG</jurabk><enbez>Art 4</enbez></metadaten><textdaten><text format="XML"><Content><P>(1) Dieses Gesetz tritt am Tage nach seiner Verkündung in Kraft.</P><P>(2) Der Tag, an dem das Abkommen nach seinem Artikel 3 Satz 3 für die Bundesrepublik Deutschland in Kraft tritt, ist im Bundesgesetzblatt bekanntzugeben.</P></Content> </text></textdaten></norm>
</dokumente>