<?xml version="1.0" encoding="UTF-8" ?><!DOCTYPE dokumente SYSTEM "http://www.gesetze-im-internet.de/dtd/1.01/gii-norm.dtd">
<dokumente builddate="20120625145818" doknr="BJNR004300905"><norm builddate="20120625145818" doknr="BJNR004300905"><metadaten><jurabk>ZPAbkAG</jurabk><ausfertigung-datum manuell="ja">1909-04-05</ausfertigung-datum><fundstelle typ="amtlich"><periodikum>RGBl</periodikum><zitstelle>1909, 430</zitstelle></fundstelle><langue>Gesetz zur Ausführung des Abkommens über den Zivilprozeß vom 17. Juli
1905</langue></metadaten><textdaten><text format="decorated"/><fussnoten><Content><P>Überschrift: Gem. § 3 Abs. 2 G v. 10.7.1958 114-2 nur Überschrift aufgenommen</P></Content></fussnoten></textdaten></norm>
</dokumente>