<?xml version="1.0" encoding="UTF-8" ?><!DOCTYPE dokumente SYSTEM "http://www.gesetze-im-internet.de/dtd/1.01/gii-norm.dtd">
<dokumente builddate="20131008093928" doknr="BJNR353800004"><norm builddate="20131008093928" doknr="BJNR353800004"><metadaten><jurabk>EG-PKHVV</jurabk><amtabk>EG-PKHVV</amtabk><ausfertigung-datum manuell="ja">2004-12-21</ausfertigung-datum><fundstelle typ="amtlich"><periodikum>BGBl I</periodikum><zitstelle>2004, 3538</zitstelle></fundstelle><kurzue>EG-Prozesskostenhilfevordruckverordnung</kurzue><langue>Verordnung zur Einführung eines Vordrucks für die Erklärung über die
persönlichen und wirtschaftlichen Verhältnisse bei Prozesskostenhilfe sowie
eines Vordrucks für die Übermittlung der Anträge auf Bewilligung von
Prozesskostenhilfe im grenzüberschreitenden Verkehr</langue></metadaten><textdaten><text format="XML"><Content><P/></Content></text><fussnoten><Content><P><BR/> <pre xml:space="preserve">(+++ Textnachweis ab: 23.12.2004 +++)<BR/><BR/></pre></P></Content></fussnoten></textdaten></norm>
<norm builddate="20131008093928" doknr="BJNR353800004BJNE000100000"><metadaten><jurabk>EG-PKHVV</jurabk><enbez>Eingangsformel</enbez></metadaten><textdaten><text format="XML"><Content><P>Auf Grund des § 1077 Abs. 2 der Zivilprozessordnung, der durch Artikel 1 Nr. 4 des Gesetzes vom 15. Dezember 2004 (BGBl. I S. 3392) eingefügt worden ist, verordnet das Bundesministerium der Justiz:</P></Content></text></textdaten></norm>
<norm builddate="20131008093928" doknr="BJNR353800004BJNE000200000"><metadaten><jurabk>EG-PKHVV</jurabk><enbez>§ 1</enbez><titel format="parat">Vordrucke</titel></metadaten><textdaten><text format="XML"><Content><P>Für die Erklärung der Partei sowie für die Übermittlung derartiger Anträge nach Artikel 13 der Richtlinie 2003/8/EG des Rates vom 27. Januar 2003 zur Verbesserung des Zugangs zum Recht bei Streitsachen mit grenzüberschreitendem Bezug durch Festlegung gemeinsamer Mindestvorschriften für die Prozesskostenhilfe in derartigen Streitsachen (ABl. EG Nr. L 26 S. 41, ABl. EU Nr. L 32 S. 15) werden die in der Anlage bestimmten Vordrucke eingeführt.</P></Content></text></textdaten></norm>
<norm builddate="20131008093928" doknr="BJNR353800004BJNE000300000"><metadaten><jurabk>EG-PKHVV</jurabk><enbez>§ 2</enbez><titel format="parat">Inkrafttreten</titel></metadaten><textdaten><text format="XML"><Content><P>Diese Verordnung tritt am Tag nach der Verkündung in Kraft.</P></Content></text></textdaten></norm>
<norm builddate="20131008093928" doknr="BJNR353800004BJNE000400000"><metadaten><jurabk>EG-PKHVV</jurabk><enbez>Schlussformel</enbez></metadaten><textdaten><text format="XML"><Content><P>Der Bundesrat hat zugestimmt.</P></Content></text></textdaten></norm>
<norm builddate="20131008093928" doknr="BJNR353800004BJNE000500000"><metadaten><jurabk>EG-PKHVV</jurabk><enbez>Anlage</enbez><titel format="XML">(zu § 1)<BR/>Formular für die Übermittlung eines Antrags auf Prozesskostenhilfe</titel></metadaten><textdaten><text format="XML"><Content><P><ABWFORMAT typ="A"/><kommentar typ="Fundstelle">Fundstelle des Originaltextes: BGBl. I 2004, 3539 - 3541</kommentar><BR/><pre xml:space="preserve">-------------------------------------------------------------------------------<BR/>I                              Formular                                       I<BR/>I                    für die Übermittlung eines                               I<BR/>I                  Antrags auf Prozesskostenhilfe                             I<BR/>-------------------------------------------------------------------------------<BR/> <BR/>(... nicht darstellbares Verkehrszeichen) Ggf. Angabe von Gründen, die eine<BR/>besonders zügige Antragsbearbeitung rechtfertigen:<BR/> <BR/>Aktenzeichen:<BR/>Übermittlung von:                               Datum der Übermittlung:<BR/>-------------------------------------------------------------------------------<BR/>I                     Angaben zur Übermittlungsbehörde:                       I<BR/>I Bezeichnung der Übermittlungsbehörde:                                       I<BR/>I Mitgliedstaat:                                                              I<BR/>I Sachbearbeiter:                                                             I<BR/>I Anschrift:                                                                  I<BR/>I Telefon:                                                                    I<BR/>I Fax:                                                                        I<BR/>I E-Mail:                                                                     I<BR/>-------------------------------------------------------------------------------<BR/>an:<BR/>-------------------------------------------------------------------------------<BR/>I                       Angaben zur Empfangsbehörde:                          I<BR/>I Bezeichnung:                                                                I<BR/>I Mitgliedstaat:                                                              I<BR/>I Anschrift:                                                                  I<BR/>I Telefon:                                                                    I<BR/>I Fax:                                                                        I<BR/>I E-Mail:                                                                     I<BR/>-------------------------------------------------------------------------------<BR/> <BR/>-------------------------------------------------------------------------------<BR/>I             Angaben zum Antragsteller auf Prozesskostenhilfe:               I<BR/>-------------------------------------------------------------------------------<BR/>Name und Vorname bzw. Firmenbezeichnung:<BR/>Name und Vornahme des Vertreters des Antragstellers, sofern Letzterer<BR/>minderjährig oder prozessunfähig ist:<BR/>Name und Vorname eines etwaigen Vertreters des Antragstellers, sofern<BR/>Letzterer volljährig und prozessfähig ist (Anwalt, Rechtsbeistand usw.):<BR/>Anschrift:<BR/>Telefon:<BR/>Fax:<BR/>E-Mail:<BR/>Vom Antragsteller verstandene Sprache(n):<BR/> <BR/>-------------------------------------------------------------------------------<BR/>I                        Angaben zum Verfahren                                I<BR/>-------------------------------------------------------------------------------<BR/>1. Handelt es sich beim Antragsteller auf Prozesskostenhilfe<BR/>   um Kläger oder Beklagten?<BR/>2. Die Prozesskostenhilfe wird beantragt für:<BR/>   a) vorprozessuale Rechtsberatung                                  ( )<BR/>   b) Beistand (Beratung und/oder Vertretung)<BR/>      im Rahmen eines außergerichtlichen Verfahrens                  ( )<BR/>   c) Beistand (Beratung und/oder Vertretung)<BR/>      im Rahmen eines geplanten Gerichtsverfahrens                   ( )<BR/>   d) Beistand (Beratung und/oder Vertretung)<BR/>      im Rahmen eines laufenden Gerichtsverfahrens                   ( )<BR/>      In diesem Fall sind anzugeben:<BR/>      - Nummer der Rechtssache:<BR/>      - Datum der Verhandlungen:<BR/>      - Bezeichnung des Gerichts:<BR/>      - Anschrift des Gerichts:<BR/>   e) Beistand und/oder Vertretung im Rahmen eines Rechtsstreits<BR/>      über eine bereits ergangene gerichtliche Entscheidung?         ( )<BR/>      In diesem Fall sind anzugeben:<BR/>      - Name und Anschrift dieses Gerichts:<BR/>      - Datum der Entscheidung:<BR/>      - Gegenstand des Rechtsstreits:<BR/>        - Rechtsbehelf gegen die Entscheidung                        ( )<BR/>        - Vollstreckung der Entscheidung                             ( )<BR/>3. Gegenpartei:<BR/>4. Kurze Beschreibung des Streitgegenstands sowie in den Fällen unter<BR/>   Ziffer 2 Buchstabe a, b und c Angaben zur Ermittlung des wahrscheinlich<BR/>   zuständigen Gerichts:<BR/> <BR/>                           Empfangsbestätigung<BR/>-------------------------------------------------------------------------------<BR/>I                           Die Empfangsbehörde:                              I<BR/>I Bezeichnung:                                                                I<BR/>I Mitgliedstaat:                                                              I<BR/>I Aktenzeichen:                                                               I<BR/>I Empfangsdatum:                                                              I<BR/>I Sachbearbeiter:                                                             I<BR/>I Anschrift:                                                                  I<BR/>I Telefon:                                                                    I<BR/>I Fax:                                                                        I<BR/>I E-Mail:                                                                     I<BR/>I Gegebenenfalls Übermittlung des Antrags an:                                 I<BR/>I Bezeichnung:                                                                I<BR/>I Sachbearbeiter:                                                             I<BR/>I Anschrift:                                                                  I<BR/>I Telefon:                                                                    I<BR/>I Fax:                                                                        I<BR/>I E-Mail:                                                                     I<BR/>-------------------------------------------------------------------------------<BR/>bestätigt den Empfang des von der folgenden Übermittlungsbehörde<BR/>übersandten Antrags:<BR/>-------------------------------------------------------------------------------<BR/>I                           Übermittlungsbehörde:                             I<BR/>I Bezeichnung:                                                                I<BR/>I Mitgliedstaat:                                                              I<BR/>I Aktenzeichen:                                                               I<BR/>I Sachbearbeiter:                                                             I<BR/>-------------------------------------------------------------------------------<BR/>Ort:<BR/>Datum:<BR/>Unterschrift:</pre></P></Content></text></textdaten></norm>
<norm builddate="20131008093928" doknr="BJNR353800004BJNE000600000"><metadaten><jurabk>EG-PKHVV</jurabk><enbez>Anlage</enbez><titel format="XML">(zu § 1)<BR/>Formular für Anträge auf Prozesskostenhilfe in einem anderen Mitgliedstaat der Europäischen Union</titel></metadaten><textdaten><text format="XML"><Content><P><ABWFORMAT typ="A"/><kommentar typ="Fundstelle">Fundstelle des Originaltextes: BGBl. I 2004, 3542 - 3547</kommentar><BR/><pre xml:space="preserve">-------------------------------------------------------------------------------<BR/>I                             Formular                                        I<BR/>I                 für Anträge auf Prozesskostenhilfe                          I<BR/>I         in einem anderen Mitgliedstaat der Europäischen Union               I<BR/>-------------------------------------------------------------------------------<BR/> <BR/><ABWFORMAT typ="A"/>(... nicht darstellbares Verkehrszeichen)<BR/>                              Anleitung<BR/>1. Bitte lesen Sie diese Anleitung sorgfältig durch, bevor Sie<BR/>   das Antragsformular ausfüllen.<BR/>2. Alle in diesem Formular verlangten Angaben müssen erteilt werden.<BR/>3. Ungenaue, unzutreffende oder unvollständige Angaben können<BR/>   die Bearbeitung Ihres Antrags verzögern.<BR/>4. Falsche oder unvollständige Angaben in diesem Antrag auf<BR/>   Prozesskostenhilfe können negative<BR/>   Rechtsfolgen haben, d. h. der Antrag kann abgelehnt werden<BR/>   oder Sie können strafrechtlich verfolgt werden.<BR/>5. Bitte fügen Sie alle Unterlagen zur Stützung Ihres Antrags bei.<BR/>6. Dieser Antrag lässt Fristen für die Einleitung eines Gerichtsverfahrens<BR/>   oder Einbringung eines Rechtsmittels unberührt.<BR/>7. Bitte datieren und unterzeichnen Sie den ausgefüllten Antrag und senden<BR/>   Sie ihn an folgende Behörde:<BR/>-------------------------------------------------------------------------------<BR/>I ( ) 7.a. Sie können Ihren Antrag an die zuständige Übermittlungsbehörde     I<BR/>I          des Mitgliedstaats senden, in dem Sie Ihren Wohnsitz haben.        I<BR/>I          Diese Behörde wird Ihren Antrag dann an die zuständige Behörde des I<BR/>I          betreffenden Mitgliedstaats weiterleiten. Wenn Sie diese Option    I<BR/>I          wählen, geben Sie bitte Folgendes an:                              I<BR/>I          Name der zuständigen Behörde des Wohnsitzmitgliedstaats:           I<BR/>I          Anschrift:                                                         I<BR/>I          Telefon/Fax/E-Mail:                                                I<BR/>I ( ) 7.b. Sie können diesen Antrag direkt an die zuständige Behörde eines    I<BR/>I          anderen Mitgliedstaates senden, wenn Sie wissen, welche Behörde    I<BR/>I          zuständig ist. Wenn Sie diese Option wählen, geben Sie bitte       I<BR/>I          Folgendes an:                                                      I<BR/>I          Name der Behörde:                                                  I<BR/>I          Anschrift:                                                         I<BR/>I          Telefon/Fax/E-Mail:                                                I<BR/>I Verstehen Sie die Amtssprache oder eine der Amtssprachen dieses             I<BR/>I Mitgliedstaats?                                                             I<BR/>I          ( ) ja              ( ) nein                                       I<BR/>I Wenn dies nicht der Fall ist, in welchen Sprachen kann sich die zuständige  I<BR/>I Behörde mit Ihnen für die Zwecke der Prozesskostenhilfe verständigen?       I<BR/>-------------------------------------------------------------------------------<BR/> <BR/>-------------------------------------------------------------------------------<BR/>I A.  Angaben über die Person, die Prozesskostenhilfe beantragt:              I<BR/>-------------------------------------------------------------------------------<BR/> <BR/>A.1.  Geschlecht:       ( ) männlich       ( ) weiblich<BR/>      Nachname und Vorname (gegebenenfalls Firmenname):<BR/>      Datum und Ort der Geburt:<BR/>      Staatsangehörigkeit:<BR/>      Nummer des Personalausweises:<BR/>      Anschrift:<BR/>      Telefon:<BR/>      Fax:<BR/>      E-Mail:<BR/>A.2.  Gegebenenfalls Angaben über die Person, die den Antragsteller vertritt,<BR/>      wenn dieser minderjährig oder nicht prozessfähig ist:<BR/>      Nachname und Vorname:<BR/>      Anschrift:<BR/>      Telefon:<BR/>      Fax:<BR/>      E-Mail:<BR/>A.3.  Gegebenenfalls Angaben über den Rechtsbeistand des Antragstellers<BR/>      (Rechtsanwalt, Prozessbevollmächtigter usw.):<BR/>      ( ) im Wohnsitzmitgliedstaat des Antragstellers:<BR/>          Nachname und Vorname:<BR/>          Anschrift:<BR/>          Telefon:<BR/>          Fax:<BR/>          E-Mail:<BR/>      ( ) in dem Mitgliedstaat, in dem die Prozesskostenhilfe gewährt<BR/>          werden soll:<BR/>          Nachname und Vorname:<BR/>          Anschrift:<BR/>          Telefon:<BR/>          Fax:<BR/>          E-Mail:<BR/> <BR/>-------------------------------------------------------------------------------<BR/>I B:   Angaben über die Streitsache, für die Prozesskostenhilfe beantragt wird:<BR/>-------------------------------------------------------------------------------<BR/> <BR/>Bitte fügen Sie Kopien allfälliger Unterlagen zur Stützung Ihres Antrags bei.<BR/> <BR/>B.1.  Art der Streitsache (z. B. Scheidung, Sorgerecht für ein Kind,<BR/>      Arbeitsverhältnis, handelsrechtliche Streitsache,<BR/>      Verbraucherstreitigkeit):<BR/>B.2.  Streitwert, wenn der Gegenstand der Streitsache in Geld ausgedrückt<BR/>      werden kann, unter Angabe der Währung:<BR/>B.3.  Beschreibung der Umstände der Streitsache unter Angabe von Ort und Datum<BR/>      sowie allfälliger Beweise (z. B. Zeugen):<BR/> <BR/>-------------------------------------------------------------------------------<BR/>I C.   Angaben zum Verfahren                                                  I<BR/>-------------------------------------------------------------------------------<BR/> <BR/>Bitte fügen Sie Kopien allfälliger Unterlagen zur Stützung Ihres Antrags bei:<BR/> <BR/>C.1.  Sind Sie Kläger oder Beklagter?<BR/>      Beschreiben Sie Ihre Klage oder die gegen Sie erhobene Klage:<BR/>      Name und Kontaktangaben der Gegenpartei:<BR/>C.2.  Etwaige Gründe für eine beschleunigte Behandlung dieses Antrags,<BR/>      z. B. Fristen für die Einleitung eines Verfahrens:<BR/>C.3.  Beantragen Sie Prozesskostenhilfe in vollem Umfang oder nur teilweise?<BR/> <BR/>      Wenn Sie nur teilweise Prozesskostenhilfe beantragen, geben Sie bitte<BR/>      an, auf welchen Teil sich diese erstrecken soll:<BR/>C.4.  Die Prozesskostenhilfe wird beantragt für:<BR/>      ( ) vorprozessuale Rechtsberatung<BR/>      ( ) Beistand (Beratung und/oder Vertretung) im Rahmen eines<BR/>          außergerichtlichen Verfahrens<BR/>      ( ) Beistand (Beratung und/oder Vertretung) im Rahmen eines geplanten<BR/>          Gerichtsverfahrens<BR/>      ( ) Beistand (Beratung und/oder Vertretung) im Rahmen eines laufenden<BR/>          Gerichtsverfahrens. In diesem Fall sind anzugeben:<BR/>          - Nummer der Rechtssache:<BR/>          - Datum der Verhandlungen:<BR/>          - Bezeichnung des Gerichts:<BR/>          - Anschrift des Gerichts:<BR/>      ( ) Beistand und/oder Vertretung im Rahmen eines Rechtsstreits<BR/>          über eine bereits ergangene gerichtliche Entscheidung?<BR/>          In diesem Fall sind anzugeben:<BR/>          - Name und Anschrift des Gerichts:<BR/>          - Datum der Entscheidung:<BR/>          - Art des Rechtsstreits:<BR/>                         ( ) Rechtsbehelf gegen die Entscheidung<BR/>                         ( ) Vollstreckung der Entscheidung<BR/>C.5.  Angabe der voraussichtlichen Zusatzkosten aufgrund des<BR/>      grenzüberschreitenden Bezugs der Rechtssache (z. B. Übersetzungen,<BR/>      Reisekosten):<BR/>C.6.  Verfügen Sie über eine Versicherung oder sonstige Rechte und Ansprüche,<BR/>      die eine Gesamt- oder Teilabdeckung der Prozesskosten bieten könnten?<BR/>      Wenn ja, machen Sie bitte nähere Angaben dazu:<BR/> <BR/>-------------------------------------------------------------------------------<BR/>I D.   Familiäre Situation:                                                   I<BR/>-------------------------------------------------------------------------------<BR/> <BR/>Wie viele Personen leben mit Ihnen im selben Haushalt?<BR/> <BR/>In welchem Verhältnis stehen diese zu Ihnen (dem Antragsteller):<BR/>-------------------------------------------------------------------------------<BR/>I Nachname I Verhältnis I Geburtsdatum I ist diese Person I Ist der Antrag-   I<BR/>I und      I zum Antrag-  (bei         I vom Antrag-      I steller von dieser<BR/>I Vorname  I steller    I Kindern)     I steller finanziell Person finanziell I<BR/>I          I            I              I abhängig?        I abhängig?         I<BR/>-------------------------------------------------------------------------------<BR/>I          I            I              I Ja/Nein          I Ja/Nein<BR/>-------------------------------------------------------------------------------<BR/>I          I            I              I Ja/Nein          I Ja/Nein<BR/>-------------------------------------------------------------------------------<BR/>I          I            I              I Ja/Nein          I Ja/Nein<BR/>-------------------------------------------------------------------------------<BR/>I          I            I              I Ja/Nein          I Ja/Nein<BR/>-------------------------------------------------------------------------------<BR/>I          I            I              I Ja/Nein          I Ja/Nein<BR/>-------------------------------------------------------------------------------<BR/>I          I            I              I Ja/Nein          I Ja/Nein<BR/>-------------------------------------------------------------------------------<BR/>I          I            I              I Ja/Nein          I Ja/Nein<BR/>-------------------------------------------------------------------------------<BR/> <BR/>Ist eine Person, die nicht mit Ihnen im selben Haushalt lebt, von Ihnen<BR/>finanziell abhängig? Wenn ja, machen Sie bitte folgende Angaben:<BR/>-------------------------------------------------------------------------------<BR/>I Nachname und Vorname I Verhältnis zum Antragsteller I    Geburtsdatum       I<BR/>I                      I                              I    (bei Kindern)      I<BR/>-------------------------------------------------------------------------------<BR/>I                      I                              I                       I<BR/>-------------------------------------------------------------------------------<BR/>I                      I                              I                       I<BR/>-------------------------------------------------------------------------------<BR/>I                      I                              I                       I<BR/>-------------------------------------------------------------------------------<BR/> <BR/>Sind Sie von einer Person, die nicht in Ihrem Haushalt lebt, finanziell<BR/>abhängig? Wenn ja, machen Sie bitte folgende Angaben:<BR/>-------------------------------------------------------------------------------<BR/>I         Nachname und Vorname       I        Verhältnis zum Antragsteller    I<BR/>-------------------------------------------------------------------------------<BR/>I                                    I                                        I<BR/>-------------------------------------------------------------------------------<BR/>I                                    I                                        I<BR/>-------------------------------------------------------------------------------<BR/>I                                    I                                        I<BR/>-------------------------------------------------------------------------------<BR/> <BR/>-------------------------------------------------------------------------------<BR/>I E.   Finanzielle Situation:                                                 I<BR/>-------------------------------------------------------------------------------<BR/>Bitte erteilen Sie alle Angaben Sie selbst betreffend (I), über Ihren Ehegatten<BR/>oder Partner (II), Personen, die von Ihnen finanziell abhängig sind<BR/>und mit Ihnen im selben Haushalt leben (III) oder Personen, von denen<BR/>Sie finanziell abhängig sind, die mit Ihnen im selben Haushalt leben (IV).<BR/> <BR/>Wenn Sie andere Finanzmittel als Unterhalt von einer Person bekommen, von<BR/>der Sie finanziell abhängig sind und mit der Sie nicht im selben<BR/>Haushalt leben, geben Sie diese Mittel unter &quot;Sonstiges Einkommen&quot; in E.1. an.<BR/> <BR/>Wenn Sie andere Finanzmittel als Unterhalt an eine Person zahlen, die von Ihnen<BR/>finanziell abhängig ist und nicht mit Ihnen im selben Haushalt lebt,<BR/>geben Sie diese Mittel unter &quot;Sonstige Ausgaben&quot; in E.3. an.<BR/> <BR/>Fügen Sie entsprechende Unterlagen wie Ihre Einkommenssteuererklärung,<BR/>eine Bestätigung über Ihren Anspruch auf staatliche Leistungen usw. bei.<BR/> <BR/>Bitte geben Sie in der nachstehenden Tabelle an, auf welche Währung die<BR/>Beträge lauten.<BR/>-------------------------------------------------------------------------------<BR/>I          E.1.           I   I.    I   II.    I   III.    I      IV.         I<BR/>I    Angaben über das     I Antrag- I Ehegatte I Abhängige I Personen, die    I<BR/>I    durchschnittliche    I steller I oder     I Personen  I den Antragsteller<BR/>I    Monatseinkommen      I         I Partner  I           I unterstützen     I<BR/>-------------------------------------------------------------------------------<BR/>I - Bezüge:               I         I          I           I                  I<BR/>I - Gewinn aus Geschäfts- I         I          I           I                  I<BR/>I   tätigkeit:            I         I          I           I                  I<BR/>I - Pensionszahlungen:    I         I          I           I                  I<BR/>I - Unterhaltszahlungen:  I         I          I           I                  I<BR/>I - Angabe staatlicher    I         I          I           I                  I<BR/>I   Zahlungen:            I         I          I           I                  I<BR/>I   1. Familien- und      I         I          I           I                  I<BR/>I      Wohnungsbeihilfe:  I         I          I           I                  I<BR/>I   2. Arbeitslosengeld   I         I          I           I                  I<BR/>I      und Sozialhilfe:   I         I          I           I                  I<BR/>I - Einkommen aus         I         I          I           I                  I<BR/>I   Kapitalvermögen       I         I          I           I                  I<BR/>I   (aus beweglichem      I         I          I           I                  I<BR/>I   Vermögen und          I         I          I           I                  I<BR/>I   Immobilien):          I         I          I           I                  I<BR/>I - Sonstiges Einkommen:  I         I          I           I                  I<BR/>I-------------------------I         I          I           I                  I<BR/>I   Gesamt:               I         I          I           I                  I<BR/>-------------------------------------------------------------------------------<BR/> <BR/>-------------------------------------------------------------------------------<BR/>I          E.2.           I   I.    I   II.    I   III.    I      IV.         I<BR/>I       Vermögen          I Antrag- I Ehegatte I Abhängige I Personen, die    I<BR/>I                         I steller I oder     I Personen  I den Antragsteller<BR/>I                         I         I Partner  I           I unterstützen     I<BR/>-------------------------------------------------------------------------------<BR/>I - Immobilien, die als   I         I          I           I                  I<BR/>I   ständiger Wohnsitz    I         I          I           I                  I<BR/>I   genutzt werden        I         I          I           I                  I<BR/>I - Sonstige Immobilien:  I         I          I           I                  I<BR/>I - Grundbesitz:          I         I          I           I                  I<BR/>I - Spareinlagen:         I         I          I           I                  I<BR/>I - Aktien:               I         I          I           I                  I<BR/>I - Kraftfahrzeuge:       I         I          I           I                  I<BR/>I - Sonstiges Vermögen:   I         I          I           I                  I<BR/>I-------------------------I         I          I           I                  I<BR/>I   Gesamt                I         I          I           I                  I<BR/>-------------------------------------------------------------------------------<BR/> <BR/>-------------------------------------------------------------------------------<BR/>I          E.3.           I   I.    I   II.    I   III.    I      IV.         I<BR/>I  Monatliche Ausgaben    I Antrag- I Ehegatte I Abhängige I Personen, die    I<BR/>I                         I steller I oder     I Personen  I den Antragsteller<BR/>I                         I         I Partner  I           I unterstützen     I<BR/>-------------------------------------------------------------------------------<BR/>I - Einkommensteuer:      I         I          I           I                  I<BR/>I - Sozialversicherungs-  I         I          I           I                  I<BR/>I   beiträge:             I         I          I           I                  I<BR/>I - Kommunalsteuern:      I         I          I           I                  I<BR/>I - Hypothekenzahlung:    I         I          I           I                  I<BR/>I - Miet- und Wohnungs-   I         I          I           I                  I<BR/>I   kosten:               I         I          I           I                  I<BR/>I - Schulgebühren:        I         I          I           I                  I<BR/>I - Kosten für die Obsorge          I          I           I                  I<BR/>I   für Kinder:           I         I          I           I                  I<BR/>I - Schuldenzahlung:      I         I          I           I                  I<BR/>I - Kreditrückzahlung:    I         I          I           I                  I<BR/>I - gesetzlich            I         I          I           I                  I<BR/>I   vorgeschriebene       I         I          I           I                  I<BR/>I   Unterhaltszahlungen:  I         I          I           I                  I<BR/>I - Sonstiges Ausgaben:   I         I          I           I                  I<BR/>I-------------------------I         I          I           I                  I<BR/>I   Gesamt:               I         I          I           I                  I<BR/>-------------------------------------------------------------------------------<BR/> <BR/>Ich erkläre, dass die Angaben richtig und vollständig sind, und verpflichte<BR/>mich, der antragsprüfenden Behörde etwaige Änderungen meiner finanziellen<BR/>Situation unverzüglich mitzuteilen.<BR/> <BR/>Ort und Datum                      Unterschrift:</pre></P></Content></text></textdaten></norm>
</dokumente>