<?xml version="1.0" encoding="UTF-8" ?><!DOCTYPE dokumente SYSTEM "http://www.gesetze-im-internet.de/dtd/1.01/gii-norm.dtd">
<dokumente builddate="20120625155035" doknr="BJNR096720002"><norm builddate="20120625155035" doknr="BJNR096720002"><metadaten><jurabk>KyotoProt</jurabk><ausfertigung-datum manuell="ja">1997-12-11</ausfertigung-datum><fundstelle typ="amtlich"><periodikum>BGBl II</periodikum><zitstelle>2002, 967</zitstelle></fundstelle><langue>Protokoll von Kyoto zum Rahmenübereinkommen der Vereinten Nationen
über Klimaänderungen</langue></metadaten><textdaten><text format="decorated"/><fussnoten><Content><P>G v. 27.4.2002 II 966</P><P><BR/> In Kraft gem. Bek. v. 11.1.2005 II 150 mWv 16.2.2005</P></Content></fussnoten></textdaten></norm>
</dokumente>