<?xml version="1.0" encoding="UTF-8" ?><!DOCTYPE dokumente SYSTEM "http://www.gesetze-im-internet.de/dtd/1.01/gii-norm.dtd">
<dokumente builddate="20250205223003" doknr="BJNR155400012"><norm builddate="20250205223003" doknr="BJNR155400012"><metadaten><jurabk>MntDAIVAPrV</jurabk><amtabk>MntDAIVVDV</amtabk><ausfertigung-datum manuell="ja">2012-07-18</ausfertigung-datum><fundstelle typ="amtlich"><periodikum>BGBl I</periodikum><zitstelle>2012, 1554</zitstelle></fundstelle><langue>Verordnung über den Vorbereitungsdienst für den mittleren nichttechnischen Dienst in der allgemeinen und inneren Verwaltung des Bundes</langue><standangabe checked="ja"><standtyp>Stand</standtyp><standkommentar>Zuletzt geändert durch Art. 2 V v. 15.1.2025 I Nr. 18</standkommentar></standangabe></metadaten><textdaten><fussnoten><Content><P><BR/> <pre xml:space="preserve">(+++ Textnachweis ab: 1.8.2012 +++)<BR/><BR/></pre>Überschrift: IdF d. Art. 4 Nr. 1 V v. 22.7.2021 I 3552 mWv 25.3.2020</P></Content></fussnoten></textdaten></norm>
<norm builddate="20250205223003" doknr="BJNR155400012BJNE000100000"><metadaten><jurabk>MntDAIVAPrV</jurabk><jurabk>MntDAIVVDV</jurabk><enbez>Eingangsformel</enbez></metadaten><textdaten><text format="XML"><Content><P>Auf Grund des § 26 Absatz 1 Nummer 2 des Bundesbeamtengesetzes vom 5. Februar 2009 (BGBl. I S. 160) in Verbindung mit § 10 der Bundeslaufbahnverordnung vom 12. Februar 2009 (BGBl. I S. 284) verordnet das Bundesministerium des Innern:</P></Content></text></textdaten></norm>
<norm builddate="20250205223003" doknr="BJNR155400012BJNE000202311"><metadaten><jurabk>MntDAIVAPrV</jurabk><jurabk>MntDAIVVDV</jurabk><enbez>Inhaltsübersicht</enbez></metadaten><textdaten><text format="XML"><TOC><Ident Class="S2"><B>Abschnitt 1</B></Ident><Title Align="auto" Class="S2"><B>Allgemeines</B><BR/><BR/></Title><table colsep="0" frame="none" pgwide="1" rowsep="0" tocentry="%yes;"><tgroup align="left" char="" charoff="50" cols="2"><colspec colname="col1" colwidth="10*"/><colspec colname="col2" colwidth="90*"/><tbody valign="top"><row><entry VJ="1" colname="col1">§  1</entry><entry VJ="1" colname="col2">Vorbereitungsdienst</entry></row><row><entry VJ="1" colname="col1">§  2</entry><entry VJ="1" colname="col2">Ziele der Ausbildung</entry></row><row><entry VJ="1" colname="col1">§  3</entry><entry VJ="1" colname="col2">Dienstbehörden, Dienstaufsicht</entry></row><row><entry VJ="1" colname="col1">§  4</entry><entry VJ="1" colname="col2">Auswahlverfahren</entry></row><row><entry VJ="1" colname="col1">§  5</entry><entry VJ="1" colname="col2">Bewertung der Leistungen</entry></row><row><entry VJ="1" colname="col1">§  6</entry><entry VJ="1" colname="col2">Urlaub</entry></row></tbody></tgroup></table><Ident Class="S2"><B>Abschnitt 2</B></Ident><Title Align="auto" Class="S2"><B>Ausbildung</B><BR/><BR/></Title><table colsep="0" frame="none" pgwide="1" rowsep="0" tocentry="%yes;"><tgroup align="left" char="" charoff="50" cols="2"><colspec colname="col1" colwidth="10*"/><colspec colname="col2" colwidth="90*"/><tbody valign="top"><row><entry VJ="1" colname="col1">§  7</entry><entry VJ="1" colname="col2">Aufbau und Dauer der Ausbildung</entry></row><row><entry VJ="1" colname="col1">§  8</entry><entry VJ="1" colname="col2">Inhalt der fachtheoretischen Ausbildung</entry></row><row><entry VJ="1" colname="col1">§  9</entry><entry VJ="1" colname="col2">Leistungstests</entry></row><row><entry VJ="1" colname="col1">§ 10</entry><entry VJ="1" colname="col2">Berufspraktische Ausbildung</entry></row><row><entry VJ="1" colname="col1">§ 11</entry><entry VJ="1" colname="col2">Inhalt der berufspraktischen Ausbildung</entry></row><row><entry VJ="1" colname="col1">§ 12</entry><entry VJ="1" colname="col2">Bewertungen während der berufspraktischen Ausbildung</entry></row><row><entry VJ="1" colname="col1">§ 13</entry><entry VJ="1" colname="col2">Zusammenfassendes Zeugnis</entry></row></tbody></tgroup></table><Ident Class="S2"><B>Abschnitt 3</B></Ident><Title Align="auto" Class="S2"><B>Prüfungen</B><BR/><BR/></Title><table colsep="0" frame="none" pgwide="1" rowsep="0" tocentry="%yes;"><tgroup align="left" char="" charoff="50" cols="2"><colspec colname="col1" colwidth="10*"/><colspec colname="col2" colwidth="90*"/><tbody valign="top"><row><entry VJ="1" colname="col1">§ 14</entry><entry VJ="1" colname="col2">Prüfungsamt</entry></row><row><entry VJ="1" colname="col1">§ 15</entry><entry VJ="1" colname="col2">Prüfungskommission, Prüfende</entry></row><row><entry VJ="1" colname="col1">§ 16</entry><entry VJ="1" colname="col2">Laufbahnprüfung</entry></row><row><entry VJ="1" colname="col1">§ 17</entry><entry VJ="1" colname="col2">Zwischenprüfung</entry></row><row><entry VJ="1" colname="col1">§ 18</entry><entry VJ="1" colname="col2">Schriftliche Abschlussprüfung</entry></row><row><entry VJ="1" colname="col1">§ 19</entry><entry VJ="1" colname="col2">Mündliche Abschlussprüfung</entry></row><row><entry VJ="1" colname="col1">§ 20</entry><entry VJ="1" colname="col2">Fernbleiben, Rücktritt</entry></row><row><entry VJ="1" colname="col1">§ 21</entry><entry VJ="1" colname="col2">Täuschung, Ordnungsverstoß</entry></row><row><entry VJ="1" colname="col1">§ 22</entry><entry VJ="1" colname="col2">Wiederholung von Prüfungen</entry></row><row><entry VJ="1" colname="col1">§ 23</entry><entry VJ="1" colname="col2">Bestehen der Laufbahnprüfung, Abschlussnote</entry></row><row><entry VJ="1" colname="col1">§ 24</entry><entry VJ="1" colname="col2">Abschlusszeugnis</entry></row><row><entry VJ="1" colname="col1">§ 25</entry><entry VJ="1" colname="col2">Prüfungsakten, Einsichtnahme</entry></row></tbody></tgroup></table><Ident Class="S2"><B>Abschnitt 4</B></Ident><Title Align="auto" Class="S2"><B>Schlussvorschriften</B><BR/><BR/></Title><table colsep="0" frame="none" pgwide="1" rowsep="0" tocentry="%yes;"><tgroup align="left" char="" charoff="50" cols="2"><colspec colname="col1" colwidth="10*"/><colspec colname="col2" colwidth="90*"/><tbody valign="top"><row><entry VJ="1" colname="col1">§ 26</entry><entry VJ="1" colname="col2">Übergangsvorschriften</entry></row><row><entry VJ="1" colname="col1">§ 27</entry><entry VJ="1" colname="col2">Inkrafttreten, Außerkrafttreten</entry></row></tbody></tgroup></table></TOC></text><fussnoten/></textdaten></norm>
<norm builddate="20250205223003" doknr="BJNR155400012BJNG000100000"><metadaten><jurabk>MntDAIVAPrV</jurabk><jurabk>MntDAIVVDV</jurabk><gliederungseinheit><gliederungskennzahl>010</gliederungskennzahl><gliederungsbez>Abschnitt 1</gliederungsbez><gliederungstitel>Allgemeines</gliederungstitel></gliederungseinheit></metadaten><textdaten/></norm>
<norm builddate="20250205223003" doknr="BJNR155400012BJNE000300000"><metadaten><jurabk>MntDAIVAPrV</jurabk><jurabk>MntDAIVVDV</jurabk><enbez>§ 1</enbez><titel format="XML">Vorbereitungsdienst</titel></metadaten><textdaten><text format="XML"><Content><P>Die Ausbildung und Prüfung nach dieser Verordnung sind der fachspezifische Vorbereitungsdienst für den mittleren nichttechnischen Dienst in der allgemeinen und inneren Verwaltung des Bundes. Der Vorbereitungsdienst dauert in der Regel 24 Monate.</P></Content></text></textdaten></norm>
<norm builddate="20250205223003" doknr="BJNR155400012BJNE000400000"><metadaten><jurabk>MntDAIVAPrV</jurabk><jurabk>MntDAIVVDV</jurabk><enbez>§ 2</enbez><titel format="XML">Ziele der Ausbildung</titel></metadaten><textdaten><text format="XML"><Content><P>Die Ausbildung vermittelt in enger Verbindung von Theorie und Praxis die Methoden und Kenntnisse sowie die berufspraktischen Fähigkeiten, die für die Erfüllung der Aufgaben im mittleren nichttechnischen Verwaltungsdienst des Bundes erforderlich sind. Die Anwärterinnen und Anwärter sollen zu verantwortlichem Handeln in einem freiheitlichen, demokratischen und sozialen Rechtsstaat befähigt werden. Hierzu gehört auch die Fähigkeit zur Zusammenarbeit im föderalen und europäischen Raum.</P></Content></text></textdaten></norm>
<norm builddate="20250205223003" doknr="BJNR155400012BJNE000500000"><metadaten><jurabk>MntDAIVAPrV</jurabk><jurabk>MntDAIVVDV</jurabk><enbez>§ 3</enbez><titel format="XML">Dienstbehörden, Dienstaufsicht</titel></metadaten><textdaten><text format="XML"><Content><P>(1) Das Bundesverwaltungsamt ist Ausbildungsbehörde.</P><P>(2) Während der berufspraktischen Ausbildung außerhalb des Bundesverwaltungsamts (§ 7) unterstehen die Anwärterinnen und Anwärter neben der Dienstaufsicht der Präsidentin oder des Präsidenten des Bundesverwaltungsamts auch der Dienstaufsicht der Leitungen dieser Behörden.</P></Content></text></textdaten></norm>
<norm builddate="20250205223003" doknr="BJNR155400012BJNE000605311"><metadaten><jurabk>MntDAIVAPrV</jurabk><jurabk>MntDAIVVDV</jurabk><enbez>§ 4</enbez><titel format="XML">Auswahlverfahren</titel></metadaten><textdaten><text format="XML"><Content><P>(1) Über die Einstellung entscheidet das Bundesverwaltungsamt auf der Grundlage eines Auswahlverfahrens, in dem festgestellt wird, ob die Bewerberinnen und Bewerber nach ihren Kenntnissen, Fähigkeiten und persönlichen Eigenschaften für den mittleren nichttechnischen Verwaltungsdienst geeignet sind. Das Auswahlverfahren wird von einer Auswahlkommission durchgeführt und besteht aus einem schriftlichen und einem mündlichen Teil. Mit Zustimmung des Bundesministeriums des Innern und für Heimat kann anstelle des Bundesverwaltungsamts eine andere Behörde über die Einstellung entscheiden.</P><P>(2) Zum Auswahlverfahren wird zugelassen, wer nach den eingereichten Unterlagen die in der Ausschreibung bestimmten Voraussetzungen erfüllt. Übersteigt die Zahl der geeigneten Bewerberinnen und Bewerber das Dreifache der Zahl der Ausbildungsplätze, kann die Zahl der am Auswahlverfahren Teilnehmenden beschränkt werden, jedoch sind mindestens dreimal so viele Bewerberinnen und Bewerber zuzulassen, wie Ausbildungsplätze angeboten werden. In diesem Fall wird zugelassen, wer nach den eingereichten Unterlagen am besten geeignet ist. Daneben werden schwerbehinderte und diesen gleichgestellte behinderte Menschen sowie ehemalige Soldatinnen auf Zeit und Soldaten auf Zeit mit Eingliederungs- oder Zulassungsschein zum Auswahlverfahren zugelassen, wenn sie die in der Ausschreibung genannten Voraussetzungen erfüllen. Die §§ 7 und 8 des Bundesgleichstellungsgesetzes sind zu berücksichtigen.</P><P>(3) Wer zum Auswahlverfahren nicht zugelassen wird oder daran erfolglos teilgenommen hat, erhält eine schriftliche Mitteilung über die Ablehnung. Die Bewerbungsunterlagen sind zurückzusenden oder zu vernichten.</P><P>(4) Die Auswahlkommission besteht aus: <DL Font="normal" Type="arabic"><DT>1.</DT><DD Font="normal"><LA Size="normal">einer Beamtin oder einem Beamten des höheren oder gehobenen nichttechnischen Verwaltungsdienstes des Bundes als Vorsitzender oder Vorsitzendem und</LA></DD><DT>2.</DT><DD Font="normal"><LA Size="normal">einer Beamtin oder einem Beamten des gehobenen oder mittleren nichttechnischen Verwaltungsdienstes des Bundes.</LA></DD></DL>Je Auswahlkommission kann eine Tarifbeschäftigte oder ein Tarifbeschäftigter anstelle einer Beamtin oder eines Beamten zum Mitglied bestellt werden, wenn sie oder er über vergleichbare Kenntnisse verfügt. Mitglieder und Ersatzmitglieder der Auswahlkommission werden von der Einstellungsbehörde für die Dauer von drei Jahren bestellt. Wiederbestellung ist zulässig.</P><P>(5) Die Mitglieder der Auswahlkommission sind unabhängig und nicht weisungsgebunden.</P><P>(6) Die Auswahlkommission entscheidet mit Stimmenmehrheit. Eine Stimmenthaltung ist nicht zulässig.</P><P>(7) Bei Bedarf können mehrere Auswahlkommissionen eingerichtet werden. In diesem Fall ist sicherzustellen, dass alle Kommissionen die gleichen Auswahlmaßstäbe anlegen.</P></Content></text><fussnoten/></textdaten></norm>
<norm builddate="20250205223003" doknr="BJNR155400012BJNE000701116"><metadaten><jurabk>MntDAIVAPrV</jurabk><jurabk>MntDAIVVDV</jurabk><enbez>§ 5</enbez><titel format="XML">Bewertung der Leistungen</titel></metadaten><textdaten><text format="XML"><Content><P>(1) Die Leistungen der Anwärterinnen und Anwärter werden, soweit in dieser Verordnung nichts anderes bestimmt ist, wie folgt bewertet: <BR/><BR/><table colsep="1" frame="all" pgwide="1" rowsep="1" tocentry="%yes;"><tgroup align="left" char="" charoff="50" cols="3"><colspec align="center" colname="col1" colnum="1" colwidth="33*"/><colspec align="center" colname="col2" colnum="2" colwidth="15*"/><colspec align="center" colname="col3" colnum="3" colwidth="18*"/><thead valign="bottom"><row><entry VJ="1" colname="col1">Prozentualer Anteil<BR/>der erreichten Punktzahl<BR/>an der erreichbaren Punktzahl</entry><entry VJ="1" colname="col2">Rangpunkte/<BR/>Rangpunktzahlen</entry><entry VJ="1" colname="col3" valign="middle">Note</entry></row></thead><tbody valign="top"><row><entry VJ="1" colname="col1">93,70 bis 100,00</entry><entry VJ="1" colname="col2">15</entry><entry VJ="1" colname="col3" morerows="1" valign="middle">sehr gut</entry></row><row><entry VJ="1" colname="col1">87,50 bis  93,69</entry><entry VJ="1" colname="col2">14</entry></row><row><entry VJ="1" colname="col1">83,40 bis  87,49</entry><entry VJ="1" colname="col2">13</entry><entry VJ="1" colname="col3" morerows="2" valign="middle">gut</entry></row><row><entry VJ="1" colname="col1">79,20 bis  83,39</entry><entry VJ="1" colname="col2">12</entry></row><row><entry VJ="1" colname="col1">75,00 bis  79,19</entry><entry VJ="1" colname="col2">11</entry></row><row><entry VJ="1" colname="col1">70,90 bis 74,99</entry><entry VJ="1" colname="col2">10</entry><entry VJ="1" colname="col3" morerows="2" valign="middle">befriedigend</entry></row><row><entry VJ="1" colname="col1">66,70 bis 70,89</entry><entry VJ="1" colname="col2"> 9</entry></row><row><entry VJ="1" colname="col1">62,50 bis 66,69</entry><entry VJ="1" colname="col2"> 8</entry></row><row><entry VJ="1" colname="col1">58,40 bis 62,49</entry><entry VJ="1" colname="col2"> 7</entry><entry VJ="1" colname="col3" morerows="2" valign="middle">ausreichend</entry></row><row><entry VJ="1" colname="col1">54,20 bis 58,39</entry><entry VJ="1" colname="col2"> 6</entry></row><row><entry VJ="1" colname="col1">50,00 bis 54,19</entry><entry VJ="1" colname="col2"> 5</entry></row><row><entry VJ="1" colname="col1">41,70 bis 49,99</entry><entry VJ="1" colname="col2"> 4</entry><entry VJ="1" morerows="2" valign="middle">mangelhaft</entry></row><row><entry VJ="1" colname="col1">33,40 bis 41,69</entry><entry VJ="1" colname="col2"> 3</entry></row><row><entry VJ="1" colname="col1">25,00 bis 33,39</entry><entry VJ="1" colname="col2"> 2</entry></row><row><entry VJ="1" colname="col1">12,50 bis 24,99</entry><entry VJ="1" colname="col2"> 1</entry><entry VJ="1" morerows="1" valign="middle">ungenügend</entry></row><row><entry VJ="1" colname="col1">00,00 bis 12,49</entry><entry VJ="1" colname="col2"> 0</entry></row></tbody></tgroup></table></P><P>(2) Bei der zusammenfassenden Bewertung von Leistungen werden, soweit in dieser Verordnung nichts anderes bestimmt ist, Rangpunktzahlen auf zwei Nachkommastellen ohne Rundung berechnet.</P></Content></text><fussnoten/></textdaten></norm>
<norm builddate="20250205223003" doknr="BJNR155400012BJNE000800000"><metadaten><jurabk>MntDAIVAPrV</jurabk><jurabk>MntDAIVVDV</jurabk><enbez>§ 6</enbez><titel format="XML">Urlaub</titel></metadaten><textdaten><text format="XML"><Content><P>Erholungsurlaub soll nur während der berufspraktischen Ausbildung (§ 10) gewährt werden. Die Zeiten des Erholungsurlaubs bestimmt das Bundesverwaltungsamt.</P></Content></text></textdaten></norm>
<norm builddate="20250205223003" doknr="BJNR155400012BJNG000200000"><metadaten><jurabk>MntDAIVAPrV</jurabk><jurabk>MntDAIVVDV</jurabk><gliederungseinheit><gliederungskennzahl>020</gliederungskennzahl><gliederungsbez>Abschnitt 2</gliederungsbez><gliederungstitel>Ausbildung</gliederungstitel></gliederungseinheit></metadaten><textdaten/></norm>
<norm builddate="20250205223003" doknr="BJNR155400012BJNE000903311"><metadaten><jurabk>MntDAIVAPrV</jurabk><jurabk>MntDAIVVDV</jurabk><enbez>§ 7</enbez><titel format="XML">Aufbau und Dauer der Ausbildung</titel></metadaten><textdaten><text format="XML"><Content><P>(1) Die Ausbildung gliedert sich in eng verzahnte fachtheoretische Abschnitte (Lehrgänge) und berufspraktische Abschnitte (Praktika). Bei der berufspraktischen Ausbildung wird das Bundesverwaltungsamt durch Behörden des Bundes und der Kommunen unterstützt.</P><P>(2) Für einzelne oder alle Lehrveranstaltungen können digitale Lehrformate genutzt werden.</P><P>(3) Die Ausbildung gliedert sich in folgende Abschnitte: <BR/><BR/><table colsep="1" frame="all" pgwide="1" rowsep="1" tocentry="%yes;"><tgroup align="left" char="" charoff="50" cols="4"><colspec colname="col1" colnum="1" colwidth="4*"/><colspec colname="col2" colnum="2" colwidth="31*"/><colspec colname="col3" colnum="3" colwidth="28*"/><colspec colname="col4" colnum="4" colwidth="16*"/><thead valign="bottom"><row><entry VJ="1" colname="col1"/><entry VJ="1" align="center" colname="col2">Ausbildungsabschnitt</entry><entry VJ="1" align="center" colname="col3">Behörde</entry><entry VJ="1" align="center" colname="col4">Dauer</entry></row></thead><tbody valign="top"><row><entry VJ="1" colname="col1">1</entry><entry VJ="1" colname="col2">Einführungslehrgang</entry><entry VJ="1" colname="col3">Bundesverwaltungsamt</entry><entry VJ="1" colname="col4">2 Monate</entry></row><row><entry VJ="1" colname="col1">2</entry><entry VJ="1" colname="col2">Praktikum I</entry><entry VJ="1" colname="col3">Bundesbehörde</entry><entry VJ="1" colname="col4">5 Monate</entry></row><row><entry VJ="1" colname="col1">3</entry><entry VJ="1" colname="col2">Zwischenlehrgang</entry><entry VJ="1" colname="col3">Bundesverwaltungsamt</entry><entry VJ="1" colname="col4">3 Monate</entry></row><row><entry VJ="1" colname="col1">4</entry><entry VJ="1" colname="col2">Praktikum II</entry><entry VJ="1" colname="col3">Kommunalbehörde</entry><entry VJ="1" colname="col4">3 Monate</entry></row><row><entry VJ="1" colname="col1">5</entry><entry VJ="1" colname="col2">Praktikum III</entry><entry VJ="1" colname="col3">Bundesbehörde</entry><entry VJ="1" colname="col4">6 Monate</entry></row><row><entry VJ="1" colname="col1">6</entry><entry VJ="1" colname="col2">Abschlusslehrgang</entry><entry VJ="1" colname="col3">Bundesverwaltungsamt</entry><entry VJ="1" colname="col4">5 Monate</entry></row></tbody></tgroup></table></P><P>(4) Das Bundesverwaltungsamt kann festlegen, dass das Praktikum II – abweichend von Absatz 2 – in einer Bundesbehörde absolviert wird.</P></Content></text><fussnoten/></textdaten></norm>
<norm builddate="20250205223003" doknr="BJNR155400012BJNE001003311"><metadaten><jurabk>MntDAIVAPrV</jurabk><jurabk>MntDAIVVDV</jurabk><enbez>§ 8</enbez><titel format="XML">Inhalt der fachtheoretischen Ausbildung</titel></metadaten><textdaten><text format="XML"><Content><P>(1) Die fachtheoretische Ausbildung umfasst mindestens 1 090 Lehrstunden. Davon entfallen mindestens 210 Lehrstunden auf den Einführungslehrgang, mindestens 320 Lehrstunden auf den Zwischenlehrgang und mindestens 540 Lehrstunden auf den Abschlusslehrgang.</P><P>(2) Die fachtheoretische Ausbildung erstreckt sich auf folgende Fachgebiete: <DL Font="normal" Type="arabic"><DT>1.</DT><DD Font="normal"><LA Size="normal">Staats- und Verfassungsrecht,</LA></DD><DT>2.</DT><DD Font="normal"><LA Size="normal">Verwaltungsrecht,</LA></DD><DT>3.</DT><DD Font="normal"><LA Size="normal">bürgerliches Recht,</LA></DD><DT>4.</DT><DD Font="normal"><LA Size="normal">Recht des öffentlichen Dienstes, insbesondere <DL Font="normal" Type="alpha"><DT>a)</DT><DD Font="normal"><LA Size="normal">allgemeines Beamtenrecht,</LA></DD><DT>b)</DT><DD Font="normal"><LA Size="normal">Besoldungsrecht,</LA></DD><DT>c)</DT><DD Font="normal"><LA Size="normal">Beihilferecht,</LA></DD><DT>d)</DT><DD Font="normal"><LA Size="normal">Reisekostenrecht,</LA></DD><DT>e)</DT><DD Font="normal"><LA Size="normal">Arbeits- und Tarifrecht,</LA></DD><DT>f)</DT><DD Font="normal"><LA Size="normal">Personalvertretungsrecht,</LA></DD></DL></LA></DD><DT>5.</DT><DD Font="normal"><LA Size="normal">öffentliche Finanzwirtschaft, insbesondere <DL Font="normal" Type="alpha"><DT>a)</DT><DD Font="normal"><LA Size="normal">Haushalts- und Rechnungswesen,</LA></DD><DT>b)</DT><DD Font="normal"><LA Size="normal">Kassenrecht,</LA></DD><DT>c)</DT><DD Font="normal"><LA Size="normal">Kosten- und Leistungsrechnung,</LA></DD><DT>d)</DT><DD Font="normal"><LA Size="normal">Controlling,</LA></DD></DL></LA></DD><DT>6.</DT><DD Font="normal"><LA Size="normal">Organisation der Bundesverwaltung, insbesondere <DL Font="normal" Type="alpha"><DT>a)</DT><DD Font="normal"><LA Size="normal">Aufbau der Bundesverwaltung,</LA></DD><DT>b)</DT><DD Font="normal"><LA Size="normal">innerbehördliche Organisation,</LA></DD></DL></LA></DD><DT>7.</DT><DD Font="normal"><LA Size="normal">Informationstechnik,</LA></DD><DT>8.</DT><DD Font="normal"><LA Size="normal">Vergaberecht,</LA></DD><DT>9.</DT><DD Font="normal"><LA Size="normal">Kommunikation und Kooperation,</LA></DD><DT>10.</DT><DD Font="normal"><LA Size="normal">Gesundheitsmanagement.</LA></DD></DL></P><P>(3) Das Bundesverwaltungsamt erstellt Lehrpläne, in denen die Lerninhalte der Fachgebiete, die Stundenzahl und die Art der zu erbringenden Leistungstests festgelegt werden. Die Lerninhalte sind nach Intensitätsstufen zu beschreiben.</P></Content></text><fussnoten/></textdaten></norm>
<norm builddate="20250205223003" doknr="BJNR155400012BJNE001103311"><metadaten><jurabk>MntDAIVAPrV</jurabk><jurabk>MntDAIVVDV</jurabk><enbez>§ 9</enbez><titel format="XML">Leistungstests</titel></metadaten><textdaten><text format="XML"><Content><P>(1) Während der fachtheoretischen Ausbildung sind folgende Leistungstests zu erbringen: <DL Font="normal" Type="arabic"><DT>1.</DT><DD Font="normal"><LA Size="normal">im Einführungslehrgang zwei schriftliche Leistungstests,</LA></DD><DT>2.</DT><DD Font="normal"><LA Size="normal">im Zwischenlehrgang drei schriftliche Leistungstests,</LA></DD><DT>3.</DT><DD Font="normal"><LA Size="normal">im Abschlusslehrgang <DL Font="normal" Type="alpha"><DT>a)</DT><DD Font="normal"><LA Size="normal">fünf schriftliche Leistungstests und</LA></DD><DT>b)</DT><DD Font="normal"><LA Size="normal">zwei schriftliche oder mündliche Leistungstests.</LA></DD></DL></LA></DD></DL>Die Inhalte der Leistungstests berücksichtigen die Schwerpunktsetzung in der Zwischenprüfung und in der Abschlussprüfung.</P><P>(2) Schriftliche Leistungstests können mit Unterstützung durch Informationstechnik durchgeführt werden.</P><P>(3) Leistungstests werden mindestens eine Woche im Voraus angekündigt.</P><P>(4) Wer an einem Leistungstest nicht teilnehmen kann, erhält Gelegenheit, ihn nachzuholen. Wird der Leistungstest ohne wichtigen Grund nicht bis zum ersten Tag der schriftlichen Abschlussprüfung (§ 18) erbracht, gilt er als mit null Rangpunkten bewertet.</P></Content></text><fussnoten/></textdaten></norm>
<norm builddate="20250205223003" doknr="BJNR155400012BJNE001200000"><metadaten><jurabk>MntDAIVAPrV</jurabk><jurabk>MntDAIVVDV</jurabk><enbez>§ 10</enbez><titel format="XML">Berufspraktische Ausbildung</titel></metadaten><textdaten><text format="XML"><Content><P>(1) Das Bundesverwaltungsamt bestimmt und überwacht die Gestaltung und Organisation der berufspraktischen Ausbildung. Es erstellt für jede Anwärterin und jeden Anwärter einen Ausbildungsplan und gibt ihn der Anwärterin oder dem Anwärter bekannt.</P><P>(2) Jede Behörde, in der die berufspraktische Ausbildung stattfindet, bestellt im Einvernehmen mit dem Bundesverwaltungsamt eine Beamtin oder einen Beamten als Ausbildungsverantwortliche oder Ausbildungsverantwortlichen und eine Vertretung. Die Ausbildungsverantwortlichen sind für die konzeptionelle Gestaltung und Organisation des Praktikums innerhalb ihrer Behörde zuständig und stellen eine sorgfältige Ausbildung der Anwärterinnen und Anwärter sicher. Sie beraten die Ausbildenden sowie die Anwärterinnen und Anwärter. Jedes Praktikum kann in mehrere Teile aufgeteilt werden. Dabei ist sicherzustellen, dass jeder Teil mindestens einen Monat dauert.</P><P>(3) Den Ausbildenden dürfen nicht mehr Anwärterinnen und Anwärter zugewiesen werden, als sie mit Sorgfalt ausbilden können. Sie werden von anderen Dienstgeschäften entlastet, soweit dies erforderlich ist. Die Ausbildenden informieren die Ausbildungsverantwortlichen regelmäßig über den erreichten Ausbildungsstand.</P></Content></text></textdaten></norm>
<norm builddate="20250205223003" doknr="BJNR155400012BJNE001301311"><metadaten><jurabk>MntDAIVAPrV</jurabk><jurabk>MntDAIVVDV</jurabk><enbez>§ 11</enbez><titel format="XML">Inhalt der berufspraktischen Ausbildung</titel></metadaten><textdaten><text format="XML"><Content><P>(1) Während des Praktikums I werden die Anwärterinnen und Anwärter vertraut gemacht mit <DL Type="arabic"><DT>1.</DT><DD Font="normal"><LA>adressatenorientiertem Verwaltungshandeln und</LA></DD><DT>2.</DT><DD Font="normal"><LA>den Aufgaben der inneren Verwaltung des Bundes, die den Fachgebieten nach § 8 Absatz 2 Nummer 4 bis 8 zugeordnet werden können.</LA></DD></DL></P><P>(2) Während des Praktikums II erhalten die Anwärterinnen und Anwärter einen Überblick über die Verwaltungsaufgaben der Kommunalbehörde und werden mit den Besonderheiten bürgernaher Verwaltung vertraut gemacht.</P><P>(2a) Ist festgelegt worden, dass das Praktikum II in einer Bundesbehörde absolviert wird, so sind die Anwärterinnen und Anwärter auch im Praktikum II mit den in Absatz 1 genannten Inhalten vertraut zu machen.</P><P>(3) Während des Praktikums III werden die Anwärterinnen und Anwärter mit Fachaufgaben der Bundesverwaltung vertraut gemacht. Ihnen wird ein Überblick über Aufgaben und Arbeitsweise der Bundesbehörden sowie über ihr Zusammenwirken mit anderen Behörden vermittelt.</P><P>(4) Anwärterinnen und Anwärter, die bereits für eine bestimmte Verwendung in der Bundesverwaltung vorgesehen sind, können während des Praktikums III fachbezogen ausgebildet werden.</P></Content></text><fussnoten/></textdaten></norm>
<norm builddate="20250205223003" doknr="BJNR155400012BJNE001400000"><metadaten><jurabk>MntDAIVAPrV</jurabk><jurabk>MntDAIVVDV</jurabk><enbez>§ 12</enbez><titel format="XML">Bewertungen während der berufspraktischen Ausbildung</titel></metadaten><textdaten><text format="XML"><Content><P>(1) Am Ende jedes Praktikums oder Praktikumteils erstellt der oder die zuständige Ausbildende unter Beteiligung der oder des Ausbildungsverantwortlichen für jede Anwärterin und jeden Anwärter eine dienstliche Bewertung, die die wesentlichen Leistungs-, Eignungs- und Befähigungsmerkmale enthält und in der der Ausbildungserfolg bewertet wird. Wenn nichts anderes bestimmt wird, gilt § 5. Gibt es innerhalb eines Praktikums mehrere bewertete Teile, wird das arithmetische Mittel der Bewertungen gebildet.</P><P>(2) Die Bewertung ist der Anwärterin oder dem Anwärter bekannt zu geben und mit ihr oder ihm zu besprechen.</P></Content></text></textdaten></norm>
<norm builddate="20250205223003" doknr="BJNR155400012BJNE001500000"><metadaten><jurabk>MntDAIVAPrV</jurabk><jurabk>MntDAIVVDV</jurabk><enbez>§ 13</enbez><titel format="XML">Zusammenfassendes Zeugnis</titel></metadaten><textdaten><text format="XML"><Content><P>(1) Über den Erfolg der Ausbildung erstellt das Bundesverwaltungsamt ein zusammenfassendes Zeugnis, in dem die Leistungen der Anwärterinnen und Anwärter getrennt nach fachtheoretischer und berufspraktischer Ausbildung mit Rangpunkten für die einzelnen Leistungen und mit einer Durchschnittsrangpunktzahl aufzuführen sind.</P><P>(2) Für die Durchschnittsrangpunktzahl der fachtheoretischen Ausbildung werden die Bewertungen aller Leistungstests herangezogen, für die Durchschnittsrangpunktzahl der berufspraktischen Ausbildung die Bewertungen in den Praktika.</P><P>(3) Die Anwärterinnen und Anwärter erhalten eine Ausfertigung des zusammenfassenden Zeugnisses.</P></Content></text></textdaten></norm>
<norm builddate="20250205223003" doknr="BJNR155400012BJNG000300000"><metadaten><jurabk>MntDAIVAPrV</jurabk><jurabk>MntDAIVVDV</jurabk><gliederungseinheit><gliederungskennzahl>030</gliederungskennzahl><gliederungsbez>Abschnitt 3</gliederungsbez><gliederungstitel>Prüfungen</gliederungstitel></gliederungseinheit></metadaten><textdaten/></norm>
<norm builddate="20250205223003" doknr="BJNR155400012BJNE001601311"><metadaten><jurabk>MntDAIVAPrV</jurabk><jurabk>MntDAIVVDV</jurabk><enbez>§ 14</enbez><titel format="XML">Prüfungsamt</titel></metadaten><textdaten><text format="XML"><Content><P>Für die Organisation und Durchführung der Zwischenprüfung und der Abschlussprüfung richtet das Bundesverwaltungsamt ein Prüfungsamt ein, das insbesondere <DL Type="arabic"><DT>1.</DT><DD Font="normal"><LA>Prüfungskommissionen für die Zwischenprüfung und die Abschlussprüfung einrichtet und deren Mitglieder bestellt,</LA></DD><DT>2.</DT><DD Font="normal"><LA>Bewertungsmaßstäbe entwickelt und sicherstellt, dass diese bei allen Anwärterinnen und Anwärtern in gleicher Weise angelegt werden,</LA></DD><DT>3.</DT><DD Font="normal"><LA>die Aufgaben für die Zwischenprüfung und die schriftliche Abschlussprüfung bestimmt,</LA></DD><DT>4.</DT><DD Font="normal"><LA>die bei den Prüfungen zulässigen Hilfsmittel festlegt,</LA></DD><DT>5.</DT><DD Font="normal"><LA>über die Gewährung eines Nachteilsausgleichs bei Anwärterinnen und Anwärtern mit Beeinträchtigungen, die die Umsetzung der nachzuweisenden Kenntnisse einschränken, entscheidet,</LA></DD><DT>6.</DT><DD Font="normal"><LA>über die Zulassung zur schriftlichen und mündlichen Abschlussprüfung entscheidet,</LA></DD><DT>7.</DT><DD Font="normal"><LA>die Entscheidungen der Prüfungskommissionen vollzieht und</LA></DD><DT>8.</DT><DD Font="normal"><LA>die Zeugnisse für die Zwischenprüfung und die Abschlusszeugnisse erstellt.</LA></DD></DL></P></Content></text><fussnoten/></textdaten></norm>
<norm builddate="20250205223003" doknr="BJNR155400012BJNE001700000"><metadaten><jurabk>MntDAIVAPrV</jurabk><jurabk>MntDAIVVDV</jurabk><enbez>§ 15</enbez><titel format="XML">Prüfungskommission, Prüfende</titel></metadaten><textdaten><text format="XML"><Content><P>(1) Eine Prüfungskommission besteht aus: <DL Type="arabic"><DT>1.</DT><DD Font="normal"><LA>einer Beamtin oder einem Beamten des höheren Verwaltungsdienstes als Vorsitzender oder Vorsitzendem und</LA></DD><DT>2.</DT><DD Font="normal"><LA>zwei Beamtinnen oder Beamten des gehobenen Dienstes in der allgemeinen und inneren Verwaltung des Bundes als Beisitzenden.</LA></DD></DL>Eine oder einer der Beisitzenden kann Tarifbeschäftigte oder Tarifbeschäftigter sein, sofern sie oder er über vergleichbare Kenntnisse verfügt. Die Mitglieder und Ersatzmitglieder werden für höchstens drei Jahre bestellt. Wiederbestellung ist zulässig.</P><P>(2) Die Mitglieder der Prüfungskommission sind in dieser Funktion unabhängig und nicht weisungsgebunden.</P><P>(3) Die Prüfungskommission entscheidet mit Stimmenmehrheit. Eine Stimmenthaltung ist nicht zulässig.</P><P>(4) Jede Klausur wird von zwei Prüfenden bewertet. Das Prüfungsamt legt fest, wer Erstprüferin oder Erstprüfer und wer Zweitprüferin oder Zweitprüfer ist. Die Zweitprüferin oder der Zweitprüfer darf Kenntnis von der Bewertung der Erstprüferin oder des Erstprüfers haben. Weichen die Bewertungen voneinander ab, ist zunächst eine Einigung zwischen den Prüfenden anzustreben; einigen sich die Prüfenden nicht, entscheidet die Prüfungskommission mit Stimmenmehrheit.</P></Content></text></textdaten></norm>
<norm builddate="20250205223003" doknr="BJNR155400012BJNE001800000"><metadaten><jurabk>MntDAIVAPrV</jurabk><jurabk>MntDAIVVDV</jurabk><enbez>§ 16</enbez><titel format="XML">Laufbahnprüfung</titel></metadaten><textdaten><text format="XML"><Content><P>Die Laufbahnprüfung dient dazu, die Eignung und Befähigung der Anwärterinnen und Anwärter für den mittleren nichttechnischen Verwaltungsdienst des Bundes festzustellen. Die Laufbahnprüfung besteht aus: <DL Type="arabic"><DT>1.</DT><DD Font="normal"><LA>der Zwischenprüfung,</LA></DD><DT>2.</DT><DD Font="normal"><LA>den Leistungstests der fachtheoretischen Ausbildung,</LA></DD><DT>3.</DT><DD Font="normal"><LA>den Bewertungen in der berufspraktischen Ausbildung sowie</LA></DD><DT>4.</DT><DD Font="normal"><LA>der schriftlichen und der mündlichen Abschlussprüfung.</LA></DD></DL></P></Content></text></textdaten></norm>
<norm builddate="20250205223003" doknr="BJNR155400012BJNE001900000"><metadaten><jurabk>MntDAIVAPrV</jurabk><jurabk>MntDAIVVDV</jurabk><enbez>§ 17</enbez><titel format="XML">Zwischenprüfung</titel></metadaten><textdaten><text format="XML"><Content><P>(1) Zum Abschluss des Zwischenlehrgangs haben die Anwärterinnen und Anwärter in einer Zwischenprüfung nachzuweisen, dass sie einen Wissens- und Kenntnisstand erreicht haben, der eine erfolgreiche weitere Ausbildung erwarten lässt.</P><P>(2) Die Zwischenprüfung besteht aus drei Klausuren. Die Aufgabenschwerpunkte werden aus den Fachgebieten nach § 8 Absatz 2 Nummer 4 bis 8 ausgewählt.</P><P>(3) Die Bearbeitungszeit für jede Klausur beträgt 180 Minuten. Die Klausuren werden an drei aufeinanderfolgenden Arbeitstagen geschrieben.</P><P>(4) Es ist für jede Klausur anzugeben, welche Hilfsmittel benutzt werden dürfen. Die Hilfsmittel werden nicht zur Verfügung gestellt.</P><P>(5) Die Klausuren werden nicht mit Namen, sondern mit Kennziffern versehen.</P><P>(6) Die Zwischenprüfung hat bestanden, wer in mindestens zwei Klausuren mindestens fünf Rangpunkte und in allen drei Klausuren eine Durchschnittsrangpunktzahl von mindestens 5 erreicht hat.</P><P>(7) Wer die Zwischenprüfung bestanden hat, erhält vom Prüfungsamt ein Zeugnis, das zumindest die Durchschnittsrangpunktzahl und die Note enthält. Wer die Zwischenprüfung nicht bestanden hat, erhält vom Prüfungsamt einen Bescheid über die nicht bestandene Zwischenprüfung und eine Bescheinigung über die erbrachten Ausbildungsleistungen.</P></Content></text></textdaten></norm>
<norm builddate="20250205223003" doknr="BJNR155400012BJNE002001311"><metadaten><jurabk>MntDAIVAPrV</jurabk><jurabk>MntDAIVVDV</jurabk><enbez>§ 18</enbez><titel format="XML">Schriftliche Abschlussprüfung</titel></metadaten><textdaten><text format="XML"><Content><P>(1) Zur schriftlichen Abschlussprüfung wird zugelassen, wer die Zwischenprüfung bestanden und die Ausbildungsabschnitte durchlaufen hat.</P><P>(2) Die schriftliche Abschlussprüfung besteht aus fünf Klausuren. Die Aufgaben werden aus den Fachgebieten nach § 8 Absatz 2 ausgewählt.</P><P>(2a) Die Klausuren können mit Unterstützung durch Informationstechnik durchgeführt werden.</P><P>(3) Die Bearbeitungszeit für jede Klausur beträgt 240 Minuten. Die Klausuren werden an aufeinanderfolgenden Arbeitstagen geschrieben. Nach zwei Tagen wird ein freier Tag vorgesehen. Je Tag wird nur eine Klausur geschrieben.</P><P>(4) Hat eine Anwärterin oder ein Anwärter die Klausur nicht oder nicht rechtzeitig abgegeben, gilt diese als mit null Rangpunkten bewertet.</P><P>(5) § 17 Absatz 4 und 5 gilt entsprechend.</P></Content></text><fussnoten/></textdaten></norm>
<norm builddate="20250205223003" doknr="BJNR155400012BJNE002106311"><metadaten><jurabk>MntDAIVAPrV</jurabk><jurabk>MntDAIVVDV</jurabk><enbez>§ 19</enbez><titel format="XML">Mündliche Abschlussprüfung</titel></metadaten><textdaten><text format="XML"><Content><P>(1) In der mündlichen Abschlussprüfung haben die Anwärterinnen und Anwärter die in den in § 8 Absatz 2 genannten Fachgebieten erworbenen Kenntnisse nachzuweisen.</P><P>(2) Zur mündlichen Abschlussprüfung wird zugelassen, wer in mindestens drei Klausuren der schriftlichen Abschlussprüfung mindestens fünf Rangpunkte und insgesamt eine Durchschnittsrangpunktzahl von mindestens 5 erreicht hat. Den Anwärterinnen und Anwärtern wird rechtzeitig schriftlich mitgeteilt, ob sie zur mündlichen Abschlussprüfung zugelassen werden oder nicht.</P><P>(3) Die Dauer der mündlichen Abschlussprüfung darf 30 Minuten je Anwärterin oder Anwärter nicht unterschreiten und soll 40 Minuten nicht überschreiten. Bei Gruppenprüfungen sollen nicht mehr als fünf Anwärterinnen und Anwärter gleichzeitig geprüft werden.</P><P>(4) Die Prüfungskommission bewertet die Leistungen. Auf Vorschlag der Fachprüferin oder des Fachprüfers bewertet die Prüfungskommission einvernehmlich die Prüfungsleistung des jeweiligen Fachgebiets. Das Ergebnis der mündlichen Abschlussprüfung wird aus dem Durchschnitt der Bewertungen für die einzelnen Fachgebiete gebildet.</P><P>(5) Die mündliche Abschlussprüfung ist nicht öffentlich. Angehörige des Prüfungsamts können unabhängig vom Einverständnis der Anwärterinnen und Anwärter anwesend sein. Das Prüfungsamt kann Vertreterinnen und Vertretern des Bundesministeriums des Innern und für Heimat und des Bundesverwaltungsamts, die mit der Ausbildung befasst sind, die Anwesenheit allgemein oder im Einzelfall gestatten. In Ausnahmefällen kann auch anderen mit der Ausbildung befassten Personen die Anwesenheit gestattet werden, wenn die Anwärterin oder der Anwärter dem nicht widerspricht. Es sollen nicht mehr als fünf Zuhörerinnen und Zuhörer zugelassen werden. Zuhörerinnen und Zuhörer dürfen während der Prüfung keine Aufzeichnungen machen. Bei den Beratungen der Prüfungskommission dürfen nur deren Mitglieder anwesend sein.</P><P>(6) Über die mündliche Abschlussprüfung fertigt die oder der Vorsitzende der Prüfungskommission ein Protokoll an, aus dem die wesentlichen Umstände der Prüfung und die Bewertung hervorgehen. Das Protokoll ist von allen Mitgliedern der Prüfungskommission zu bestätigen.</P><P>(7) Die mündliche Abschlussprüfung muss bis zum Ende des Vorbereitungsdienstes abgeschlossen sein.</P></Content></text><fussnoten/></textdaten></norm>
<norm builddate="20250205223003" doknr="BJNR155400012BJNE002200000"><metadaten><jurabk>MntDAIVAPrV</jurabk><jurabk>MntDAIVVDV</jurabk><enbez>§ 20</enbez><titel format="XML">Fernbleiben, Rücktritt</titel></metadaten><textdaten><text format="XML"><Content><P>(1) Bei Fernbleiben oder Rücktritt von einer Prüfung oder einem Prüfungsteil der Zwischen- oder Abschlussprüfung ohne Genehmigung des Prüfungsamts gilt diese Prüfung oder dieser Prüfungsteil als nicht bestanden.</P><P>(2) Wird das Fernbleiben oder der Rücktritt genehmigt, gilt die Prüfung oder der Prüfungsteil als nicht begonnen. Die Genehmigung darf nur erteilt werden, wenn wichtige Gründe vorliegen. Bei Erkrankung kann die Genehmigung grundsätzlich nur erteilt werden, wenn unverzüglich ein ärztliches Attest vorgelegt wird. Auf Verlangen des Prüfungsamts ist ein amtsärztliches Attest oder das Zeugnis einer Ärztin oder eines Arztes vorzulegen, die oder der vom Bundesverwaltungsamt beauftragt worden ist.</P><P>(3) Das Prüfungsamt bestimmt, wann die Prüfung oder der Prüfungsteil nachgeholt wird; es entscheidet, ob und inwieweit bereits abgegebene Klausuren gewertet werden.</P></Content></text></textdaten></norm>
<norm builddate="20250205223003" doknr="BJNR155400012BJNE002300000"><metadaten><jurabk>MntDAIVAPrV</jurabk><jurabk>MntDAIVVDV</jurabk><enbez>§ 21</enbez><titel format="XML">Täuschung, Ordnungsverstoß</titel></metadaten><textdaten><text format="XML"><Content><P>(1) Anwärterinnen und Anwärtern, die bei einer Prüfung oder einem Prüfungsteil täuschen, eine Täuschung versuchen oder daran mitwirken oder sonst gegen die Ordnung verstoßen, soll die Fortsetzung der Prüfung unter dem Vorbehalt einer abweichenden Entscheidung des Prüfungsamts oder der Prüfungskommission gestattet werden. Bei einem erheblichen Verstoß können sie von der weiteren Teilnahme an der Prüfung ausgeschlossen werden.</P><P>(2) Über das Vorliegen und die Folgen einer Täuschung, eines Täuschungsversuchs, eines Mitwirkens daran oder eines sonstigen Ordnungsverstoßes während einer Prüfung oder eines Prüfungsteils entscheidet das Prüfungsamt. Die Entscheidung während der mündlichen Prüfung trifft die Prüfungskommission. § 15 Absatz 2 und 3 gilt entsprechend.</P><P>(3) Das Prüfungsamt oder die Prüfungskommission kann je nach Schwere des Verstoßes die Wiederholung der Prüfung oder eines Prüfungsteils anordnen, den betreffenden Teil der Prüfung mit null Rangpunkten bewerten, die Prüfung insgesamt für nicht bestanden erklären oder die Laufbahnprüfung für endgültig nicht bestanden erklären.</P><P>(4) Wird eine Täuschung erst nach Beendigung einer Prüfung oder eines Prüfungsteils festgestellt, sind die Absätze 2 und 3 entsprechend anzuwenden. Wird eine Täuschung erst nach Abschluss der Laufbahnprüfung festgestellt, kann das Prüfungsamt die Laufbahnprüfung innerhalb von fünf Jahren nach dem Tag der mündlichen Abschlussprüfung für nicht bestanden erklären.</P><P>(5) Die Betroffenen sind vor der Entscheidung nach den Absätzen 2 bis 4 anzuhören.</P></Content></text></textdaten></norm>
<norm builddate="20250205223003" doknr="BJNR155400012BJNE002400000"><metadaten><jurabk>MntDAIVAPrV</jurabk><jurabk>MntDAIVVDV</jurabk><enbez>§ 22</enbez><titel format="XML">Wiederholung von Prüfungen</titel></metadaten><textdaten><text format="XML"><Content><P>(1) Eine nicht bestandene Zwischenprüfung und eine nicht bestandene Abschlussprüfung können jeweils einmal wiederholt werden.</P><P>(2) Die Zwischenprüfung kann frühestens zwei Monate nach Bekanntgabe des Ergebnisses der Zwischenprüfung und spätestens bis zum Beginn des Abschlusslehrgangs wiederholt werden. Die Zwischenprüfung ist vollständig zu wiederholen. Die weitere Ausbildung wird wegen der Wiederholung der Zwischenprüfung nicht ausgesetzt.</P><P>(3) Erfolgt keine Zulassung zur mündlichen Abschlussprüfung oder ist die Laufbahnprüfung nicht bestanden, kann die Abschlussprüfung wiederholt werden. Das Prüfungsamt entscheidet auf Vorschlag der Prüfungskommission über die Wiederholungsfrist, die zu wiederholenden Teile der Ausbildung und die zu erbringenden Leistungstests. Die Wiederholungsfrist beträgt mindestens drei Monate nach Bekanntgabe des Nichtbestehens der Laufbahnprüfung und soll höchstens zwölf Monate betragen. Die Abschlussprüfung ist vollständig zu wiederholen. Der Vorbereitungsdienst wird bis zum Ablauf der Wiederholungsfrist verlängert.</P><P>(4) Eine bestandene Prüfung kann nicht wiederholt werden.</P></Content></text></textdaten></norm>
<norm builddate="20250205223003" doknr="BJNR155400012BJNE002502311"><metadaten><jurabk>MntDAIVAPrV</jurabk><jurabk>MntDAIVVDV</jurabk><enbez>§ 23</enbez><titel format="XML">Bestehen der Laufbahnprüfung, Abschlussnote</titel></metadaten><textdaten><text format="XML"><Content><P>(1) Die Laufbahnprüfung ist bestanden, wenn in der mündlichen Abschlussprüfung eine Durchschnittsrangpunktzahl von mindestens 5 und im Gesamtergebnis eine Rangpunktzahl der Laufbahnprüfung von mindestens 5 erreicht worden ist.</P><P>(2) Die Rangpunktzahl der Laufbahnprüfung wird von der oder dem Vorsitzenden der Prüfungskommission im Anschluss an die mündliche Abschlussprüfung ermittelt. Sie wird aus den Durchschnittsrangpunktzahlen der Zwischenprüfung, der fachtheoretischen Ausbildung und der berufspraktischen Ausbildung sowie aus den Bewertungen der Klausuren der schriftlichen Abschlussprüfung und aus der Bewertung der mündlichen Abschlussprüfung errechnet; diese sind wie folgt zu gewichten: <DL Font="normal" Type="arabic"><DT>1.</DT><DD Font="normal"><LA Size="normal"><table colsep="0" frame="none" pgwide="1" rowsep="0" tocentry="%yes;"><tgroup align="left" char="" charoff="50" cols="2"><colspec align="left" colname="leftSplit"/><colspec align="right" colname="rightSplit"/><tbody Class="Split" valign="top"><row><entry VJ="1" colname="leftSplit">die fachtheoretische Ausbildung mit</entry><entry VJ="1" colname="rightSplit" valign="bottom">10 Prozent,</entry></row></tbody></tgroup></table></LA></DD><DT>2.</DT><DD Font="normal"><LA Size="normal"><table colsep="0" frame="none" pgwide="1" rowsep="0" tocentry="%yes;"><tgroup align="left" char="" charoff="50" cols="2"><colspec align="left" colname="leftSplit"/><colspec align="right" colname="rightSplit"/><tbody Class="Split" valign="top"><row><entry VJ="1" colname="leftSplit">die berufspraktische Ausbildung mit</entry><entry VJ="1" colname="rightSplit" valign="bottom">10 Prozent,</entry></row></tbody></tgroup></table></LA></DD><DT>3.</DT><DD Font="normal"><LA Size="normal"><table colsep="0" frame="none" pgwide="1" rowsep="0" tocentry="%yes;"><tgroup align="left" char="" charoff="50" cols="2"><colspec align="left" colname="leftSplit"/><colspec align="right" colname="rightSplit"/><tbody Class="Split" valign="top"><row><entry VJ="1" colname="leftSplit">die Zwischenprüfung mit</entry><entry VJ="1" colname="rightSplit" valign="bottom">5 Prozent,</entry></row></tbody></tgroup></table></LA></DD><DT>4.</DT><DD Font="normal"><LA Size="normal"><table colsep="0" frame="none" pgwide="1" rowsep="0" tocentry="%yes;"><tgroup align="left" char="" charoff="50" cols="2"><colspec align="left" colname="leftSplit"/><colspec align="right" colname="rightSplit"/><tbody Class="Split" valign="top"><row><entry VJ="1" colname="leftSplit">jede Klausur der schriftlichen<BR/>Abschlussprüfung mit</entry><entry VJ="1" colname="rightSplit" valign="bottom">10 Prozent,</entry></row></tbody></tgroup></table></LA></DD><DT>5.</DT><DD Font="normal"><LA Size="normal"><table colsep="0" frame="none" pgwide="1" rowsep="0" tocentry="%yes;"><tgroup align="left" char="" charoff="50" cols="2"><colspec align="left" colname="leftSplit"/><colspec align="right" colname="rightSplit"/><tbody Class="Split" valign="top"><row><entry VJ="1" colname="leftSplit">die mündliche Abschlussprüfung mit</entry><entry VJ="1" colname="rightSplit" valign="bottom">25 Prozent.</entry></row></tbody></tgroup></table></LA></DD></DL>Ist die Laufbahnprüfung bestanden, wird die Rangpunktzahl der Laufbahnprüfung für die Ermittlung der Abschlussnote bei Nachkommawerten ab 50 aufgerundet und bei kleineren Nachkommawerten abgerundet.</P><P>(3) Die oder der Vorsitzende der Prüfungskommission teilt den Anwärterinnen und Anwärtern die erreichten Rangpunkte mit und erläutert die Bewertungen auf Wunsch kurz mündlich.</P></Content></text><fussnoten/></textdaten></norm>
<norm builddate="20250205223003" doknr="BJNR155400012BJNE002600000"><metadaten><jurabk>MntDAIVAPrV</jurabk><jurabk>MntDAIVVDV</jurabk><enbez>§ 24</enbez><titel format="XML">Abschlusszeugnis</titel></metadaten><textdaten><text format="XML"><Content><P>(1) Wer die Laufbahnprüfung bestanden hat, erhält ein Abschlusszeugnis.</P><P>(2) Das Abschlusszeugnis enthält: <DL Type="arabic"><DT>1.</DT><DD Font="normal"><LA>die Feststellung, dass die Anwärterin oder der Anwärter die Befähigung für den mittleren nichttechnischen Verwaltungsdienst des Bundes erlangt hat,</LA></DD><DT>2.</DT><DD Font="normal"><LA>die Abschlussnote und die Rangpunktzahl der Laufbahnprüfung.</LA></DD></DL></P><P>(3) Wer die Laufbahnprüfung nicht bestanden hat, erhält vom Prüfungsamt einen Bescheid über die nicht bestandene Laufbahnprüfung und eine Bescheinigung über die erbrachten Ausbildungsleistungen.</P></Content></text></textdaten></norm>
<norm builddate="20250205223003" doknr="BJNR155400012BJNE002700000"><metadaten><jurabk>MntDAIVAPrV</jurabk><jurabk>MntDAIVVDV</jurabk><enbez>§ 25</enbez><titel format="XML">Prüfungsakten, Einsichtnahme</titel></metadaten><textdaten><text format="XML"><Content><P>(1) Zu den Prüfungsakten zu nehmen sind: <DL Type="arabic"><DT>1.</DT><DD Font="normal"><LA>eine Ausfertigung des Zeugnisses über die Zwischenprüfung oder des Bescheids über die nicht bestandene Zwischenprüfung (§ 17),</LA></DD><DT>2.</DT><DD Font="normal"><LA>eine Ausfertigung des zusammenfassenden Zeugnisses (§ 13),</LA></DD><DT>3.</DT><DD Font="normal"><LA>die Anlage zur Niederschrift der Laufbahnprüfung und</LA></DD><DT>4.</DT><DD Font="normal"><LA>eine Ausfertigung des Abschlusszeugnisses oder des Bescheids über die nicht bestandene Laufbahnprüfung (§ 24).</LA></DD></DL>Die Prüfungsakten werden nach Beendigung des Vorbereitungsdienstes beim Bundesverwaltungsamt mindestens fünf Jahre aufbewahrt. Sie sind spätestens zehn Jahre nach Beendigung des Vorbereitungsdienstes zu vernichten.</P><P>(2) Nach Zustellung des Zwischenprüfungs- oder Abschlusszeugnisses können die Betroffenen Einsicht in die sie betreffenden Prüfungsakten nehmen. Satz 1 gilt entsprechend, wenn die Zwischen- oder Laufbahnprüfung nicht bestanden wurde oder wenn keine Übernahme in das Beamtenverhältnis erfolgt ist.</P></Content></text></textdaten></norm>
<norm builddate="20250205223003" doknr="BJNR155400012BJNG000400000"><metadaten><jurabk>MntDAIVAPrV</jurabk><jurabk>MntDAIVVDV</jurabk><gliederungseinheit><gliederungskennzahl>040</gliederungskennzahl><gliederungsbez>Abschnitt 4</gliederungsbez><gliederungstitel>Schlussvorschriften</gliederungstitel></gliederungseinheit></metadaten><textdaten/></norm>
<norm builddate="20250205223003" doknr="BJNR155400012BJNE002800000"><metadaten><jurabk>MntDAIVAPrV</jurabk><jurabk>MntDAIVVDV</jurabk><enbez>§ 26</enbez><titel format="XML">Übergangsvorschriften</titel></metadaten><textdaten><text format="XML"><Content><P>Für Anwärterinnen und Anwärter, die vor dem 1. August 2012 mit dem Vorbereitungsdienst begonnen haben, ist die Verordnung über die Laufbahn, Ausbildung und Prüfung für den mittleren nichttechnischen Dienst in der allgemeinen und inneren Verwaltung des Bundes vom 8. Oktober 2001 (BGBl. I S. 2612), die zuletzt durch Artikel 3 Absatz 7 der Verordnung vom 12. Februar 2009 (BGBl. I S. 320) geändert worden ist, weiter anzuwenden.</P></Content></text></textdaten></norm>
<norm builddate="20250205223003" doknr="BJNR155400012BJNE002900000"><metadaten><jurabk>MntDAIVAPrV</jurabk><jurabk>MntDAIVVDV</jurabk><enbez>§ 27</enbez><titel format="XML">Inkrafttreten, Außerkrafttreten</titel></metadaten><textdaten><text format="XML"><Content><P>Diese Verordnung tritt am 1. August 2012 in Kraft. Gleichzeitig tritt die Verordnung über die Laufbahn, Ausbildung und Prüfung für den mittleren nichttechnischen Dienst in der allgemeinen und inneren Verwaltung des Bundes vom 8. Oktober 2001 (BGBl. I S. 2612), die zuletzt durch Artikel 3 Absatz 7 der Verordnung vom 12. Februar 2009 (BGBl. I S. 320) geändert worden ist, außer Kraft.</P></Content></text></textdaten></norm>
</dokumente>