<?xml version="1.0" encoding="UTF-8" ?><!DOCTYPE dokumente SYSTEM "http://www.gesetze-im-internet.de/dtd/1.01/gii-norm.dtd">
<dokumente builddate="20120625152344" doknr="BJNR299600009"><norm builddate="20120625152344" doknr="BJNR299600009"><metadaten><jurabk>IntKonnBek 2009</jurabk><ausfertigung-datum manuell="ja">2009-09-02</ausfertigung-datum><fundstelle typ="amtlich"><periodikum>BGBl I</periodikum><zitstelle>2009, 2996</zitstelle></fundstelle><langue>Bekanntmachung nach Artikel 6 Absatz 3 des Einführungsgesetzes zum Handelsgesetzbuche</langue></metadaten><textdaten><fussnoten><Content><P><BR/> <pre xml:space="preserve">(+++ Textnachweis ab: 14.9.2009 +++)<BR/><BR/></pre></P></Content></fussnoten></textdaten></norm>
<norm builddate="20120625152344" doknr="BJNR299600009BJNE000100000"><metadaten><jurabk>IntKonnBek 2009</jurabk><enbez>(XXXX)</enbez></metadaten><textdaten><text format="XML"><Content><P>Nach Artikel 6 Absatz 3 des Einführungsgesetzes zum Handelsgesetzbuche, der durch Artikel 5 Nummer 1 des Gesetzes vom 25. Juli 1986 (BGBl. I S. 1120) eingefügt worden ist, wird bekannt gegeben, dass das Protokoll vom 23. Februar 1968 zur Änderung des Internationalen Abkommens vom 25. August 1924 zur Vereinheitlichung von Regeln über Konnossemente nach seinem Artikel 13 Absatz 2 für <BR/><BR/><table frame="none" tocentry="%yes;"><tgroup align="left" char="" charoff="50" cols="3"><colspec colname="col1"/><colspec colname="col2"/><colspec align="right" colname="col3" colwidth="1.00*"/><tbody valign="top"><row><entry VJ="1" colsep="0" rowsep="0">Lettland</entry><entry VJ="1" colsep="0" rowsep="0"/><entry VJ="1" colsep="0" rowsep="0">am 4. Juli 2002</entry></row><row><entry VJ="1" colsep="0" rowsep="0">Litauen</entry><entry VJ="1" colsep="0" rowsep="0"/><entry VJ="1" colsep="0" rowsep="0">am 2. März 2004</entry></row></tbody></tgroup></table><BR/>in Kraft getreten ist.<BR/></P><P>Diese Bekanntmachung ergeht im Anschluss an die Bekanntmachung vom 18. September 2001 (BGBl. I S. 2576; 2002 I S. 559).</P></Content></text></textdaten></norm>
<norm builddate="20120625152344" doknr="BJNR299600009BJNE000200000"><metadaten><jurabk>IntKonnBek 2009</jurabk><enbez>Schlussformel</enbez></metadaten><textdaten><text format="XML"><Content><P><SP>Bundesministerium der Justiz</SP></P></Content></text></textdaten></norm>
</dokumente>