<?xml version="1.0" encoding="UTF-8" ?><!DOCTYPE dokumente SYSTEM "http://www.gesetze-im-internet.de/dtd/1.01/gii-norm.dtd">
<dokumente builddate="20170101222415" doknr="BJNR221100016"><norm builddate="20170101222415" doknr="BJNR221100016"><metadaten><jurabk>InsoGeldFestV 2017</jurabk><amtabk>InsoGeldFestV 2017</amtabk><ausfertigung-datum manuell="ja">2016-10-04</ausfertigung-datum><fundstelle typ="amtlich"><periodikum>BGBl I</periodikum><zitstelle>2016, 2211</zitstelle></fundstelle><kurzue>Insolvenzgeldumlagesatzverordnung 2017</kurzue><langue>Verordnung zur Festsetzung des Umlagesatzes für das Insolvenzgeld für das Kalenderjahr 2017</langue></metadaten><textdaten><fussnoten><Content><P><BR/> <pre xml:space="preserve">(+++ Textnachweis ab: 1.1.2017 +++)<BR/><BR/></pre></P></Content></fussnoten></textdaten></norm>
<norm builddate="20170101222415" doknr="BJNR221100016BJNE000100000"><metadaten><jurabk>InsoGeldFestV 2017</jurabk><enbez>Eingangsformel</enbez></metadaten><textdaten><text format="XML"><Content><P>Auf Grund des § 361 Nummer 1 des Dritten Buches Sozialgesetzbuch – Arbeitsförderung –, der zuletzt durch Artikel 448 der Verordnung vom 31. August 2015 (BGBl. I S. 1474) geändert worden ist, verordnet das Bundesministerium für Arbeit und Soziales im Einvernehmen mit dem Bundesministerium der Finanzen und dem Bundesministerium für Wirtschaft und Energie:</P></Content></text></textdaten></norm>
<norm builddate="20170101222415" doknr="BJNR221100016BJNE000200000"><metadaten><jurabk>InsoGeldFestV 2017</jurabk><enbez>§ 1</enbez><titel format="XML">Umlagesatz</titel></metadaten><textdaten><text format="XML"><Content><P>Der Umlagesatz für das Kalenderjahr 2017 beträgt 0,09 Prozent.</P></Content></text></textdaten></norm>
<norm builddate="20170101222415" doknr="BJNR221100016BJNE000300000"><metadaten><jurabk>InsoGeldFestV 2017</jurabk><enbez>§ 2</enbez><titel format="XML">Inkrafttreten</titel></metadaten><textdaten><text format="XML"><Content><P>Diese Verordnung tritt am 1. Januar 2017 in Kraft.</P></Content></text></textdaten></norm>
<norm builddate="20170101222415" doknr="BJNR221100016BJNE000400000"><metadaten><jurabk>InsoGeldFestV 2017</jurabk><enbez>Schlussformel</enbez></metadaten><textdaten><text format="XML"><Content><P>Der Bundesrat hat zugestimmt.</P></Content></text></textdaten></norm>
</dokumente>