<?xml version="1.0" encoding="UTF-8" ?><!DOCTYPE dokumente SYSTEM "http://www.gesetze-im-internet.de/dtd/1.01/gii-norm.dtd">
<dokumente builddate="20150908215923" doknr="BJNR239910008"><norm builddate="20150908215923" doknr="BJNR239910008"><metadaten><jurabk>VollstrZustÜbk2007Prot2ÜG</jurabk><ausfertigung-datum manuell="ja">2008-12-10</ausfertigung-datum><fundstelle typ="amtlich"><periodikum>BGBl I</periodikum><zitstelle>2008, 2399; 2009, 2862</zitstelle></fundstelle><langue>Gesetz über die Übermittlung gerichtlicher Entscheidungen nach dem Protokoll 2 zum Übereinkommen vom 30. Oktober 2007 über die gerichtliche Zuständigkeit und die Anerkennung und Vollstreckung von Entscheidungen in Zivil- und Handelssachen</langue><standangabe checked="ja"><standtyp>Sonst</standtyp><standkommentar>Das G tritt gem. Bek. v. 14.8.2009 I 2862 am 1.1.2010 in Kraft</standkommentar></standangabe><standangabe checked="ja"><standtyp>Stand</standtyp><standkommentar>Geändert durch Art. 168 V v. 31.8.2015 I 1474</standkommentar></standangabe></metadaten><textdaten><fussnoten><Content><P><BR/> <pre xml:space="preserve">(+++ Textnachweis ab: 1.1.2010 +++)<BR/><BR/></pre>Das G wurde als Artikel 1 des G v. 10.12.2008 I 2399 vom Bundestag beschlossen.</P></Content></fussnoten></textdaten></norm>
<norm builddate="20150908215923" doknr="BJNR239910008BJNE000101311"><metadaten><jurabk>VollstrZustÜbk2007Prot2ÜG</jurabk><enbez>(XXXX)</enbez></metadaten><textdaten><text format="XML"><Content><P>Die Aufgaben der zuständigen nationalen Behörde nach Artikel 3 Abs. 1 Satz 4 des Protokolls 2 zu dem Übereinkommen vom 30. Oktober 2007 über die gerichtliche Zuständigkeit und die Anerkennung und Vollstreckung von Entscheidungen in Zivil- und Handelssachen über die einheitliche Auslegung des Übereinkommens und den Ständigen Ausschuss (ABl. EU Nr. L 339 S. 3) nimmt das Bundesministerium der Justiz und für Verbraucherschutz wahr.</P></Content></text><fussnoten/></textdaten></norm>
</dokumente>