<?xml version="1.0" encoding="UTF-8" ?><!DOCTYPE dokumente SYSTEM "http://www.gesetze-im-internet.de/dtd/1.01/gii-norm.dtd">
<dokumente builddate="20241031213657" doknr="BJNR14F0A0024"><norm builddate="20241031213657" doknr="BJNR14F0A0024"><metadaten><jurabk>UKRatZustAnO</jurabk><amtabk>UKRatZustAnO</amtabk><ausfertigung-datum manuell="ja">2024-10-25</ausfertigung-datum><fundstelle typ="amtlich"><periodikum>BGBl. I</periodikum><zitstelle>2024, Nr. 335</zitstelle></fundstelle><langue>Anordnung des Unabhängigen Kontrollrates zur Übertragung von Zuständigkeiten in Angelegenheiten der Personalverwaltung auf das Bundesverwaltungsamt</langue></metadaten><textdaten><fussnoten><Content><P><BR/> <pre xml:space="preserve">(+++ Textnachweis ab: 1.11.2024 +++)<BR/><BR/></pre></P></Content></fussnoten></textdaten></norm>
<norm builddate="20241031213657" doknr="BJNR14F0A0024BJNE000100000"><metadaten><jurabk>UKRatZustAnO</jurabk><enbez>Eingangsformel</enbez></metadaten><textdaten><text format="XML"><Content><P>Auf Grund von <DL Type="Dash"><DT>–</DT><DD Font="normal"><LA>§ 126 Absatz 3 Satz 2 und § 127 Absatz 3 Satz 1 des Bundesbeamtengesetzes vom 5. Februar 2009 (BGBl. I S. 160), das zuletzt durch Artikel 1 des Gesetzes vom 19. Juli 2024 (BGBl. 2024 I Nr. 247) geändert worden ist,</LA></DD><DT>–</DT><DD Font="normal"><LA>§ 12 Absatz 2 Satz 3 des Bundesbesoldungsgesetzes in der Fassung der Bekanntmachung vom 19. Juni 2009 (BGBl. I S. 1434), das zuletzt durch Artikel 7 des Gesetzes vom 19. Juli 2024 (BGBl. 2024 I Nr. 247) geändert worden ist,</LA></DD><DT>–</DT><DD Font="normal"><LA>§ 56 Absatz 2 Satz 1 der Bundesbeihilfeverordnung vom 13. Februar 2009 (BGBl. I S. 326), die zuletzt durch Artikel 3 der Verordnung vom 6. März 2024 (BGBl. 2024 I Nr. 92) geändert worden ist,</LA></DD><DT>–</DT><DD Font="normal"><LA>§ 9 Absatz 3 der Trennungsgeldverordnung in der Fassung der Bekanntmachung vom 29. Juni 1999 (BGBl. I S. 1533), die zuletzt durch Artikel 1 der Verordnung vom 18. September 2024 (BGBl. 2024 I Nr. 287) geändert worden ist,</LA></DD><DT>–</DT><DD Font="normal"><LA>§ 44 Absatz 2 Satz 1 und § 45 Absatz 3 Satz 2 des Beamtenversorgungsgesetzes in der Fassung der Bekanntmachung vom 24. Februar 2010 (BGBl. I S. 150), das zuletzt durch Artikel 2 des Gesetzes vom 19. Juli 2024 (BGBl. 2024 I Nr. 247) geändert worden ist,</LA></DD></DL>ordnet der Unabhängige Kontrollrat an:</P></Content></text></textdaten></norm>
<norm builddate="20241031213657" doknr="BJNR14F0A0024BJNE000200000"><metadaten><jurabk>UKRatZustAnO</jurabk><enbez>§ 1</enbez><titel format="XML">Übertragung von Zuständigkeiten in Personalsachen auf das Bundesverwaltungsamt</titel></metadaten><textdaten><text format="XML"><Content><P>(1) Gemäß § 126 Absatz 3 Satz 2 und § 127 Absatz 3 Satz 1 des Bundesbeamtengesetzes, § 12 Absatz 2 Satz 3 des Bundesbesoldungsgesetzes, § 56 Absatz 2 Satz 1 der Bundesbeihilfeverordnung, § 9 Absatz 3 der Trennungsgeldverordnung sowie von § 44 Absatz 2 Satz 1 und § 45 Absatz 3 Satz 2 des Beamtenversorgungsgesetzes werden auf das Bundesverwaltungsamt in den in Absatz 2 genannten Bereichen folgende Zuständigkeiten übertragen: <DL Type="arabic"><DT>1.</DT><DD Font="normal"><LA>die Zuständigkeit für den Erlass des Widerspruchsbescheids und</LA></DD><DT>2.</DT><DD Font="normal"><LA>die Vertretung der Bundesrepublik Deutschland bei Klagen.</LA></DD></DL></P><P>(2) Die Übertragung von Zuständigkeiten nach Absatz 1 gilt für Angelegenheiten der Beamtinnen und Beamten des Unabhängigen Kontrollrats in folgenden Bereichen: <DL Type="arabic"><DT>1.</DT><DD Font="normal"><LA>Besoldung, einschließlich eines Absehens von der von der Rückforderung zu viel gezahlter Bezüge aus Billigkeitsgründen,</LA></DD><DT>2.</DT><DD Font="normal"><LA>Beihilfe,</LA></DD><DT>3.</DT><DD Font="normal"><LA>Reise- und Umzugskosten,</LA></DD><DT>4.</DT><DD Font="normal"><LA>Trennungsgeld,</LA></DD><DT>5.</DT><DD Font="normal"><LA>Unfallfürsorge einschließlich der Entscheidungen darüber, ob ein Dienstunfall vorliegt und ob der oder die Verletzte den Unfall vorsätzlich herbeigeführt hat, und über die Versagung der Unfallfürsorge nach §§ 44 und 45 des Beamtenversorgungsgesetzes.</LA></DD></DL></P><P>(3) Absätze 1 und 2 gelten nicht, wenn der Unabhängige Kontrollrat die Maßnahme selbst getroffen hat.</P></Content></text></textdaten></norm>
<norm builddate="20241031213657" doknr="BJNR14F0A0024BJNE000300000"><metadaten><jurabk>UKRatZustAnO</jurabk><enbez>§ 2</enbez><titel format="XML">Vorbehaltsklausel</titel></metadaten><textdaten><text format="XML"><Content><P>(1) Der Unabhängige Kontrollrat behält sich vor, im Einzelfall die Befugnisse nach § 1 selbst auszuüben.</P><P>(2) Zweifelsfälle und Fälle von grundsätzlicher Bedeutung sind dem Unabhängigen Kontrollrat vorzulegen.</P></Content></text></textdaten></norm>
<norm builddate="20241031213657" doknr="BJNR14F0A0024BJNE000400000"><metadaten><jurabk>UKRatZustAnO</jurabk><enbez>§ 3</enbez><titel format="XML">Inkrafttreten</titel></metadaten><textdaten><text format="XML"><Content><P>Diese Anordnung tritt am Tag nach der Verkündung in Kraft.</P></Content></text></textdaten></norm>
</dokumente>