<?xml version="1.0" encoding="UTF-8" ?><!DOCTYPE dokumente SYSTEM "http://www.gesetze-im-internet.de/dtd/1.01/gii-norm.dtd">
<dokumente builddate="20170630220303" doknr="BJNR398310001"><norm builddate="20170630220303" doknr="BJNR398310001"><metadaten><jurabk>ProstG</jurabk><amtabk>ProstG</amtabk><ausfertigung-datum manuell="ja">2001-12-20</ausfertigung-datum><fundstelle typ="amtlich"><periodikum>BGBl I</periodikum><zitstelle>2001, 3983</zitstelle></fundstelle><kurzue>Prostitutionsgesetz</kurzue><langue>Gesetz zur Regelung der Rechtsverhältnisse der Prostituierten</langue><standangabe checked="ja"><standtyp>Stand</standtyp><standkommentar>Geändert durch Art. 2 G v. 21.10.2016 I 2372</standkommentar></standangabe></metadaten><textdaten><text format="XML"><Content><P/></Content></text><fussnoten><Content><P><BR/> <pre xml:space="preserve">(+++ Textnachweis ab:  1. 1.2002 +++)<BR/><BR/></pre>Das G wurde als Artikel 1 G v. 20.12.2001 I 3983 vom Bundestag beschlossen. Es ist gem. Art. 3 dieses G am 1.1.2002 in Kraft getreten.</P></Content></fussnoten></textdaten></norm>
<norm builddate="20170630220303" doknr="BJNR398310001BJNE000100305"><metadaten><jurabk>ProstG</jurabk><enbez>§ 1</enbez></metadaten><textdaten><text format="XML"><Content><P>Sind sexuelle Handlungen gegen ein vorher vereinbartes Entgelt vorgenommen worden, so begründet diese Vereinbarung eine rechtswirksame Forderung. Das Gleiche gilt, wenn sich eine Person, insbesondere im Rahmen eines Beschäftigungsverhältnisses, für die Erbringung derartiger Handlungen gegen ein vorher vereinbartes Entgelt für eine bestimmte Zeitdauer bereithält.</P></Content></text></textdaten></norm>
<norm builddate="20170630220303" doknr="BJNR398310001BJNE000200305"><metadaten><jurabk>ProstG</jurabk><enbez>§ 2</enbez></metadaten><textdaten><text format="XML"><Content><P>Die Forderung kann nicht abgetreten und nur im eigenen Namen geltend gemacht werden. Gegen eine Forderung gemäß § 1 Satz 1 kann nur die vollständige, gegen eine Forderung nach § 1 Satz 2 auch die teilweise Nichterfüllung, soweit sie die vereinbarte Zeitdauer betrifft, eingewendet werden. Mit Ausnahme des Erfüllungseinwandes gemäß des § 362 des Bürgerlichen Gesetzbuchs und der Einrede der Verjährung sind weitere Einwendungen und Einreden ausgeschlossen.</P></Content></text></textdaten></norm>
<norm builddate="20170630220303" doknr="BJNR398310001BJNE000301123"><metadaten><jurabk>ProstG</jurabk><enbez>§ 3</enbez></metadaten><textdaten><text format="XML"><Content><P>(1) Weisungen, die das Ob, die Art oder das Ausmaß der Erbringung sexueller Dienstleistungen vorschreiben, sind unzulässig.</P><P>(2) Bei Prostituierten steht das eingeschränkte Weisungsrecht im Rahmen einer abhängigen Tätigkeit nicht der Annahme einer Beschäftigung im Sinne des Sozialversicherungsrechts entgegen.</P></Content></text><fussnoten/></textdaten></norm>
</dokumente>