<?xml version="1.0" encoding="UTF-8" ?><!DOCTYPE dokumente SYSTEM "http://www.gesetze-im-internet.de/dtd/1.01/gii-norm.dtd">
<dokumente builddate="20120625151519" doknr="BJNR018150973"><norm builddate="20120625151519" doknr="BJNR018150973"><metadaten><jurabk>FrUmrV 4</jurabk><ausfertigung-datum manuell="ja">1973-12-04</ausfertigung-datum><fundstelle typ="amtlich"><periodikum>BGBl I</periodikum><zitstelle>1973, 1815</zitstelle></fundstelle><langue>Vierte Verordnung über den Umrechnungssatz für französische Franken bei Anwendung des Ersten Abkommens zur Vereinheitlichung des Luftprivatrechts</langue></metadaten><textdaten><text format="XML"><Content><P/></Content></text><fussnoten><Content><P>(+++ Textnachweis ab:  9.12.1973 +++)</P></Content></fussnoten></textdaten></norm>
<norm builddate="20120625151519" doknr="BJNR018150973BJNE000100328"><metadaten><jurabk>FrUmrV 4</jurabk><enbez>Eingangsformel</enbez></metadaten><textdaten><text format="XML"><Content><P>Auf Grund des § 2 Abs. 2 des Gesetzes zur Durchführung des Ersten Abkommens zur Vereinheitlichung des Luftprivatrechts vom 15. Dezember 1933 (Reichsgesetzbl. I S. 1079) in der Fassung des Artikels 3 des Gesetzes über Maßnahmen auf dem Gebiete des Verkehrsrechts und Verkehrshaftpflichtrechts vom 16. Juli 1957 (Bundesgesetzbl. I S. 710) wird verordnet:</P></Content></text></textdaten></norm>
<norm builddate="20120625151519" doknr="BJNR018150973BJNE000200328"><metadaten><jurabk>FrUmrV 4</jurabk><enbez>§ 1</enbez></metadaten><textdaten><text format="XML"><Content><P>Bei Anwendung des Artikels 22 des Ersten Abkommens zur Vereinheitlichung von Regeln über die Beförderung im internationalen Luftverkehr vom 12. Oktober 1929 (Reichsgesetzbl. 1933 II S. 1039) sind 100 französische Franken mit 21,40 Deutsche Mark zu bewerten.</P></Content></text></textdaten></norm>
<norm builddate="20120625151519" doknr="BJNR018150973BJNE000300328"><metadaten><jurabk>FrUmrV 4</jurabk><enbez>§ 2</enbez></metadaten><textdaten><text format="XML"><Content><P>Diese Verordnung gilt nach Maßgabe des § 14 des Dritten Überleitungsgesetzes vom 4. Januar 1952 (Bundesgesetzbl. I S. 1) in Verbindung mit Artikel 9 des Gesetzes über Maßnahmen auf dem Gebiete des Verkehrsrechts und Verkehrshaftpflichtrechts vom 16. Juli 1957 (Bundesgesetzbl. I S. 710) auch im Land Berlin.</P></Content></text></textdaten></norm>
<norm builddate="20120625151519" doknr="BJNR018150973BJNE000400328"><metadaten><jurabk>FrUmrV 4</jurabk><enbez>§ 3</enbez></metadaten><textdaten><text format="XML"><Content><P>Diese Verordnung tritt am Tage nach ihrer Verkündung in Kraft.</P></Content></text><fussnoten/></textdaten></norm>
<norm builddate="20120625151519" doknr="BJNR018150973BJNE000500328"><metadaten><jurabk>FrUmrV 4</jurabk><enbez>Schlußformel</enbez></metadaten><textdaten><text format="XML"><Content><P><SP>Der Bundesminister der Justiz</SP></P></Content></text></textdaten></norm>
</dokumente>