<?xml version="1.0" encoding="UTF-8" ?><!DOCTYPE dokumente SYSTEM "http://www.gesetze-im-internet.de/dtd/1.01/gii-norm.dtd">
<dokumente builddate="20131008093835" doknr="BJNR205090986"><norm builddate="20131008093835" doknr="BJNR205090986"><metadaten><jurabk>EmsDolKoopVtrNLDG</jurabk><ausfertigung-datum manuell="ja">1986-03-17</ausfertigung-datum><fundstelle typ="amtlich"><periodikum>BGBl II</periodikum><zitstelle>1986, 509</zitstelle></fundstelle><langue>Gesetz zu dem Vertrag vom 10. September 1984 zwischen der Bundesrepublik
Deutschland und dem Königreich der Niederlande über die Zusammenarbeit im
Bereich von Ems und Dollart sowie in den angrenzenden Gebieten
(Kooperationsvertrag Ems-Dollart)</langue></metadaten><textdaten><text format="XML"><Content><P/></Content></text><fussnoten><Content><P>(+++ Textnachweis ab: 23. 3.1986 +++)</P></Content></fussnoten></textdaten></norm>
<norm builddate="20131008093835" doknr="BJNR205090986BJNE000100327"><metadaten><jurabk>EmsDolKoopVtrNLDG</jurabk><enbez>Eingangsformel</enbez></metadaten><textdaten><text format="XML"><Content><P>Der Bundestag hat mit Zustimmung des Bundesrates das folgende Gesetz beschlossen:</P></Content></text></textdaten></norm>
<norm builddate="20131008093835" doknr="BJNR205090986BJNE000200327"><metadaten><jurabk>EmsDolKoopVtrNLDG</jurabk><enbez>Art 1</enbez></metadaten><textdaten><text format="XML"><Content><P>(1) Dem in Emden am 10. September 1984 unterzeichneten Vertrag zwischen der Bundesrepublik Deutschland und dem Königreich der Niederlande über die Zusammenarbeit im Bereich von Ems und Dollart sowie in den angrenzenden Gebieten (Kooperationsvertrag Ems-Dollart) wird zugestimmt.</P><P>(2) Der Vertrag wird nachstehend veröffentlicht. Die in den Artikeln 2 und 11 des Vertrages genannte Karte B und die in Artikel 23 genannte Karte A liegen beim Auswärtigen Amt (politisches Archiv), beim Niedersächsischen Minister des Innern in Hannover, bei der Bezirksregierung Weser-Ems in Oldenburg sowie beim zuständigen Katasteramt zur Einsicht bereit.</P></Content> </text><fussnoten/></textdaten></norm>
<norm builddate="20131008093835" doknr="BJNR205090986BJNE000300327"><metadaten><jurabk>EmsDolKoopVtrNLDG</jurabk><enbez>Art 2</enbez></metadaten><textdaten><text format="XML"><Content><P>In den Gebietsteilen, die nach Artikel 11 des Vertrages Hoheitsgebiet der Bundesrepublik Deutschland sind, gelten mit dem Zeitpunkt des Inkrafttretens dieser Bestimmungen gemäß Artikel 12 Abs. 1 des Vertrages die im Land Niedersachsen geltenden Vorschriften des Bundesrechts, soweit sie in diesem Gebiet nicht bereits zuvor in Kraft waren.</P></Content></text></textdaten></norm>
<norm builddate="20131008093835" doknr="BJNR205090986BJNE000400327"><metadaten><jurabk>EmsDolKoopVtrNLDG</jurabk><enbez>Art 3</enbez></metadaten><textdaten><text format="XML"><Content><P>Dieses Gesetz gilt auch im Land Berlin, sofern das Land Berlin die Anwendung dieses Gesetzes feststellt.</P></Content></text></textdaten></norm>
<norm builddate="20131008093835" doknr="BJNR205090986BJNE000500327"><metadaten><jurabk>EmsDolKoopVtrNLDG</jurabk><enbez>Art 4</enbez></metadaten><textdaten><text format="XML"><Content><P>(1) Dieses Gesetz tritt am Tage nach seiner Verkündung in Kraft.</P><P>(2) Der Tag, an dem der Vertrag nach seinem Artikel 52 Abs. 2 in Kraft tritt, ist im Bundesgesetzblatt bekanntzugeben.</P></Content> </text></textdaten></norm>
</dokumente>