<?xml version="1.0" encoding="UTF-8" ?><!DOCTYPE dokumente SYSTEM "http://www.gesetze-im-internet.de/dtd/1.01/gii-norm.dtd">
<dokumente builddate="20120625151725" doknr="BJNR060420012"><norm builddate="20120625151725" doknr="BJNR060420012"><metadaten><jurabk>NDPHSG</jurabk><ausfertigung-datum manuell="ja">2012-06-07</ausfertigung-datum><fundstelle typ="amtlich"><periodikum>BGBl II</periodikum><zitstelle>2012, 604</zitstelle></fundstelle><langue>Gesetz zu dem Übereinkommen vom 25. November 2011 über die Errichtung des Sekretariats der Partnerschaft für öffentliche Gesundheit und soziales Wohlergehen im Rahmen der Nördlichen Dimension (NDPHS)</langue></metadaten><textdaten/></norm>
</dokumente>