<?xml version="1.0" encoding="UTF-8" ?><!DOCTYPE dokumente SYSTEM "http://www.gesetze-im-internet.de/dtd/1.01/gii-norm.dtd">
<dokumente builddate="20130405125902" doknr="BJNR017840988"><norm builddate="20130405125902" doknr="BJNR017840988"><metadaten><jurabk>AUG§1Abs2Bek 09-1988</jurabk><ausfertigung-datum manuell="ja">1988-09-27</ausfertigung-datum><fundstelle typ="amtlich"><periodikum>BGBl I</periodikum><zitstelle>1988, 1784</zitstelle></fundstelle><langue>Bekanntmachung über die Feststellung der Gegenseitigkeit gemäß § 1 Abs. 2
des Auslandsunterhaltsgesetzes</langue></metadaten><textdaten><text format="XML"><Content><P/></Content></text><fussnoten><Content><P>(+++ Textnachweis ab:  7.10.1988 +++)</P></Content></fussnoten></textdaten></norm>
<norm builddate="20130405125902" doknr="BJNR017840988BJNE000100325"><metadaten><jurabk>AUG§1Abs2Bek 09-1988</jurabk><enbez>(XXXX)</enbez></metadaten><textdaten><text format="XML"><Content><P>Auf Grund des § 1 Abs. 2 des Auslandsunterhaltsgesetzes vom 19. Dezember 1986 (BGBl. I S. 2563) wird bekanntgemacht, daß die Gegenseitigkeit im Sinne dieses Gesetzes im Verhältnis zu folgenden Staaten verbürgt ist: <DL Font="normal" Type="arabic"><DT>1.</DT><DD Font="normal"><LA Size="normal">In den Vereinigten Staaten von Amerika:</LA><LA Size="normal">Arizona</LA><LA Size="normal">Arkansas</LA><LA Size="normal">Hawaii</LA><LA Size="normal">Louisiana</LA><LA Size="normal">Michigan</LA><LA Size="normal">Oklahoma</LA><LA Size="normal">Texas</LA></DD><DT>2.</DT><DD Font="normal"><LA Size="normal">In Kanada:</LA><LA Size="normal">Neubraunschweig</LA></DD></DL>Diese Bekanntmachung ergeht im Anschluß an die Bekanntmachung vom 1. Juli 1988 (BGBl. I S. 1041).<BR/><BR/><SP>Der Bundesminister der Justiz</SP></P></Content></text></textdaten></norm>
</dokumente>