<?xml version="1.0" encoding="UTF-8" ?><!DOCTYPE dokumente SYSTEM "http://www.gesetze-im-internet.de/dtd/1.01/gii-norm.dtd">
<dokumente builddate="20120625154426" doknr="BJNR165520004"><norm builddate="20120625154426" doknr="BJNR165520004"><metadaten><jurabk>GrenzgNLDZusProt3</jurabk><ausfertigung-datum manuell="ja">2004-06-04</ausfertigung-datum><fundstelle typ="amtlich"><periodikum>BGBl II</periodikum><zitstelle>2004, 1655</zitstelle></fundstelle><langue>Drittes Zusatzprotokoll zum Abkommen vom 16. Juni 1959
zwischen der Bundesrepublik Deutschland und dem Königreich der
Niederlande zur Vermeidung der Doppelbesteuerung auf dem Gebiete der Steuern
vom Einkommen und vom Vermögen sowie verschiedener sonstiger Steuern und zur
Regelung anderer Fragen auf steuerlichem Gebiete</langue></metadaten><textdaten><text format="decorated"/><fussnoten><Content><P>G v. 15.12.2004 II 1653</P><P><BR/> In Kraft gem. Bek. v. 6.1.2005 II 101 mWv 30.12.2004</P></Content></fussnoten></textdaten></norm>
</dokumente>