<?xml version="1.0" encoding="UTF-8" ?><!DOCTYPE dokumente SYSTEM "http://www.gesetze-im-internet.de/dtd/1.01/gii-norm.dtd">
<dokumente builddate="20131008093519" doknr="BJNR010370974"><norm builddate="20131008093519" doknr="BJNR010370974"><metadaten><jurabk>DIndBVermVerwG</jurabk><ausfertigung-datum manuell="ja">1974-05-03</ausfertigung-datum><fundstelle typ="amtlich"><periodikum>BGBl I</periodikum><zitstelle>1974, 1037</zitstelle></fundstelle><langue>Gesetz über die Verwendung des Vermögens der Deutschen Industriebank</langue></metadaten><textdaten><text format="XML"><Content><P/></Content></text><fussnoten><Content><P>(+++ Textnachweis ab:  8. 5.1974 +++)</P></Content></fussnoten></textdaten></norm>
<norm builddate="20131008093519" doknr="BJNR010370974BJNE000100325"><metadaten><jurabk>DIndBVermVerwG</jurabk><enbez>Eingangsformel</enbez></metadaten><textdaten><text format="XML"><Content><P>Der Bundestag hat mit Zustimmung des Bundesrates das folgende Gesetz beschlossen:</P></Content></text></textdaten></norm>
<norm builddate="20131008093519" doknr="BJNR010370974BJNE000200325"><metadaten><jurabk>DIndBVermVerwG</jurabk><enbez>§ 1</enbez></metadaten><textdaten><text format="XML"><Content><P>(1) Das Vermögen der Deutschen Industriebank darf im Wege der Verschmelzung auf die Industriekreditbank Aktiengesellschaft übertragen werden. Auf die Verschmelzung finden die Vorschriften des Aktiengesetzes und § 25 der Dritten Durchführungsverordnung zum Aktiengesetz vom 21. Dezember 1938 (Reichsgesetzbl. I S. 1839) Anwendung.</P><P>(2) Die Verschmelzung darf in das Handelsregister des Sitzes der übertragenden Gesellschaft erst eingetragen werden, nachdem durch mindestens drei von der Hauptversammlung gewählte Mitglieder des Aufsichtsrats der Deutschen Industriebank und durch die Bundesrepublik Deutschland, vertreten durch den Bundesminister der Finanzen, zum Zwecke der Verwendung des Vermögens der Deutschen Industriebank eine Stiftung des privaten Rechts gegründet und genehmigt worden ist, deren Satzung sicherstellt, daß <DL Font="normal" Type="arabic"><DT>1.</DT><DD Font="normal"><LA Size="normal">die Stiftung ausschließlich der Förderung der gewerblichen Wirtschaft dient,</LA></DD> <DT>2.</DT><DD Font="normal"><LA Size="normal">die Stiftung ein Organ erhält, das die Geschäftsführung des Vorstandes zu überwachen hat,</LA></DD> <DT>3.</DT><DD Font="normal"><LA Size="normal">die Bundesrepublik Deutschland sowie die Länder Nordrhein-Westfalen und Berlin in dem in Nummer 2 genannten Organ vertreten sind,</LA></DD> <DT>4.</DT><DD Font="normal"><LA Size="normal">die Veräußerung von Aktien der Industriekreditbank Aktiengesellschaft aus dem Stiftungsvermögen sowie eine Änderung der Satzung gegen die Mehrheit der Stimmen der Vertreter der in Nummer 3 genannten Körperschaften nicht erfolgen kann.</LA></DD> </DL></P></Content> </text></textdaten></norm>
<norm builddate="20131008093519" doknr="BJNR010370974BJNE000300325"><metadaten><jurabk>DIndBVermVerwG</jurabk><enbez>§ 2</enbez></metadaten><textdaten><text format="XML"><Content><P>Mit der Eintragung der Verschmelzung in das Handelsregister des Sitzes der übertragenden Gesellschaft wird die gemäß § 1 Abs. 2 errichtete Stiftung an Stelle der bisherigen Aktionäre der übertragenden Aktiengesellschaft Aktionär der übernehmenden Gesellschaft.</P></Content></text></textdaten></norm>
<norm builddate="20131008093519" doknr="BJNR010370974BJNE000400325"><metadaten><jurabk>DIndBVermVerwG</jurabk><enbez>§ 3</enbez></metadaten><textdaten><text format="XML"><Content><P>-</P></Content></text><fussnoten/></textdaten></norm>
<norm builddate="20131008093519" doknr="BJNR010370974BJNE000500325"><metadaten><jurabk>DIndBVermVerwG</jurabk><enbez>§ 4</enbez></metadaten><textdaten><text format="XML"><Content><P>(1) Die Deutsche Industriebank bleibt auch nach dem Inkrafttreten dieses Gesetzes eine Aktiengesellschaft. Die für Aktiengesellschaften geltenden Vorschriften sind auf sie von diesem Zeitpunkt an vorbehaltlich des Absatzes 2 uneingeschränkt anzuwenden.</P><P>(2) Die Deutsche Industriebank darf ihre bisherige Firma beibehalten. Die §§ 23, 25 der Dritten Durchführungsverordnung zum Aktiengesetz sind noch bis zur Eintragung der Verschmelzung in das Handelsregister am Sitz der Deutschen Industriebank anzuwenden.</P></Content> </text></textdaten></norm>
<norm builddate="20131008093519" doknr="BJNR010370974BJNE000600325"><metadaten><jurabk>DIndBVermVerwG</jurabk><enbez>§ 5</enbez></metadaten><textdaten><text format="XML"><Content><P>-</P></Content></text><fussnoten/></textdaten></norm>
<norm builddate="20131008093519" doknr="BJNR010370974BJNE000700325"><metadaten><jurabk>DIndBVermVerwG</jurabk><enbez>§ 6</enbez></metadaten><textdaten><text format="XML"><Content><P>Dieses Gesetz gilt nach Maßgabe des § 13 Abs. 1 des Dritten Überleitungsgesetzes vom 4. Januar 1952 (Bundesgesetzbl. I S. 1) auch im Land Berlin.</P></Content></text></textdaten></norm>
<norm builddate="20131008093519" doknr="BJNR010370974BJNE000800325"><metadaten><jurabk>DIndBVermVerwG</jurabk><enbez>§ 7</enbez></metadaten><textdaten><text format="XML"><Content><P>Dieses Gesetz tritt am Tage nach seiner Verkündung in Kraft.</P></Content></text></textdaten></norm>
</dokumente>