<?xml version="1.0" encoding="UTF-8" ?><!DOCTYPE dokumente SYSTEM "http://www.gesetze-im-internet.de/dtd/1.01/gii-norm.dtd">
<dokumente builddate="20120625150454" doknr="BJNR202530955"><norm builddate="20120625150454" doknr="BJNR202530955"><metadaten><jurabk>StrKrAufenthVtrG</jurabk><ausfertigung-datum manuell="ja">1955-03-24</ausfertigung-datum><fundstelle typ="amtlich"><periodikum>BGBl II</periodikum><zitstelle>1955, 253</zitstelle></fundstelle><langue>Gesetz, betreffend den Vertrag vom 23. Oktober 1954 über den Aufenthalt
ausländischer Streitkräfte in der Bundesrepublik Deutschland</langue></metadaten><textdaten><text format="decorated"/><fussnoten><Content><P>Überschrift: Diese Vorschrift gilt nicht in Berlin (West) gem. § 3 Nr. 3 G v. 25.9.1990 I 2106 und nicht in dem in Artikel 3 des Einigungsvertrages genannten Gebiet gem. Anl. I Kap. I Nr. 3 EinigVtr v. 31.8.1990 iVm Art. 1 G v. 23.9.1990 II 885, 908</P></Content></fussnoten></textdaten></norm>
</dokumente>