<?xml version="1.0" encoding="UTF-8" ?><!DOCTYPE dokumente SYSTEM "http://www.gesetze-im-internet.de/dtd/1.01/gii-norm.dtd">
<dokumente builddate="20120625150626" doknr="BJNR232509994"><norm builddate="20120625150626" doknr="BJNR232509994"><metadaten><jurabk>PTNeuOG</jurabk><amtabk>PTNeuOG</amtabk><ausfertigung-datum manuell="ja">1994-09-14</ausfertigung-datum><fundstelle typ="amtlich"><periodikum>BGBl I</periodikum><zitstelle>1994, 2325 (1996 I 103)</zitstelle></fundstelle><kurzue>Postneuordnungsgesetz</kurzue><langue>Gesetz zur Neuordnung des Postwesens und der Telekommunikation</langue><standangabe checked="ja"><standtyp>Stand</standtyp><standkommentar>Geändert durch Art. 2 Abs. 29 G v. 17.12.1997 I 3108</standkommentar></standangabe></metadaten><textdaten><fussnoten><Content><P>(+++ Textnachweis ab: 1.1.1995 +++)</P><P><BR/> Art. 1: BAPostG 900-10-1 <BR/>Art. 2: PostSVOrgG 900-10-2 <BR/>Art. 3: PostUmwG 900-10-3 <BR/>Art. 4: PostPersRG 900-10-4 <BR/>Art. 5 u. 6: Änderungsvorschrift <BR/>Art. 7: PTRegG 900-10-5 <BR/>Art. 8 u. 9: Änderungsvorschrift <BR/>Art. 10: PTSG 900-10-6 <BR/>Art. 11: PTStiftG 900-10-7 <BR/>Art. 12: Änderungsvorschrift <BR/>Art. 13: Außerkrafttreten/Übergangsvorschriften <BR/>Art. 14: Rückkehr zum einheitlichen Verordnungsrang <BR/>Art. 15: Inkrafttreten</P></Content></fussnoten></textdaten></norm>
<norm builddate="20120625150626" doknr="BJNR232509994BJNE001400320"><metadaten><jurabk>PTNeuOG</jurabk><gliederungseinheit><gliederungskennzahl>000</gliederungskennzahl><gliederungsbez>-</gliederungsbez></gliederungseinheit><enbez>Eingangsformel</enbez></metadaten><textdaten><text format="XML"><Content><P>Der Bundestag hat mit Zustimmung des Bundesrates das folgende Gesetz beschlossen:</P></Content></text></textdaten></norm>
<norm builddate="20120625150626" doknr="BJNR232509994BJNG000100320"><metadaten><jurabk>PTNeuOG</jurabk><gliederungseinheit><gliederungskennzahl>010</gliederungskennzahl><gliederungsbez>Art 1</gliederungsbez></gliederungseinheit></metadaten><textdaten><text format="XML"><Content><P/></Content></text><fussnoten/></textdaten></norm>
<norm builddate="20120625150626" doknr="BJNR232509994BJNG000200320"><metadaten><jurabk>PTNeuOG</jurabk><gliederungseinheit><gliederungskennzahl>020</gliederungskennzahl><gliederungsbez>Art 2</gliederungsbez></gliederungseinheit></metadaten><textdaten><text format="XML"><Content><P/></Content></text><fussnoten/></textdaten></norm>
<norm builddate="20120625150626" doknr="BJNR232509994BJNG000300320"><metadaten><jurabk>PTNeuOG</jurabk><gliederungseinheit><gliederungskennzahl>030</gliederungskennzahl><gliederungsbez>Art 3</gliederungsbez></gliederungseinheit></metadaten><textdaten><text format="XML"><Content><P/></Content></text><fussnoten/></textdaten></norm>
<norm builddate="20120625150626" doknr="BJNR232509994BJNG000400320"><metadaten><jurabk>PTNeuOG</jurabk><gliederungseinheit><gliederungskennzahl>040</gliederungskennzahl><gliederungsbez>Art 4</gliederungsbez></gliederungseinheit></metadaten><textdaten><text format="XML"><Content><P/></Content></text><fussnoten/></textdaten></norm>
<norm builddate="20120625150626" doknr="BJNR232509994BJNG000500320"><metadaten><jurabk>PTNeuOG</jurabk><gliederungseinheit><gliederungskennzahl>050</gliederungskennzahl><gliederungsbez>Art 5 u. 6</gliederungsbez></gliederungseinheit></metadaten><textdaten><text format="XML"><Content><P/></Content></text><fussnoten/></textdaten></norm>
<norm builddate="20120625150626" doknr="BJNR232509994BJNG000600320"><metadaten><jurabk>PTNeuOG</jurabk><gliederungseinheit><gliederungskennzahl>070</gliederungskennzahl><gliederungsbez>Art 7</gliederungsbez></gliederungseinheit></metadaten><textdaten><text format="XML"><Content><P/></Content></text><fussnoten/></textdaten></norm>
<norm builddate="20120625150626" doknr="BJNR232509994BJNG000700320"><metadaten><jurabk>PTNeuOG</jurabk><gliederungseinheit><gliederungskennzahl>080</gliederungskennzahl><gliederungsbez>Art 8 u. 9</gliederungsbez></gliederungseinheit></metadaten><textdaten><text format="XML"><Content><P/></Content></text><fussnoten/></textdaten></norm>
<norm builddate="20120625150626" doknr="BJNR232509994BJNG000800320"><metadaten><jurabk>PTNeuOG</jurabk><gliederungseinheit><gliederungskennzahl>100</gliederungskennzahl><gliederungsbez>Art 10</gliederungsbez></gliederungseinheit></metadaten><textdaten><text format="XML"><Content><P/></Content></text><fussnoten/></textdaten></norm>
<norm builddate="20120625150626" doknr="BJNR232509994BJNG000900320"><metadaten><jurabk>PTNeuOG</jurabk><gliederungseinheit><gliederungskennzahl>110</gliederungskennzahl><gliederungsbez>Art 11</gliederungsbez></gliederungseinheit></metadaten><textdaten><text format="XML"><Content><P/></Content></text><fussnoten/></textdaten></norm>
<norm builddate="20120625150626" doknr="BJNR232509994BJNG001001307"><metadaten><jurabk>PTNeuOG</jurabk><gliederungseinheit><gliederungskennzahl>120</gliederungskennzahl><gliederungsbez>Art 12</gliederungsbez></gliederungseinheit></metadaten><textdaten><text format="XML"><Content><P/></Content></text><fussnoten/></textdaten></norm>
<norm builddate="20120625150626" doknr="BJNR232509994BJNG001100320"><metadaten><jurabk>PTNeuOG</jurabk><gliederungseinheit><gliederungskennzahl>130</gliederungskennzahl><gliederungsbez>Art 13</gliederungsbez><gliederungstitel>Außerkrafttreten bisherigen Rechts
und Übergangsvorschriften</gliederungstitel></gliederungseinheit></metadaten><textdaten><text format="XML"><Content><P/></Content></text></textdaten></norm>
<norm builddate="20120625150626" doknr="BJNR232509994BJNE001500320"><metadaten><jurabk>PTNeuOG</jurabk><gliederungseinheit><gliederungskennzahl>130</gliederungskennzahl><gliederungsbez>Art 13</gliederungsbez></gliederungseinheit><enbez>§ 1</enbez></metadaten><textdaten><text format="XML"><Content><P>-</P></Content></text><fussnoten/></textdaten></norm>
<norm builddate="20120625150626" doknr="BJNR232509994BJNE001600320"><metadaten><jurabk>PTNeuOG</jurabk><gliederungseinheit><gliederungskennzahl>130</gliederungskennzahl><gliederungsbez>Art 13</gliederungsbez></gliederungseinheit><enbez>§ 2</enbez></metadaten><textdaten><text format="XML"><Content><P>§ 63 Abs. 1 bis 3 des Postverfassungsgesetzes gilt im Jahr 1995 noch mit den folgenden Maßgaben fort: <BR/>Schuldner der Ablieferung sind die Deutsche Post AG, die Deutsche Postbank AG und die Deutsche Telekom AG jeweils in Höhe des sie betreffenden Anteils. Der für das Jahr 1994 maßgebliche Aufteilungsmaßstab zwischen der Deutschen Bundespost POSTDIENST, der Deutschen Bundespost POSTBANK und der Deutschen Bundespost TELEKOM sowie die für 1994 geltenden Zahlungsmodalitäten sind entsprechend anzuwenden.</P></Content></text></textdaten></norm>
<norm builddate="20120625150626" doknr="BJNR232509994BJNE001700320"><metadaten><jurabk>PTNeuOG</jurabk><gliederungseinheit><gliederungskennzahl>130</gliederungskennzahl><gliederungsbez>Art 13</gliederungsbez></gliederungseinheit><enbez>§ 3</enbez></metadaten><textdaten><text format="XML"><Content><P>Für das Geschäftsjahr 1994 stellt der Vorstand des jeweiligen Nachfolgeunternehmens einen Jahresabschluß und einen Lagebericht in entsprechender Anwendung von § 44 des Postverfassungsgesetzes auf. Prüfung und Entlastung des Vorstands erfolgen in entsprechender Anwendung von § 45 des Postverfassungsgesetzes. Der Bundesrechnungshof übermittelt für alle Jahresabschlüsse 1994 einen gemeinsamen Prüfungsbericht an das Bundesministerium für Post und Telekommunikation, das unter Berücksichtigung der Prüfungsberichte der Abschlußprüfer und des Bundesrechnungshofes über die Entlastung entscheidet.</P></Content></text></textdaten></norm>
<norm builddate="20120625150626" doknr="BJNR232509994BJNE001800320"><metadaten><jurabk>PTNeuOG</jurabk><gliederungseinheit><gliederungskennzahl>130</gliederungskennzahl><gliederungsbez>Art 13</gliederungsbez></gliederungseinheit><enbez>§ 4</enbez><titel format="parat">Auflösung und Rechtsnachfolge der
&quot;Kaiser-Wilhelm-Stiftung für die Angehörigen der deutschen
Reichs-Postverwaltung&quot;</titel></metadaten><textdaten><text format="XML"><Content><P>(1) Mit Inkrafttreten dieses Gesetzes wird die durch Gesetz vom 20. Juni 1872 (RGBl. S. 210) errichtete &quot;Kaiser-Wilhelm-Stiftung für die Angehörigen der deutschen Reichs-Postverwaltung&quot; mit Sitz in Berlin aufgelöst.</P><P>(2) Die mit Wirkung vom 31. März 1971 errichtete &quot;Studienstiftung der Deutschen Bundespost&quot; mit Sitz in Stuttgart wird Rechtsnachfolgerin der aufgelösten Stiftung. Das Vermögen der aufgelösten Stiftung wird Bestandteil des Stiftungsvermögens der &quot;Studienstiftung der Deutschen Bundespost&quot;.</P></Content> </text></textdaten></norm>
<norm builddate="20120625150626" doknr="BJNR232509994BJNG001200320"><metadaten><jurabk>PTNeuOG</jurabk><gliederungseinheit><gliederungskennzahl>140</gliederungskennzahl><gliederungsbez>Art 14</gliederungsbez><gliederungstitel>Rückkehr zum einheitlichen
Verordnungsrang</gliederungstitel></gliederungseinheit></metadaten><textdaten><text format="XML"><Content><P>Die mit diesem Gesetz geänderten Rechtsverordnungen können auf Grund der jeweils einschlägigen Ermächtigung durch Rechtsverordnung geändert werden.</P></Content></text></textdaten></norm>
<norm builddate="20120625150626" doknr="BJNR232509994BJNG001300320"><metadaten><jurabk>PTNeuOG</jurabk><gliederungseinheit><gliederungskennzahl>150</gliederungskennzahl><gliederungsbez>Art 15</gliederungsbez><gliederungstitel>Inkrafttreten</gliederungstitel></gliederungseinheit></metadaten><textdaten><text format="XML"><Content><P>(1) Dieses Gesetz tritt am 1. Januar 1995 in Kraft.</P><P>(2) Artikel 9 des Eisenbahnneuordnungsgesetzes vom 27. Dezember 1993 (BGBl. I S. 2378) tritt, soweit die Bestimmungen Beamte der Deutschen Bundespost betreffen, am Tage nach der Verkündung dieses Gesetzes in Kraft.</P></Content> </text></textdaten></norm>
</dokumente>