<?xml version="1.0" encoding="UTF-8" ?><!DOCTYPE dokumente SYSTEM "http://www.gesetze-im-internet.de/dtd/1.01/gii-norm.dtd">
<dokumente builddate="20130405130250" doknr="BJNR028100995"><norm builddate="20130405130250" doknr="BJNR028100995"><metadaten><jurabk>BKOrgErl1995Bek</jurabk><ausfertigung-datum manuell="ja">1995-02-03</ausfertigung-datum><fundstelle typ="amtlich"><periodikum>BGBl I</periodikum><zitstelle>1995, 281</zitstelle></fundstelle><langue>Bekanntmachung des Organisationserlasses des Bundeskanzlers</langue></metadaten><textdaten><text format="XML"><Content><P/></Content></text><fussnoten><Content><P>(+++ Textnachweis ab:  3. 2.1995 +++)</P></Content></fussnoten></textdaten></norm>
<norm builddate="20130405130250" doknr="BJNR028100995BJNE000100307"><metadaten><jurabk>BKOrgErl1995Bek</jurabk><enbez>(XXXX)</enbez></metadaten><textdaten><text format="XML"><Content><P>Nachstehend mache ich den Organisationserlaß des Bundeskanzlers vom 3. Februar 1995 bekannt, der mit sofortiger Wirkung in Kraft getreten ist: <BR/>&quot;Gemäß § 9 der Geschäftsordnung der Bundesregierung ordne ich mit sofortiger Wirkung an: <DL Font="normal" Type="arabic"><DT>1.</DT><DD Font="normal"><LA Size="normal">Der Bundesminister für Raumordnung, Bauwesen und Städtebau wird beauftragt, den Umzug in die Hauptstadt Berlin und den Ausgleich für die Region der Bundesstadt Bonn zu koordinieren.</LA></DD><DT>2.</DT><DD Font="normal"><LA Size="normal">Deshalb wird aus dem Geschäftsbereich des Bundesministeriums des Innern die Zuständigkeit für den Arbeitsstab Berlin/Bonn auf das Bundesministerium für Raumordnung, Bauwesen und Städtebau übertragen.</LA></DD><DT>3.</DT><DD Font="normal"><LA Size="normal">Alle Bundesministerien werden das Bundesministerium für Raumordnung, Bauwesen und Städtebau bei der Erfüllung seiner Aufgabe unterstützen, es insbesondere mit allen dafür erforderlichen Informationen versehen.</LA></DD><DT>4.</DT><DD Font="normal"><LA Size="normal">Die weiteren Einzelheiten werden zwischen den Bundesministerien des Innern, der Finanzen, für Verkehr und für Raumordnung, Bauwesen und Städtebau vereinbart und dem Chef des Bundeskanzleramtes mitgeteilt.&quot;</LA></DD></DL><SP>Der Chef des Bundeskanzleramtes</SP></P></Content></text></textdaten></norm>
</dokumente>