<?xml version="1.0" encoding="UTF-8" ?><!DOCTYPE dokumente SYSTEM "http://www.gesetze-im-internet.de/dtd/1.01/gii-norm.dtd">
<dokumente builddate="20120625151826" doknr="BJNR205980977"><norm builddate="20120625151826" doknr="BJNR205980977"><metadaten><jurabk>StaatenlMindÜbk</jurabk><ausfertigung-datum manuell="ja">1961-08-30</ausfertigung-datum><fundstelle typ="amtlich"><periodikum>BGBl II</periodikum><zitstelle>1977, 598</zitstelle></fundstelle><langue>Übereinkommen zur Verminderung der Staatenlosigkeit</langue></metadaten><textdaten><text format="decorated"/><fussnoten><Content><P>G v. 29.6.1977 II 597 <BR/>Inkraft gem. Bek. v. 26.10.1977 II 1217 mWv 29.11.1977</P></Content></fussnoten></textdaten></norm>
</dokumente>