<?xml version="1.0" encoding="UTF-8" ?><!DOCTYPE dokumente SYSTEM "http://www.gesetze-im-internet.de/dtd/1.01/gii-norm.dtd">
<dokumente builddate="20120625151606" doknr="BJNR017890991"><norm builddate="20120625151606" doknr="BJNR017890991"><metadaten><jurabk>BPräsAmtsbezAnO 1991</jurabk><ausfertigung-datum manuell="ja">1991-07-30</ausfertigung-datum><fundstelle typ="amtlich"><periodikum>BGBl I</periodikum><zitstelle>1991, 1789</zitstelle></fundstelle><langue>Anordnung des Bundespräsidenten über die Festsetzung einer
Amtsbezeichnung</langue></metadaten><textdaten><text format="XML"><Content><P/></Content></text><fussnoten><Content><P>(+++ Textnachweis ab: 23. 8.1991 +++)</P></Content></fussnoten></textdaten></norm>
<norm builddate="20120625151606" doknr="BJNR017890991BJNE000100307"><metadaten><jurabk>BPräsAmtsbezAnO 1991</jurabk><enbez>(XXXX)</enbez></metadaten><textdaten><text format="XML"><Content><P>Gemäß § 81 Abs. 1 des Bundesbeamtengesetzes setze ich folgende Amtsbezeichnung fest: <BR/>&quot;Präsident des Amtes für den Militärischen Abschirmdienst&quot;.</P></Content></text></textdaten></norm>
</dokumente>