<?xml version="1.0" encoding="UTF-8" ?><!DOCTYPE dokumente SYSTEM "http://www.gesetze-im-internet.de/dtd/1.01/gii-norm.dtd">
<dokumente builddate="20130405131854" doknr="BJNR188210001"><norm builddate="20130405131854" doknr="BJNR188210001"><metadaten><jurabk>ZensTeG</jurabk><amtabk>ZensTeG</amtabk><ausfertigung-datum manuell="ja">2001-07-27</ausfertigung-datum><fundstelle typ="amtlich"><periodikum>BGBl I</periodikum><zitstelle>2001, 1882</zitstelle></fundstelle><kurzue>Zensustestgesetz</kurzue><langue>Gesetz zur Erprobung eines registergestützten Zensus</langue></metadaten><textdaten><text format="XML"><Content><P/></Content></text><fussnoten><Content><P>(+++ Textnachweis ab:  3. 8.2001 +++)</P><P><BR/> Das G wurde als Artikel 1 d. G v. 27.7.2001 I 1882 vom Bundestag mit Zustimmung des Bundesrates erlassen. Es ist gem. Art. 3 dieser G mWv 3.8.2001 in Kraft getreten</P></Content></fussnoten></textdaten></norm>
<norm builddate="20130405131854" doknr="BJNR188210001BJNE000100305"><metadaten><jurabk>ZensTeG</jurabk><enbez>§ 1</enbez><titel format="parat">Anordnung von Testerhebungen und -verfahren</titel></metadaten><textdaten><text format="XML"><Content><P>(1) Zur Erprobung eines registergestützten Zensusverfahrens werden Testerhebungen, Untersuchungen von Registern und statistisch-methodische Untersuchungen als Bundesstatistik durchgeführt.</P><P>(2) Die Testerhebungen umfassen <DL Font="normal" Type="arabic"><DT>1.</DT><DD Font="normal"><LA Size="normal">eine Stichprobenerhebung bei allen Meldebehörden,</LA></DD> <DT>2.</DT><DD Font="normal"><LA Size="normal">Stichprobenerhebungen bei Meldebehörden in ausgewählten Gemeinden und bei Personen in ausgewählten Gebäuden,</LA></DD> <DT>3.</DT><DD Font="normal"><LA Size="normal">eine postalische Gebäude- und Wohnungsstichprobe in ausgewählten Gemeinden,</LA></DD> <DT>4.</DT><DD Font="normal"><LA Size="normal">eine Stichprobenerhebung bei der Bundesanstalt für Arbeit.</LA></DD> </DL> </P><P>(3) Erhebungseinheiten sind Personen, Haushalte, Gebäude mit Wohnraum und Wohnungen.</P></Content> </text></textdaten></norm>
<norm builddate="20130405131854" doknr="BJNR188210001BJNE000200305"><metadaten><jurabk>ZensTeG</jurabk><enbez>§ 2</enbez><titel format="parat">Testerhebung zur Prüfung von Mehrfachmeldungen
in Melderegistern</titel></metadaten><textdaten><text format="XML"><Content><P>(1) Bei allen Meldebehörden wird zur Prüfung von Mehrfachmeldungen eine Stichprobenerhebung durchgeführt, die sich auf <DL Font="normal" Type="arabic"><DT>1.</DT><DD Font="normal"><LA Size="normal">Einwohner aller Geburtsjahrgänge, die am 1. Januar, 15. Mai und 1. September geboren sind, und</LA></DD> <DT>2.</DT><DD Font="normal"><LA Size="normal">alle Einwohner mit unvollständig eingetragenem Geburtsdatum</LA></DD> </DL>erstreckt, die zu den Stichtagen 5. Dezember 2001 und 31. März 2002 in der Gemeinde mit alleiniger Wohnung, Haupt- oder Nebenwohnung gemeldet sind.</P><P>(2) Aus den Melderegistern werden für die in Absatz 1 bezeichneten Einwohner folgende Merkmale erhoben: <DL Font="normal" Type="arabic"><DT>1.</DT><DD Font="normal"><LA Size="normal">als Erhebungsmerkmale:<DL Font="normal" Type="arabic"><DT>a)</DT><DD Font="normal"><LA Size="normal">Geburtsmonat und -jahr,</LA></DD> <DT>b)</DT><DD Font="normal"><LA Size="normal">Geschlecht,</LA></DD> <DT>c)</DT><DD Font="normal"><LA Size="normal">Staatsangehörigkeiten,</LA></DD> <DT>d)</DT><DD Font="normal"><LA Size="normal">bei im Ausland Geborenen: Geburtsstaat,</LA></DD> <DT>e)</DT><DD Font="normal"><LA Size="normal">Familienstand,</LA></DD> <DT>f)</DT><DD Font="normal"><LA Size="normal">Wohnort,</LA></DD> <DT>g)</DT><DD Font="normal"><LA Size="normal">Status der Wohnung (alleinige Wohnung, Haupt- oder Nebenwohnung);</LA></DD> </DL></LA></DD> <DT>2.</DT><DD Font="normal"><LA Size="normal">als Hilfsmerkmale:<DL Font="normal" Type="arabic"><DT>a)</DT><DD Font="normal"><LA Size="normal">Namen, Vornamen,</LA></DD> <DT>b)</DT><DD Font="normal"><LA Size="normal">gegenwärtige Anschriften,</LA></DD> <DT>c)</DT><DD Font="normal"><LA Size="normal">Tag der Geburt,</LA></DD> <DT>d)</DT><DD Font="normal"><LA Size="normal">Geburtsort,</LA></DD> <DT>e)</DT><DD Font="normal"><LA Size="normal">Standesamt und Nummer des Geburtseintrags,</LA></DD> <DT>f)</DT><DD Font="normal"><LA Size="normal">Anschrift und Status der künftigen Wohnung oder der Wohnung, in die der Einwohner laut Rückmeldung verzogen ist,</LA></DD> <DT>g)</DT><DD Font="normal"><LA Size="normal">Anschrift und Status der Wohnung in der Gemeinde, aus der der Einwohner zugezogen ist,</LA></DD> <DT>h)</DT><DD Font="normal"><LA Size="normal">Zuzug aus dem Ausland,</LA></DD> <DT>i)</DT><DD Font="normal"><LA Size="normal">Anschrift der zuletzt bewohnten Wohnung in der Gemeinde,</LA></DD> <DT>j)</DT><DD Font="normal"><LA Size="normal">Datum des Beziehens der Wohnung,</LA></DD> <DT>k)</DT><DD Font="normal"><LA Size="normal">Datum des Auszugs aus der Wohnung,</LA></DD> <DT>l)</DT><DD Font="normal"><LA Size="normal">Datum des Fortzugs ins Ausland,</LA></DD> <DT>m)</DT><DD Font="normal"><LA Size="normal">Datum der Anmeldung bei der Meldebehörde,</LA></DD> <DT>n)</DT><DD Font="normal"><LA Size="normal">Datum der Abmeldung bei der Meldebehörde,</LA></DD> <DT>o)</DT><DD Font="normal"><LA Size="normal">Datum des Wohnungsstatuswechsels.</LA></DD> </DL> </LA></DD> </DL></P><P>(3) Von den Meldebehörden werden folgende Hilfsmerkmale erhoben: <DL Font="normal" Type="arabic"><DT>1.</DT><DD Font="normal"><LA Size="normal">Bezeichnung und Anschrift der Meldebehörde,</LA></DD> <DT>2.</DT><DD Font="normal"><LA Size="normal">Name und Telekommunikationsnummer der Person, die für Rückfragen zur Verfügung steht,</LA></DD> <DT>3.</DT><DD Font="normal"><LA Size="normal">Bezeichnung und Anschrift der mit der Datenverarbeitung beauftragten Stelle,</LA></DD> <DT>4.</DT><DD Font="normal"><LA Size="normal">technische Gegebenheiten der Führung des Melderegisters (Betriebssystem, Software, Möglichkeiten des Datentransfers).</LA></DD> </DL> </P><P>(4) Die Meldebehörden übermitteln den zuständigen statistischen Ämtern der Länder gemeindeweise die Zahl der gemeldeten Einwohner nach Deutschen und Ausländern sowie Status der Wohnung zum Stichtag 5. Dezember 2001.</P></Content> </text></textdaten></norm>
<norm builddate="20130405131854" doknr="BJNR188210001BJNE000300305"><metadaten><jurabk>ZensTeG</jurabk><enbez>§ 3</enbez><titel format="parat">Mehrfachfalluntersuchung durch die statistischen
Ämter</titel></metadaten><textdaten><text format="XML"><Content><P>(1) Die statistischen Ämter der Länder übermitteln die Angaben zu § 2 Abs. 2 nach Abschluss der Vollzähligkeits- und Vollständigkeitsprüfung unverzüglich an das Statistische Bundesamt.</P><P>(2) Das Statistische Bundesamt prüft, ob ein Einwohner für mehr als eine alleinige Wohnung oder Hauptwohnung oder nur für Nebenwohnungen gemeldet worden ist. Es teilt diese Fälle den zuständigen statistischen Ämtern der Länder mit.</P><P>(3) Die zuständigen statistischen Ämter der Länder befragen die betroffenen Einwohner gemäß Absatz 2, in welcher Gemeinde sie am Stichtag tatsächlich gewohnt haben; dabei werden folgende Merkmale erhoben: <DL Font="normal" Type="arabic"><DT>1.</DT><DD Font="normal"><LA Size="normal">als Erhebungsmerkmale:<DL Font="normal" Type="arabic"><DT>a)</DT><DD Font="normal"><LA Size="normal">Geburtsmonat und -jahr,</LA></DD> <DT>b)</DT><DD Font="normal"><LA Size="normal">Geschlecht,</LA></DD> <DT>c)</DT><DD Font="normal"><LA Size="normal">Wohnort am 5. Dezember 2001;</LA></DD> </DL></LA></DD> <DT>2.</DT><DD Font="normal"><LA Size="normal">als Hilfsmerkmale:<DL Font="normal" Type="arabic"><DT>a)</DT><DD Font="normal"><LA Size="normal">Namen, Vornamen,</LA></DD> <DT>b)</DT><DD Font="normal"><LA Size="normal">Tag der Geburt,</LA></DD> <DT>c)</DT><DD Font="normal"><LA Size="normal">Geburtsort,</LA></DD> <DT>d)</DT><DD Font="normal"><LA Size="normal">Anschrift der alleinigen oder Hauptwohnung am 5. Dezember 2001.</LA></DD> </DL></LA></DD> </DL></P></Content>  </text></textdaten></norm>
<norm builddate="20130405131854" doknr="BJNR188210001BJNE000400305"><metadaten><jurabk>ZensTeG</jurabk><enbez>§ 4</enbez><titel format="parat">Testerhebung zur Untersuchung von
Über- und Untererfassungen in Melderegistern bei
Meldebehörden und Personen in ausgewählten Gemeinden
und Gebäuden</titel></metadaten><textdaten><text format="XML"><Content><P>(1) Zur Untersuchung von Über- und Untererfassungen in Melderegistern werden in ausgewählten Gemeinden und Gebäuden Stichprobenerhebungen bei Meldebehörden und bei Personen durchgeführt. Der Umfang der Stichprobe beträgt höchstens 570 Gemeinden und höchstens 38.000 Gebäude. Sie werden nach mathematischen Zufallsverfahren ausgewählt.</P><P>(2) Zur Auswahl der Gebäude teilen die ausgewählten Gemeinden den zuständigen statistischen Ämtern der Länder die Anschriften aller Gebäude mit Wohnraum und je Gebäude die Zahl der gemeldeten Personen sowie die Anschriften aller Anstaltsgebäude mit.</P><P>(3) Bei den Meldebehörden der ausgewählten Gemeinden werden für die in den ausgewählten Gebäuden zu den Stichtagen 5. Dezember 2001 und 31. März 2002 gemeldeten Personen folgende Merkmale erhoben: <DL Font="normal" Type="arabic"><DT>1.</DT><DD Font="normal"><LA Size="normal">als Erhebungsmerkmale:<DL Font="normal" Type="arabic"><DT>a)</DT><DD Font="normal"><LA Size="normal">Geburtsmonat und -jahr,</LA></DD> <DT>b)</DT><DD Font="normal"><LA Size="normal">Geschlecht,</LA></DD> <DT>c)</DT><DD Font="normal"><LA Size="normal">Staatsangehörigkeiten,</LA></DD> <DT>d)</DT><DD Font="normal"><LA Size="normal">Familienstand,</LA></DD> <DT>e)</DT><DD Font="normal"><LA Size="normal">Wohnort,</LA></DD> <DT>f)</DT><DD Font="normal"><LA Size="normal">Status der Wohnung (alleinige Wohnung, Haupt- oder Nebenwohnung);</LA></DD> </DL></LA></DD> <DT>2.</DT><DD Font="normal"><LA Size="normal">als Hilfsmerkmale:<DL Font="normal" Type="arabic"><DT>a)</DT><DD Font="normal"><LA Size="normal">Namen, Vornamen,</LA></DD> <DT>b)</DT><DD Font="normal"><LA Size="normal">Tag der Geburt,</LA></DD> <DT>c)</DT><DD Font="normal"><LA Size="normal">gegenwärtige Anschriften,</LA></DD> <DT>d)</DT><DD Font="normal"><LA Size="normal">Datum des Beziehens der Wohnung,</LA></DD> <DT>e)</DT><DD Font="normal"><LA Size="normal">Datum des Auszugs aus der Wohnung,</LA></DD> <DT>f)</DT><DD Font="normal"><LA Size="normal">Datum der Anmeldung bei der Meldebehörde,</LA></DD> <DT>g)</DT><DD Font="normal"><LA Size="normal">Datum der Abmeldung bei der Meldebehörde,</LA></DD> <DT>h)</DT><DD Font="normal"><LA Size="normal">Datum des Wohnungsstatuswechsels,</LA></DD> <DT>i)</DT><DD Font="normal"><LA Size="normal">Ordnungsmerkmal der Meldebehörde für die gemeldete Person.</LA></DD> </DL> </LA></DD> </DL></P><P>(4) Bei den in den ausgewählten Gebäuden wohnenden Personen werden zum Stichtag 5. Dezember 2001 die in Absatz 3 Nr. 1 und 2 Buchstabe a bis c bestimmten Merkmale sowie die Telekommunikationsnummer der Person, die für Rückfragen zur Verfügung steht, erhoben.</P><P>(5) Die von den Meldebehörden übermittelten Daten nach Absatz 3 und die Angaben der befragten Personen nach Absatz 4 werden mittels der Hilfsmerkmale verglichen, um festzustellen, ob und in welchem Umfang die Melderegister Unter- oder Übererfassungen aufweisen.</P></Content>   </text></textdaten></norm>
<norm builddate="20130405131854" doknr="BJNR188210001BJNE000500305"><metadaten><jurabk>ZensTeG</jurabk><enbez>§ 5</enbez><titel format="parat">Unterstichprobe für Verfahrenstests und
methodische Untersuchungen</titel></metadaten><textdaten><text format="XML"><Content><P>Für Verfahrenstests, statistisch-methodische Untersuchungen sowie weitere Qualitätsprüfungen werden Stichprobenerhebungen (Zusatzerhebungen bei Meldebehörden und Personen, §§ 6 und 9, eine Gebäude- und Wohnungsstichprobe, § 7, und eine Erhebung bei der Bundesanstalt für Arbeit, § 8) durchgeführt, die sich auf höchstens 230 Gemeinden und höchstens 16.000 Gebäude erstrecken. Die Gemeinden und Gebäude werden aus der Stichprobe nach § 4 Abs. 1 durch mathematische Zufallsverfahren ausgewählt.</P></Content></text></textdaten></norm>
<norm builddate="20130405131854" doknr="BJNR188210001BJNE000600305"><metadaten><jurabk>ZensTeG</jurabk><enbez>§ 6</enbez><titel format="parat">Zusatzerhebungen bei Meldebehörden in ausgewählten
Gemeinden</titel></metadaten><textdaten><text format="XML"><Content><P>Bei den Meldebehörden der nach § 5 ausgewählten Gemeinden werden für die in den nach § 5 ausgewählten Gebäuden zu den Stichtagen 5. Dezember 2001 und 31. März 2002 gemeldeten Personen zusätzlich zu den Merkmalen nach § 4 Abs. 3 folgende Hilfsmerkmale erhoben: <DL Font="normal" Type="arabic"><DT>1.</DT><DD Font="normal"><LA Size="normal">Namen, Vornamen und Geburtsdatum des Ehegatten,</LA></DD> <DT>2.</DT><DD Font="normal"><LA Size="normal">Namen, Vornamen und Geburtsdatum der Kinder,</LA></DD> <DT>3.</DT><DD Font="normal"><LA Size="normal">bei Kindern: Namen, Vornamen und Geburtsdatum des gesetzlichen Vertreters,</LA></DD> <DT>4.</DT><DD Font="normal"><LA Size="normal">Ordnungsmerkmale der Meldebehörde für Ehegatten, Kinder und deren gesetzliche Vertreter,</LA></DD> <DT>5.</DT><DD Font="normal"><LA Size="normal">Datum der letzten Eheschliessung,</LA></DD> <DT>6.</DT><DD Font="normal"><LA Size="normal">Datum der Beendigung der letzten Ehe,</LA></DD> <DT>7.</DT><DD Font="normal"><LA Size="normal">Anschrift und Status der Wohnung in der Gemeinde, aus der der Einwohner zugezogen ist,</LA></DD> <DT>8.</DT><DD Font="normal"><LA Size="normal">Datum des Zuzugs in die Gemeinde,</LA></DD> <DT>9.</DT><DD Font="normal"><LA Size="normal">Zuzug aus dem Ausland,</LA></DD> <DT>10.</DT><DD Font="normal"><LA Size="normal">Anschrift der zuletzt bewohnten Wohnung in der Gemeinde,</LA></DD> <DT>11.</DT><DD Font="normal"><LA Size="normal">Name und Anschrift des Wohnungsgebers.</LA></DD> </DL></P></Content></text></textdaten></norm>
<norm builddate="20130405131855" doknr="BJNR188210001BJNE000700305"><metadaten><jurabk>ZensTeG</jurabk><enbez>§ 7</enbez><titel format="parat">Postalische Gebäude- und Wohnungsstichprobe</titel></metadaten><textdaten><text format="XML"><Content><P>Bei der postalischen Gebäude- und Wohnungsstichprobe in den nach § 5 ausgewählten Gebäuden werden zum Stichtag 5. Dezember 2001 folgende Merkmale erhoben: <DL Font="normal" Type="arabic"><DT>1.</DT><DD Font="normal"><LA Size="normal">als Erhebungsmerkmale:<DL Font="normal" Type="arabic"><DT>a)</DT><DD Font="normal"><LA Size="normal">für das Gebäude:<DL Font="normal" Type="arabic"><DT>aa)</DT><DD Font="normal"><LA Size="normal">Gemeinde,</LA></DD> <DT>bb)</DT><DD Font="normal"><LA Size="normal">Art des Gebäudes (Wohngebäude, Wohnheim, bewohnte Unterkunft, sonstiges Gebäude mit Wohnraum),</LA></DD> <DT>cc)</DT><DD Font="normal"><LA Size="normal">Zahl der Wohnungen im Gebäude,</LA></DD> <DT>dd)</DT><DD Font="normal"><LA Size="normal">Zahl der leerstehenden Wohnungen;</LA></DD> </DL></LA></DD> <DT>b)</DT><DD Font="normal"><LA Size="normal">für jede Wohnung des Gebäudes:<DL Font="normal" Type="arabic"><DT>aa)</DT><DD Font="normal"><LA Size="normal">leerstehende Wohnung,</LA></DD> <DT>bb)</DT><DD Font="normal"><LA Size="normal">gewerbliche Nutzung, Nutzung als Ferien- oder Freizeitwohnung,</LA></DD> <DT>cc)</DT><DD Font="normal"><LA Size="normal">Nutzung durch Angehörige ausländischer Streitkräfte, diplomatischer oder berufskonsularischer Vertretungen,</LA></DD> <DT>dd)</DT><DD Font="normal"><LA Size="normal">Wohnverhältnis (Eigentümer, Hauptmieter, Untermieter),</LA></DD> <DT>ee)</DT><DD Font="normal"><LA Size="normal">Zahl der Personen in der Wohnung,</LA></DD> <DT>ff)</DT><DD Font="normal"><LA Size="normal">Fläche der Wohnung,</LA></DD> <DT>gg)</DT><DD Font="normal"><LA Size="normal">Zahl der Räume mit sechs und mehr Quadratmetern,</LA></DD> <DT>hh)</DT><DD Font="normal"><LA Size="normal">Höhe der monatlichen Miete,</LA></DD> <DT>ii)</DT><DD Font="normal"><LA Size="normal">Ausstattung der Wohnung mit Küche, Kochnische, Bad, WC, Heizungsart;</LA></DD> </DL></LA></DD> </DL></LA></DD> <DT>2.</DT><DD Font="normal"><LA Size="normal">als Hilfsmerkmale:<DL Font="normal" Type="arabic"><DT>a)</DT><DD Font="normal"><LA Size="normal">Anschrift des Gebäudes,</LA></DD> <DT>b)</DT><DD Font="normal"><LA Size="normal">Lage der Wohnung im Gebäude,</LA></DD> <DT>c)</DT><DD Font="normal"><LA Size="normal">Namen, Vornamen und Anschrift des Auskunftspflichtigen,</LA></DD> <DT>d)</DT><DD Font="normal"><LA Size="normal">Telekommunikationsnummer der Person, die für Rückfragen zur Verfügung steht,</LA></DD> <DT>e)</DT><DD Font="normal"><LA Size="normal">Namen und Vornamen der Wohnungsinhaber,</LA></DD> <DT>f)</DT><DD Font="normal"><LA Size="normal">bei vom Eigentümer selbst genutzten Wohnungen: Datum des Einzugs,</LA></DD> <DT>g)</DT><DD Font="normal"><LA Size="normal">bei vermieteten Wohnungen: Beginn des Mietvertrags.</LA></DD> </DL></LA></DD> </DL></P></Content></text></textdaten></norm>
<norm builddate="20130405131855" doknr="BJNR188210001BJNE000800305"><metadaten><jurabk>ZensTeG</jurabk><enbez>§ 8</enbez><titel format="parat">Testerhebung bei der Bundesanstalt für Arbeit</titel></metadaten><textdaten><text format="XML"><Content><P>Bei der Bundesanstalt für Arbeit werden aus der Datei für sozialversicherungspflichtig Beschäftigte, der Arbeitslosendatei und der Datei für Teilnehmer an Maßnahmen zur beruflichen Weiterbildung für die bei ihr in den nach § 5 ausgewählten Gebäuden geführten Personen zum Stichtag 5. Dezember 2001 folgende Merkmale erhoben: <DL Font="normal" Type="arabic"><DT>1.</DT><DD Font="normal"><LA Size="normal">als Erhebungsmerkmale:<DL Font="normal" Type="arabic"><DT>a)</DT><DD Font="normal"><LA Size="normal">Geburtsmonat und -jahr,</LA></DD> <DT>b)</DT><DD Font="normal"><LA Size="normal">Geschlecht,</LA></DD> <DT>c)</DT><DD Font="normal"><LA Size="normal">Wohnort,</LA></DD> <DT>d)</DT><DD Font="normal"><LA Size="normal">Arbeitsort,</LA></DD> <DT>e)</DT><DD Font="normal"><LA Size="normal">Stellung im Beruf;</LA></DD> </DL></LA></DD> <DT>2.</DT><DD Font="normal"><LA Size="normal">als Hilfsmerkmale:<DL Font="normal" Type="arabic"><DT>a)</DT><DD Font="normal"><LA Size="normal">Namen, Vornamen,</LA></DD> <DT>b)</DT><DD Font="normal"><LA Size="normal">Tag der Geburt,</LA></DD> <DT>c)</DT><DD Font="normal"><LA Size="normal">Straße und Hausnummer.</LA></DD> </DL></LA></DD> </DL></P></Content></text></textdaten></norm>
<norm builddate="20130405131855" doknr="BJNR188210001BJNE000900305"><metadaten><jurabk>ZensTeG</jurabk><enbez>§ 9</enbez><titel format="parat">Zusatzerhebung bei Personen in ausgewählten
Gemeinden</titel></metadaten><textdaten><text format="XML"><Content><P>Bei den in den nach § 5 ausgewählten Gebäuden wohnenden Personen werden zum Stichtag 5. Dezember 2001 zusätzlich zu den in § 4 Abs. 4 genannten Merkmalen folgende Merkmale erhoben: <DL Font="normal" Type="arabic"><DT>1.</DT><DD Font="normal"><LA Size="normal">als Erhebungsmerkmale:<DL Font="normal" Type="arabic"><DT>a)</DT><DD Font="normal"><LA Size="normal">Nutzung der Wohnung durch Angehörige ausländischer Streitkräfte, diplomatischer oder berufskonsularischer Vertretungen,</LA></DD> <DT>b)</DT><DD Font="normal"><LA Size="normal">gewerbliche Nutzung, Nutzung als Freizeit- oder Ferienwohnung,</LA></DD> <DT>c)</DT><DD Font="normal"><LA Size="normal">Zahl der Haushalte in der Wohnung und Zahl der Personen im Haushalt,</LA></DD> <DT>d)</DT><DD Font="normal"><LA Size="normal">Wohnverhältnis je Haushalt (Eigentümer, Hauptmieter, Untermieter),</LA></DD> <DT>e)</DT><DD Font="normal"><LA Size="normal">Wohnungs- und Haushaltszugehörigkeit sowie Familienzusammenhang,</LA></DD> <DT>f)</DT><DD Font="normal"><LA Size="normal">Wohn- und Lebensgemeinschaft,</LA></DD> <DT>g)</DT><DD Font="normal"><LA Size="normal">Fläche der Wohnung,</LA></DD> <DT>h)</DT><DD Font="normal"><LA Size="normal">Zahl der Räume mit sechs und mehr Quadratmetern,</LA></DD> <DT>i)</DT><DD Font="normal"><LA Size="normal">Höhe der monatlichen Miete,</LA></DD> <DT>j)</DT><DD Font="normal"><LA Size="normal">Ausstattung der Wohnung mit Küche, Kochnische, Bad, WC, Heizungsart,</LA></DD> <DT>k)</DT><DD Font="normal"><LA Size="normal">Beteiligung am Erwerbsleben,</LA></DD> <DT>l)</DT><DD Font="normal"><LA Size="normal">Art des überwiegenden Lebensunterhalts,</LA></DD> <DT>m)</DT><DD Font="normal"><LA Size="normal">Stellung im Beruf,</LA></DD> <DT>n)</DT><DD Font="normal"><LA Size="normal">Arbeitsort;</LA></DD> </DL></LA></DD> <DT>2.</DT><DD Font="normal"><LA Size="normal">als Hilfsmerkmale:<DL Font="normal" Type="arabic"><DT>a)</DT><DD Font="normal"><LA Size="normal">Namen und Vornamen der Wohnungsinhaber,</LA></DD> <DT>b)</DT><DD Font="normal"><LA Size="normal">Einzugsdatum der Wohnungsinhaber oder Beginn des Mietvertrags,</LA></DD> <DT>c)</DT><DD Font="normal"><LA Size="normal">Lage der Wohnung im Gebäude,</LA></DD> <DT>d)</DT><DD Font="normal"><LA Size="normal">Telekommunikationsnummer der Person, die für Rückfragen zur Verfügung steht.</LA></DD> </DL></LA></DD> </DL></P></Content></text></textdaten></norm>
<norm builddate="20130405131855" doknr="BJNR188210001BJNE001000305"><metadaten><jurabk>ZensTeG</jurabk><enbez>§ 10</enbez><titel format="parat">Zusammenführung von Datensätzen aus den
verschiedenen Erhebungen der Unterstichprobe durch die
statistischen Ämter der Länder</titel></metadaten><textdaten><text format="XML"><Content><P>(1) Die aus den Melderegistern übermittelten Datensätze nach § 4 Abs. 3 Nr. 1 der Personen, die in den nach § 5 ausgewählten Gebäuden gemeldet sind, sowie die Angaben aus der Gebäude- und Wohnungsstichprobe nach § 7 Nr. 1 werden mittels der Anschrift der ausgewählten Gebäude gebäudeweise zusammengeführt. Sie werden sodann mittels der übrigen Hilfsmerkmale nach § 6 in Verbindung mit § 4 Abs. 3 Nr. 2 und § 7 Nr. 2 Buchstabe b und e bis g personenweise den Wohnungsangaben zugeordnet und zu Haushalten generiert.</P><P>(2) Die aus den Dateien der Bundesanstalt für Arbeit gewonnenen Datensätze zur Erwerbstätigkeit werden mit den Datensätzen nach Absatz 1 zusammengeführt.</P><P>(3) Zur Überprüfung der Qualität und Vollständigkeit der nach Absatz 2 erstellten Datensätze werden diese mit den Angaben aus der Erhebung nach § 9 in Verbindung mit § 4 Abs. 4 verglichen.</P></Content>  </text></textdaten></norm>
<norm builddate="20130405131855" doknr="BJNR188210001BJNE001100305"><metadaten><jurabk>ZensTeG</jurabk><enbez>§ 11</enbez><titel format="parat">Anschriftenübermittlung</titel></metadaten><textdaten><text format="XML"><Content><P>(1) Für die Vorbereitung und Durchführung der Erhebungen nach § 4 Abs. 4 und § 9 übermitteln die Meldebehörden den statistischen Ämtern der Länder auf Anforderung für die in den ausgewählten Gebäuden gemeldeten Einwohner Namen, Vornamen, Geburtsjahr und Anschrift.</P><P>(2) Für die Durchführung der Gebäude- und Wohnungsstichprobe nach § 7 übermitteln die Gemeinden, die für die Führung der Grundbücher zuständigen Stellen, die für die Führung der Liegenschaftskataster zuständigen Stellen, die Finanzbehörden, die für die Gebäudebrandschutzversicherung zuständigen juristischen Personen des öffentlichen Rechts oder die Versorgungs- und Entsorgungsbetriebe den zuständigen statistischen Ämtern der Länder auf Anforderung Namen und Vornamen oder Bezeichnung und Anschrift der Eigentümer, Erbbauberechtigten, Verwalter oder sonstigen Verfügungsberechtigten der in die Erhebung einbezogenen Gebäude.</P></Content> </text></textdaten></norm>
<norm builddate="20130405131855" doknr="BJNR188210001BJNE001200305"><metadaten><jurabk>ZensTeG</jurabk><enbez>§ 12</enbez><titel format="parat">Erhebungsbeauftragte</titel></metadaten><textdaten><text format="XML"><Content><P>(1) Für die Erhebungen nach § 3 Abs. 3, § 4 Abs. 4 und § 9 können ehrenamtliche Erhebungsbeauftragte eingesetzt werden. Sie dürfen nicht in der unmittelbaren Nähe ihrer Wohnung eingesetzt werden (Nachbarschaft).</P><P>(2) Die Erhebungsbeauftragten sind für die Erhebungen nach § 4 Abs. 4 und § 9 berechtigt, in die Erhebungsvordrucke die Angaben Namen und Vornamen der in der Wohnung lebenden Personen, Anschrift, Nutzung durch Angehörige ausländischer Streitkräfte, diplomatischer oder berufskonsularischer Vertretungen, gewerbliche Nutzung, Nutzung als Ferien- oder Freizeitwohnung, Leerstehen der Wohnung selbst einzutragen; für die Erhebung nach § 9 außerdem die Lage der Wohnung im Gebäude, Zahl der Haushalte in der Wohnung, Namen und Vornamen des Wohnungsinhabers.</P><P>(3) Die Erhebungsbeauftragten erhalten für die ehrenamtliche Tätigkeit eine Entschädigung, die als steuerfreie Aufwandsentschädigung im Sinne des § 3 Nr. 12 Satz 2 des Einkommensteuergesetzes gilt.</P></Content>  </text></textdaten></norm>
<norm builddate="20130405131855" doknr="BJNR188210001BJNE001300305"><metadaten><jurabk>ZensTeG</jurabk><enbez>§ 13</enbez><titel format="parat">Auskunftspflicht</titel></metadaten><textdaten><text format="XML"><Content><P>(1) Für die Testerhebungen besteht Auskunftspflicht, soweit in Absatz 8 nichts anderes bestimmt ist.</P><P>(2) Auskunftspflichtig für die Erhebungen nach § 2 Abs. 2 und 3, § 4 Abs. 3 und § 6 sind die zuständigen Meldebehörden. Sie erteilen die die Einwohner betreffenden Angaben aus dem Melderegister und übermitteln sie einschließlich der Angaben nach § 2 Abs. 3 spätestens vier Wochen nach den Stichtagen an die zuständigen statistischen Ämter der Länder.</P><P>(3) Auskunftspflichtig für die Befragung nach § 3 Abs. 3 zur Klärung des Wohnsitzes am Stichtag 5. Dezember 2001 sind die betroffenen Einwohner.</P><P>(4) Auskunftspflichtig für die Erhebungen nach § 4 Abs. 4 und nach § 9 zu den Merkmalen nach Nummer 1 Buchstabe e, f, k bis n sind alle Volljährigen oder einen eigenen Haushalt führenden Minderjährigen, auch für minderjährige Haushaltsmitglieder, die in den ausgewählten Gebäuden wohnen. Für volljährige Haushaltsmitglieder, die wegen einer Behinderung selbst nicht Auskunft geben können, ist jedes andere auskunftspflichtige Haushaltsmitglied auskunftspflichtig.</P><P>(5) Auskunftspflichtig für die Erhebung nach § 9 zu den Merkmalen nach Nummer 1 Buchstabe a bis d, g bis j, Nummer 2 Buchstabe a bis c sind die Wohnungsinhaber in den ausgewählten Gebäuden, ersatzweise die in derselben Wohnung lebenden nach Absatz 4 auskunftspflichtigen Personen.</P><P>(6) Auskunftspflichtig für die Erhebung nach § 7 sind die Eigentümer und Verwalter oder Erbbauberechtigten oder die sonstigen Verfügungsberechtigten der ausgewählten Gebäude.</P><P>(7) Auskunftspflichtig für die Erhebung nach § 8 ist die Bundesanstalt für Arbeit. Sie erteilt die Angaben innerhalb von sechs Monaten nach dem Stichtag dem Statistischen Bundesamt, das sie an die zuständigen statistischen Ämter der Länder weiterleitet.</P><P>(8) Die Auskünfte zu den Merkmalen nach § 2 Abs. 3 Nr. 2, § 7 Nr. 2 Buchstabe d, § 9 Nr. 2 Buchstabe d sowie zur Telekommunikationsnummer nach § 4 Abs. 4 sind freiwillig.</P></Content>       </text></textdaten></norm>
<norm builddate="20130405131855" doknr="BJNR188210001BJNE001400305"><metadaten><jurabk>ZensTeG</jurabk><enbez>§ 14</enbez><titel format="parat">Art der Auskunftserteilung beim Einsatz von
Erhebungsbeauftragten</titel></metadaten><textdaten><text format="XML"><Content><P>(1) Soweit Erhebungsbeauftragte eingesetzt werden, können die Angaben zu den Erhebungen nach § 3 Abs. 3, § 4 Abs. 4 und § 9 mündlich gegenüber den Erhebungsbeauftragten oder schriftlich beantwortet werden. Die Angaben Namen und Vornamen der in der Wohnung lebenden Personen (§ 4 Abs. 4 in Verbindung mit § 4 Abs. 3 Nr. 2 Buchstabe a) und die Zahl der Haushalte in der Wohnung sowie die Zahl der Personen im Haushalt (§ 9 Nr. 1 Buchstabe c) sind auf Verlangen der Erhebungsbeauftragten mündlich mitzuteilen.</P><P>(2) Bei schriftlicher Auskunftserteilung sind die ausgefüllten Erhebungsvordrucke unverzüglich den Erhebungsbeauftragten auszuhändigen oder in verschlossenem Umschlag zu übergeben oder innerhalb einer Woche bei dem zuständigen statistischen Landesamt abzugeben oder dorthin zu übersenden. Bei Abgabe in verschlossenem Umschlag sind Namen und Vornamen, Wohnort, Straße und Hausnummer auf dem Umschlag anzugeben.</P></Content> </text></textdaten></norm>
<norm builddate="20130405131855" doknr="BJNR188210001BJNE001500305"><metadaten><jurabk>ZensTeG</jurabk><enbez>§ 15</enbez><titel format="parat">Löschung</titel></metadaten><textdaten><text format="XML"><Content><P>(1) Die Erhebungsunterlagen sowie die Angaben nach § 4 Abs. 2 und § 11 werden zum frühestmöglichen Zeitpunkt, spätestens zwei Jahre nach dem Stichtag 31. März 2002, vernichtet.</P><P>(2) Die Telekommunikationsnummer nach § 4 Abs. 4 und die Hilfsmerkmale nach § 7 Nr. 2 Buchstabe c und d, § 9 Nr. 2 Buchstabe d werden nach Abschluss der Vollzähligkeits- und Vollständigkeitsprüfung aller Erhebungen gelöscht.</P><P>(3) Die Hilfsmerkmale nach § 2 Abs. 2 Nr. 2 sowie nach § 3 Abs. 3 Nr. 2 werden nach Feststellung des tatsächlichen Wohnorts der betroffenen Personen, spätestens zwei Jahre nach dem Stichtag 31. März 2002, gelöscht.</P><P>(4) Die Hilfsmerkmale Namen, Vornamen und Anschrift nach § 4 Abs. 3 Nr. 2 Buchstabe a und c, Abs. 4 in Verbindung mit Abs. 3 Nr. 2 Buchstabe a und c, § 6 Nr. 1 bis 3 und 11, § 7 Nr. 2 Buchstabe e, § 9 Nr. 2 Buchstabe a und alle Hilfsmerkmale nach § 8 Nr. 2 werden nach der Zusammenführung nach § 10, spätestens zwei Jahre nach dem Stichtag 31. März 2002, gelöscht. Entsprechendes gilt für das Hilfsmerkmal Tag der Geburt nach § 4 Abs. 3 Nr. 2 Buchstabe b und Abs. 4 in Verbindung mit Abs. 3 Nr. 2 Buchstabe b, soweit es sich um Personen handelt, die nicht in die Erhebungen nach §§ 6 und 9 einbezogen sind.</P><P>(5) Die übrigen Hilfsmerkmale, mit Ausnahme der Hilfsmerkmale nach § 2 Abs. 3, dürfen gemeinsam mit den Erhebungsmerkmalen für methodische Untersuchungen und die Fortentwicklung eines registergestützten Zensuskonzeptes verwendet werden. Sie sind spätestens fünf Jahre nach dem Stichtag 31. März 2002 zu löschen.</P></Content>    </text></textdaten></norm>
<norm builddate="20130405131855" doknr="BJNR188210001BJNE001600305"><metadaten><jurabk>ZensTeG</jurabk><enbez>§ 16</enbez><titel format="parat">Zuständigkeiten</titel></metadaten><textdaten><text format="XML"><Content><P>(1) Die Erhebungen nach § 2, § 3 Abs. 3, § 4 Abs. 3 und 4, §§ 6, 7 und 9 werden von den statistischen Ämtern der Länder durchgeführt.</P><P>(2) Die Erhebung nach § 8 wird vom Statistischen Bundesamt durchgeführt.</P></Content> </text></textdaten></norm>
<norm builddate="20130405131855" doknr="BJNR188210001BJNE001700305"><metadaten><jurabk>ZensTeG</jurabk><enbez>§ 17</enbez><titel format="parat">Aufbau einer Organisationsdatei</titel></metadaten><textdaten><text format="XML"><Content><P>Die von den Meldebehörden erhobenen Hilfsmerkmale nach § 2 Abs. 3 dürfen für den Aufbau einer Organisationsdatei zur Vorbereitung und Durchführung eines registergestützten Zensus verwendet und aktualisiert werden.</P></Content></text></textdaten></norm>
</dokumente>