<?xml version="1.0" encoding="UTF-8" ?><!DOCTYPE dokumente SYSTEM "http://www.gesetze-im-internet.de/dtd/1.01/gii-norm.dtd">
<dokumente builddate="20230308213011" doknr="BJNR015290992"><norm builddate="20230308213011" doknr="BJNR015290992"><metadaten><jurabk>VSGZustV</jurabk><amtabk>VSGZustV</amtabk><ausfertigung-datum manuell="ja">1992-08-12</ausfertigung-datum><fundstelle typ="amtlich"><periodikum>BGBl I</periodikum><zitstelle>1992, 1529</zitstelle></fundstelle><kurzue>Verkehrssicherstellungsgesetz-Zuständigkeitsverordnung</kurzue><langue>Verordnung über Zuständigkeiten nach dem Verkehrssicherstellungsgesetz</langue><standangabe checked="ja"><standtyp>Stand</standtyp><standkommentar>Zuletzt geändert durch Art. 39 G v. 2.3.2023 I Nr. 56</standkommentar></standangabe></metadaten><textdaten><fussnoten><Content><P>(+++ Textnachweis ab: 1.9.1992 +++)</P></Content></fussnoten></textdaten></norm>
<norm builddate="20230308213011" doknr="BJNR015290992BJNE000100314"><metadaten><jurabk>VSGZustV</jurabk><enbez>Eingangsformel</enbez></metadaten><textdaten><text format="XML"><Content><P>Auf Grund des § 10 Abs. 8 und des § 19 Abs. 7 des Verkehrssicherstellungsgesetzes in der Fassung der Bekanntmachung vom 8. Oktober 1968 (BGBl. I S. 1082) verordnet der Bundesminister für Verkehr:</P></Content></text></textdaten></norm>
<norm builddate="20230308213011" doknr="BJNR015290992BJNE000203305"><metadaten><jurabk>VSGZustV</jurabk><enbez>§ 1</enbez><titel format="XML">Übertragung von Befugnissen</titel></metadaten><textdaten><text format="XML"><Content><P>Die Befugnisse des Bundesministeriums für Verkehr und digitale Infrastruktur, die öffentlichen Eisenbahnen nach § 10 Abs. 1 und 2 des Verkehrssicherstellungsgesetzes und die Eisenbahnen des nichtöffentlichen Verkehrs nach § 10 Abs. 5 des Verkehrssicherstellungsgesetzes zu Leistungen für Zwecke der Verteidigung zu verpflichten und von der Einhaltung der in § 10 Abs. 6 des Verkehrssicherstellungsgesetzes bezeichneten Vorschriften zu befreien, werden auf das Eisenbahn-Bundesamt übertragen.</P></Content></text><fussnoten/></textdaten></norm>
<norm builddate="20230308213011" doknr="BJNR015290992BJNE000301311"><metadaten><jurabk>VSGZustV</jurabk><enbez>§ 2</enbez><titel format="parat">Zuständigkeiten für die Verpflichtung zu Leistungen</titel></metadaten><textdaten><text format="XML"><Content><P>(1) Zuständige Behörden sind für die Verpflichtung <DL Font="normal" Type="arabic"><DT>1.</DT><DD Font="normal"><LA Size="normal">(weggefallen)</LA></DD> <DT>2.</DT><DD Font="normal"><LA Size="normal">der öffentlich-rechtlichen Träger von Bau- und Unterhaltungslasten zu Leistungen nach § 11 des Verkehrssicherstellungsgesetzes, soweit diese betreffen:<DL Font="normal" Type="arabic"><DT>a)</DT><DD Font="normal"><LA Size="normal">Straßen, deren Baulastträger nicht der Bund ist,</LA><LA Size="normal">die höheren oder, wo solche nicht bestehen, die obersten Straßenbaubehörden der Länder oder die von diesen dazu bestimmten Körperschaften des öffentlichen Rechts; in Bayern die Straßenaufsichtsbehörden;</LA></DD>  <DT>b)</DT><DD Font="normal"><LA Size="normal">nichtbundeseigene Häfen</LA><LA Size="normal">die Hafenaufsichtsbehörden der Länder, in Baden-Württemberg, Hessen und Niedersachsen die Hafenbehörden; ist der Baulastträger gleichzeitig Hafenbehörde, wird die Zuständigkeit durch deren Fachaufsichtsbehörde wahrgenommen; in Bayern die Kreisverwaltungsbehörden;</LA></DD>  <DT>c)</DT><DD Font="normal"><LA Size="normal">nichtbundeseigene schiffbare Gewässer (ausgenommen Buchstabe b)</LA><LA Size="normal">die höheren Verwaltungsbehörden der Länder; in Mecklenburg-Vorpommern die oberste Verkehrsbehörde; in Bayern die Kreisverwaltungsbehörden;</LA></DD>  </DL></LA></DD> <DT>3.</DT><DD Font="normal"><LA Size="normal">der Verkehrsunternehmen, die einer gesetzlichen Betriebs- und Beförderungspflicht unterliegen, zu Leistungen nach § 12 des Verkehrssicherstellungsgesetzes, soweit diese betreffen:<DL Font="normal" Type="arabic"><DT>a)</DT><DD Font="normal"><LA Size="normal">Kraftfahrzeuge und ihre Anhänger, Straßenbahnen und Oberleitungsbusse</LA><LA Size="normal">die höheren oder, wo solche nicht bestehen, die obersten Verkehrsbehörden der Länder;</LA></DD>  <DT>b)</DT><DD Font="normal"><LA Size="normal">Luftfahrzeuge,</LA><LA Size="normal">die für Flüge nach Instrumentenflugregeln ausgerüstet sind,</LA><LA Size="normal">das Luftfahrt-Bundesamt;</LA><LA Size="normal">die ausschließlich nach Sichtflugregeln betrieben werden,</LA><LA Size="normal">die für den Luftverkehr zuständige oberste Landesbehörde oder die von ihr bestimmte Behörde.</LA></DD>     </DL> </LA></DD> </DL></P><P>(2) Die Befugnisse der in Absatz 1 Nr. 2 Buchstabe a genannten Behörden kann die oberste Straßenbaubehörde selbst wahrnehmen, wenn die Verpflichtung der Sicherstellung des weiträumigen Verkehrs dient.</P></Content></text><fussnoten/></textdaten></norm>
<norm builddate="20230308213011" doknr="BJNR015290992BJNE000406311"><metadaten><jurabk>VSGZustV</jurabk><enbez>§ 3</enbez><titel format="XML">Zuständigkeiten für die Auferlegung sonstiger Pflichten</titel></metadaten><textdaten><text format="XML"><Content><P>(1) Zuständige Behörden sind für die Auferlegung von Verwahrungs- und sonstigen Pflichten nach § 13 des Verkehrssicherstellungsgesetzes und von Verpflichtungen zu Verkehrsräumungen, Standort- und Wegeänderungen sowie sonstigen Verpflichtungen nach § 14 des Verkehrssicherstellungsgesetzes, soweit diese betreffen: <DL Font="normal" Type="arabic"><DT>1.</DT><DD Font="normal"><LA Size="normal">die öffentlichen Eisenbahnen und die Eisenbahnen des nichtöffentlichen Verkehrs das Eisenbahn-Bundesamt;</LA></DD><DT>2.</DT><DD Font="normal"><LA Size="normal">(weggefallen)</LA></DD><DT>3.</DT><DD Font="normal"><LA Size="normal">Seeschiffe, mit Ausnahme der Seefischereifahrzeuge,</LA><LA Size="normal">die sich im Geltungsbereich des Verkehrssicherstellungsgesetzes befinden,</LA><LA Size="normal">die Generaldirektion Wasserstraßen und Schifffahrt,</LA><LA Size="normal">im übrigen</LA><LA Size="normal">das Bundesministerium für Verkehr und digitale Infrastruktur;</LA></DD><DT>4.</DT><DD Font="normal"><LA Size="normal">Binnenschiffe, für die eine technische Zulassung zum Verkehr auf Bundeswasserstraßen erforderlich ist, ausgenommen Schiffe, die ausschließlich im Hafenbetrieb verwendet werden,</LA><LA Size="normal">die Generaldirektion Wasserstraßen und Schifffahrt;</LA></DD><DT>5.</DT><DD Font="normal"><LA Size="normal">Luftfahrzeuge,</LA><LA Size="normal">die für Flüge nach Instrumentenflugregeln ausgerüstet sind,</LA><LA Size="normal">das Luftfahrt-Bundesamt;</LA><LA Size="normal">die ausschließlich nach Sichtflugregeln betrieben werden,</LA><LA Size="normal">die für den Luftverkehr zuständige oberste Landesbehörde oder die von ihr bestimmte Behörde;</LA></DD><DT>6.</DT><DD Font="normal"><LA Size="normal">Flughäfen</LA><LA Size="normal">die für die Luftfahrt zuständigen obersten Landesbehörden;</LA></DD><DT>7.</DT><DD Font="normal"><LA Size="normal">Flugplätze (ausgenommen Nummer 6)</LA><LA Size="normal">die für die Luftfahrt zuständigen obersten Landesbehörden, in Baden-Württemberg, Bayern, Brandenburg, Hessen, Niedersachsen, Nordrhein-Westfalen, Rheinland-Pfalz und Sachsen-Anhalt die für die Luftfahrt zuständigen höheren Verkehrsbehörden;</LA></DD><DT>8.</DT><DD Font="normal"><LA Size="normal">Kraftfahrzeuge und ihre Anhänger einschließlich der Kraftfahrzeuge der öffentlichen Eisenbahnen sowie die ihnen dienenden Verkehrsanlagen und -einrichtungen<DL Font="normal" Type="arabic"><DT>a)</DT><DD Font="normal"><LA Size="normal">für die von den Ländern durchzuführenden Transportaufgaben</LA><LA Size="normal">die höheren Verkehrsbehörden der Länder, sofern nicht nach Landesrecht andere Verkehrsbehörden allgemein oder im Einzelfall hierzu bestimmt sind;</LA></DD><DT>b)</DT><DD Font="normal"><LA Size="normal">für die ihm nach § 19 Abs. 3 des Verkehrssicherstellungsgesetzes übertragenen Aufgaben</LA><LA Size="normal">das Bundesamt für Logistik und Mobilität;</LA></DD><DT>c)</DT><DD Font="normal"><LA Size="normal">im übrigen</LA><LA Size="normal">die unteren Verkehrsbehörden der Länder;</LA></DD></DL></LA></DD><DT>9.</DT><DD Font="normal"><LA Size="normal">sonstige Verkehrsmittel, -anlagen und -einrichtungen, soweit sie nicht in Bundeseigentum stehen,</LA><LA Size="normal">die Behörden der allgemeinen Verwaltung auf der Kreisstufe.</LA></DD></DL></P><P>(2) Absatz 1 Nr. 3 und 4 gilt nicht für die Verlegung von See- und Binnenschiffen innerhalb der Häfen; insoweit findet Absatz 1 Nr. 9 Anwendung.</P><P>(3) Die Zuständigkeit der in Absatz 1 Nr. 6 und 7 genannten Behörden erstreckt sich auch auf die Auferlegung von Verpflichtungen, soweit diese Umschlagsbetriebe betreffen, die zu den Flughäfen und Flugplätzen gehören.</P></Content></text><fussnoten/></textdaten></norm>
<norm builddate="20230308213011" doknr="BJNR015290992BJNE000500314"><metadaten><jurabk>VSGZustV</jurabk><enbez>§ 4</enbez><titel format="parat">Ersatzzuständigkeit</titel></metadaten><textdaten><text format="XML"><Content><P>Sind die nach dieser Verordnung zuständigen Behörden aus tatsächlichen Gründen nicht in der Lage, ihre Befugnisse auszuüben, so können diese von den übergeordneten Behörden desselben Verwaltungszweiges wahrgenommen werden. Die Befugnisse der zuständigen Behörden können unter den in Satz 1 genannten Voraussetzungen von den unmittelbar nachgeordneten Behörden desselben Verwaltungszweiges wahrgenommen werden, wenn dies zur Abwendung einer unmittelbar drohenden Gefahr notwendig ist und die übergeordneten Behörden nicht rechtzeitig handeln können. Die übergeordnete Behörde ist in diesen Fällen unverzüglich zu unterrichten.</P></Content></text></textdaten></norm>
<norm builddate="20230308213011" doknr="BJNR015290992BJNE000602123"><metadaten><jurabk>VSGZustV</jurabk><enbez>§ 5</enbez><titel format="XML">Örtliche Zuständigkeit</titel></metadaten><textdaten><text format="XML"><Content><P>(1) Örtlich zuständige Behörde ist für Verpflichtungen, die betreffen: <DL Font="normal" Type="arabic"><DT>1.</DT><DD Font="normal"><LA Size="normal">Kraftfahrzeuge und ihre Anhänger</LA><LA Size="normal">die Behörde, in deren Bezirk sie zugelassen sind,</LA></DD><DT>2.</DT><DD Font="normal"><LA Size="normal">(weggefallen)</LA></DD><DT>3.</DT><DD Font="normal"><LA Size="normal">sonstige Verkehrsmittel</LA><LA Size="normal">die Behörde, in deren Bezirk der Eigentümer oder Besitzer seinen gewöhnlichen Aufenthalt hat; ist der Eigentümer oder Besitzer eine juristische Person, so ist die Behörde örtlich zuständig, in deren Bezirk die Verwaltung der juristischen Person geführt wird,</LA></DD><DT>4.</DT><DD Font="normal"><LA Size="normal">Verkehrsanlagen und -einrichtungen</LA><LA Size="normal">die Behörde, in deren Bezirk sich die Anlagen und Einrichtungen befinden.</LA></DD></DL></P><P>(2) Für Verpflichtungen, die Verkehrsmittel betreffen, ist in dringenden Fällen auch die Behörde zuständig, in deren Bezirk sich die Verkehrsmittel befinden.</P><P>(3) Für Verpflichtungen, die Straßenbahnen betreffen, ist abweichend von den Absätzen 1 und 2 die Behörde örtlich zuständig, in deren Bezirk die örtliche Betriebsleitung der Straßenbahn ihren Sitz hat.</P></Content></text><fussnoten/></textdaten></norm>
<norm builddate="20230308213011" doknr="BJNR015290992BJNE000700314"><metadaten><jurabk>VSGZustV</jurabk><enbez>§ 6</enbez><titel format="parat">Inkrafttreten und Außerkrafttreten</titel></metadaten><textdaten><text format="XML"><Content><P>(1) Diese Verordnung tritt am ersten Tage des auf die Verkündung folgenden Kalendermonats in Kraft.</P><P>(2)</P></Content> </text><fussnoten/></textdaten></norm>
<norm builddate="20230308213011" doknr="BJNR015290992BJNE000800314"><metadaten><jurabk>VSGZustV</jurabk><enbez>Schlußformel</enbez></metadaten><textdaten><text format="XML"><Content><P>Der Bundesrat hat zugestimmt.</P></Content></text></textdaten></norm>
</dokumente>