<?xml version="1.0" encoding="UTF-8" ?><!DOCTYPE dokumente SYSTEM "http://www.gesetze-im-internet.de/dtd/1.01/gii-norm.dtd">
<dokumente builddate="20131202132718" doknr="BJNR189800003"><norm builddate="20131202132718" doknr="BJNR189800003"><metadaten><jurabk>Münz10EuroBek 2003-09-08</jurabk><ausfertigung-datum manuell="ja">2003-09-08</ausfertigung-datum><fundstelle typ="amtlich"><periodikum>BGBl I</periodikum><zitstelle>2003, 1898</zitstelle></fundstelle><langue>Bekanntmachung über die Ausprägung von deutschen Euro-Gedenkmünzen im
Nennwert von 10 Euro (Gedenkmünze &quot;200. Geburtstag des Baumeisters
Gottfried Semper&quot;)</langue></metadaten><textdaten><text format="XML"><Content><P/></Content></text><fussnoten><Content><P><BR/> <pre xml:space="preserve">(+++ Textnachweis ab: 18. 9.2003 +++)<BR/><BR/></pre></P></Content></fussnoten></textdaten></norm>
<norm builddate="20131202132718" doknr="BJNR189800003BJNE000100000"><metadaten><jurabk>Münz10EuroBek 2003-09-08</jurabk><enbez>(XXXX)</enbez></metadaten><textdaten><text format="XML"><Content><P>Gemäß den §§ 2, 4 und 5 des Münzgesetzes vom 16. Dezember 1999 (BGBl. I S. 2402) hat die Bundesregierung beschlossen, zum 200. Geburtstag des Baumeisters Gottfried Semper eine deutsche Euro-Gedenkmünze im Nennwert von 10 Euro prägen zu lassen. <BR/>Die Auflage der Münze beträgt 2.400.000 Stück, darunter 350.000 Stück in Spiegelglanzausführung. Die Prägung erfolgt durch die Staatlichen Münzen Baden-Württemberg, Prägestätte Karlsruhe. Die Münze wird ab dem 13. November 2003 in den Verkehr gebracht. Sie besteht aus einer Legierung von 925 Tausendteilen Silber und 75 Tausendteilen Kupfer, hat einen Durchmesser von 32,5 Millimetern und eine Masse von 18 Gramm. Das Gepräge auf beiden Seiten ist erhaben und wird von einem schützenden, glatten Randstab umgeben. <BR/>Die Bildseite kombiniert ein markantes Porträt des Baumeisters und Theoretikers Gottfried Semper mit der Darstellung eines Teilgrundrisses des zweiten Dresdner Hoftheaters (der heutigen Semperoper), eines seiner bedeutendsten Werke. Der Entwurf zeichnet sich durch seine kompositorische Ausgewogenheit aus und würdigt damit Leben und Werk des großen Baumeisters auf überzeugende Weise. <BR/>Die Wertseite trägt einen Adler, zwölf Sterne, den Nennwert &quot;10 EURO&quot;, die Aufschrift &quot;BUNDESREPUBLIK DEUTSCHLAND&quot;, die Jahreszahl 2003 und das Münzzeichen &quot;G&quot; der Staatlichen Münzen Baden-Württemberg, Prägestätte Karlsruhe. <BR/>Der glatte Münzrand enthält in vertiefter Prägung die Inschrift: <BR/><table frame="none" tocentry="%yes;">
	<tgroup align="left" char="" charoff="50" cols="1" colsep="0" rowsep="0">
		<colspec colname="col1" colnum="1" colwidth="60*"/>
		<tbody valign="top">
			<row>
				<entry VJ="1" align="center" colsep="0" valign="top">&quot;ARCHITEKT . FORSCHER . KOSMOPOLIT . DEMOKRAT .&quot;</entry>
			</row>
		</tbody>
	</tgroup>
</table> <BR/>Der Entwurf der Münze stammt von Michael Otto, Rodenbach.</P></Content></text></textdaten></norm>
<norm builddate="20131202132718" doknr="BJNR189800003BJNE000200000"><metadaten><jurabk>Münz10EuroBek 2003-09-08</jurabk><enbez>Schlussformel</enbez></metadaten><textdaten><text format="XML"><Content><P>Der Bundesminister der Finanzen</P></Content></text></textdaten></norm>
<norm builddate="20131202132718" doknr="BJNR189800003BJNE000300000"><metadaten><jurabk>Münz10EuroBek 2003-09-08</jurabk><enbez>(XXXX)</enbez></metadaten><textdaten><text format="XML"><Content><P><noindex><kommentar typ="Fundstelle"><BR/>(Fundstelle: BGBl. I 2003, 1898)</kommentar></noindex><BR/><BR/><IMG Align="center" Pos="block" SRC="bgbl1_2003_j1898_0010.jpg" alt=""/><BR/><BR/></P></Content></text></textdaten></norm>
</dokumente>