<?xml version="1.0" encoding="UTF-8" ?><!DOCTYPE dokumente SYSTEM "http://www.gesetze-im-internet.de/dtd/1.01/gii-norm.dtd">
<dokumente builddate="20221020213520" doknr="BJNR030700022"><norm builddate="20221020213520" doknr="BJNR030700022"><metadaten><jurabk>BTGO1980Anl6Bek 2022</jurabk><ausfertigung-datum manuell="ja">2022-02-17</ausfertigung-datum><fundstelle typ="amtlich"><periodikum>BGBl I</periodikum><zitstelle>2022, 307</zitstelle></fundstelle><langue>Bekanntmachung über die Übernahme des Beschlusses des Deutschen Bundestages betr. Aufhebung der Immunität von Mitgliedern des Bundestages und der Grundsätze in Immunitätsangelegenheiten</langue></metadaten><textdaten><fussnoten><Content><P><BR/> <pre xml:space="preserve">(+++ Textnachweis ab: 8.3.2022 +++)<BR/><BR/></pre></P></Content></fussnoten></textdaten></norm>
<norm builddate="20221020213520" doknr="BJNR030700022BJNE000100000"><metadaten><jurabk>BTGO1980Anl6Bek 2022</jurabk><enbez>(XXXX)</enbez></metadaten><textdaten><text format="XML"><Content><P>Der Beschluss des Deutschen Bundestages betr. Aufhebung der Immunität von Mitgliedern des Bundestages (Anlage 6 GO-BT), zuletzt geändert laut Bekanntmachung vom 25. März 2020 (BGBl. I S. 764), ist mit der Geschäftsordnung in der 1. Sitzung des Deutschen Bundestages am 26. Oktober 2021 für die 20. Wahlperiode übernommen worden.</P><P>Der Ausschuss für Wahlprüfung, Immunität und Geschäftsordnung des Deutschen Bundestages hat am 13. Januar 2022 gemäß § 107 Absatz 2 der Geschäftsordnung des Deutschen Bundestages die Übernahme der Grundsätze in Immunitätsangelegenheiten und in Fällen der Genehmigung gemäß § 50 Absatz 3 der Strafprozessordnung und § 382 Absatz 3 der Zivilprozessordnung sowie bei Ermächtigungen gemäß § 90b Absatz 2, § 194 Absatz 4 des Strafgesetzbuches (ebenfalls Anlage 6 GO-BT), zuletzt geändert laut Bekanntmachung vom 15. Juli 2002 (BGBl. I S. 3012), für die 20. Wahlperiode beschlossen; <noindex>Nummer 15 wird wie folgt gefasst:</noindex></P><P><noindex>“15. (weggefallen)”.</noindex></P></Content></text></textdaten></norm>
<norm builddate="20221020213520" doknr="BJNR030700022BJNE000200000"><metadaten><jurabk>BTGO1980Anl6Bek 2022</jurabk><enbez>Schlussformel</enbez></metadaten><textdaten><text format="XML"><Content><P><SP>Der Direktor beim Deutschen Bundestag</SP></P></Content></text></textdaten></norm>
</dokumente>