<?xml version="1.0" encoding="UTF-8" ?><!DOCTYPE dokumente SYSTEM "http://www.gesetze-im-internet.de/dtd/1.01/gii-norm.dtd">
<dokumente builddate="20240424214514" doknr="BJNR504800009"><norm builddate="20240424214514" doknr="BJNR504800009"><metadaten><jurabk>LuftBODV 3 2009</jurabk><amtabk>3. DV LuftBO</amtabk><ausfertigung-datum manuell="ja">2009-03-19</ausfertigung-datum><fundstelle typ="amtlich"><periodikum>BAnz</periodikum><zitstelle>2009, Nr 48, 1139</zitstelle></fundstelle><fundstelle typ="amtlich"><periodikum>BAnz</periodikum><zitstelle>2009, 1139</zitstelle></fundstelle><langue>Dritte Durchführungsverordnung zur Betriebsordnung für Luftfahrtgerät (Ausrüstung und Betrieb des Luftfahrtgerätes außerhalb von Luftfahrtunternehmen)</langue><standangabe checked="ja"><standtyp>Stand</standtyp><standkommentar>Geändert durch Art. 1 V v. 8.4.2010 BAnz. Nr. 58, 1351</standkommentar></standangabe></metadaten><textdaten><fussnoten><Content><P><BR/> <pre xml:space="preserve">(+++ Textnachweis ab: 28.3.2009 +++)<BR/><BR/></pre></P></Content></fussnoten></textdaten></norm>
<norm builddate="20240424214514" doknr="BJNR504800009BJNE000100000"><metadaten><jurabk>LuftBODV 3 2009</jurabk><enbez>Eingangsformel</enbez></metadaten><textdaten><text format="XML"><Content><P>Auf Grund des § 32 Absatz 1 Satz 1 Nummer 1, Absatz 3 Satz 2 und 3 und Absatz 4 Nummer 1 des Luftverkehrsgesetzes in der Fassung der Bekanntmachung vom 10. Mai 2007 (BGBl. I S. 698) in Verbindung mit § 56 der Betriebsordnung für Luftfahrtgerät vom 4. März 1970 (BGBl. I S. 262), der zuletzt durch Artikel 1 Nummer 12 der Verordnung vom 29. Juli 1998 (BGBl. I S. 1989) geändert worden ist, verordnet das Luftfahrt-Bundesamt:</P></Content></text></textdaten></norm>
<norm builddate="20240424214514" doknr="BJNR504800009BJNE000200000"><metadaten><jurabk>LuftBODV 3 2009</jurabk><enbez>Inhaltsübersicht</enbez></metadaten><textdaten><text format="XML"><TOC><Ident Class="S2">Abschnitt 1</Ident><Title Align="auto" Class="S2"><BR/>Allgemeine Vorschriften<BR/><BR/></Title><table frame="none" pgwide="1" tocentry="%yes;"><tgroup align="left" char="" charoff="50" cols="2" colsep="0" rowsep="0"><colspec colname="col1" colnum="1" colwidth="1.00*"/><colspec colname="col2" colnum="2" colwidth="8.0*"/><tbody valign="top"><row><entry VJ="1" align="left" colname="col1" valign="top">§ 1</entry><entry VJ="1" align="left" colname="col2" valign="top">Geltungsbereich</entry></row></tbody></tgroup></table><Ident Class="S2"><BR/>Abschnitt 2</Ident><Title Align="auto" Class="S2"><BR/>Ausrüstung von Luftfahrzeugen<BR/><BR/>Unterabschnitt 1<BR/>Alle Luftfahrzeuge<BR/><BR/></Title><table frame="none" pgwide="1" tocentry="%yes;"><tgroup align="left" char="" charoff="50" cols="2" colsep="0" rowsep="0"><colspec colname="col1" colnum="1" colwidth="1.00*"/><colspec colname="col2" colnum="2" colwidth="8.0*"/><tbody valign="top"><row><entry VJ="1">§ 2</entry><entry VJ="1">Ausrüstung für Flüge nach Instrumentenflugregeln</entry></row><row><entry VJ="1">§ 3</entry><entry VJ="1">Ausrüstung für Flüge nach Instrumentenflugregeln über den Nordatlantik</entry></row><row><entry VJ="1">§ 4</entry><entry VJ="1">Ausrüstung für Flüge in Lufträumen mit verringerter Höhenstaffelung <BR/>(Reduced Vertical Separation Minimum, RVSM)</entry></row><row><entry VJ="1">§ 5</entry><entry VJ="1">Ausrüstung für Flüge nach Sichtflugregeln</entry></row><row><entry VJ="1" align="left" colname="col1" valign="top">§ 6</entry><entry VJ="1" align="left" colname="col2" valign="top">Ausrüstung für kontrollierte Flüge nach Sichtflugregeln</entry></row><row><entry VJ="1" align="left" colname="col1" valign="top">§ 7</entry><entry VJ="1" align="left" colname="col2" valign="top">Ausrüstung von Segelflugzeugen für Wolkenflüge</entry></row><row><entry VJ="1" align="left" colname="col1" valign="top">§ 8</entry><entry VJ="1" align="left" colname="col2" valign="top">Sonstige Ausrüstung</entry></row><row><entry VJ="1">§ 9</entry><entry VJ="1">Durchbruchstellen</entry></row><row><entry VJ="1">§ 10</entry><entry VJ="1">Navigations- und Sprechfunkausrüstung</entry></row><row><entry VJ="1">§ 11</entry><entry VJ="1">Sauerstoffversorgung</entry></row><row><entry VJ="1">§ 12</entry><entry VJ="1">Ausrüstung für Flüge über Land – Notausrüstung</entry></row></tbody></tgroup></table><Title Align="auto" Class="S2"><BR/>Unterabschnitt 2<BR/>Flugzeuge<BR/><BR/></Title><table frame="none" pgwide="1" tocentry="%yes;"><tgroup align="left" char="" charoff="50" cols="2" colsep="0" rowsep="0"><colspec colname="col1" colnum="1" colwidth="1.00*"/><colspec colname="col2" colnum="2" colwidth="8.0*"/><tbody valign="top"><row><entry VJ="1" align="left" colname="col1" valign="top">§ 13</entry><entry VJ="1" align="left" colname="col2" valign="top">Ausrüstung für Flüge über Wasser – Wasserflugzeuge</entry></row><row><entry VJ="1" align="left" colname="col1" valign="top">§ 14</entry><entry VJ="1" align="left" colname="col2" valign="top">Ausrüstung für Flüge über Wasser – Landflugzeuge</entry></row><row><entry VJ="1" align="left" colname="col1" valign="top">§ 15</entry><entry VJ="1" align="left" colname="col2" valign="top">Ausrüstung für Flüge über Wasser – Alle Flugzeuge</entry></row><row><entry VJ="1">§ 16</entry><entry VJ="1">Notsender</entry></row><row><entry VJ="1">§ 17</entry><entry VJ="1">Tonaufzeichnungsanlage für das Cockpit</entry></row><row><entry VJ="1">§ 18</entry><entry VJ="1">Flugdatenschreiberanlage</entry></row><row><entry VJ="1">§ 19</entry><entry VJ="1">Bodenannäherungswarnanlage</entry></row><row><entry VJ="1">§ 20</entry><entry VJ="1">Machzahlanzeige</entry></row><row><entry VJ="1">§ 21</entry><entry VJ="1">Bordseitige Kollisionsschutzanlage</entry></row></tbody></tgroup></table><Title Align="auto" Class="S2"><BR/>Unterabschnitt 3<BR/>Hubschrauber<BR/><BR/></Title><table frame="none" pgwide="1" tocentry="%yes;"><tgroup align="left" char="" charoff="50" cols="2" colsep="0" rowsep="0"><colspec colname="col1" colnum="1" colwidth="1.00*"/><colspec colname="col2" colnum="2" colwidth="8.0*"/><tbody valign="top"><row><entry VJ="1" align="left" colname="col1" valign="top">§ 22</entry><entry VJ="1" align="left" colname="col2" valign="top">Ausrüstung für Flüge über Wasser – Notschwimmeranlage</entry></row><row><entry VJ="1" align="left" colname="col1" valign="top">§ 23</entry><entry VJ="1" align="left" colname="col2" valign="top">Ausrüstung für Flüge über Wasser – Notausrüstung</entry></row><row><entry VJ="1">§ 24</entry><entry VJ="1">Ausrüstung für Flüge über Wasser – Notsender</entry></row><row><entry VJ="1">§ 25</entry><entry VJ="1">Ausrüstung für Flüge über Land – Notsender</entry></row><row><entry VJ="1">§ 26</entry><entry VJ="1">Tonaufzeichnungsanlage für das Cockpit</entry></row><row><entry VJ="1">§ 27</entry><entry VJ="1">Flugdatenschreiberanlage</entry></row></tbody></tgroup></table><Title Align="auto" Class="S2"><BR/><BR/>Unterabschnitt 4<BR/>Verfahrensvorschriften<BR/><BR/></Title><table frame="none" pgwide="1" tocentry="%yes;"><tgroup align="left" char="" charoff="50" cols="2" colsep="0" rowsep="0"><colspec colname="col1" colnum="1" colwidth="1.00*"/><colspec colname="col2" colnum="2" colwidth="8.0*"/><tbody valign="top"><row><entry VJ="1" align="left" colname="col1" valign="top">§ 28</entry><entry VJ="1" align="left" colname="col2" valign="top">Ausnahmegenehmigungen</entry></row></tbody></tgroup></table><Ident Class="S2"><BR/>Abschnitt 3</Ident><Title Align="auto" Class="S2"><BR/>Flugbetrieb<BR/><BR/></Title><table frame="none" pgwide="1" tocentry="%yes;"><tgroup align="left" char="" charoff="50" cols="2" colsep="0" rowsep="0"><colspec colname="col1" colnum="1" colwidth="1.00*"/><colspec colname="col2" colnum="2" colwidth="8.0*"/><tbody valign="top"><row><entry VJ="1" align="left" colname="col1" valign="top">§ 29</entry><entry VJ="1" align="left" colname="col2" valign="top">Herbeiführen simulierter Gefahrenzustände</entry></row><row><entry VJ="1" align="left" colname="col1" valign="top">§ 30</entry><entry VJ="1" align="left" colname="col2" valign="top">Schleppstarts</entry></row><row><entry VJ="1" align="left" colname="col1" valign="top">§ 31</entry><entry VJ="1" align="left" colname="col2" valign="top">Betriebsmindestbedingungen</entry></row><row><entry VJ="1" align="left" colname="col1" valign="top">§ 32</entry><entry VJ="1" align="left" colname="col2" valign="top">Ausweichflugplatz</entry></row><row><entry VJ="1" align="left" colname="col1" valign="top">§ 33</entry><entry VJ="1" align="left" colname="col2" valign="top">Betriebsstoffvorräte – Flugzeuge</entry></row><row><entry VJ="1">§ 34</entry><entry VJ="1">Betriebsstoffvorräte – Hubschrauber</entry></row></tbody></tgroup></table><Ident Class="S2"><BR/>Abschnitt 4</Ident><Title Align="auto" Class="S2"><BR/>Schlussvorschriften<BR/><BR/></Title><table frame="none" pgwide="1" tocentry="%yes;"><tgroup align="left" char="" charoff="50" cols="2" colsep="0" rowsep="0"><colspec colname="col1" colnum="1" colwidth="1.00*"/><colspec colname="col2" colnum="2" colwidth="8.0*"/><tbody valign="top"><row><entry VJ="1" align="left" colname="col1" valign="top">§ 35</entry><entry VJ="1" align="left" colname="col2" valign="top">Inkrafttreten, Außerkrafttreten</entry></row></tbody></tgroup></table></TOC></text></textdaten></norm>
<norm builddate="20240424214514" doknr="BJNR504800009BJNG000100000"><metadaten><jurabk>LuftBODV 3 2009</jurabk><gliederungseinheit><gliederungskennzahl>010</gliederungskennzahl><gliederungsbez>Abschnitt 1</gliederungsbez><gliederungstitel>Allgemeine Vorschriften</gliederungstitel></gliederungseinheit></metadaten><textdaten/></norm>
<norm builddate="20240424214514" doknr="BJNR504800009BJNE000300000"><metadaten><jurabk>LuftBODV 3 2009</jurabk><enbez>§ 1</enbez><titel format="XML">Geltungsbereich</titel></metadaten><textdaten><text format="XML"><Content><P>Diese Verordnung gilt für die Ausrüstung und den Betrieb des nach den Vorschriften der Luftverkehrs-Zulassungs-Ordnung zum Verkehr zugelassenen Luftfahrtgerätes. Diese Verordnung gilt nicht für Luftfahrtgeräte zur gewerbsmäßigen Beförderung von Personen und Sachen.</P></Content></text></textdaten></norm>
<norm builddate="20240424214514" doknr="BJNR504800009BJNG000200000"><metadaten><jurabk>LuftBODV 3 2009</jurabk><gliederungseinheit><gliederungskennzahl>020</gliederungskennzahl><gliederungsbez>Abschnitt 2</gliederungsbez><gliederungstitel>Ausrüstung von Luftfahrzeugen</gliederungstitel></gliederungseinheit></metadaten><textdaten/></norm>
<norm builddate="20240424214514" doknr="BJNR504800009BJNG000300000"><metadaten><jurabk>LuftBODV 3 2009</jurabk><gliederungseinheit><gliederungskennzahl>020010</gliederungskennzahl><gliederungsbez>Unterabschnitt 1</gliederungsbez><gliederungstitel>Alle Luftfahrzeuge</gliederungstitel></gliederungseinheit></metadaten><textdaten/></norm>
<norm builddate="20240424214514" doknr="BJNR504800009BJNE000400000"><metadaten><jurabk>LuftBODV 3 2009</jurabk><enbez>§ 2</enbez><titel format="XML">Ausrüstung für Flüge nach Instrumentenflugregeln<BR/>(zu § 20 Absatz 1 LuftBO)</titel></metadaten><textdaten><text format="XML"><Content><P>(1) Motorgetriebene Luftfahrzeuge, die nach Instrumentenflugregeln geflogen werden, sind wie folgt auszurüsten: <DL Font="normal" Type="arabic"><DT>1.</DT><DD Font="normal"><LA Size="normal">einem Doppelsteuer, wenn das Luftfahrzeug nach den Vorschriften der Betriebsordnung für Luftfahrtgerät von zwei Luftfahrzeugführern zu führen und zu bedienen ist, und</LA></DD><DT>2.</DT><DD Font="normal"><LA Size="normal">Flugüberwachungsgeräten, die für die sichere Führung und Bedienung des Luftfahrzeuges erforderlich sind, mindestens jedoch mit:<DL Font="normal" Type="arabic"><DT>a)</DT><DD Font="normal"><LA Size="normal">einer Fahrtmesseranlage, die gegen Vereisung und Kondensation geschützt ist,</LA></DD><DT>b)</DT><DD Font="normal"><LA Size="normal">zwei barometrischen Höhenmesseranlagen, darunter einem Feinhöhenmesser,</LA></DD><DT>c)</DT><DD Font="normal"><LA Size="normal">einem Variometer,</LA></DD><DT>d)</DT><DD Font="normal"><LA Size="normal">einem Kurskreisel,</LA></DD><DT>e)</DT><DD Font="normal"><LA Size="normal">einem Magnetkompass,</LA></DD><DT>f)</DT><DD Font="normal"><LA Size="normal">einem Kreiselhorizont,</LA></DD><DT>g)</DT><DD Font="normal"><LA Size="normal">einer Scheinlotanzeige,</LA></DD><DT>h)</DT><DD Font="normal"><LA Size="normal">einem Außenluftthermometer,</LA></DD><DT>i)</DT><DD Font="normal"><LA Size="normal">einem Wendezeiger oder einem zusätzlichen Kreiselhorizont, die unabhängig von der Energiequelle des unter Buchstabe f geforderten Kreiselhorizontes versorgt werden,</LA></DD><DT>j)</DT><DD Font="normal"><LA Size="normal">einer Uhr mit großem Sekundenzeiger und Stoppeinrichtung,</LA></DD><DT>k)</DT><DD Font="normal"><LA Size="normal">einer Beleuchtungsanlage für alle Instrumente und Bedienungsgeräte, die für die sichere Führung des Luftfahrzeugs erforderlich sind,</LA></DD><DT>l)</DT><DD Font="normal"><LA Size="normal">einem Anzeigegerät für die ordnungsgemäße Funktion der Energieversorgung der Kreiselgeräte und</LA></DD><DT>m)</DT><DD Font="normal"><LA Size="normal">einer elektrischen Handlampe für jedes Besatzungsmitglied, die unabhängig vom Bordnetz ist.</LA></DD></DL></LA></DD></DL></P><P>(2) Hubschrauber sind abweichend von den Buchstaben f und g mit einem künstlichen Horizont je vorgeschriebenem Piloten und einem zusätzlichen künstlichen Horizont auszurüsten.</P></Content></text></textdaten></norm>
<norm builddate="20240424214514" doknr="BJNR504800009BJNE000500000"><metadaten><jurabk>LuftBODV 3 2009</jurabk><enbez>§ 3</enbez><titel format="XML">Ausrüstung für Flüge nach Instrumentenflugregeln über den Nordatlantik<BR/>(zu § 20 Absatz 1 LuftBO)</titel></metadaten><textdaten><text format="XML"><Content><P>(1) Flugzeuge müssen für Flüge nach Instrumentenflugregeln über den Nordatlantik zusätzlich zu der Ausrüstung nach § 2 mit zwei Langstrecken-Navigationsanlagen in folgendem begrenzten Luftraum ausgerüstet sein:<BR/><BR/>zwischen Flugfläche 275 und Flugfläche 400 in dem<DL Font="normal" Type="arabic"><DT>1.</DT><DD Font="normal"><LA Size="normal">im Osten durch die östlichen Grenzen der Kontrollbezirke Santa Maria Oceanic, Shanwick Oceanic und Reykjavik,</LA></DD><DT>2.</DT><DD Font="normal"><LA Size="normal">im Norden durch den geografischen Nordpol,</LA></DD><DT>3.</DT><DD Font="normal"><LA Size="normal">im Westen – nördlich der geografischen Breite 38°30’N – durch die westlichen Grenzen der Kontrollbezirke Reykjavik, Gander Oceanic und New York Oceanic und – südlich der geografischen Breite 38°30’N – durch den Längengrad 60°W im Kontrollbezirk New York Oceanic und</LA></DD><DT>4.</DT><DD Font="normal"><LA Size="normal">im Süden – östlich des Längengrades 60°W – durch den Breitengrad 27 °N und – westlich des Längengrades 60 °W – durch die geografische Breite 38°30’N.</LA></DD></DL></P><P>(2) Jede einzelne der zwei Langstrecken-Navigationsanlagen muss der Besatzung fortlaufend die Position des Flugzeuges anzeigen können und bestehen aus:<DL Font="normal" Type="arabic"><DT>1.</DT><DD Font="normal"><LA Size="normal">einer Trägheitsnavigationsanlage oder</LA></DD><DT>2.</DT><DD Font="normal"><LA Size="normal">einer Global Navigation Satellite System (GNSS)-Empfangsanlage.</LA></DD></DL></P><P>(3) Dem Luftfahrt-Bundesamt ist ein Nachweis darüber zu erbringen, dass diese Ausrüstung folgende Genauigkeit der Navigation ermöglicht:<DL Font="normal" Type="arabic"><DT>1.</DT><DD Font="normal"><LA Size="normal">die Standardabweichung des seitlichen Kursfehlers darf 6,3 Seemeilen nicht überschreiten,</LA></DD><DT>2.</DT><DD Font="normal"><LA Size="normal">der Anteil an der Gesamtflugzeit, den das Luftfahrzeug sich 30 Seemeilen oder mehr außerhalb des zugewiesenen Kurses über Grund befindet, muss weniger als 5,3 x 10<SUP>-4</SUP> betragen (weniger als eine Stunde in etwa 2 000 Flugstunden),</LA></DD><DT>3.</DT><DD Font="normal"><LA Size="normal">der Anteil an der Gesamtflugzeit, den das Luftfahrzeug sich zwischen 50 und 70 Seemeilen außerhalb des zugewiesenen Kurses über Grund befindet, muss weniger als 13 x 10<SUP>-5</SUP> betragen (weniger als eine Stunde in etwa 8 000 Flugstunden).</LA></DD></DL></P><P>(4) Abweichend von Absatz 1 ist die Ausrüstung des Flugzeuges mit nur einer Langstrecken-Navigationsanlage nach Absatz 2 oder Absatz 6 zusätzlich zur Ausrüstung nach § 2 zulässig, wenn Flüge nach Instrumentenflugregeln ausschließlich zwischen dem Nordteil Großbritanniens oder Irland einerseits und Nordostkanada andererseits über Island und Grönland in dem nach Absatz 1 festgelegten Luftraum durchgeführt werden.</P><P>(5) Einer zusätzlichen Ausrüstung nach Absatz 2 bedarf es nicht bei Flügen nach Instrumentenflugregeln von und nach Island auf den durch die Navigationsfunkfeuer<DL Font="normal" Type="arabic"><DT>1.</DT><DD Font="normal"><LA Size="normal">Flesland, Myggenaes und Ingolfshofdi oder</LA></DD><DT>2.</DT><DD Font="normal"><LA Size="normal">Sumburgh, Akraberg und Myggenaes</LA></DD></DL>festgelegten Flugstrecken.</P><P>(6) Das Luftfahrt-Bundesamt kann andere als die in Absatz 2 geforderten Navigationsanlagen als Ausrüstung genehmigen, wenn diese Ausrüstung die Navigationsgenauigkeit nach Absatz 3 aufweist.</P></Content></text></textdaten></norm>
<norm builddate="20240424214514" doknr="BJNR504800009BJNE000600000"><metadaten><jurabk>LuftBODV 3 2009</jurabk><enbez>§ 4</enbez><titel format="XML">Ausrüstung für Flüge in Lufträumen mit verringerter Höhenstaffelung<BR/>(Reduced Vertical Separation Minimum, RVSM)<BR/>(zu § 20 Absatz 1 LuftBO)</titel></metadaten><textdaten><text format="XML"><Content><P>(1) Flugzeuge müssen für Flüge nach Instrumentenflugregeln in Lufträumen mit verringerter Höhenstaffelung (RVSM-Lufträume) mit<DL Font="normal" Type="arabic"><DT>1.</DT><DD Font="normal"><LA Size="normal">zwei voneinander unabhängigen Höhenmesseranlagen,</LA></DD><DT>2.</DT><DD Font="normal"><LA Size="normal">einem Sekundärradar-Antwortgerät (Transponder) mit automatischer Höhenübermittlung,</LA></DD><DT>3.</DT><DD Font="normal"><LA Size="normal">einer Höhen-Warnanlage und</LA></DD><DT>4.</DT><DD Font="normal"><LA Size="normal">einem Flugregler mit Höhenhaltung</LA></DD></DL>ausgestattet und als Flugzeug-Gruppe (group aircraft) oder als einzelnes Flugzeug (non-group aircraft) den geltenden Lufttüchtigkeitsforderungen genügen und entsprechend zugelassen sein.</P><P>(2) Die Ausrüstung nach Absatz 1 muss dabei für die Zulassung als Flugzeug-Gruppe folgende Anforderungen erfüllen:<DL Font="normal" Type="arabic"><DT>1.</DT><DD Font="normal"><LA Size="normal">Der mittlere Fehler der Höhenmesseranlage (mean altrimetry system error; ASE) darf unter den in der technischen Dokumentation der Musterzulassungsbehörde vorgesehenen normalen Betriebsbedingungen 80 Fuß und unter allen übrigen Betriebsbedingungen 120 Fuß nicht überschreiten.</LA></DD><DT>2.</DT><DD Font="normal"><LA Size="normal">Der mittlere Fehler der Höhenmesseranlage zuzüglich der dreifachen Standardabweichung darf unter den in der technischen Dokumentation der Musterzulassungsbehörde vorgesehenen normalen Betriebsbedingungen 200 Fuß und unter allen übrigen Betriebsbedingungen 245 Fuß nicht überschreiten.</LA></DD></DL></P><P>(3) Für die Zulassung eines einzelnen Flugzeuges darf der mittlere Fehler der Höhenmesseranlage der Ausrüstung nach Absatz 1 unter den in der technischen Dokumentation der Musterzulassungsbehörde vorgesehenen normalen Betriebsbedingungen 160 Fuß und unter allen übrigen Betriebsbedingungen 200 Fuß nicht überschreiten.</P><P>(4) Für die Zulassung der Flugzeuge nach den Absätzen 2 und 3 muss der Flugregler mit Höhenhaltung sicherstellen, dass die Abweichung von der gewählten Flughöhe nach oben und nach unten nicht mehr als 65 Fuß beträgt.</P></Content></text></textdaten></norm>
<norm builddate="20240424214514" doknr="BJNR504800009BJNE000700000"><metadaten><jurabk>LuftBODV 3 2009</jurabk><enbez>§ 5</enbez><titel format="XML">Ausrüstung für Flüge nach Sichtflugregeln<BR/>(zu § 20 Absatz 1 LuftBO)</titel></metadaten><textdaten><text format="XML"><Content><P>(1) Für Flüge nach Sichtflugregeln am Tage sind motorgetriebene Luftfahrzeuge wie folgt auszurüsten:<DL Font="normal" Type="arabic"><DT>1.</DT><DD Font="normal"><LA Size="normal">einem Magnetkompass,</LA></DD><DT>2.</DT><DD Font="normal"><LA Size="normal">einem barometrischen Feinhöhenmesser,</LA></DD><DT>3.</DT><DD Font="normal"><LA Size="normal">einer Fahrtmesseranlage und</LA></DD><DT>4.</DT><DD Font="normal"><LA Size="normal">einer Uhr mit Sekundenanzeige.</LA></DD></DL></P><P>(2) Für Flüge nach Sichtflugregeln bei Nacht sind motorgetriebene Luftfahrzeuge zusätzlich zu der Ausrüstung nach Absatz 1 wie folgt auszurüsten:<DL Font="normal" Type="arabic"><DT>1.</DT><DD Font="normal"><LA Size="normal">einer Fluglageanzeige (künstlicher Horizont) für jeden vorgeschriebenen Piloten,</LA></DD><DT>2.</DT><DD Font="normal"><LA Size="normal">einer Scheinlotanzeige,</LA></DD><DT>3.</DT><DD Font="normal"><LA Size="normal">einem Kurskreisel,</LA></DD><DT>4.</DT><DD Font="normal"><LA Size="normal">einem Variometer,</LA></DD><DT>5.</DT><DD Font="normal"><LA Size="normal">einem Landescheinwerfer,</LA></DD><DT>6.</DT><DD Font="normal"><LA Size="normal">Beleuchtungsanlagen für die Fluggasträume,</LA></DD><DT>7.</DT><DD Font="normal"><LA Size="normal">einer elektrischen Handlampe für jedes Besatzungsmitglied, die unabhängig vom Bordnetz ist und</LA></DD><DT>8.</DT><DD Font="normal"><LA Size="normal">einer Beleuchtung aller für den sicheren Betrieb notwendigen Fluginstrumente,</LA></DD><DT>9.</DT><DD Font="normal"><LA Size="normal">für Flugzeuge mit einem Außenluftthermometer und</LA></DD><DT>10.</DT><DD Font="normal"><LA Size="normal">für Flugzeuge mit einem Anzeigegerät für die ordnungsgemäße Funktion der Energieversorgung der Kreiselgeräte.</LA></DD></DL></P></Content></text></textdaten></norm>
<norm builddate="20240424214514" doknr="BJNR504800009BJNE000800000"><metadaten><jurabk>LuftBODV 3 2009</jurabk><enbez>§ 6</enbez><titel format="XML">Ausrüstung für kontrollierte Flüge nach Sichtflugregeln<BR/>(zu § 20 Absatz 1 LuftBO)</titel></metadaten><textdaten><text format="XML"><Content><P>Für kontrollierte Flüge nach Sichtflugregeln in dafür von der zuständigen Flugsicherungsorganisation festgelegten Lufträumen sind motorgetriebene Luftfahrzeuge zusätzlich zu der Ausrüstung nach § 5 Absatz 1 wie folgt auszurüsten:<DL Font="normal" Type="arabic"><DT>1.</DT><DD Font="normal"><LA Size="normal">einem Kurskreisel,</LA></DD><DT>2.</DT><DD Font="normal"><LA Size="normal">einem Variometer,</LA></DD><DT>3.</DT><DD Font="normal"><LA Size="normal">einem Wendezeiger oder einem Kreiselhorizont und</LA></DD><DT>4.</DT><DD Font="normal"><LA Size="normal">einer Scheinlotanzeige.</LA></DD></DL></P></Content></text></textdaten></norm>
<norm builddate="20240424214514" doknr="BJNR504800009BJNE000900000"><metadaten><jurabk>LuftBODV 3 2009</jurabk><enbez>§ 7</enbez><titel format="XML">Ausrüstung von Segelflugzeugen für Wolkenflüge<BR/>(zu § 20 Absatz 1 LuftBO)</titel></metadaten><textdaten><text format="XML"><Content><P>Für Wolkenflüge sind Segelflugzeuge wie folgt auszurüsten:<DL Font="normal" Type="arabic"><DT>1.</DT><DD Font="normal"><LA Size="normal">einem Fahrtmesser,</LA></DD><DT>2.</DT><DD Font="normal"><LA Size="normal">einem Höhenmesser,</LA></DD><DT>3.</DT><DD Font="normal"><LA Size="normal">einem Wendezeiger mit Scheinlot,</LA></DD><DT>4.</DT><DD Font="normal"><LA Size="normal">einem Magnetkompass und</LA></DD><DT>5.</DT><DD Font="normal"><LA Size="normal">einem Variometer.</LA></DD></DL></P></Content></text></textdaten></norm>
<norm builddate="20240424214514" doknr="BJNR504800009BJNE001000000"><metadaten><jurabk>LuftBODV 3 2009</jurabk><enbez>§ 8</enbez><titel format="XML">Sonstige Ausrüstung<BR/>(zu §§ 19 bis 22 LuftBO)</titel></metadaten><textdaten><text format="XML"><Content><P>Flugzeuge und Hubschrauber sind im Übrigen immer wie folgt auszurüsten:<DL Font="normal" Type="arabic"><DT>1.</DT><DD Font="normal"><LA Size="normal">einem leicht zugänglichen Verbandskasten, der mindestens DIN 13164, Ausgabe Januar 1998, erfüllt,</LA></DD><DT>2.</DT><DD Font="normal"><LA Size="normal">einem Handfeuerlöscher im Cockpit und in jedem Fluggastraum, wenn dieser durch die Besatzung nicht leicht zu erreichen ist,</LA></DD><DT>3.</DT><DD Font="normal"><LA Size="normal">aktuellen und entsprechend der Betriebsart geeigneten Karten für die geplante Flugstrecke und mögliche Ausweichstrecken,</LA></DD><DT>4.</DT><DD Font="normal"><LA Size="normal">Unterlagen über Maßnahmen und Signale, die gemäß §21 Absatz 4 LuftVO bei der Ansteuerung durch militärische oder polizeiliche Luftfahrzeuge anzuwenden sind,</LA></DD><DT>5.</DT><DD Font="normal"><LA Size="normal">einer ausreichenden Anzahl von Ersatzsicherungen, sofern Schmelzsicherungen im Cockpit Verwendung finden.</LA></DD></DL></P></Content></text></textdaten></norm>
<norm builddate="20240424214514" doknr="BJNR504800009BJNE001100000"><metadaten><jurabk>LuftBODV 3 2009</jurabk><enbez>§ 9</enbez><titel format="XML">Durchbruchstellen<BR/>(zu § 19 Absatz 1 Nummer 2 LuftBO)</titel></metadaten><textdaten><text format="XML"><Content><P>(1) Wenn an einem Luftfahrzeug von außen aufbrechbare Rettungsöffnungen (Durchbruchstellen) gemäß den Angaben des Luftfahrzeugherstellers zur Rettung der Insassen in einem Notfall für die Rettungskräfte von außen angebracht werden, sind diese Bereiche wie unten dargestellt zu markieren. Die Markierungen müssen rot oder gelb sein und gegebenenfalls eine weiße Konturlinie haben, um sich vom Hintergrund abzuheben.</P><P>(2) Wenn die Markierungen der Ecken eines Durchbruchbereiches weiter als zwei Meter voneinander entfernt sind, müssen Zwischenmarkierungen mit den Abmessungen neun Zentimeter x drei Zentimeter eingefugt werden, so dass nicht mehr als zwei Meter zwischen zwei benachbarten Markierungen liegen.<BR/><BR/><IMG Align="center" Pos="block" SRC="banz_2009_j2039_0001.jpg" alt=""/><BR/></P></Content></text></textdaten></norm>
<norm builddate="20240424214514" doknr="BJNR504800009BJNE001200000"><metadaten><jurabk>LuftBODV 3 2009</jurabk><enbez>§ 10</enbez><titel format="XML">Navigations- und Sprechfunkausrüstung<BR/>(zu § 20 LuftBO)</titel></metadaten><textdaten><text format="XML"><Content><P>Luftfahrzeuge müssen mit einer Navigations- und Sprechfunkausrüstung ausgestattet sein, die es ermöglicht, den Flug in Übereinstimmung mit den von der zuständigen Flugsicherungsorganisation festgelegten Regeln und Bedingungen und nach den Anweisungen des Flugverkehrskontrolldienstes durchzuführen.</P></Content></text></textdaten></norm>
<norm builddate="20240424214514" doknr="BJNR504800009BJNE001300000"><metadaten><jurabk>LuftBODV 3 2009</jurabk><enbez>§ 11</enbez><titel format="XML">Sauerstoffversorgung<BR/>(zu § 21 Absatz 2 LuftBO)</titel></metadaten><textdaten><text format="XML"><Content><P>(1) Der erforderliche mitzuführende Sauerstoffvorrat richtet sich nach der Flughöhe, der Flugdauer in bestimmten Flughöhen und nach der Anzahl der Personen an Bord.</P><P>(2) Flüge in Kabinendruckhöhen von mehr als 3 600 Meter (12 000 Fuß) dürfen nur durchgeführt werden, wenn die an Bord mitgeführte Menge an Sauerstoff zur Versorgung wie folgt ausreicht:<DL Font="normal" Type="arabic"><DT>1.</DT><DD Font="normal"><LA Size="normal">Versorgung aller Besatzungsmitglieder sowie zehn Prozent der Fluggäste, wenn die Flugzeit 30 Minuten in einer Kabinendruckhöhe von 3 600 Meter (12 000 Fuß) überschreitet und</LA></DD><DT>2.</DT><DD Font="normal"><LA Size="normal">Versorgung aller Besatzungsmitglieder sowie der Fluggäste für die gesamte Zeit in einer Kabinendruckhöhe von mehr als 4 000 Meter (13 000 Fuß).</LA></DD></DL></P><P>(3) Der verantwortliche Luftfahrzeugführer hat sicherzustellen, dass der erforderliche Sauerstoffvorrat an Bord zur Verfügung steht.</P><P>(4) Alle Flugbesatzungsmitglieder, die mit der Ausführung von Tätigkeiten für eine sichere Flugdurchführung betraut sind, müssen jederzeit fortlaufend mit Sauerstoff versorgt werden können.</P><P>(5) Die Kabinendruckhöhe ist bei Luftfahrzeugen ohne Druckkabine die Flughöhe über Normal Null.</P></Content></text></textdaten></norm>
<norm builddate="20240424214514" doknr="BJNR504800009BJNE001400000"><metadaten><jurabk>LuftBODV 3 2009</jurabk><enbez>§ 12</enbez><titel format="XML">Ausrüstung für Flüge über Land - Notausrüstung<BR/>(zu § 21 Absatz 1 LuftBO)</titel></metadaten><textdaten><text format="XML"><Content><P>Weist ein Staat, in dessen Luftraum der Flug durchgeführt werden soll, in seinem Luftfahrthandbuch (AIP – Aeronautical Information Publication) Landgebiete aus, in denen die Durchführung des Such- und Rettungsdienstes besonders schwierig oder nicht möglich ist, sind Luftfahrzeuge mit Signal- und Hilfsmitteln sowie mit Notvorräten auszurüsten. Die Hilfsmittel und Notvorräte müssen geeignet sein, die Personen unter den zu erwartenden Verhältnissen am Leben zu erhalten. Art und Umfang müssen den von den Behörden des überflogenen Staates erlassenen Vorschriften entsprechen.</P></Content></text></textdaten></norm>
<norm builddate="20240424214514" doknr="BJNR504800009BJNG000400000"><metadaten><jurabk>LuftBODV 3 2009</jurabk><gliederungseinheit><gliederungskennzahl>020020</gliederungskennzahl><gliederungsbez>Unterabschnitt 2</gliederungsbez><gliederungstitel>Flugzeuge</gliederungstitel></gliederungseinheit></metadaten><textdaten/></norm>
<norm builddate="20240424214514" doknr="BJNR504800009BJNE001500000"><metadaten><jurabk>LuftBODV 3 2009</jurabk><enbez>§ 13</enbez><titel format="XML">Ausrüstung für Flüge über Wasser - Wasserflugzeuge<BR/>(zu § 21 Absatz 1 LuftBO)</titel></metadaten><textdaten><text format="XML"><Content><P>(1) Für Flüge über Wasser sind Wasserflugzeuge mit einer Ausrüstung, die zum Festmachen, Ankern und Manövrieren des Luftfahrzeuges auf dem Wasser erforderlich ist, auszustatten.</P><P>(2) Wenn der Staat, in dessen Luftraum der Flug durchgeführt werden soll, es fordert, sind die Luftfahrzeuge mit der nach den internationalen Regeln zur Verhütung von Zusammenstößen auf See vorgeschriebenen Ausrüstung zur Erzeugung von akustischen Signalen auszustatten.</P><P>(3) Für jede Person ist eine Schwimmweste mit einem Licht zur Ortung mitzuführen. Jede Schwimmweste ist so unterzubringen, dass sie vom Sitz oder von der Liege der Person, für die sie vorgesehen ist, leicht zugänglich ist.</P><P>(4) Wasserflugzeuge im Sinne dieser Vorschrift sind auch Amphibienflugzeuge, sofern sie als Wasserflugzeug betrieben werden.</P></Content></text></textdaten></norm>
<norm builddate="20240424214514" doknr="BJNR504800009BJNE001600000"><metadaten><jurabk>LuftBODV 3 2009</jurabk><enbez>§ 14</enbez><titel format="XML">Ausrüstung für Flüge über Wasser - Landflugzeuge<BR/>(zu § 21 Absatz 1 LuftBO)</titel></metadaten><textdaten><text format="XML"><Content><P>(1) Wenn bei Flügen mit einmotorigen Landflugzeugen über Wasser die Entfernung von der nächsten Küste größer ist, als die jeweilige Gleitdistanz, ist für jede Person eine Schwimmweste mit einem Licht zur Ortung mitzuführen. Jede Schwimmweste ist so unterzubringen, dass sie vom Sitz oder von der Liege der Person, für die sie vorgesehen ist, leicht zugänglich ist.</P><P>(2) Landflugzeuge im Sinne dieser Vorschrift sind auch Amphibienflugzeuge, sofern sie als Landflugzeuge betrieben werden.</P></Content></text></textdaten></norm>
<norm builddate="20240424214514" doknr="BJNR504800009BJNE001700000"><metadaten><jurabk>LuftBODV 3 2009</jurabk><enbez>§ 15</enbez><titel format="XML">Ausrüstung für Flüge über Wasser - Alle Flugzeuge<BR/>(zu § 21 Absatz 1 LuftBO)</titel></metadaten><textdaten><text format="XML"><Content><P>(1) Für Flüge über Wasser, bei denen geeignete Flächen an Land zur Notlandung mehr als 93 Kilometer (50 Nautische Meilen) vom Luftfahrzeug entfernt sind, ist für jede Person eine Schwimmweste mit einem Licht zur Ortung mitzuführen. Jede Schwimmweste ist so unterzubringen, dass sie vom Sitz oder von der Liege der Person, für die sie vorgesehen ist, leicht zugänglich ist.</P><P>(2) Einmotorige Luftfahrzeuge dürfen nur dann auf Flügen über Wasser betrieben werden, wenn geeignete Flächen an Land zur Notlandung nicht mehr als 185 Kilometer (100 Nautische Meilen) vom Luftfahrzeug entfernt sind.</P><P>(3) Mehrmotorige Luftfahrzeuge, die mit einem ausgefallenen Triebwerk ihren Flug fortsetzen können, dürfen nur dann auf Flügen über Wasser betrieben werden, wenn geeignete Flächen an Land zur Notlandung nicht mehr als 370 Kilometer (200 Nautische Meilen) vom Luftfahrzeug entfernt sind.</P><P>(4) Werden die Entfernungen nach den Absätzen 2 oder 3 überschritten, ist eine ausreichende Anzahl von Rettungsflößen zur Aufnahme aller Luftfahrzeuginsassen mitzuführen. Die Rettungsflöße sind mit Überlebensausrüstung unter Berücksichtigung der zu befliegenden Strecke zu versehen und so unterzubringen, dass sie im Notfall leicht zugänglich sind.</P></Content></text></textdaten></norm>
<norm builddate="20240424214514" doknr="BJNR504800009BJNE001800000"><metadaten><jurabk>LuftBODV 3 2009</jurabk><enbez>§ 16</enbez><titel format="XML">Notsender<BR/>(zu § 22 LuftBO)</titel></metadaten><textdaten><text format="XML"><Content><P>(1) Für Flüge ins Ausland müssen ab dem 1. Oktober 2009 alle Flugzeuge mit mindestens einem Notsender ausgerüstet sein, der auf 121,5 Megahertz und 406 Megahertz senden kann.</P><P>(2) Ab dem 1. Januar 2010 müssen alle Flugzeuge mit mindestens einem Notsender (ELT) nach Absatz 1 ausgerüstet sein.</P><P>(3) Flugzeuge, die nach dem 1. Oktober 2009 erstmals zum Verkehr zugelassen werden, müssen mit einem automatischen Notsender ausgerüstet sein, der auf 121,5 Megahertz und 406 Megahertz senden kann.</P></Content></text></textdaten></norm>
<norm builddate="20240424214514" doknr="BJNR504800009BJNE001900000"><metadaten><jurabk>LuftBODV 3 2009</jurabk><enbez>§ 17</enbez><titel format="XML">Tonaufzeichnungsanlage für das Cockpit<BR/>(zu § 22 LuftBO)</titel></metadaten><textdaten><text format="XML"><Content><P>(1) Flugzeuge mit einer höchstzulässigen Startmasse von mehr als 27 000 Kilogramm, die seit dem 1. Januar 1987 erstmals zum Verkehr zugelassen worden sind, sind mit einer Tonaufzeichnungsanlage für das Cockpit auszurüsten.</P><P>(2) Die Tonaufzeichnungsanlage dient der Speicherung des Funkverkehrs, der Gespräche und der Geräusche innerhalb des Cockpits.</P><P>(3) Die Tonaufzeichnungsanlage für das Cockpit muss mindestens die Daten speichern können, die während der letzten 30 Betriebsminuten der Anlage aufgezeichnet wurden.</P><P>(4) Die Aufzeichnungszeit für Tonaufzeichnungsanlagen in Flugzeugen mit einer höchstzulässigen Startmasse von mehr als 5 700 Kilogramm, die nach dem 1. Oktober 2009 erstmals zum Verkehr zugelassen werden, muss mindestens zwei Stunden betragen.</P></Content></text></textdaten></norm>
<norm builddate="20240424214514" doknr="BJNR504800009BJNE002000000"><metadaten><jurabk>LuftBODV 3 2009</jurabk><enbez>§ 18</enbez><titel format="XML">Flugdatenschreiberanlage<BR/>(zu § 22 LuftBO)</titel></metadaten><textdaten><text format="XML"><Content><P>(1) Flugzeuge mit einer höchstzulässigen Startmasse von mehr als 27 000 Kilogramm, die am oder nach dem 1. Januar 1989 erstmals zum Verkehr zugelassen worden sind, sind mit einem Flugdatenschreiber des Typs I auszurüsten.</P><P>(2) Flugzeuge mit einer höchstzulässigen Startmasse von mehr als 5 700 Kilogramm, die nach dem 1. Januar 2005 erstmals zum Verkehr zugelassen worden sind, sind mit einem Flugdatenschreiber des Typs IA auszurüsten.</P><P>(3) Der Flugdatenschreiber muss mindestens die Daten speichern können, die während der letzten 25 Betriebsstunden der Anlage aufgezeichnet wurden.</P><P>(4) Der Flugdatenschreiber darf während des Fluges nicht abgeschaltet werden.</P><P>(5) Im Falle der Nutzung digitaler Datenverbindungen mit einer bodengestützten Gegenstelle müssen Flugzeuge, für die eine Tonaufzeichnungsanlage für das Cockpit nach § 17 vorgeschrieben ist und die nach dem 1. Oktober 2009 erstmals zum Verkehr zugelassen werden, mit einem Flugdatenschreiber ausgerüstet sein, der die per Datenverbindung ausgetauschten Daten aufzeichnet.</P><P>(6) Im Falle der Nutzung digitaler Datenverbindungen mit einer bodengestützten Gegenstelle müssen ab dem 1. Januar 2013 alle Flugzeuge, für die eine Tonaufzeichnungsanlage für das Cockpit nach § 17 vorgeschrieben ist, mit einem Flugdatenschreiber ausgerüstet sein, der die per Datenverbindung ausgetauschten Daten aufzeichnet.</P></Content></text></textdaten></norm>
<norm builddate="20240424214514" doknr="BJNR504800009BJNE002100000"><metadaten><jurabk>LuftBODV 3 2009</jurabk><enbez>§ 19</enbez><titel format="XML">Bodenannäherungswarnanlage<BR/>(zu § 22 LuftBO)</titel></metadaten><textdaten><text format="XML"><Content><P>Ab dem 1. Oktober 2009 sind turbinengetriebene Flugzeuge mit einer höchstzulässigen Startmasse von mehr als 5 700 Kilogramm oder einer höchsten genehmigten Fluggastsitzzahl von mehr als neun mit einer Bodenannäherungswarnanlage der Klasse B (TAWS Class B) auszurüsten, sofern sie nicht bereits mit einer Bodenannäherungswarnanlage (GPWS) ausgerüstet sind.</P></Content></text></textdaten></norm>
<norm builddate="20240424214514" doknr="BJNR504800009BJNE002200000"><metadaten><jurabk>LuftBODV 3 2009</jurabk><enbez>§ 20</enbez><titel format="XML">Machzahlanzeige<BR/>(zu § 22 LuftBO)</titel></metadaten><textdaten><text format="XML"><Content><P>Flugzeuge, deren Kompressibilitätsgrenzwerte auf den vorgeschriebenen Fahrtmessern nicht angezeigt werden, müssen mit einer Machzahlanzeige ausgerüstet sein.</P></Content></text></textdaten></norm>
<norm builddate="20240424214514" doknr="BJNR504800009BJNE002300000"><metadaten><jurabk>LuftBODV 3 2009</jurabk><enbez>§ 21</enbez><titel format="XML">Bordseitige Kollisionsschutzanlage<BR/>(zu § 22 LuftBO)</titel></metadaten><textdaten><text format="XML"><Content><P>Turbinengetriebene Flugzeuge mit einer höchstzulässigen Startmasse von mehr als 5 700 Kilogramm oder mit einer Fluggastsitzzahl von mehr als neunzehn sind mit einer bordseitigen Kollisionsschutzanlage, die hinsichtlich der Leistungsanforderungen mindestens denen der Klasse II (ACAS II) entspricht, auszurüsten.</P></Content></text></textdaten></norm>
<norm builddate="20240424214514" doknr="BJNR504800009BJNG000500000"><metadaten><jurabk>LuftBODV 3 2009</jurabk><gliederungseinheit><gliederungskennzahl>020030</gliederungskennzahl><gliederungsbez>Unterabschnitt 3</gliederungsbez><gliederungstitel>Hubschrauber</gliederungstitel></gliederungseinheit></metadaten><textdaten/></norm>
<norm builddate="20240424214514" doknr="BJNR504800009BJNE002400000"><metadaten><jurabk>LuftBODV 3 2009</jurabk><enbez>§ 22</enbez><titel format="XML">Ausrüstung für Flüge über Wasser - Notschwimmeranlage<BR/>(zu § 21 Absatz 1 LuftBO)</titel></metadaten><textdaten><text format="XML"><Content><P>Folgende Hubschrauber, die für Flüge über Wasser eingesetzt werden, müssen mit einer dauerhaft entfalteten oder schnell entfaltbaren Notschwimmeranlage ausgerüstet sein:<DL Font="normal" Type="arabic"><DT>1.</DT><DD Font="normal"><LA Size="normal">mehrmotorige Hubschrauber bei Flügen über Wasser in einer Entfernung zum Land, die einer Flugstrecke von mehr als zehn Minuten bei normaler Reisefluggeschwindigkeit entspricht, oder</LA></DD><DT>2.</DT><DD Font="normal"><LA Size="normal">einmotorige Hubschrauber bei Flügen über Wasser außerhalb einer Entfernung zum Land, die im Autorotationsflug zurückgelegt werden kann oder eine sichere Notlandung erlaubt.</LA></DD></DL></P></Content></text></textdaten></norm>
<norm builddate="20240424214514" doknr="BJNR504800009BJNE002500000"><metadaten><jurabk>LuftBODV 3 2009</jurabk><enbez>§ 23</enbez><titel format="XML">Ausrüstung für Flüge über Wasser - Notausrüstung<BR/>(zu § 21 Absatz 1 LuftBO)</titel></metadaten><textdaten><text format="XML"><Content><P>(1) Hubschrauber dürfen für Flüge über Wasser nur betrieben werden, wenn für jede Person an Bord eine Schwimmweste mit einem Licht zur Ortung vorhanden ist. Diese muss so untergebracht sein, dass sie von dem Sitz oder der Liege der Person, für die sie vorgesehen ist, leicht zugänglich ist.</P><P>(2) Hubschrauber, die Flüge über Wasser nach § 22 durchführen, sind zusätzlich mit folgender Notausrüstung auszustatten:<DL Font="normal" Type="arabic"><DT>1.</DT><DD Font="normal"><LA Size="normal">Rettungsinseln oder Schlauchboote in ausreichender Anzahl für die Aufnahme aller Personen, die mit einer Überlebensausrüstung, einschließlich lebenserhaltender Mittel, in Abhängigkeit von der Flugstrecke ausgestattet und so verstaut sind, dass ein schneller Einsatz im Notfall möglich ist.</LA></DD><DT>2.</DT><DD Font="normal"><LA Size="normal">pyrotechnische Notsignalmittel.</LA></DD></DL></P></Content></text></textdaten></norm>
<norm builddate="20240424214514" doknr="BJNR504800009BJNE002600000"><metadaten><jurabk>LuftBODV 3 2009</jurabk><enbez>§ 24</enbez><titel format="XML">Ausrüstung für Flüge über Wasser - Notsender<BR/>(zu § 21 Absatz 1 LuftBO)</titel></metadaten><textdaten><text format="XML"><Content><P>Ab dem 1. Oktober 2009 müssen alle Hubschrauber für Flüge über Wasser nach § 22 mit mindestens einem automatischen Notsender und einem Notsender in der Rettungsinsel oder der Schwimmweste ausgerüstet sein. Der Notsender muss auf den Frequenzen 121,5 Megahertz und 406 Megahertz senden können.</P></Content></text></textdaten></norm>
<norm builddate="20240424214514" doknr="BJNR504800009BJNE002700000"><metadaten><jurabk>LuftBODV 3 2009</jurabk><enbez>§ 25</enbez><titel format="XML">Ausrüstung für Flüge über Land - Notsender<BR/>(zu § 21 Absatz 1 LuftBO)</titel></metadaten><textdaten><text format="XML"><Content><P>(1) Für Flüge ins Ausland müssen ab dem 1. Oktober 2009 alle Hubschrauber mit mindestens einem automatischen Notsender ausgerüstet sein, der auf 121,5 Megahertz und 406 Megahertz senden kann.</P><P>(2) Ab dem 1. Januar 2010 müssen alle Hubschrauber mit mindestens einem automatischen Notsender ausgerüstet sein, der auf 121,5 Megahertz und 406 Megahertz senden kann.</P></Content></text></textdaten></norm>
<norm builddate="20240424214514" doknr="BJNR504800009BJNE002800000"><metadaten><jurabk>LuftBODV 3 2009</jurabk><enbez>§ 26</enbez><titel format="XML">Tonaufzeichnungsanlage für das Cockpit<BR/>(zu § 22 LuftBO)</titel></metadaten><textdaten><text format="XML"><Content><P>(1) Hubschrauber mit einer höchstzulässigen Startmasse von mehr als 7 000 Kilogramm, die am oder nach dem 1. Januar 1987 erstmals zum Verkehr zugelassen wurden, sind mit einer Tonaufzeichnungsanlage für das Cockpit auszurüsten.</P><P>(2) Für Hubschrauber ohne Flugdatenschreiber muss zudem mindestens die Hauptrotordrehzahl aufgezeichnet werden.</P><P>(3) Die Tonaufzeichnungsanlage für das Cockpit muss mindestens die Daten speichern können, die während der letzten 30 Betriebsminuten der Anlage aufgezeichnet wurden.</P><P>(4) Die Aufzeichnungszeit für Tonaufzeichnungsanlagen in Hubschraubern, die nach dem 1. Oktober 2009 erstmals zum Verkehr zugelassen worden sind, muss mindestens zwei Stunden betragen.</P></Content></text></textdaten></norm>
<norm builddate="20240424214514" doknr="BJNR504800009BJNE002900000"><metadaten><jurabk>LuftBODV 3 2009</jurabk><enbez>§ 27</enbez><titel format="XML">Flugdatenschreiberanlage<BR/>(zu § 22 LuftBO)</titel></metadaten><textdaten><text format="XML"><Content><P>(1) Hubschrauber mit einer höchstzulässigen Startmasse von mehr als 7 000 Kilogramm, die nach dem 1. Januar 1989 erstmals zum Verkehr zugelassen worden sind, müssen mit einem Flugdatenschreiber vom Typ IV ausgerüstet sein.</P><P>(2) Hubschrauber mit einer höchstzulässigen Startmasse von mehr als 3 180 Kilogramm, die nach dem 1. Januar 2005 erstmals zum Verkehr zugelassen worden sind, müssen mit einem Flugdatenschreiber vom Typ IV A ausgerüstet sein.</P><P>(3) Der Flugdatenschreiber muss mindestens die Daten speichern können, die während der letzten zehn Betriebsstunden der Anlage aufgezeichnet wurden.</P><P>(4) Der Flugdatenschreiber darf während des Fluges nicht abgeschaltet werden.</P><P>(5) Im Falle der Nutzung digitaler Datenverbindungen mit einer bodengestützten Gegenstelle müssen Hubschrauber, für die eine Tonaufzeichnungsanlage für das Cockpit nach § 26 vorgeschrieben ist und die nach dem 1. Oktober 2009 erstmals zum Verkehr zugelassen werden, mit einem Flugdatenschreiber ausgerüstet sein, der die per Datenverbindung ausgetauschten Daten aufzeichnet.</P><P>(6) Im Falle der Nutzung digitaler Datenverbindungen mit einer bodengestützten Gegenstelle müssen ab dem 1. Januar 2013 alle Hubschrauber, für die eine Tonaufzeichnungsanlage für das Cockpit nach § 26 vorgeschrieben ist, mit einem Flugdatenschreiber ausgerüstet sein, der die per Datenverbindung ausgetauschten Daten aufzeichnet.</P></Content></text></textdaten></norm>
<norm builddate="20240424214514" doknr="BJNR504800009BJNG000600000"><metadaten><jurabk>LuftBODV 3 2009</jurabk><gliederungseinheit><gliederungskennzahl>020040</gliederungskennzahl><gliederungsbez>Unterabschnitt 4</gliederungsbez><gliederungstitel>Verfahrensvorschriften</gliederungstitel></gliederungseinheit></metadaten><textdaten/></norm>
<norm builddate="20240424214514" doknr="BJNR504800009BJNE003001305"><metadaten><jurabk>LuftBODV 3 2009</jurabk><enbez>§ 28</enbez><titel format="XML">Ausnahmegenehmigungen</titel></metadaten><textdaten><text format="XML"><Content><P>(1) Das Luftfahrt-Bundesamt kann auf Antrag in begründeten Fällen befristet Ausnahmegenehmigungen von den Bestimmungen des § 8 Nummer 1 und Nummer 2, der §§ 16 bis 20 sowie der §§ 24 bis 27 für einen Zeitraum von längstens 12 Monaten erteilen.</P><P>(2) Die Ausnahmegenehmigung kann mit Auflagen verbunden werden.</P><P>(3) Das Luftfahrt-Bundesamt kann im Einzelfall von den Bestimmungen des § 8 Nummer 1 und Nummer 2, der §§ 16 bis 20 sowie der §§ 24 bis 27 eine Ausnahmegenehmigung über den in Absatz 1 genannten Zeitraum hinaus gewähren für<DL Font="normal" Type="arabic"><DT>a)</DT><DD Font="normal"><LA Size="normal">Luftfahrzeuge, deren Konstruktion sich für eine nachträgliche Ausrüstung mit den vorgeschriebenen Ausrüstungsgegenständen nicht eignet oder</LA></DD><DT>b)</DT><DD Font="normal"><LA Size="normal">Luftfahrzeuge, die in besonderen Betriebsarten (Kunstflug, Platzrundenbetrieb) betrieben werden,</LA></DD></DL>wenn sichergestellt ist, dass der Flug auch ohne die vorgeschriebenen Ausrüstungsgegenstände sicher durchgeführt werden kann.</P></Content></text><fussnoten/></textdaten></norm>
<norm builddate="20240424214514" doknr="BJNR504800009BJNG000700000"><metadaten><jurabk>LuftBODV 3 2009</jurabk><gliederungseinheit><gliederungskennzahl>030</gliederungskennzahl><gliederungsbez>Abschnitt 3</gliederungsbez><gliederungstitel>Flugbetrieb</gliederungstitel></gliederungseinheit></metadaten><textdaten/></norm>
<norm builddate="20240424214514" doknr="BJNR504800009BJNE003100000"><metadaten><jurabk>LuftBODV 3 2009</jurabk><enbez>§ 29</enbez><titel format="XML">Herbeiführen simulierter Gefahrenzustände<BR/>(zu § 3 Absatz 1 LuftBO)</titel></metadaten><textdaten><text format="XML"><Content><P>Simulierte Gefahrenzustände und somit jedes absichtliche Abweichen vom Normalbetrieb eines Luftfahrzeuges dürfen nur dann herbeigeführt werden, wenn sich außer den Besatzungsmitgliedern weder Fluggaste noch gefährliche Guter an Bord befinden.</P></Content></text></textdaten></norm>
<norm builddate="20240424214514" doknr="BJNR504800009BJNE003200000"><metadaten><jurabk>LuftBODV 3 2009</jurabk><enbez>§ 30</enbez><titel format="XML">Schleppstarts<BR/>(zu § 2 LuftBO)</titel></metadaten><textdaten><text format="XML"><Content><P>Luftfahrzeugführer dürfen Segelflugzeuge oder Motorsegler, die nicht mit einer Bugkupplung ausgerüstet sind, nur dann durch andere Luftfahrzeuge beim Start schleppen lassen, wenn sie mindestens fünf Schleppstarts innerhalb der letzten sechs Monate durchgeführt haben.</P></Content></text></textdaten></norm>
<norm builddate="20240424214514" doknr="BJNR504800009BJNE003300000"><metadaten><jurabk>LuftBODV 3 2009</jurabk><enbez>§ 31</enbez><titel format="XML">Betriebsmindestbedingungen<BR/>(zu § 34 LuftBO)</titel></metadaten><textdaten><text format="XML"><Content><P>(1) Ein Flug zu einem Landeplatz darf nicht fortgesetzt werden, wenn die zuletzt erhaltenen Wetterinformationen über den Landeplatz oder zumindest über einen Ausweichlandeplatz zur voraussichtlichen Ankunftszeit nicht den Mindestbetriebsbedingungen entsprechen.</P><P>(2) Die geltenden Mindestbetriebsbedingungen für die Landung dürfen nicht unterschritten werden.</P></Content></text></textdaten></norm>
<norm builddate="20240424214514" doknr="BJNR504800009BJNE003400000"><metadaten><jurabk>LuftBODV 3 2009</jurabk><enbez>§ 32</enbez><titel format="XML">Ausweichflugplatz<BR/>(zu § 29 LuftBO)</titel></metadaten><textdaten><text format="XML"><Content><P>(1) Auf die Festlegung eines Ausweichflugplatzes für einen Flug nach Instrumentenflugregeln kann verzichtet werden, wenn nach den neuesten verfügbaren Wetterinformationen für den Zeitraum von zwei Stunden vor bis zwei Stunden nach der voraussichtlichen Ankunftszeit an dem Landeplatz oder von der aktuellen Startzeit bis zwei Stunden nach der voraussichtlichen Ankunftszeit am Landeplatz mindestens folgende Wetterbedingungen herrschen:<DL Font="normal" Type="arabic"><DT>1.</DT><DD Font="normal"><LA Size="normal">Wolkenuntergrenze:<DL Font="normal" Type="arabic"><DT>a)</DT><DD Font="normal"><LA Size="normal">für Flugzeuge: 300 Meter (1 000 Fuß),</LA></DD><DT>b)</DT><DD Font="normal"><LA Size="normal">für Hubschrauber: 120 Meter (400 Fuß)<BR/><BR/>über dem jeweiligen Minimum des anzuwendenden Instrumentenanflugverfahrens,</LA></DD></DL></LA></DD><DT>2.</DT><DD Font="normal"><LA Size="normal">Sicht:<DL Font="normal" Type="arabic"><DT>a)</DT><DD Font="normal"><LA Size="normal">für Flugzeuge: 4 Kilometer,</LA></DD><DT>b)</DT><DD Font="normal"><LA Size="normal">für Hubschrauber: 1,5 Kilometer<BR/><BR/>über dem jeweiligen Minimum des anzuwendenden Instrumentenanflugverfahrens.</LA></DD></DL></LA></DD></DL></P><P>(2) Für Flugzeuge kann abweichend von den Bedingungen des Absatzes 1 Nummer 2 Buchstabe a ein pauschaler Wert von 5,5 Kilometern verwendet werden.</P></Content></text></textdaten></norm>
<norm builddate="20240424214514" doknr="BJNR504800009BJNE003500000"><metadaten><jurabk>LuftBODV 3 2009</jurabk><enbez>§ 33</enbez><titel format="XML">Betriebsstoffvorräte - Flugzeuge<BR/>(zu § 29 LuftBO)</titel></metadaten><textdaten><text format="XML"><Content><P>(1) Für einen Flug nach Instrumentenflugregeln ohne Planung eines Ausweichflugplatzes müssen die an Bord mitgeführten Betriebsstoffmengen den Flug zum geplanten Landeplatz und eine weitere Flugzeit von 45 Minuten ermöglichen.</P><P>(2) Für einen Flug nach Instrumentenflugregeln mit Planung eines Ausweichflugplatzes müssen die an Bord mitgeführten Betriebsstoffmengen den Flug zum geplanten Landeplatz und anschließend den Flug zum Ausweichflugplatz sowie eine weitere Flugzeit von 45 Minuten ermöglichen.</P><P>(3) Bei der Berechnung der mitzuführenden Betriebsstoffmengen sind folgende Umstände zu berücksichtigen:<DL Font="normal" Type="arabic"><DT>1.</DT><DD Font="normal"><LA Size="normal">Vorhersage der meteorologischen Bedingungen,</LA></DD><DT>2.</DT><DD Font="normal"><LA Size="normal">zu erwartende Streckenvorgaben und Verzögerungen durch die Flugverkehrskontrollstelle,</LA></DD><DT>3.</DT><DD Font="normal"><LA Size="normal">für Flüge nach Instrumentenflugregeln mindestens ein Instrumentenanflug einschließlich eines Fehlanflugverfahrens am Landeplatz,</LA></DD><DT>4.</DT><DD Font="normal"><LA Size="normal">Druckverlust in der Kabine, wenn eine Druckkabine vorhanden ist, oder Ausfall eines Triebwerkes auf der Flugstrecke,</LA></DD><DT>5.</DT><DD Font="normal"><LA Size="normal">weitere Umstände, die eine Verzögerung der Landung oder einen erhöhten Kraftstoffverbrauch zur Folge haben.</LA></DD></DL></P></Content></text></textdaten></norm>
<norm builddate="20240424214514" doknr="BJNR504800009BJNE003600000"><metadaten><jurabk>LuftBODV 3 2009</jurabk><enbez>§ 34</enbez><titel format="XML">Betriebsstoffvorräte - Hubschrauber<BR/>(zu § 29 LuftBO)</titel></metadaten><textdaten><text format="XML"><Content><P>(1) Für einen Flug nach Sichtflugregeln müssen die an Bord mitgeführten Betriebsstoffmengen den Flug zum geplanten Hubschrauberflugplatz und eine weitere Flugzeit von 20 Minuten bei einer Fluggeschwindigkeit für die beste Reichweite zuzüglich 10% der geplanten Flugzeit ermöglichen.</P><P>(2) Für einen Flug nach Instrumentenflugregeln ohne Planung eines Ausweichflugplatzes müssen die an Bord mitzuführenden Betriebsstoffmengen Folgendes ermöglichen:<DL Font="normal" Type="arabic"><DT>1.</DT><DD Font="normal"><LA Size="normal">den Flug zum geplanten Hubschrauberflugplatz,</LA></DD><DT>2.</DT><DD Font="normal"><LA Size="normal">weitere 30 Minuten Flugzeit mit der Geschwindigkeit für ein Warteverfahren in einer Höhe von 450 Metern (1 500 Fuß) über dem Landeplatz und</LA></DD><DT>3.</DT><DD Font="normal"><LA Size="normal">die Durchführung des Anflugverfahrens und der Landung.</LA></DD></DL></P><P>(3) Für einen Flug nach Instrumentenflugregeln mit Planung eines Ausweichflugplatzes müssen die an Bord mitzuführenden Betriebsstoffmengen Folgendes ermöglichen:<DL Font="normal" Type="arabic"><DT>1.</DT><DD Font="normal"><LA Size="normal">den Flug zum geplanten Hubschrauberflugplatz mit Anflugverfahren und Fehlanflugverfahren,</LA></DD><DT>2.</DT><DD Font="normal"><LA Size="normal">den Flug zum Ausweichflugplatz gemäß Flugplan,</LA></DD><DT>3.</DT><DD Font="normal"><LA Size="normal">weitere 30 Minuten Flugzeit mit der Geschwindigkeit für ein Warteverfahren in einer Höhe von 450 Metern (1 500 Fuß) über dem Ausweichflugplatz und</LA></DD><DT>4.</DT><DD Font="normal"><LA Size="normal">die Durchführung des Anflugverfahrens und der Landung.</LA></DD></DL></P><P>(4) Ist für einen Flug kein geeigneter Ausweichlandeplatz vorhanden, müssen die Betriebsstoffmengen den Flug zum Landeplatz und zusätzlich zwei Stunden bei der vom Flughandbuch und der zuständigen Flugsicherungsorganisation für ein Warteverfahren vorgesehenen Geschwindigkeit ermöglichen.</P><P>(5) Bei der Berechnung der mitzuführenden Betriebsstoffmengen sind folgende Umstände zu berücksichtigen:<DL Font="normal" Type="arabic"><DT>1.</DT><DD Font="normal"><LA Size="normal">Vorhersage der meteorologischen Bedingungen,</LA></DD><DT>2.</DT><DD Font="normal"><LA Size="normal">zu erwartende Streckenvorgaben und Verzögerungen durch die Flugverkehrskontrollstelle,</LA></DD><DT>3.</DT><DD Font="normal"><LA Size="normal">für Flüge nach Instrumentenflugregeln mindestens ein Instrumentenanflug einschließlich eines Fehlanflugverfahrens am Landeplatz und</LA></DD><DT>4.</DT><DD Font="normal"><LA Size="normal">weitere Umstände, die eine Verzögerung der Landung oder einen erhöhten Kraftstoffverbrauch zur Folge haben.</LA></DD></DL></P></Content></text></textdaten></norm>
<norm builddate="20240424214514" doknr="BJNR504800009BJNG000800000"><metadaten><jurabk>LuftBODV 3 2009</jurabk><gliederungseinheit><gliederungskennzahl>040</gliederungskennzahl><gliederungsbez>Abschnitt 4</gliederungsbez><gliederungstitel>Schlussvorschriften</gliederungstitel></gliederungseinheit></metadaten><textdaten/></norm>
<norm builddate="20240424214514" doknr="BJNR504800009BJNE003700000"><metadaten><jurabk>LuftBODV 3 2009</jurabk><enbez>§ 35</enbez><titel format="XML">Inkrafttreten, Außerkrafttreten</titel></metadaten><textdaten><text format="XML"><Content><P>(1) Diese Verordnung tritt am Tag nach der Verkündung in Kraft.</P><P>(2)</P></Content></text><fussnoten/></textdaten></norm>
</dokumente>