<?xml version="1.0" encoding="UTF-8" ?><!DOCTYPE dokumente SYSTEM "http://www.gesetze-im-internet.de/dtd/1.01/gii-norm.dtd">
<dokumente builddate="20131202132830" doknr="BJNR388200009"><norm builddate="20131202132830" doknr="BJNR388200009"><metadaten><jurabk>Münz2EuroBek 2009-11</jurabk><ausfertigung-datum manuell="ja">2009-11-26</ausfertigung-datum><fundstelle typ="amtlich"><periodikum>BGBl I</periodikum><zitstelle>2009, 3882</zitstelle></fundstelle><langue>Bekanntmachung über die Ausprägung von deutschen Euro-Gedenkmünzen im Nennwert von 2 Euro (Gedenkmünze &quot;Bremen&quot;)</langue></metadaten><textdaten><fussnoten><Content><P><BR/> <pre xml:space="preserve">(+++ Textnachweis ab: 22.12.2009 +++)<BR/><BR/></pre></P></Content></fussnoten></textdaten></norm>
<norm builddate="20131202132830" doknr="BJNR388200009BJNE000100000"><metadaten><jurabk>Münz2EuroBek 2009-11</jurabk><enbez>(XXXX)</enbez></metadaten><textdaten><text format="XML"><Content><P>Gemäß den §§ 2, 4 und 5 des Münzgesetzes vom 16. Dezember 1999 (BGBl. I S. 2402) hat die Bundesregierung beschlossen, eine 2-Euro-Gedenkmünze „Bremen“ prägen zu lassen. Die Auflage der Münze beträgt 30 Millionen Stück.</P><P>Die Münze wird ab dem 29. Januar 2010 in den Verkehr gebracht. Materialeinsatz, technische Parameter und Gestaltung der europäischen Seite der 2-Euro-Gedenkmünze entsprechen der aktuellen 2-Euro-Umlaufmünze.</P><P>Der Münzrand enthält in vertiefter Prägung unverändert die Inschrift:</P><P>„EINIGKEIT UND RECHT UND FREIHEIT“.</P><P>Die nationale Seite zeigt das Rathaus von Bremen mit dem Roland, die zusammen die republikanische Geschichte und Tradition Bremens symbolisieren. Die Weserrenaissance-Fassade des alten Rathauses ist realitätsnah dargestellt, der Roland im Verhältnis zum Rathaus überhöht. Die Länderbezeichnung „BREMEN“ verknüpft Rathaus und Roland mit dem Bundesland. Auf der Randzone befinden sich die europäischen Sterne, das Ausgabejahr 2010 und die Nationalitätenkennzeichnung „D“ für das Ausgabeland Bundesrepublik Deutschland.</P><P>Das Münzzeichen der jeweiligen Prägestätte ist im Kernbereich unter Berücksichtigung der künstlerischen Ausgewogenheit angebracht. Die Initialen des Künstlers befinden sich im unteren Kernbereich (unter dem Roland).</P><P>Der Entwurf der nationalen Seite der Gedenkmünze stammt von Herrn Bodo Broschat, Berlin.</P></Content></text></textdaten></norm>
<norm builddate="20131202132830" doknr="BJNR388200009BJNE000200000"><metadaten><jurabk>Münz2EuroBek 2009-11</jurabk><enbez>Schlussformel</enbez></metadaten><textdaten><text format="XML"><Content><P><SP>Der Bundesminister der Finanzen</SP></P></Content></text></textdaten></norm>
<norm builddate="20131202132830" doknr="BJNR388200009BJNE000300000"><metadaten><jurabk>Münz2EuroBek 2009-11</jurabk><enbez>(XXXX)</enbez></metadaten><textdaten><text format="XML"><Content><kommentar typ="Fundstelle">(Fundstelle: BGBl. I 2009, 3882)</kommentar><BR/><table frame="none" tocentry="%yes;"><tgroup align="left" char="" charoff="50" cols="2"><colspec colname="col1"/><colspec colname="col2"/><tbody valign="top"><row><entry VJ="1" align="center" colname="col1"><IMG Height="932" Pos="inline" SRC="bgbl1_2009_j3882-1_0010.jpg" Type="TIF" Units="300" alt=""/></entry><entry VJ="1" align="center" colname="col2"><IMG Height="925" Pos="inline" SRC="bgbl1_2009_j3882-1_0020.jpg" Type="TIF" Units="300" alt=""/></entry></row></tbody></tgroup></table></Content></text></textdaten></norm>
</dokumente>