<?xml version="1.0" encoding="UTF-8" ?><!DOCTYPE dokumente SYSTEM "http://www.gesetze-im-internet.de/dtd/1.01/gii-norm.dtd">
<dokumente builddate="20160819215545" doknr="BJNR003150970"><norm builddate="20160819215545" doknr="BJNR003150970"><metadaten><jurabk>WaStrGAnlErmV</jurabk><ausfertigung-datum manuell="ja">1970-03-31</ausfertigung-datum><fundstelle typ="amtlich"><periodikum>BGBl I</periodikum><zitstelle>1970, 315</zitstelle></fundstelle><langue>Verordnung zur Übertragung der Ermächtigung zum Erlaß von
Rechtsverordnungen nach dem Bundeswasserstraßengesetz über die Regelung des
Betriebs von Anlagen</langue><standangabe checked="ja"><standtyp>Stand</standtyp><standkommentar>Geändert durch Art. 23 V v. 2.6.2016 I 1257</standkommentar></standangabe></metadaten><textdaten><text format="XML"><Content><P/></Content></text><fussnoten><Content><P>(+++ Textnachweis ab: 11. 4.1970 +++)</P></Content></fussnoten></textdaten></norm>
<norm builddate="20160819215545" doknr="BJNR003150970BJNE000100328"><metadaten><jurabk>WaStrGAnlErmV</jurabk><enbez>Eingangsformel</enbez></metadaten><textdaten><text format="XML"><Content><P>Auf Grund des § 46 des Bundeswasserstraßengesetzes vom 2. April 1968 (Bundesgesetzbl. II S. 173), geändert durch Artikel 142 des Einführungsgesetzes zum Gesetz über Ordnungswidrigkeiten vom 24. Mai 1968 (Bundesgesetzbl. I S. 503), wird verordnet:</P></Content></text></textdaten></norm>
<norm builddate="20160819215545" doknr="BJNR003150970BJNE000201305"><metadaten><jurabk>WaStrGAnlErmV</jurabk><enbez>§ 1</enbez></metadaten><textdaten><text format="XML"><Content><P>Die Generaldirektion Wasserstraßen und Schifffahrt wird ermächtigt, Rechtsverordnungen nach § 46 Nr. 1 WaStrG über die Regelung des Betriebs von Anlagen zu erlassen.</P></Content></text><fussnoten/></textdaten></norm>
<norm builddate="20160819215545" doknr="BJNR003150970BJNE000300328"><metadaten><jurabk>WaStrGAnlErmV</jurabk><enbez>§ 2</enbez></metadaten><textdaten><text format="XML"><Content><P>Diese Verordnung tritt am Tage nach ihrer Verkündung in Kraft.</P></Content></text></textdaten></norm>
<norm builddate="20160819215545" doknr="BJNR003150970BJNE000400328"><metadaten><jurabk>WaStrGAnlErmV</jurabk><enbez>Schlußformel</enbez></metadaten><textdaten><text format="XML"><Content><P><SP>Der Bundesminister für Verkehr</SP></P></Content></text></textdaten></norm>
</dokumente>