<?xml version="1.0" encoding="UTF-8" ?><!DOCTYPE dokumente SYSTEM "http://www.gesetze-im-internet.de/dtd/1.01/gii-norm.dtd">
<dokumente builddate="20151027215548" doknr="BJNR171700015"><norm builddate="20151027215548" doknr="BJNR171700015"><metadaten><jurabk>UVBundBahnDiszRAnO</jurabk><ausfertigung-datum manuell="ja">2015-09-24</ausfertigung-datum><fundstelle typ="amtlich"><periodikum>BGBl I</periodikum><zitstelle>2015, 1717</zitstelle></fundstelle><langue>Anordnung über die Übertragung von Befugnissen auf dem Gebiet des Disziplinarrechts im Bereich der Unfallversicherung Bund und Bahn</langue></metadaten><textdaten><fussnoten><Content><P><BR/> <pre xml:space="preserve">(+++ Textnachweis ab: 1.10.2015 +++)<BR/><BR/></pre></P></Content></fussnoten></textdaten></norm>
<norm builddate="20151027215548" doknr="BJNR171700015BJNE000100000"><metadaten><jurabk>UVBundBahnDiszRAnO</jurabk><enbez>I.</enbez><titel format="XML">Übertragung von Befugnissen</titel></metadaten><textdaten><text format="XML"><Content><P>Auf Grund der Verordnung zur Durchführung des Bundesdisziplinargesetzes bei den bundesunmittelbaren Körperschaften mit Dienstherrnfähigkeit im Geschäftsbereich des Bundesministeriums für Arbeit und Soziales vom 13. Juli 2006 (BGBl. I S. 1584), zuletzt geändert durch Verordnung vom 6. Mai 2015 (BGBl. I S. 690), überträgt der Vorstand der Unfallversicherung Bund und Bahn dem Ersten Direktor der Unfallversicherung Bund und Bahn die Befugnis, <DL Type="arabic"><DT>1.</DT><DD Font="normal"><LA>nach § 33 Absatz 1 in Verbindung mit Absatz 3 Nummer 1 des Bundesdisziplinargesetzes die Kürzung der Dienstbezüge bis zum Höchstmaß für die Beamtinnen und Beamten festzusetzen,</LA></DD><DT>2.</DT><DD Font="normal"><LA>nach § 34 Absatz 1 in Verbindung mit Absatz 2 Satz 1 des Bundesdisziplinargesetzes Disziplinarklage gegen die Beamtinnen und Beamten zu erheben,</LA></DD><DT>3.</DT><DD Font="normal"><LA>nach § 42 Absatz 1 Satz 1 des Bundesdisziplinargesetzes über den Widerspruch von Beamtinnen und Beamten zu entscheiden, auch soweit die Geschäftsführung für die Disziplinarverfügung zuständig ist,</LA></DD><DT>4.</DT><DD Font="normal"><LA>nach § 84 Satz 1 des Bundesdisziplinargesetzes gegenüber Ruhestandsbeamtinnen und Ruhestandsbeamten die Disziplinarbefugnisse auszuüben, soweit der Erste Direktor der Unfallversicherung Bund und Bahn zum Zeitpunkt des Eintritts in den Ruhestand zuständig war.</LA></DD></DL></P><P>Die Befugnisse des Vorstandes nach den §§ 35 und 43 des Bundesdisziplinargesetzes bleiben hiervon unberührt.</P></Content></text></textdaten></norm>
<norm builddate="20151027215548" doknr="BJNR171700015BJNE000200000"><metadaten><jurabk>UVBundBahnDiszRAnO</jurabk><enbez>II.</enbez><titel format="XML">Vorbehaltsklausel</titel></metadaten><textdaten><text format="XML"><Content><P>Der Vorstand der Unfallversicherung Bund und Bahn behält sich vor, die nach Abschnitt I erteilten Befugnisse im Einzelfall und in jedem Stadium des Verfahrens zu übernehmen.</P></Content></text></textdaten></norm>
<norm builddate="20151027215548" doknr="BJNR171700015BJNE000300000"><metadaten><jurabk>UVBundBahnDiszRAnO</jurabk><enbez>III.</enbez><titel format="XML">Inkrafttreten</titel></metadaten><textdaten><text format="XML"><Content><P>Die vorstehende Anordnung tritt am 1. Oktober 2015 in Kraft.</P></Content></text></textdaten></norm>
<norm builddate="20151027215548" doknr="BJNR171700015BJNE000400000"><metadaten><jurabk>UVBundBahnDiszRAnO</jurabk><enbez>Schlussformel</enbez></metadaten><textdaten><text format="XML"><Content><P><SP>Unfallversicherung Bund und Bahn</SP><BR/>Vorsitzender des Vorstandes</P></Content></text></textdaten></norm>
</dokumente>