<?xml version="1.0" encoding="UTF-8" ?><!DOCTYPE dokumente SYSTEM "http://www.gesetze-im-internet.de/dtd/1.01/gii-norm.dtd">
<dokumente builddate="20130405131422" doknr="BJNR141600000"><norm builddate="20130405131422" doknr="BJNR141600000"><metadaten><jurabk>PatInfoZBek 2000-09</jurabk><ausfertigung-datum manuell="ja">2000-09-27</ausfertigung-datum><fundstelle typ="amtlich"><periodikum>BGBl I</periodikum><zitstelle>2000, 1416</zitstelle></fundstelle><langue>Bekanntmachung der zur Entgegennahme von Patent- und Gebrauchsmusteranmeldungen befugten Patentinformationszentren</langue></metadaten><textdaten><text format="XML"><Content><P/></Content></text><fussnoten><Content><P>(+++ Textnachweis ab: 30.9.2000 +++)</P></Content></fussnoten></textdaten></norm>
<norm builddate="20130405131422" doknr="BJNR141600000BJNE000100305"><metadaten><jurabk>PatInfoZBek 2000-09</jurabk><enbez>(XXXX)</enbez></metadaten><textdaten><text format="XML"><Content><P>Nach § 34 Abs. 2 und § 35 Abs. 2 Nr. 2 des Patentgesetzes, die durch Artikel 2 des Gesetzes vom 16. Juli 1998 (BGBl. I S. 1827) neu gefasst worden sind, sowie nach § 4 Abs. 2 und § 4a Abs. 2 Nr. 2 des Gebrauchsmustergesetzes, die durch Artikel 3 des Gesetzes vom 16. Juli 1998 (BGBl. I S. 1827) eingefügt worden sind, wird bekannt gemacht, dass das <DL Font="normal" Type="arabic"><DT/><DD Font="normal"><LA Size="normal">Landesgewerbeamt Baden-Württemberg<DL Font="normal" Type="arabic"><DT>-</DT><DD Font="normal"><LA Size="normal">Informationszentrum Patente -, Stuttgart,</LA></DD></DL></LA></DD></DL>ab 9. Oktober 2000 Zum Patentinformationszentrum im Sinne von § 34 Abs. 2 und § 35 Abs. 2 Nr. 2 des Patentgesetzes, § 4 Abs. 2 und § 4a Abs. 2 Nr. 2 des Gebrauchsmustergesetzes sowie Artikel II § 4 des Gesetzes über internationale Patentübereinkommen vom 21. Juni 1976 (BGBl. 1976 II S. 649), zuletzt geändert durch Artikel 6 des Gesetzes vom 16. Juli 1998 (BGBl. I S. 1827), bestimmt ist.<BR/>Der Präsident des Deutschen Patent- und Markenamts veröffentlicht im Blatt für Patent-, Muster- und Zeichenwesen weitere Einzelheiten zur Entgegennahme der Anmeldungen.</P></Content></text></textdaten></norm>
<norm builddate="20130405131422" doknr="BJNR141600000BJNE000200305"><metadaten><jurabk>PatInfoZBek 2000-09</jurabk><enbez>Schlussformel</enbez></metadaten><textdaten><text format="XML"><Content><P>Bundesministerium der Justiz</P></Content></text></textdaten></norm>
</dokumente>