<?xml version="1.0" encoding="UTF-8" ?><!DOCTYPE dokumente SYSTEM "http://www.gesetze-im-internet.de/dtd/1.01/gii-norm.dtd">
<dokumente builddate="20130405125956" doknr="BJNR020370976"><norm builddate="20130405125956" doknr="BJNR020370976"><metadaten><jurabk>SubvG</jurabk><amtabk>SubvG</amtabk><ausfertigung-datum manuell="ja">1976-07-29</ausfertigung-datum><fundstelle typ="amtlich"><periodikum>BGBl I</periodikum><zitstelle>1976, 2034, 2037</zitstelle></fundstelle><kurzue>Subventionsgesetz</kurzue><langue>Gesetz gegen mißbräuchliche Inanspruchnahme von Subventionen</langue></metadaten><textdaten><text format="XML"><Content><P/></Content></text><fussnoten><Content><P>(+++ Textnachweis ab:  1. 9.1976 +++)</P><P><BR/> Das G wurde als Artikel 2 G 453-18-1-1 v. 29.7.1976 I 2034 (WiKG 1) vom Bundestag mit Zustimmung des Bundesrates beschlossen. Es ist gem. Art. 7 § 4 dieses G am 1.9.1976 in Kraft getreten.</P></Content></fussnoten></textdaten></norm>
<norm builddate="20130405125956" doknr="BJNR020370976BJNE000100306"><metadaten><jurabk>SubvG</jurabk><enbez>§ 1</enbez><titel format="parat">Geltungsbereich</titel></metadaten><textdaten><text format="XML"><Content><P>(1) Dieses Gesetz gilt, soweit Absatz 2 nichts anderes bestimmt, für Leistungen, die Subventionen im Sinne des § 264 des Strafgesetzbuches sind.</P><P>(2) Für Leistungen nach Landesrecht, die Subventionen im Sinne des § 264 des Strafgesetzbuches sind, gelten die §§ 2 bis 6 nur, soweit das Landesrecht dies bestimmt.</P></Content> </text></textdaten></norm>
<norm builddate="20130405125956" doknr="BJNR020370976BJNE000200306"><metadaten><jurabk>SubvG</jurabk><enbez>§ 2</enbez><titel format="parat">Bezeichnung der subventionserheblichen Tatsachen</titel></metadaten><textdaten><text format="XML"><Content><P>(1) Die für die Bewilligung einer Subvention zuständige Behörde oder andere in das Subventionsverfahren eingeschaltete Stelle oder Person (Subventionsgeber) hat vor der Bewilligung oder Gewährung einer Subvention demjenigen, der für sich oder einen anderen eine Subvention beantragt oder eine Subvention oder einen Subventionsvorteil in Anspruch nimmt (Subventionsnehmer), die Tatsachen als subventionserheblich im Sinne des § 264 des Strafgesetzbuches zu bezeichnen, die nach <DL Font="normal" Type="arabic"><DT>1.</DT><DD Font="normal"><LA Size="normal">dem Subventionszweck,</LA></DD> <DT>2.</DT><DD Font="normal"><LA Size="normal">den Rechtsvorschriften, Verwaltungsvorschriften und Richtlinien über die Subventionsvergabe sowie</LA></DD> <DT>3.</DT><DD Font="normal"><LA Size="normal">den sonstigen Vergabevoraussetzungen</LA></DD> </DL>für die Bewilligung, Gewährung, Rückforderung, Weitergewährung oder das Belassen einer Subvention oder eines Subventionsvorteils erheblich sind.</P><P>(2) Ergeben sich aus den im Subventionsverfahren gemachten Angaben oder aus sonstigen Umständen Zweifel, ob die beantragte oder in Anspruch genommene Subvention oder der in Anspruch genommene Subventionsvorteil mit dem Subventionszweck oder den Vergabevoraussetzungen nach Absatz 1 Nr. 2, 3 im Einklang steht, so hat der Subventionsgeber dem Subventionsnehmer die Tatsachen, deren Aufklärung zur Beseitigung der Zweifel notwendig erscheint, nachträglich als subventionserheblich im Sinne des § 264 des Strafgesetzbuches zu bezeichnen.</P></Content> </text></textdaten></norm>
<norm builddate="20130405125956" doknr="BJNR020370976BJNE000300306"><metadaten><jurabk>SubvG</jurabk><enbez>§ 3</enbez><titel format="parat">Offenbarungspflicht bei der Inanspruchnahme von
Subventionen</titel></metadaten><textdaten><text format="XML"><Content><P>(1) Der Subventionsnehmer ist verpflichtet, dem Subventionsgeber unverzüglich alle Tatsachen mitzuteilen, die der Bewilligung, Gewährung, Weitergewährung, Inanspruchnahme oder dem Belassen der Subvention oder des Subventionsvorteils entgegenstehen oder für die Rückforderung der Subvention oder des Subventionsvorteils erheblich sind. Besonders bestehende Pflichten zur Offenbarung bleiben unberührt.</P><P>(2) Wer einen Gegenstand oder eine Geldleistung, deren Verwendung durch Gesetz oder durch den Subventionsgeber im Hinblick auf eine Subvention beschränkt ist, entgegen der Verwendungsbeschränkung verwenden will, hat dies rechtzeitig vorher dem Subventionsgeber anzuzeigen.</P></Content> </text></textdaten></norm>
<norm builddate="20130405125956" doknr="BJNR020370976BJNE000400306"><metadaten><jurabk>SubvG</jurabk><enbez>§ 4</enbez><titel format="parat">Scheingeschäfte, Mißbrauch von Gestaltungsmöglichkeiten</titel></metadaten><textdaten><text format="XML"><Content><P>(1) Scheingeschäfte und Scheinhandlungen sind für die Bewilligung, Gewährung, Rückforderung und Weitergewährung oder das Belassen einer Subvention oder eines Subventionsvorteils unerheblich. Wird durch ein Scheingeschäft oder eine Scheinhandlung ein anderer Sachverhalt verdeckt, so ist der verdeckte Sachverhalt für die Bewilligung, Gewährung, Rückforderung, Weitergewährung oder das Belassen der Subvention oder des Subventionsvorteils maßgebend.</P><P>(2) Die Bewilligung oder Gewährung einer Subvention oder eines Subventionsvorteils ist ausgeschlossen, wenn im Zusammenhang mit einer beantragten Subvention ein Rechtsgeschäft oder eine Handlung unter Mißbrauch von Gestaltungsmöglichkeiten vorgenommen wird. Ein Mißbrauch liegt vor, wenn jemand eine den gegebenen Tatsachen und Verhältnissen unangemessene Gestaltungsmöglichkeit benutzt, um eine Subvention oder einen Subventionsvorteil für sich oder einen anderen in Anspruch zu nehmen oder zu nutzen, obwohl dies dem Subventionszweck widerspricht. Dies ist namentlich dann anzunehmen, wenn die förmlichen Voraussetzungen einer Subvention oder eines Subventionsvorteils in einer dem Subventionszweck widersprechenden Weise künstlich geschaffen werden.</P></Content> </text></textdaten></norm>
<norm builddate="20130405125956" doknr="BJNR020370976BJNE000500306"><metadaten><jurabk>SubvG</jurabk><enbez>§ 5</enbez><titel format="parat">Herausgabe von Subventionsvorteilen</titel></metadaten><textdaten><text format="XML"><Content><P>(1) Wer einen Gegenstand oder eine Geldleistung, deren Verwendung durch Gesetz oder durch den Subventionsgeber im Hinblick auf eine Subvention beschränkt ist, entgegen der Verwendungsbeschränkung verwendet und dadurch einen Vorteil erlangt, hat diesen dem Subventionsgeber herauszugeben.</P><P>(2) Für den Umfang der Herausgabe gelten die Vorschriften des Bürgerlichen Gesetzbuches über die Herausgabe einer ungerechtfertigten Bereicherung entsprechend. Auf den Wegfall der Bereicherung kann sich der Herausgabepflichtige nicht berufen, soweit er die Verwendungsbeschränkung kannte oder infolge grober Fahrlässigkeit nicht kannte.</P><P>(3) Besonders bestehende Verpflichtungen zur Herausgabe bleiben unberührt.</P></Content>  </text></textdaten></norm>
<norm builddate="20130405125956" doknr="BJNR020370976BJNE000600306"><metadaten><jurabk>SubvG</jurabk><enbez>§ 6</enbez><titel format="parat">Anzeige bei Verdacht eines Subventionsbetrugs</titel></metadaten><textdaten><text format="XML"><Content><P>Gerichte und Behörden von Bund, Ländern und kommunalen Trägern der öffentlichen Verwaltung haben Tatsachen, die sie dienstlich erfahren und die den Verdacht eines Subventionsbetrugs begründen, den Strafverfolgungsbehörden mitzuteilen.</P></Content></text></textdaten></norm>
<norm builddate="20130405125956" doknr="BJNR020370976BJNE000700306"><metadaten><jurabk>SubvG</jurabk><enbez>§ 7</enbez><titel format="parat">Berlin-Klausel</titel></metadaten><textdaten><text format="XML"><Content><P>Dieses Gesetz gilt nach Maßgabe des § 13 Abs. 1 des Dritten Überleitungsgesetzes vom 4. Januar 1952 (Bundesgesetzbl. I S. 1) auch im Land Berlin.</P></Content></text></textdaten></norm>
<norm builddate="20130405125956" doknr="BJNR020370976BJNE000800306"><metadaten><jurabk>SubvG</jurabk><enbez>§ 8</enbez><titel format="parat">Inkrafttreten</titel></metadaten><textdaten><text format="XML"><Content><P>Dieses Gesetz tritt am ersten Tage des auf die Verkündung folgenden Monats in Kraft.</P></Content></text></textdaten></norm>
</dokumente>