<?xml version="1.0" encoding="UTF-8" ?><!DOCTYPE dokumente SYSTEM "http://www.gesetze-im-internet.de/dtd/1.01/gii-norm.dtd">
<dokumente builddate="20251022215008" doknr="BJNR285510020"><norm builddate="20251022215008" doknr="BJNR285510020"><metadaten><jurabk>RBEG 2021</jurabk><amtabk>RBEG</amtabk><ausfertigung-datum manuell="ja">2020-12-09</ausfertigung-datum><fundstelle typ="amtlich"><periodikum>BGBl I</periodikum><zitstelle>2020, 2855</zitstelle></fundstelle><kurzue>Regelbedarfsermittlungsgesetz</kurzue><langue>Gesetz zur Ermittlung der Regelbedarfe nach § 28 des Zwölften Buches Sozialgesetzbuch ab dem Jahr 2021</langue><standangabe checked="ja"><standtyp>Stand</standtyp><standkommentar>Geändert durch Art. 12 Abs. 13 G v. 16.12.2022 I 2328</standkommentar></standangabe><standangabe checked="ja"><standtyp>Sonst</standtyp><standkommentar>Ersetzt G 8601-8 v. 22.12.2016 I 3159 (RBEG 2017)</standkommentar></standangabe></metadaten><textdaten><fussnoten><Content><P><BR/> <pre xml:space="preserve">(+++ Textnachweis ab: 1.1.2021 +++)<BR/> <BR/><BR/> <BR/>Das G wurde als Artikel 1 des G v. 9.12.2020 I 2855 vom Bundestag mit <BR/>Zustimmung des Bundesrates beschlossen. Es ist gem. Art. 11 Abs. 1 Satz 1 <BR/>dieses G am 1.1.2021 in Kraft getreten.<BR/>       <BR/><BR/></pre></P></Content></fussnoten></textdaten></norm>
<norm builddate="20251022215008" doknr="BJNR285510020BJNE000100000"><metadaten><jurabk>RBEG 2021</jurabk><jurabk>RBEG</jurabk><enbez>§ 1</enbez><titel format="XML">Grundsatz</titel></metadaten><textdaten><text format="XML"><Content><P>(1) Zur Ermittlung pauschalierter Bedarfe für bedarfsabhängige und existenzsichernde bundesgesetzliche Leistungen werden entsprechend § 28 Absatz 1 bis 3 des Zwölften Buches Sozialgesetzbuch Sonderauswertungen der Einkommens- und Verbrauchsstichprobe 2018 zur Ermittlung der durchschnittlichen Verbrauchsausgaben einkommensschwacher Haushalte nach den §§ 2 bis 4 vorgenommen.</P><P>(2) Auf der Grundlage der Sonderauswertungen nach Absatz 1 werden entsprechend § 28 Absatz 4 und 5 des Zwölften Buches Sozialgesetzbuch für das Zwölfte und das Zweite Buch Sozialgesetzbuch die Regelbedarfsstufen nach den §§ 5 bis 8 ermittelt.</P></Content></text></textdaten></norm>
<norm builddate="20251022215008" doknr="BJNR285510020BJNE000200000"><metadaten><jurabk>RBEG 2021</jurabk><jurabk>RBEG</jurabk><enbez>§ 2</enbez><titel format="XML">Zugrundeliegende Haushaltstypen</titel></metadaten><textdaten><text format="XML"><Content><P>Der Ermittlung der Regelbedarfsstufen nach der Anlage zu § 28 des Zwölften Buches Sozialgesetzbuch liegen die Verbrauchsausgaben folgender Haushaltstypen zugrunde: <DL Type="arabic"><DT>1.</DT><DD Font="normal"><LA>Haushalte, in denen eine erwachsene Person allein lebt (Einpersonenhaushalte) und</LA></DD><DT>2</DT><DD Font="normal"><LA>Haushalte, in denen ein Paar mit einem minderjährigen Kind lebt (Familienhaushalte).</LA></DD></DL>Die Familienhaushalte werden nach Altersgruppen der Kinder differenziert. Die Altersgruppen umfassen die Zeit bis zur Vollendung des sechsten Lebensjahres, vom Beginn des siebten bis zur Vollendung des 14. Lebensjahres sowie vom Beginn des 15. bis zur Vollendung des 18. Lebensjahres.</P></Content></text></textdaten></norm>
<norm builddate="20251022215008" doknr="BJNR285510020BJNE000301126"><metadaten><jurabk>RBEG 2021</jurabk><jurabk>RBEG</jurabk><enbez>§ 3</enbez><titel format="XML">Auszuschließende Haushalte</titel></metadaten><textdaten><text format="XML"><Content><P>(1) Von den Haushalten nach § 2 sind vor der Bestimmung der Referenzhaushalte diejenigen Haushalte auszuschließen, in denen Leistungsberechtigte leben, die im Erhebungszeitraum eine der folgenden Leistungen bezogen haben: <DL Type="arabic"><DT>1.</DT><DD Font="normal"><LA>Hilfe zum Lebensunterhalt nach dem Dritten Kapitel des Zwölften Buches Sozialgesetzbuch,</LA></DD><DT>2.</DT><DD Font="normal"><LA>Grundsicherung im Alter und bei Erwerbsminderung nach dem Vierten Kapitel des Zwölften Buches Sozialgesetzbuch,</LA></DD><DT>3.</DT><DD Font="normal"><LA>Bürgergeld nach dem Zweiten Buch Sozialgesetzbuch,</LA></DD><DT>4.</DT><DD Font="normal"><LA>Leistungen nach dem Asylbewerberleistungsgesetz.</LA></DD></DL></P><P>(2) Nicht auszuschließen sind Haushalte, in denen Leistungsberechtigte leben, die im Erhebungszeitraum zusätzlich zu den Leistungen nach Absatz 1 Nummer 1 bis 4 Erwerbseinkommen bezogen haben.</P></Content></text><fussnoten/></textdaten></norm>
<norm builddate="20251022215008" doknr="BJNR285510020BJNE000400000"><metadaten><jurabk>RBEG 2021</jurabk><jurabk>RBEG</jurabk><enbez>§ 4</enbez><titel format="XML">Bestimmung der Referenzhaushalte; Referenzgruppen</titel></metadaten><textdaten><text format="XML"><Content><P>(1) Zur Bestimmung der Referenzhaushalte werden die nach dem Ausschluss von Haushalten nach § 3 verbleibenden Haushalte je Haushaltstyp nach § 2 Satz 1 Nummer 1 und 2 nach ihrem Nettoeinkommen aufsteigend gereiht. Als Referenzhaushalte werden berücksichtigt: <DL Type="arabic"><DT>1.</DT><DD Font="normal"><LA>von den Einpersonenhaushalten die unteren 15 Prozent der Haushalte und</LA></DD><DT>2.</DT><DD Font="normal"><LA>von den Familienhaushalten jeweils die unteren 20 Prozent der Haushalte.</LA></DD></DL></P><P>(2) Die Referenzhaushalte eines Haushaltstyps bilden jeweils eine Referenzgruppe.</P></Content></text></textdaten></norm>
<norm builddate="20251022215008" doknr="BJNR285510020BJNE000500000"><metadaten><jurabk>RBEG 2021</jurabk><jurabk>RBEG</jurabk><enbez>§ 5</enbez><titel format="XML">Regelbedarfsrelevante Verbrauchsausgaben der Einpersonenhaushalte</titel></metadaten><textdaten><text format="XML"><Content><P>(1) Von den Verbrauchsausgaben der Referenzgruppe der Einpersonenhaushalte nach § 4 Absatz 1 Satz 2 Nummer 1 werden für die Ermittlung des Regelbedarfs folgende Verbrauchsausgaben der einzelnen Abteilungen aus der Sonderauswertung für Einpersonenhaushalte der Einkommens- und Verbrauchsstichprobe 2018 für den Regelbedarf berücksichtigt (regelbedarfsrelevant): <table colsep="1" frame="all" pgwide="1" rowsep="1" tocentry="%yes;"><tgroup align="left" char="" charoff="50" cols="2"><colspec colname="col1" colwidth="145*"/><colspec align="right" colname="col2" colwidth="25*"/><tbody valign="top"><row><entry VJ="1" align="left" colname="col1" colsep="1" rowsep="1">Abteilung 1 und 2 (Nahrungsmittel, Getränke, Tabakwaren)</entry><entry VJ="1" colname="col2" valign="bottom">150,93 Euro</entry></row><row><entry VJ="1" colname="col1">Abteilung 3 (Bekleidung und Schuhe)</entry><entry VJ="1" colname="col2">36,09 Euro</entry></row><row><entry VJ="1" colname="col1">Abteilung 4 (Wohnungsmieten, Energie und Wohnungsinstandhaltung)</entry><entry VJ="1" colname="col2" valign="bottom">36,87 Euro</entry></row><row><entry VJ="1" colname="col1">Abteilung 5 (Innenausstattung, Haushaltsgeräte und -gegenstände, laufende Haushaltsführung)</entry><entry VJ="1" colname="col2" valign="bottom">26,49 Euro</entry></row><row><entry VJ="1" colname="col1">Abteilung 6 (Gesundheitspflege)</entry><entry VJ="1" colname="col2">16,60 Euro</entry></row><row><entry VJ="1" colname="col1">Abteilung 7 (Verkehr)</entry><entry VJ="1" colname="col2">39,01 Euro</entry></row><row><entry VJ="1" colname="col1">Abteilung 8 (Post und Telekommunikation)</entry><entry VJ="1" colname="col2" valign="bottom">38,89 Euro</entry></row><row><entry VJ="1" colname="col1">Abteilung 9 (Freizeit, Unterhaltung und Kultur)</entry><entry VJ="1" colname="col2" valign="bottom">42,44 Euro</entry></row><row><entry VJ="1" colname="col1">Abteilung 10 (Bildungswesen)</entry><entry VJ="1" colname="col2">1,57 Euro</entry></row><row><entry VJ="1" colname="col1">Abteilung 11 (Beherbergungs- und Gaststättendienstleistungen)</entry><entry VJ="1" colname="col2" valign="bottom">11,36 Euro</entry></row><row><entry VJ="1" align="left" colname="col1" colsep="1" rowsep="1">Abteilung 12 (Andere Waren und Dienstleistungen)</entry><entry VJ="1" align="right" colname="col2" colsep="1" rowsep="1" valign="bottom">34,71 Euro</entry></row></tbody></tgroup></table></P><P>(2) Die Summe der regelbedarfsrelevanten Verbrauchsausgaben der Einpersonenhaushalte nach Absatz 1 beträgt 434,96 Euro.</P></Content></text></textdaten></norm>
<norm builddate="20251022215008" doknr="BJNR285510020BJNE000600000"><metadaten><jurabk>RBEG 2021</jurabk><jurabk>RBEG</jurabk><enbez>§ 6</enbez><titel format="XML">Regelbedarfsrelevante Verbrauchsausgaben der Familienhaushalte</titel></metadaten><textdaten><text format="XML"><Content><P>(1) Von den Verbrauchsausgaben der Referenzgruppen der Familienhaushalte nach § 4 Absatz 1 Satz 2 Nummer 2 werden bei Kindern und Jugendlichen folgende Verbrauchsausgaben der einzelnen Abteilungen aus den Sonderauswertungen für Familienhaushalte der Einkommens- und Verbrauchsstichprobe 2018 als regelbedarfsrelevant berücksichtigt: <DL Font="normal" Type="arabic"><DT>1.</DT><DD Font="normal"><LA Size="normal">Kinder bis zur Vollendung des sechsten Lebensjahres: <table colsep="1" frame="all" pgwide="1" rowsep="1" tocentry="%yes;"><tgroup align="left" char="" charoff="50" cols="2"><colspec colname="col1" colwidth="145*"/><colspec align="right" colname="col2" colwidth="25*"/><tbody valign="top"><row><entry VJ="1" align="left" colname="col1" colsep="1" rowsep="1">Abteilung 1 und 2 (Nahrungsmittel, Getränke, Tabakwaren)</entry><entry VJ="1" align="right" colname="col2" colsep="1" rowsep="1" valign="bottom">90,52 Euro</entry></row><row><entry VJ="1" align="left" colname="col1" colsep="1" rowsep="1">Abteilung 3 (Bekleidung und Schuhe)</entry><entry VJ="1" align="right" colname="col2" colsep="1" rowsep="1">44,15 Euro</entry></row><row><entry VJ="1" align="left" colname="col1" colsep="1" rowsep="1">Abteilung 4 (Wohnungsmieten, Energie und Wohnungsinstandhaltung)</entry><entry VJ="1" align="right" colname="col2" colsep="1" rowsep="1" valign="bottom">8,63 Euro</entry></row><row><entry VJ="1" align="left" colname="col1" colsep="1" rowsep="1">Abteilung 5 (Innenausstattung, Haushaltsgeräte und -gegenstände, laufende Haushaltsführung)</entry><entry VJ="1" align="right" colname="col2" colsep="1" rowsep="1" valign="bottom">15,83 Euro</entry></row><row><entry VJ="1" align="left" colname="col1" colsep="1" rowsep="1">Abteilung 6 (Gesundheitspflege)</entry><entry VJ="1" align="right" colname="col2" colsep="1" rowsep="1">8,06 Euro</entry></row><row><entry VJ="1" align="left" colname="col1" colsep="1" rowsep="1">Abteilung 7 (Verkehr)</entry><entry VJ="1" align="right" colname="col2" colsep="1" rowsep="1">25,39 Euro</entry></row><row><entry VJ="1" align="left" colname="col1" colsep="1" rowsep="1">Abteilung 8 (Post und Telekommunikation)</entry><entry VJ="1" align="right" colname="col2" colsep="1" rowsep="1" valign="bottom">24,14 Euro</entry></row><row><entry VJ="1" align="left" colname="col1" colsep="1" rowsep="1">Abteilung 9 (Freizeit, Unterhaltung und Kultur)</entry><entry VJ="1" align="right" colname="col2" colsep="1" rowsep="1" valign="bottom">44,16 Euro</entry></row><row><entry VJ="1" align="left" colname="col1" colsep="1" rowsep="1">Abteilung 10 (Bildungswesen)</entry><entry VJ="1" align="right" colname="col2" colsep="1" rowsep="1">1,49 Euro</entry></row><row><entry VJ="1" align="left" colname="col1" colsep="1" rowsep="1">Abteilung 11 (Beherbergungs- und Gaststättendienstleistungen)</entry><entry VJ="1" align="right" colname="col2" colsep="1" rowsep="1" valign="bottom">3,11 Euro</entry></row><row><entry VJ="1" align="left" colname="col1" colsep="1" rowsep="1">Abteilung 12 (Andere Waren und Dienstleistungen)</entry><entry VJ="1" align="right" colname="col2" colsep="1" rowsep="1" valign="bottom">10,37 Euro</entry></row></tbody></tgroup></table></LA></DD><DT>2.</DT><DD Font="normal"><LA Size="normal">Kinder vom Beginn des siebten bis zur Vollendung des 14. Lebensjahres: <table colsep="1" frame="all" pgwide="1" rowsep="1" tocentry="%yes;"><tgroup align="left" char="" charoff="50" cols="2"><colspec colname="col1" colwidth="145*"/><colspec align="right" colname="col2" colwidth="25*"/><tbody valign="top"><row><entry VJ="1" align="left" colname="col1" colsep="1" rowsep="1">Abteilung 1 und 2 (Nahrungsmittel, Getränke, Tabakwaren)</entry><entry VJ="1" align="right" colname="col2" colsep="1" rowsep="1" valign="bottom">118,02 Euro</entry></row><row><entry VJ="1" align="left" colname="col1" colsep="1" rowsep="1">Abteilung 3 (Bekleidung und Schuhe)</entry><entry VJ="1" align="right" colname="col2" colsep="1" rowsep="1">36,49 Euro</entry></row><row><entry VJ="1" align="left" colname="col1" colsep="1" rowsep="1">Abteilung 4 (Wohnungsmieten, Energie und Wohnungsinstandhaltung)</entry><entry VJ="1" align="right" colname="col2" colsep="1" rowsep="1" valign="bottom">13,90 Euro</entry></row><row><entry VJ="1" align="left" colname="col1" colsep="1" rowsep="1">Abteilung 5 (Innenausstattung, Haushaltsgeräte und -gegenstände, laufende Haushaltsführung)</entry><entry VJ="1" align="right" colname="col2" colsep="1" rowsep="1" valign="bottom">12,89 Euro</entry></row><row><entry VJ="1" align="left" colname="col1" colsep="1" rowsep="1">Abteilung 6 (Gesundheitspflege)</entry><entry VJ="1" align="right" colname="col2" colsep="1" rowsep="1">7,94 Euro</entry></row><row><entry VJ="1" align="left" colname="col1" colsep="1" rowsep="1">Abteilung 7 (Verkehr)</entry><entry VJ="1" align="right" colname="col2" colsep="1" rowsep="1">23,99 Euro</entry></row><row><entry VJ="1" align="left" colname="col1" colsep="1" rowsep="1">Abteilung 8 (Post und Telekommunikation)</entry><entry VJ="1" align="right" colname="col2" colsep="1" rowsep="1" valign="bottom">26,10 Euro</entry></row><row><entry VJ="1" align="left" colname="col1" colsep="1" rowsep="1">Abteilung 9 (Freizeit, Unterhaltung und Kultur)</entry><entry VJ="1" align="right" colname="col2" colsep="1" rowsep="1" valign="bottom">43,13 Euro</entry></row><row><entry VJ="1" align="left" colname="col1" colsep="1" rowsep="1">Abteilung 10 (Bildungswesen)</entry><entry VJ="1" align="right" colname="col2" colsep="1" rowsep="1">1,56 Euro</entry></row><row><entry VJ="1" align="left" colname="col1" colsep="1" rowsep="1">Abteilung 11 (Beherbergungs- und Gaststättendienstleistungen)</entry><entry VJ="1" align="right" colname="col2" colsep="1" rowsep="1" valign="bottom">6,81 Euro</entry></row><row><entry VJ="1" align="left" colname="col1" colsep="1" rowsep="1">Abteilung 12 (Andere Waren und Dienstleistungen)</entry><entry VJ="1" align="right" colname="col2" colsep="1" rowsep="1" valign="bottom">10,34 Euro</entry></row></tbody></tgroup></table></LA></DD><DT>3.</DT><DD Font="normal"><LA Size="normal">Jugendliche vom Beginn des 15. bis zur Vollendung des 18. Lebensjahres: <table colsep="1" frame="all" pgwide="1" rowsep="1" tocentry="%yes;"><tgroup align="left" char="" charoff="50" cols="2"><colspec colname="col1" colwidth="145*"/><colspec align="right" colname="col2" colwidth="25*"/><tbody valign="top"><row><entry VJ="1" align="left" colname="col1" colsep="1" rowsep="1">Abteilung 1 und 2 (Nahrungsmittel, Getränke, Tabakwaren)</entry><entry VJ="1" align="right" colname="col2" colsep="1" rowsep="1" valign="bottom">160,38 Euro</entry></row><row><entry VJ="1" align="left" colname="col1" colsep="1" rowsep="1">Abteilung 3 (Bekleidung und Schuhe)</entry><entry VJ="1" align="right" colname="col2" colsep="1" rowsep="1">43,38 Euro</entry></row><row><entry VJ="1" align="left" colname="col1" colsep="1" rowsep="1">Abteilung 4 (Wohnungsmieten, Energie und Wohnungsinstandhaltung)</entry><entry VJ="1" align="right" colname="col2" colsep="1" rowsep="1">19,73 Euro</entry></row><row><entry VJ="1" align="left" colname="col1" colsep="1" rowsep="1">Abteilung 5 (Innenausstattung, Haushaltsgeräte und -gegenstände, laufende Haushaltsführung)</entry><entry VJ="1" align="right" colname="col2" colsep="1" rowsep="1" valign="bottom">16,59 Euro</entry></row><row><entry VJ="1" align="left" colname="col1" colsep="1" rowsep="1">Abteilung 6 (Gesundheitspflege)</entry><entry VJ="1" align="right" colname="col2" colsep="1" rowsep="1">10,73 Euro</entry></row><row><entry VJ="1" align="left" colname="col1" colsep="1" rowsep="1">Abteilung 7 (Verkehr)</entry><entry VJ="1" align="right" colname="col2" colsep="1" rowsep="1">22,92 Euro</entry></row><row><entry VJ="1" align="left" colname="col1" colsep="1" rowsep="1">Abteilung 8 (Post und Telekommunikation)</entry><entry VJ="1" align="right" colname="col2" colsep="1" rowsep="1" valign="bottom">26,05 Euro</entry></row><row><entry VJ="1" align="left" colname="col1" colsep="1" rowsep="1">Abteilung 9 (Freizeit, Unterhaltung und Kultur)</entry><entry VJ="1" align="right" colname="col2" colsep="1" rowsep="1" valign="bottom">38,19 Euro</entry></row><row><entry VJ="1" align="left" colname="col1" colsep="1" rowsep="1">Abteilung 10 (Bildungswesen)</entry><entry VJ="1" align="right" colname="col2" colsep="1" rowsep="1">0,64 Euro</entry></row><row><entry VJ="1" align="left" colname="col1" colsep="1" rowsep="1">Abteilung 11 (Beherbergungs- und Gaststättendienstleistungen)</entry><entry VJ="1" align="right" colname="col2" colsep="1" rowsep="1" valign="bottom">10,26 Euro</entry></row><row><entry VJ="1" align="left" colname="col1" colsep="1" rowsep="1">Abteilung 12 (Andere Waren und Dienstleistungen)</entry><entry VJ="1" align="right" colname="col2" colsep="1" rowsep="1" valign="bottom">14,60 Euro</entry></row></tbody></tgroup></table></LA></DD></DL></P><P>(2) Die Summe der regelbedarfsrelevanten Verbrauchsausgaben, die im Familienhaushalt Kindern und Jugendlichen zugerechnet werden, beträgt <DL Font="normal" Type="arabic"><DT>1.</DT><DD Font="normal"><LA Size="normal">nach Absatz 1 Nummer 1 für Kinder bis zur Vollendung des sechsten Lebensjahres 275,85 Euro,</LA></DD><DT>2.</DT><DD Font="normal"><LA Size="normal">nach Absatz 1 Nummer 2 für Kinder vom Beginn des siebten bis zur Vollendung des 14. Lebensjahres 301,17 Euro und</LA></DD><DT>3.</DT><DD Font="normal"><LA Size="normal">nach Absatz 1 Nummer 3 für Jugendliche vom Beginn des 15. bis zur Vollendung des 18. Lebensjahres 363,47 Euro.</LA></DD></DL></P></Content></text></textdaten></norm>
<norm builddate="20251022215008" doknr="BJNR285510020BJNE000700000"><metadaten><jurabk>RBEG 2021</jurabk><jurabk>RBEG</jurabk><enbez>§ 7</enbez><titel format="XML">Fortschreibung der regelbedarfsrelevanten Verbrauchsausgaben</titel></metadaten><textdaten><text format="XML"><Content><P>(1) Die Summen der für das Jahr 2018 ermittelten regelbedarfsrelevanten Verbrauchsausgaben nach § 5 Absatz 2 und § 6 Absatz 2 werden entsprechend der Fortschreibung der Regelbedarfsstufen nach § 28a des Zwölften Buches Sozialgesetzbuch fortgeschrieben.</P><P>(2) Abweichend von § 28a des Zwölften Buches Sozialgesetzbuch bestimmt sich die Veränderungsrate des Mischindex für die Fortschreibung zum 1. Januar 2021 aus der Entwicklung der regelbedarfsrelevanten Preise und der Nettolöhne und -gehälter je Arbeitnehmer nach den Volkswirtschaftlichen Gesamtrechnungen vom Zeitraum Januar bis Dezember 2018 bis zum Zeitraum Juli 2019 bis Juni 2020. Die entsprechende Veränderungsrate beträgt 2,57 Prozent.</P><P>(3) Aufgrund der Fortschreibung nach Absatz 2 und in Anwendung der Rundungsregelung nach § 28 Absatz 5 Satz 3 des Zwölften Buches Sozialgesetzbuch beläuft sich die Summe der regelbedarfsrelevanten Verbrauchsausgaben für Einpersonenhaushalte nach § 5 Absatz 2 auf 446 Euro.</P><P>(4) Aufgrund der Fortschreibung nach Absatz 2 und in Anwendung der Rundungsregelung nach § 28 Absatz 5 Satz 3 des Zwölften Buches Sozialgesetzbuch beläuft sich die Summe der regelbedarfsrelevanten Verbrauchsausgaben für Kinder und Jugendliche <DL Type="arabic"><DT>1.</DT><DD Font="normal"><LA>bis zur Vollendung des sechsten Lebensjahres nach § 6 Absatz 2 Nummer 1 auf 283 Euro,</LA></DD><DT>2.</DT><DD Font="normal"><LA>vom Beginn des siebten bis zur Vollendung des 14. Lebensjahres nach § 6 Absatz 2 Nummer 2 auf 309 Euro und</LA></DD><DT>3.</DT><DD Font="normal"><LA>vom Beginn des 15. bis zur Vollendung des 18. Lebensjahres nach § 6 Absatz 2 Nummer 3 auf 373 Euro.</LA></DD></DL></P></Content></text></textdaten></norm>
<norm builddate="20251022215008" doknr="BJNR285510020BJNE000800000"><metadaten><jurabk>RBEG 2021</jurabk><jurabk>RBEG</jurabk><enbez>§ 8</enbez><titel format="XML">Regelbedarfsstufen</titel></metadaten><textdaten><text format="XML"><Content><P>Die Regelbedarfsstufen nach der Anlage zu § 28 des Zwölften Buches Sozialgesetzbuch belaufen sich zum 1. Januar 2021 <DL Type="arabic"><DT>1.</DT><DD Font="normal"><LA>in der Regelbedarfsstufe 1 auf 446 Euro für jede erwachsene Person, die in einer Wohnung nach § 42a Absatz 2 Satz 2 des Zwölften Buches Sozialgesetzbuch lebt und für die nicht Nummer 2 gilt,</LA></DD><DT>2.</DT><DD Font="normal"><LA>in der Regelbedarfsstufe 2 auf 401 Euro für jede erwachsene Person, die <DL Type="alpha"><DT>a)</DT><DD Font="normal"><LA>in einer Wohnung nach § 42a Absatz 2 Satz 2 des Zwölften Buches Sozialgesetzbuch mit einem Ehegatten oder Lebenspartner oder in eheähnlicher oder lebenspartnerschaftsähnlicher Gemeinschaft mit einem Partner zusammenlebt oder</LA></DD><DT>b)</DT><DD Font="normal"><LA>nicht in einer Wohnung lebt, weil ihr allein oder mit einer weiteren Person ein persönlicher Wohnraum und mit weiteren Personen zusätzliche Räumlichkeiten nach § 42a Absatz 2 Satz 3 des Zwölften Buches Sozialgesetzbuch zur gemeinschaftlichen Nutzung überlassen sind,</LA></DD></DL></LA></DD><DT>3.</DT><DD Font="normal"><LA>in der Regelbedarfsstufe 3 auf 357 Euro für eine erwachsene Person, deren notwendiger Lebensunterhalt sich nach § 27b des Zwölften Buches Sozialgesetzbuch bestimmt (Unterbringung in einer stationären Einrichtung),</LA></DD><DT>4.</DT><DD Font="normal"><LA>in der Regelbedarfsstufe 4 auf 373 Euro für eine Jugendliche oder einen Jugendlichen vom Beginn des 15. bis zur Vollendung des 18. Lebensjahres,</LA></DD><DT>5.</DT><DD Font="normal"><LA>in der Regelbedarfsstufe 5 auf 309 Euro für ein Kind vom Beginn des siebten bis zur Vollendung des 14. Lebensjahres und</LA></DD><DT>6.</DT><DD Font="normal"><LA>in der Regelbedarfsstufe 6 auf 283 Euro für ein Kind bis zur Vollendung des sechsten Lebensjahres.</LA></DD></DL></P></Content></text><fussnoten><Content><P>(+++ Hinweis: Regelbedarfsstufen nach § 8 <BR/>zum 1.1.2022 vgl. V v. 13.10.2021 I 4674 <BR/>zum 1.1.2024 vgl. V v. 24.10.2023 I Nr. 287 (bezeichnet als § 8 Abs. 1) <BR/>zum 1.1.2025 vgl. V v. 18.10.2024 I Nr. 312 (bezeichnet als § 8 Abs. 1) <BR/>zum 1.1.2026 vgl. Art. 1 V v. 17.10.2025 I Nr. 243 (bezeichnet als § 8 Abs. 1) +++)</P></Content></fussnoten></textdaten></norm>
<norm builddate="20251022215008" doknr="BJNR285510020BJNE000900000"><metadaten><jurabk>RBEG 2021</jurabk><jurabk>RBEG</jurabk><enbez>§ 9</enbez><titel format="XML">Ausstattung mit persönlichem Schulbedarf</titel></metadaten><textdaten><text format="XML"><Content><P>Der Teilbetrag für Ausstattung mit persönlichem Schulbedarf beläuft sich <DL Type="arabic"><DT>1.</DT><DD Font="normal"><LA>für das im Kalenderjahr 2021 beginnende erste Schulhalbjahr auf 103 Euro und</LA></DD><DT>2.</DT><DD Font="normal"><LA>für das im Kalenderjahr 2021 beginnende zweite Schulhalbjahr auf 51,50 Euro.</LA></DD></DL></P></Content></text></textdaten></norm>
</dokumente>