<?xml version="1.0" encoding="UTF-8" ?><!DOCTYPE dokumente SYSTEM "http://www.gesetze-im-internet.de/dtd/1.01/gii-norm.dtd">
<dokumente builddate="20130405125405" doknr="BJNR010089963"><norm builddate="20130405125405" doknr="BJNR010089963"><metadaten><jurabk>RAG 6</jurabk><amtabk>6. RAG</amtabk><ausfertigung-datum manuell="ja">1963-12-21</ausfertigung-datum><fundstelle typ="amtlich"><periodikum>BGBl I</periodikum><zitstelle>1963, 1008</zitstelle></fundstelle><kurzue>Sechstes Rentenanpassungsgesetz</kurzue><langue>Sechstes Gesetz über die Anpassung der Renten aus den gesetzlichen
Rentenversicherungen sowie über die Anpassung der Geldleistungen aus der
gesetzlichen Unfallversicherung</langue></metadaten><textdaten><text format="XML"><Content><P/></Content></text><fussnoten><Content><P>Die Vorschrift gilt nicht in dem in Art. 3 des Einigungsvertrages genannten Gebiet gem. Anl. I Kap. VIII Sachg. H Abschn. I Nr. 15 EinigVtr v. 31.8.1990 iVm Art. 1 G v. 23.9.1990 II 885, 1057 <BR/>(+++ Textnachweis ab:  1. 1.1964 +++)</P></Content></fussnoten></textdaten></norm>
<norm builddate="20130405125405" doknr="BJNR010089963BJNG000100314"><metadaten><jurabk>RAG 6</jurabk><gliederungseinheit><gliederungskennzahl>010</gliederungskennzahl><gliederungsbez>Art I</gliederungsbez><gliederungstitel>Anpassung der Renten aus den
gesetzlichen Rentenversicherungen</gliederungstitel></gliederungseinheit></metadaten><textdaten><text format="XML"><Content><P/></Content></text></textdaten></norm>
<norm builddate="20130405125405" doknr="BJNR010089963BJNE000500314"><metadaten><jurabk>RAG 6</jurabk><gliederungseinheit><gliederungskennzahl>010</gliederungskennzahl><gliederungsbez>Art I</gliederungsbez></gliederungseinheit><enbez>§ 1</enbez></metadaten><textdaten><text format="XML"><Content><P>(1) In den gesetzlichen Rentenversicherungen werden aus Anlaß der Veränderung der allgemeinen Bemessungsgrundlage für das Jahr 1963 die Versicherten- und Hinterbliebenenrenten aus Versicherungsfällen, die im Jahr 1962 oder früher eingetreten sind, für Bezugszeiten vom 1. Januar 1964 an nach Maßgabe der §§ 2 bis 8 angepaßt.</P><P>(2) Zu den Renten im Sinne des Absatzes 1 gehören auch die nach Artikel 2 § 38 Abs. 3 Satz 1 des Arbeiterrentenversicherungs-Neuregelungsgesetzes und Artikel 2 § 37 Abs. 3 Satz 1 des Angestelltenversicherungs-Neuregelungsgesetzes erhöhten Renten von Berechtigten, die das 65. Lebensjahr im Jahr 1963 vollendet haben, und die Leistung nach § 27 des Sozialversicherungs-Angleichungsgesetzes Saar vom 15. Juni 1963 (Bundesgesetzbl. I S. 402).</P><P>(3) Absatz 1 findet auf den Knappschaftssold keine Anwendung.</P></Content>  </text></textdaten></norm>
<norm builddate="20130405125405" doknr="BJNR010089963BJNE000600314"><metadaten><jurabk>RAG 6</jurabk><gliederungseinheit><gliederungskennzahl>010</gliederungskennzahl><gliederungsbez>Art I</gliederungsbez></gliederungseinheit><enbez>§ 2</enbez></metadaten><textdaten><text format="XML"><Content><P>(1) Renten, die nach <I>§§ 1253ff. der Reichsversicherungsordnung, §§ 30ff. des Angestelltenversicherungsgesetzes oder §§ 53ff. des Reichsknappschaftsgesetzes</I> berechnet sind, sind so anzupassen, daß sich eine Rente ergibt, wie sie sich nach Anwendung der Kürzungs- und Ruhensvorschriften ergeben würde, wenn die Rente ohne Änderung der übrigen Berechnungsfaktoren unter Zugrundelegung der allgemeinen Bemessungsgrundlage für das Jahr 1963 und der Beitragsbemessungsgrenze für dieses Jahr berechnet werden würde; Abweichungen infolge Abrundungen sind zulässig. <I>§ 1282 Abs. 2 der Reichsversicherungsordnung, § 59 Abs. 2 des Angestelltenversicherungsgesetzes und § 79 Abs. 2 des Reichsknappschaftsgesetzes gelten nicht.</I> In den Fällen, in denen <I>§ 1280 der Reichsversicherungsordnung, § 57 des Angestelltenversicherungsgesetzes, § 77 des Reichsknappschaftsgesetzes, Artikel 2 § 38 Abs. 3 Satz 2 zweiter Halbsatz des Arbeiterrentenversicherungs-Neuregelungsgesetzes oder Artikel 2 § 37 Abs. 3 Satz 2 zweiter Halbsatz des Angestelltenversicherungs-Neuregelungsgesetzes</I> angewendet worden ist, findet Satz 1 keine Anwendung.</P><P>(2) Absatz 1 Satz 1 und 2 gilt entsprechend für Renten der knappschaftlichen Rentenversicherung, die nach <I>Artikel 2 § 24 Abs. 5 des Knappschaftsrentenversicherungs-Neuregelungsgesetzes</I> gezahlt werden.</P></Content> </text><fussnoten><Content><P>Art. I § 2 Abs. 1 Kursivdruck: § 1282 Abs. 2 RVO aufgeh. durch Art. 2 Nr. 27, § 59 Abs. 2 AVG aufgeh. durch Art. 3 Nr. 3 u. § 79 Abs. 2 RKG aufgeh. durch Art. 4 Nr. 5 G v. 1.12.1981 I 1205 mWv 5.12.1981 <BR/>Art. 1 § 12 Abs. 1 Kursivdruck: §§ 1253 bis 1256, §§ 1267 bis 1282 RVO aufgeh. durch Art. 6 Nr. 24 G v. 18.12.1989 I 2261 mWv 1.1.1992</P></Content></fussnoten></textdaten></norm>
<norm builddate="20130405125405" doknr="BJNR010089963BJNE000700314"><metadaten><jurabk>RAG 6</jurabk><gliederungseinheit><gliederungskennzahl>010</gliederungskennzahl><gliederungsbez>Art I</gliederungsbez><gliederungstitel/></gliederungseinheit><enbez>§ 3</enbez></metadaten><textdaten><text format="XML"><Content><P>(1) Renten nach Artikel 2 §§ 32 bis 35 des Arbeiterrentenversicherungs-Neuregelungsgesetzes oder Artikel 2 §§ 31 bis 34 des Angestelltenversicherungs-Neuregelungsgesetzes sind so anzupassen, daß sich eine Rente ergibt, wie sie sich nach Anwendung der Ruhensvorschriften ergeben würde, wenn die Rente erneut umgestellt und dabei vor Anwendung der Ruhensvorschriften der ungekürzte Rentenbetrag ohne Kinderzuschuß für jedes Kind und ohne Steigerungsbeträge aus Beiträgen der Höherversicherung mit 1,4347 vervielfältigt und der Kinderzuschuß für jedes Kind nach der allgemeinen Bemessungsgrundlage für das Jahr 1963 berechnet werden würde; Abweichungen infolge Abrundungen sind zulässig. § 2 Abs. 1 Satz 2 ist anzuwenden. In den Fällen, in denen § 1280 der Reichsversicherungsordnung oder § 57 des Angestelltenversicherungsgesetzes angewendet worden ist, findet Satz 1 keine Anwendung.</P><P>(2) Artikel 2 § 34 des Arbeiterrentenversicherungs-Neuregelungsgesetzes und Artikel 2 § 33 des Angestelltenversicherungs-Neuregelungsgesetzes sind mit der Maßgabe anzuwenden, daß an Stelle der in diesen Vorschriften genannten Werte die nachstehenden Werte zugrunde zu legen sind: <BR/><table frame="top" tocentry="%yes;">
	<tgroup align="left" char="" charoff="50" cols="3" colsep="0" rowsep="0">
		<colspec colname="col1" colnum="1" colwidth="35*"/>
		<colspec colname="col2" colnum="2" colwidth="25*"/>
		<colspec colname="col3" colnum="3" colwidth="20*"/>
		<thead valign="bottom">
			<row>
				<entry VJ="1" align="center" colsep="0" morerows="1" rowsep="1" valign="middle">Bei einer Versicherungsdauer von ... Jahren</entry>
				<entry VJ="1" align="center" colsep="0" valign="top">Versichertenrenten</entry>
				<entry VJ="1" align="center" colsep="0" valign="top">Witwen- und Witwerrenten</entry>
			</row>
			<row rowsep="1">
				<entry VJ="1" align="center" colsep="0" valign="top">DM/Monat</entry>
				<entry VJ="1" align="center" colsep="0" valign="top">DM/Monat</entry>
			</row>
		</thead>
		<tbody valign="top">
			<row>
				<entry VJ="1" align="center" colsep="0" valign="top">50 und mehr</entry>
				<entry VJ="1" align="center" colsep="0" valign="top">750</entry>
				<entry VJ="1" align="center" colsep="0" valign="top">450</entry>
			</row>
			<row>
				<entry VJ="1" align="center" colsep="0" valign="top">49</entry>
				<entry VJ="1" align="center" colsep="0" valign="top">735</entry>
				<entry VJ="1" align="center" colsep="0" valign="top">441</entry>
			</row>
			<row>
				<entry VJ="1" align="center" colsep="0" valign="top">48</entry>
				<entry VJ="1" align="center" colsep="0" valign="top">720</entry>
				<entry VJ="1" align="center" colsep="0" valign="top">432</entry>
			</row>
			<row>
				<entry VJ="1" align="center" colsep="0" valign="top">47</entry>
				<entry VJ="1" align="center" colsep="0" valign="top">705</entry>
				<entry VJ="1" align="center" colsep="0" valign="top">423</entry>
			</row>
			<row>
				<entry VJ="1" align="center" colsep="0" valign="top">46</entry>
				<entry VJ="1" align="center" colsep="0" valign="top">690</entry>
				<entry VJ="1" align="center" colsep="0" valign="top">414</entry>
			</row>
			<row>
				<entry VJ="1" align="center" colsep="0" valign="top">45</entry>
				<entry VJ="1" align="center" colsep="0" valign="top">675</entry>
				<entry VJ="1" align="center" colsep="0" valign="top">405</entry>
			</row>
			<row>
				<entry VJ="1" align="center" colsep="0" valign="top">44</entry>
				<entry VJ="1" align="center" colsep="0" valign="top">660</entry>
				<entry VJ="1" align="center" colsep="0" valign="top">396</entry>
			</row>
			<row>
				<entry VJ="1" align="center" colsep="0" valign="top">43</entry>
				<entry VJ="1" align="center" colsep="0" valign="top">645</entry>
				<entry VJ="1" align="center" colsep="0" valign="top">387</entry>
			</row>
			<row>
				<entry VJ="1" align="center" colsep="0" valign="top">42</entry>
				<entry VJ="1" align="center" colsep="0" valign="top">630</entry>
				<entry VJ="1" align="center" colsep="0" valign="top">378</entry>
			</row>
			<row>
				<entry VJ="1" align="center" colsep="0" valign="top">41</entry>
				<entry VJ="1" align="center" colsep="0" valign="top">615</entry>
				<entry VJ="1" align="center" colsep="0" valign="top">369</entry>
			</row>
			<row>
				<entry VJ="1" align="center" colsep="0" valign="top">40 und weniger</entry>
				<entry VJ="1" align="center" colsep="0" valign="top">600</entry>
				<entry VJ="1" align="center" colsep="0" valign="top">360</entry>
			</row>
		</tbody>
	</tgroup>
</table> </P><P>(3) Die Verordnung über die Anwendung der Ruhensvorschriften der Reichsversicherungsordnung und des Angestelltenversicherungsgesetzes auf umzustellende Renten der Rentenversicherungen der Arbeiter und der Angestellten vom 9. Juli 1957 (Bundesgesetzbl. I S. 704) findet mit der Maßgabe Anwendung, daß in § 1 Abs. 3 und § 2 Abs. 4 der Verordnung an die Stelle des Betrags von 9.690,00 Deutsche Mark der Betrag von 10.200,00 Deutsche Mark, in § 3 Abs. 1 der Verordnung an die Stelle des Betrags von 227,00 Deutsche Mark der Betrag von 246,50 Deutsche Mark, an die Stelle des Betrags von 624,90 Deutsche Mark der Betrag von 676,90 Deutsche Mark und in § 3 Abs. 2 der Verordnung an die Stelle des Betrags von 5.678,00 Deutsche Mark der Betrag von 6.142,00 Deutsche Mark tritt.</P></Content>  </text></textdaten></norm>
<norm builddate="20130405125405" doknr="BJNR010089963BJNE000800314"><metadaten><jurabk>RAG 6</jurabk><gliederungseinheit><gliederungskennzahl>010</gliederungskennzahl><gliederungsbez>Art I</gliederungsbez></gliederungseinheit><enbez>§ 4</enbez></metadaten><textdaten><text format="XML"><Content><P>(1) Die übrigen Renten werden in der Weise angepaßt, daß der nach § 5 zu ermittelnde Anpassungsbetrag mit 1,082 vervielfältigt wird; dem sich dadurch ergebenden Betrag sind der Kinderzuschuß und die der Anpassung nicht unterliegenden Rententeile wieder hinzuzufügen. Der Leistungszuschlag der knappschaftlichen Rentenversicherung und der nach § 75 Abs. 1 Satz 2 des Reichsknappschaftsgesetzes zu belassende Betrag sind mit 1,091 zu vervielfältigen. Der Kinderzuschuß für jedes Kind ist nach der allgemeinen Bemessungsgrundlage des Jahres 1963 zu berechnen.</P><P>(2) Renten nach Absatz 1, die mit einer Rente aus der gesetzlichen Unfallversicherung zusammentreffen und auf die §§ 1278, 1279 der Reichsversicherungsordnung, §§ 55, 56 des Angestelltenversicherungsgesetzes oder §§ 75, 76 des Reichsknappschaftsgesetzes anzuwenden sind, sind so anzupassen, daß sie mindestens den Betrag erreichen, der sich ergibt <DL Font="normal" Type="arabic"><DT>a)</DT><DD Font="normal"><LA Size="normal">bei Renten aus Versicherungsfällen nach dem 31. Dezember 1956 und bei Renten mit Leistungen oder Leistungsanteilen aus der knappschaftlichen Rentenversicherung, wenn sie nach § 2,</LA></DD> <DT>b)</DT><DD Font="normal"><LA Size="normal">bei den übrigen Renten aus Versicherungsfällen vor dem 1. Januar 1957, wenn sie nach § 3</LA></DD> </DL>angepaßt werden würden.</P></Content> </text></textdaten></norm>
<norm builddate="20130405125405" doknr="BJNR010089963BJNE000900314"><metadaten><jurabk>RAG 6</jurabk><gliederungseinheit><gliederungskennzahl>010</gliederungskennzahl><gliederungsbez>Art I</gliederungsbez></gliederungseinheit><enbez>§ 5</enbez></metadaten><textdaten><text format="XML"><Content><P>(1) Anpassungsbetrag ist in den Fällen des § 4 der Rentenzahlbetrag für Januar 1964 ohne Kinderzuschuß für jedes Kind, vermindert um den Sonderzuschuß und die Steigerungsbeträge aus Beiträgen der Höherversicherung. In der knappschaftlichen Rentenversicherung vermindert sich der Rentenzahlbetrag außerdem um den Leistungszuschlag und den nach § 75 Abs. 1 Satz 2 des Reichsknappschaftsgesetzes zu belassenden Betrag.</P><P>(2) In den Fällen, in denen für Januar 1964 keine Rente gezahlt worden ist oder sich der Zahlbetrag der Rente nach dem 31. Dezember 1963 ändert, tritt an die Stelle des Rentenzahlbetrags im Sinne des Absatzes 1 der Betrag, der für Januar 1964 zu zahlen gewesen wäre, wenn die Voraussetzungen für die Erfüllung des Anspruchs damals bestanden hätten.</P><P>(3) Bei Renten, die nach Artikel 2 § 42 des Arbeiterrentenversicherungs-Neuregelungsgesetzes, Artikel 2 § 41 des Angestelltenversicherungs-Neuregelungsgesetzes und Artikel 2 § 11 des Knappschaftsrentenversicherungs-Neuregelungsgesetzes berechnet sind, gelten als Sonderzuschuß die Beträge von 21 Deutsche Mark bei Versichertenrenten und 14 Deutsche Mark bei Hinterbliebenenrenten. Ist in den Fällen des Satzes 1 bei der Berechnung einer Versicherten- und einer Hinterbliebenenrente desselben Berechtigten ein Sonderzuschuß zu berücksichtigen gewesen, so gilt als Sonderzuschuß der Betrag von 21 Deutsche Mark.</P></Content>  </text></textdaten></norm>
<norm builddate="20130405125405" doknr="BJNR010089963BJNE001000314"><metadaten><jurabk>RAG 6</jurabk><gliederungseinheit><gliederungskennzahl>010</gliederungskennzahl><gliederungsbez>Art I</gliederungsbez></gliederungseinheit><enbez>§ 6</enbez></metadaten><textdaten><text format="XML"><Content><P>(1) Bei Renten aus der Rentenversicherung der Arbeiter und der Rentenversicherung der Angestellten, die nach § 4 angepaßt werden, findet Artikel 2 § 34 des Arbeiterrentenversicherungs-Neuregelungsgesetzes oder Artikel 2 § 33 des Angestelltenversicherungs-Neuregelungsgesetzes unter Zugrundelegung der Werte nach § 3 Abs. 2 Anwendung.</P><P>(2) Versichertenrenten der knappschaftlichen Rentenversicherung ohne Kinderzuschuß und ohne Leistungszuschlag, die nach § 4 angepaßt werden, dürfen die für den Versicherten maßgebende Rentenbemessungsgrundlage nicht übersteigen. Satz 1 gilt bei Hinterbliebenenrenten mit der Maßgabe, daß an die Stelle der für den Versicherten maßgebenden Rentenbemessungsgrundlage bei den Renten nach §§ 64, 65, 66 des Reichsknappschaftsgesetzes sechs Zehntel, bei Renten an Halbwaisen ein Zehntel und bei Renten an Vollwaisen ein Fünftel der für den Versicherten maßgebenden Rentenbemessungsgrundlage tritt.</P><P>(3) Renten - ohne Kinderzuschuß und ohne Leistungszuschlag - aus Versicherungsfällen nach dem 31. Dezember 1956, die mit einer Rente aus der gesetzlichen Unfallversicherung zusammentreffen und nach § 4 angepaßt werden, dürfen zusammen die in §§ 1278, 1279 der Reichsversicherungsordnung, §§ 55, 56 des Angestelltenversicherungsgesetzes oder die in §§ 75, 76 des Reichsknappschaftsgesetzes genannten Grenzbeträge, die bei einer Berechnung der Renten nach § 2 zu berücksichtigen sind, nicht überschreiten. Satz 1 gilt auch für Renten aus Versicherungsfällen vor dem 1. Januar 1957, wenn Leistungen oder Leistungsanteile aus der knappschaftlichen Rentenversicherung zu gewähren sind.</P><P>(4) Die übrigen Renten aus Versicherungsfällen vor dem 1. Januar 1957, die mit einer Rente aus der gesetzlichen Unfallversicherung zusammentreffen und nach § 4 angepaßt werden, dürfen zusammen die in §§ 1278, 1279 der Reichsversicherungsordnung oder die in §§ 55, 56 des Angestelltenversicherungsgesetzes genannten Grenzbeträge, die bei der Berechnung der Rente nach § 3 zu berücksichtigen sind, nicht überschreiten.</P></Content>   </text></textdaten></norm>
<norm builddate="20130405125405" doknr="BJNR010089963BJNE001100314"><metadaten><jurabk>RAG 6</jurabk><gliederungseinheit><gliederungskennzahl>010</gliederungskennzahl><gliederungsbez>Art I</gliederungsbez></gliederungseinheit><enbez>§ 7</enbez></metadaten><textdaten><text format="XML"><Content><P>Leistungen nach § 27 des Sozialversicherungs-Angleichungsgesetzes Saar vom 15. Juni 1963 (Bundesgesetzbl. I S. 402) sind so anzupassen, daß sich ein Zahlbetrag ergibt, wie er sich bei Anwendung des saarländischen Gesetzes Nr. 345 in der Fassung der Bekanntmachung vom 29. Juli 1953 (Amtsblatt des Saarlandes S. 520) und der Vorschriften dieses Gesetzes unter Zugrundelegung der bisherigen Versicherungszeiten ergeben hätte.</P></Content></text></textdaten></norm>
<norm builddate="20130405125405" doknr="BJNR010089963BJNE001200314"><metadaten><jurabk>RAG 6</jurabk><gliederungseinheit><gliederungskennzahl>010</gliederungskennzahl><gliederungsbez>Art I</gliederungsbez></gliederungseinheit><enbez>§ 8</enbez></metadaten><textdaten><text format="XML"><Content><P>Die Vorschriften dieses Artikels gelten im Saarland unter Berücksichtigung der Fassung, in der die in den §§ 1 bis 7 aufgeführten Vorschriften im Saarland anzuwenden sind, und zwar auch für Renten, die nach Artikel 2 § 15 des Gesetzes Nr. 591 zur Einführung des Arbeiterrentenversicherungs-Neuregelungsgesetzes im Saarland vom 13. Juli 1957 (Amtsblatt des Saarlands S. 779), Artikel 2 § 17 des Gesetzes Nr. 590 zur Einführung des Angestelltenversicherungs-Neuregelungsgesetzes im Saarland vom 13. Juli 1957 (Amtsblatt des Saarlands S. 789) und Artikel 4 § 9 des Gesetzes Nr. 635 zur Einführung des Reichsknappschaftsgesetzes und des Knappschaftsrentenversicherungs-Neuregelungsgesetzes im Saarland vom 18. Juni 1958 (Amtsblatt des Saarlands S. 1099) gewährt werden.</P></Content></text></textdaten></norm>
<norm builddate="20130405125405" doknr="BJNR010089963BJNG000200314"><metadaten><jurabk>RAG 6</jurabk><gliederungseinheit><gliederungskennzahl>020</gliederungskennzahl><gliederungsbez>Art II</gliederungsbez><gliederungstitel>Anpassung der Geldleistungen aus
der gesetzlichen Unfallversicherung</gliederungstitel></gliederungseinheit></metadaten><textdaten><text format="XML"><Content><P/></Content></text></textdaten></norm>
<norm builddate="20130405125405" doknr="BJNR010089963BJNE001300314"><metadaten><jurabk>RAG 6</jurabk><gliederungseinheit><gliederungskennzahl>020</gliederungskennzahl><gliederungsbez>Art II</gliederungsbez></gliederungseinheit><enbez>§ 1</enbez></metadaten><textdaten><text format="XML"><Content><P>(1) In der gesetzlichen Unfallversicherung werden aus Anlaß der Veränderungen der durchschnittlichen Bruttolohn- und -gehaltssumme zwischen den Kalenderjahren 1961 und 1962 die vom Jahresarbeitsverdienst abhängigen Geldleistungen für Unfälle, die im Jahre 1961 oder früher eingetreten sind, für Bezugszeiten vom 1. Januar 1964 an nach Maßgabe der §§ 2 und 3 angepaßt.</P><P><DL Font="normal" Type="arabic"><DT>(2) Absatz 1 gilt nicht,</DT><DD Font="normal"><LA Size="normal">soweit der Jahresarbeitsverdienst nach dem Ortslohn berechnet ist,</LA><LA Size="normal">soweit die Geldleistungen in der landwirtschaftlichen Unfallversicherung nach einem durchschnittlichen Jahresarbeitsverdienst berechnet sind,</LA><LA Size="normal">soweit die Geldleistungen auf Grund des § 12 des Zweiten Gesetzes zur vorläufigen Neuregelung von Geldleistungen in der gesetzlichen Unfallversicherung vom 29. Dezember 1960 (Bundesgesetzbl. I S. 1085) oder auf Grund des § 2 Nr. 11 des Gesetzes Nr. 673 zur Anpassung der gesetzlichen Unfallversicherung an die im übrigen Bundesgebiet geltenden Vorschriften vom 19. Juni 1959 (Amtsblatt des Saarlands S. 1045) gewährt werden.</LA></DD>   </DL> </P><P>(3) Als Geldleistung im Sinne des Absatzes 1 gilt auch eine Leistung nach § 27 des Sozialversicherungs-Angleichungsgesetzes Saar vom 15. Juni 1963 (Bundesgesetzbl. I S. 402), die von einem Träger der gesetzlichen Unfallversicherung zu gewähren ist.</P><P>(4) In den Fällen der §§ 565, 566 der Reichsversicherungsordnung in der Fassung des Sechsten Gesetzes über Änderungen in der Unfallversicherung vom 9. März 1942 (Reichsgesetzbl. I S. 107) gilt als Unfalljahr das Jahr, für das der Jahresarbeitsverdienst zuletzt festgesetzt worden ist.</P></Content>  </text></textdaten></norm>
<norm builddate="20130405125405" doknr="BJNR010089963BJNE001400314"><metadaten><jurabk>RAG 6</jurabk><gliederungseinheit><gliederungskennzahl>020</gliederungskennzahl><gliederungsbez>Art II</gliederungsbez></gliederungseinheit><enbez>§ 2</enbez></metadaten><textdaten><text format="XML"><Content><P>(1) Die Geldleistungen werden in der Weise angepaßt, daß sie nach einem mit 1,09 vervielfältigten Jahresarbeitsverdienst berechnet werden. Das gilt auch für die Leistungen nach § 27 des Sozialversicherungs-Angleichungsgesetzes Saar vom 15. Juni 1963 (Bundesgesetzbl. I S. 402).</P><P>(2) Soweit die Geldleistungen auf Grund eines Jahresarbeitsverdienstes berechnet werden, dessen Betrag in der Satzung des Versicherungsträgers zahlenmäßig festgesetzt ist, werden sie in der Weise angepaßt, daß sie auf Grund des am 1. Januar 1962 maßgeblichen Betrags berechnet werden.</P></Content> </text></textdaten></norm>
<norm builddate="20130405125405" doknr="BJNR010089963BJNE001500314"><metadaten><jurabk>RAG 6</jurabk><gliederungseinheit><gliederungskennzahl>020</gliederungskennzahl><gliederungsbez>Art II</gliederungsbez></gliederungseinheit><enbez>§ 3</enbez></metadaten><textdaten><text format="XML"><Content><P>Der vervielfältigte Jahresarbeitsverdienst darf den Betrag von 36.000 Deutsche Mark nicht übersteigen, es sei denn, daß gemäß § 575 Abs. 2 Satz 2 und 3 der Reichsversicherungsordnung ein höherer Betrag bestimmt worden ist. In diesem Fall tritt an die Stelle des Betrags von 36.000 Deutsche Mark der höhere Betrag.</P></Content></text></textdaten></norm>
<norm builddate="20130405125405" doknr="BJNR010089963BJNE001600314"><metadaten><jurabk>RAG 6</jurabk><gliederungseinheit><gliederungskennzahl>020</gliederungskennzahl><gliederungsbez>Art II</gliederungsbez></gliederungseinheit><enbez>§ 4</enbez></metadaten><textdaten><text format="XML"><Content><P>Ist in der landwirtschaftlichen Unfallversicherung für Gruppen von Versicherten seit dem 1. Juli 1963 die Berechnung der Geldleistungen nach den §§ 570 bis 578 der Reichsversicherungsordnung bestimmt, sind die Geldleistungen für diese Gruppen aber bisher nach einem durchschnittlichen Jahresarbeitsverdienst berechnet worden, so sind diese Geldleistungen auf Grund des nach den §§ 570 bis 578 der Reichsversicherungsordnung zu berechnenden Jahresarbeitsverdienstes für Bezugszeiten vom 1. Januar 1964 an umzustellen. Dabei ist der Tarif- oder sonst ortsübliche Lohn eines gleichartigen Arbeitnehmers am 1. Januar 1962 zugrunde zu legen.</P></Content></text></textdaten></norm>
<norm builddate="20130405125405" doknr="BJNR010089963BJNG000300314"><metadaten><jurabk>RAG 6</jurabk><gliederungseinheit><gliederungskennzahl>030</gliederungskennzahl><gliederungsbez>Art III</gliederungsbez><gliederungstitel>Gemeinsame Vorschriften</gliederungstitel></gliederungseinheit></metadaten><textdaten><text format="XML"><Content><P/></Content></text></textdaten></norm>
<norm builddate="20130405125405" doknr="BJNR010089963BJNE001700314"><metadaten><jurabk>RAG 6</jurabk><gliederungseinheit><gliederungskennzahl>030</gliederungskennzahl><gliederungsbez>Art III</gliederungsbez></gliederungseinheit><enbez>§ 1</enbez></metadaten><textdaten><text format="XML"><Content><P>(1) Ergibt die Anpassung nach Artikel I keinen höheren als den bisherigen Zahlbetrag, so ist dieser weiterzuzahlen, soweit sich nicht aus den allgemeinen Vorschriften etwas anderes ergibt.</P><P>(2) Ist eine Geldleistung der gesetzlichen Unfallversicherung, die auf Grund der bisherigen gesetzlichen Vorschriften festgestellt worden ist oder hätte festgestellt werden müssen, höher, als sie bei einer Anpassung nach Artikel II sein würde, so ist dem Berechtigten die höhere Leistung zu gewähren.</P></Content> </text></textdaten></norm>
<norm builddate="20130405125405" doknr="BJNR010089963BJNE001800314"><metadaten><jurabk>RAG 6</jurabk><gliederungseinheit><gliederungskennzahl>030</gliederungskennzahl><gliederungsbez>Art III</gliederungsbez></gliederungseinheit><enbez>§ 2</enbez></metadaten><textdaten><text format="XML"><Content><P>(1) Soweit bei Versorgungsbezügen nach dem Bundesversorgungsgesetz und den Gesetzen, die das Bundesversorgungsgesetz für anwendbar erklären, der Kriegsschadenrente und den Beihilfen zum Lebensunterhalt nach dem Lastenausgleichsgesetz, den Leistungen nach dem Bundesentschädigungsgesetz, dem Bundessozialhilfegesetz und dem Jugendwohlfahrtsgesetz, den Miet- und Lastenbeihilfen nach dem Gesetz über die Gewährung von Miet- und Lastenbeihilfen, dem Zweiten Wohnungsbaugesetz und dem Gesetz über Wohnbeihilfen und den Bundesbeihilfen zum Ausgleich von Härten im Rahmen der betrieblichen Altersfürsorge nach den Richtlinien vom 17. Oktober 1951 (Bundesanzeiger Nr. 204 vom 20. Oktober 1951) die Gewährung oder die Höhe der Leistungen von anderem Einkommen abhängig ist, bleiben die Erhöhungsbeträge, die für die Monate Januar bis einschließlich Mai 1964 auf Grund der Vorschriften dieses Gesetzes zu leisten sind, für den genannten Zeitraum bei den Ermittlungen des Einkommens unberücksichtigt. Die Erhöhungsbeträge für den in Satz 1 genannten Zeitraum sind ferner bei der Gewährung von Leistungen aus der Arbeitslosenversicherung, der Arbeitslosenhilfe sowie der Altershilfe für Landwirte nicht zu berücksichtigen.</P><P>(2) Absatz 1 gilt auch für Versorgungsbezüge nach den Vorschriften des Gesetzes zur Einführung des Bundesversorgungsgesetzes im Saarland vom 16. August 1961 (Bundesgesetzbl. I S. 1292), soweit ihre Gewährung oder Höhe von anderem Einkommen abhängig ist. Im übrigen gilt Absatz 1 im Saarland mit der Maßgabe, daß an Stelle des Zweiten Wohnungsbaugesetzes das entsprechende saarländische Gesetz tritt und das Bundesentschädigungsgesetz und das Lastenausgleichsgesetz unter Berücksichtigung ihrer im Saarland geltenden Fassung anzuwenden sind.</P></Content> </text></textdaten></norm>
<norm builddate="20130405125405" doknr="BJNR010089963BJNE001900314"><metadaten><jurabk>RAG 6</jurabk><gliederungseinheit><gliederungskennzahl>030</gliederungskennzahl><gliederungsbez>Art III</gliederungsbez></gliederungseinheit><enbez>§ 3</enbez></metadaten><textdaten><text format="XML"><Content><P>(1) Jedem Rentenempfänger ist eine schriftliche Mitteilung über die Höhe seiner Rente, die ihm vom 1. Januar 1964 an zusteht, zu geben.</P><P>(2) Ergibt eine spätere Überprüfung, daß die Anpassung fehlerhaft ist, so ist sie zu berichtigen. Die Rente ist in ihrer bisherigen Höhe bis zum Ablauf des Monats zu gewähren, in dem der Berichtigungsbescheid zugestellt wird. Eine Rückforderung überzahlter Beträge findet nicht statt. Die Berichtigung ist nur bis zum 31. Dezember 1964 zulässig.</P><P>(3) <I>§§ 627 und 1300 der Reichsversicherungsordnung, § 79 des Angestelltenversicherungsgesetzes und § 93 Abs. 1 des Reichsknappschaftsgesetzes bleiben unberührt.</I></P></Content>  </text><fussnoten><Content><P>Art. III § 3 Abs. 3 Kursivdruck: § 627 u. § 1300 RVO aufgeh. durch Art. II § 4 Nr. 1, § 79 AVG aufgeh. durch Art. II § 6 Nr. 1 u. § 93 Abs. 1 RKG aufgeh. durch Art. II § 8 Nr. 1 G v. 18.8.1980 I 1469 mWv 1.1.1981</P></Content></fussnoten></textdaten></norm>
<norm builddate="20130405125405" doknr="BJNR010089963BJNG000400314"><metadaten><jurabk>RAG 6</jurabk><gliederungseinheit><gliederungskennzahl>040</gliederungskennzahl><gliederungsbez>Art IV</gliederungsbez><gliederungstitel>Neufestsetzung der Ortslöhne und
Schlußvorschriften</gliederungstitel></gliederungseinheit></metadaten><textdaten><text format="XML"><Content><P/></Content></text></textdaten></norm>
<norm builddate="20130405125405" doknr="BJNR010089963BJNE002000314"><metadaten><jurabk>RAG 6</jurabk><gliederungseinheit><gliederungskennzahl>040</gliederungskennzahl><gliederungsbez>Art IV</gliederungsbez></gliederungseinheit><enbez>§ 1</enbez></metadaten><textdaten><text format="XML"><Content><P>-</P></Content></text><fussnoten/></textdaten></norm>
<norm builddate="20130405125405" doknr="BJNR010089963BJNE002100314"><metadaten><jurabk>RAG 6</jurabk><gliederungseinheit><gliederungskennzahl>040</gliederungskennzahl><gliederungsbez>Art IV</gliederungsbez></gliederungseinheit><enbez>§ 2</enbez></metadaten><textdaten><text format="XML"><Content><P>Dieses Gesetz gilt nach Maßgabe des § 13 Abs. 1 des Dritten Überleitungsgesetzes vom 4. Januar 1952 (Bundesgesetzbl. I S. 1) auch im Land Berlin.</P></Content></text></textdaten></norm>
<norm builddate="20130405125405" doknr="BJNR010089963BJNE002200314"><metadaten><jurabk>RAG 6</jurabk><gliederungseinheit><gliederungskennzahl>040</gliederungskennzahl><gliederungsbez>Art IV</gliederungsbez></gliederungseinheit><enbez>§ 3</enbez></metadaten><textdaten><text format="XML"><Content><P>Dieses Gesetz tritt am Tag nach der Verkündung in Kraft.</P></Content></text></textdaten></norm>
</dokumente>