<?xml version="1.0" encoding="UTF-8" ?><!DOCTYPE dokumente SYSTEM "http://www.gesetze-im-internet.de/dtd/1.01/gii-norm.dtd">
<dokumente builddate="20240125215001" doknr="BJNR248400005"><norm builddate="20240125215001" doknr="BJNR248400005"><metadaten><jurabk>InvZulG2005DV</jurabk><ausfertigung-datum manuell="ja">2005-08-10</ausfertigung-datum><fundstelle typ="amtlich"><periodikum>BGBl I</periodikum><zitstelle>2005, 2484</zitstelle></fundstelle><langue>Verordnung zur Durchführung von § 5 Abs. 2 Satz 4 des
Investitionszulagengesetzes 2005</langue></metadaten><textdaten><text format="XML"><Content><P/></Content></text><fussnoten><Content><P><BR/> <pre xml:space="preserve">(+++ Textnachweis ab:  4. 7.2005 +++)<BR/><BR/></pre>V gem. Bek. v. 19.8.2005 I 2514 mWv 4.7.2005 in Kraft getreten</P></Content></fussnoten></textdaten></norm>
<norm builddate="20240125215001" doknr="BJNR248400005BJNE000100000"><metadaten><jurabk>InvZulG2005DV</jurabk><enbez>Eingangsformel</enbez></metadaten><textdaten><text format="XML"><Content><P>Auf Grund des § 5 Abs. 2 Satz 4 des Investitionszulagengesetzes 2005 vom 17. März 2004 (BGBl. I S. 438, 2005 I S. 1059) verordnet das Bundesministerium der Finanzen:</P></Content></text></textdaten></norm>
<norm builddate="20240125215001" doknr="BJNR248400005BJNE000200000"><metadaten><jurabk>InvZulG2005DV</jurabk><enbez>§ 1</enbez><titel format="parat">Einzelnotifizierungspflicht</titel></metadaten><textdaten><text format="XML"><Content><P>Die Investitionszulage ist der Europäischen Kommission zur Genehmigung vorzulegen und erst nach deren Genehmigung festzusetzen, wenn sie für ein Unternehmen bestimmt ist, das <DL Font="normal" Type="arabic"><DT>1.</DT><DD Font="normal"><LA Size="normal">ein mittleres Unternehmen im Sinne der Empfehlung der Europäischen Kommission vom 3. April 1996 betreffend die Definition der kleinen und mittleren Unternehmen (ABl. EG Nr. L 107 S. 4), ab 1. Januar 2005 ersetzt durch die Empfehlung der Kommission vom 6. Mai 2003 betreffend die Definition der Kleinstunternehmen sowie der kleinen und mittleren Unternehmen (ABl. EU Nr. L 124 S. 36), ist,</LA></DD> <DT>2.</DT><DD Font="normal"><LA Size="normal">als Unternehmen in Schwierigkeiten Umstrukturierungsbeihilfen im Sinne der &quot;Leitlinien der Gemeinschaft für staatliche Beihilfen zur Rettung und Umstrukturierung von Unternehmen in Schwierigkeiten&quot; vom 8. Juli 1999 (ABl. EG Nr. C 288 S. 2, 2000 Nr. C 121 S. 29) erhalten hat und im Umstrukturierungsplan Investitionszulage nach dem Gesetz nicht berücksichtigt worden ist sowie</LA></DD> <DT>3.</DT><DD Font="normal"><LA Size="normal">sich noch in der Umstrukturierungsphase befindet. Die Umstrukturierungsphase beginnt mit der Genehmigung des Umstrukturierungsplans im Sinne der &quot;Leitlinien der Gemeinschaft für staatliche Beihilfen zur Rettung und Umstrukturierung von Unternehmen in Schwierigkeiten&quot; und endet mit der vollständigen Durchführung des Umstrukturierungsplans.</LA></DD> </DL>§ 5 Abs. 2 Satz 5 des Gesetzes bleibt hiervon unberührt.</P></Content></text></textdaten></norm>
<norm builddate="20240125215001" doknr="BJNR248400005BJNE000300000"><metadaten><jurabk>InvZulG2005DV</jurabk><enbez>§ 2</enbez><titel format="parat">Inkrafttreten</titel></metadaten><textdaten><text format="XML"><Content><P>(1) Diese Verordnung tritt an dem Tag in Kraft, an dem die Europäische Kommission die hierzu erforderliche beihilferechtliche Genehmigung erteilt.</P><P>(2) Der Tag des Inkrafttretens ist vom Bundesministerium der Finanzen im Bundesgesetzblatt gesondert bekannt zu geben.</P></Content> </text></textdaten></norm>
<norm builddate="20240125215001" doknr="BJNR248400005BJNE000400000"><metadaten><jurabk>InvZulG2005DV</jurabk><enbez>Schlussformel</enbez></metadaten><textdaten><text format="XML"><Content><P>Der Bundesrat hat zugestimmt.</P></Content></text></textdaten></norm>
</dokumente>