<?xml version="1.0" encoding="UTF-8" ?><!DOCTYPE dokumente SYSTEM "http://www.gesetze-im-internet.de/dtd/1.01/gii-norm.dtd">
<dokumente builddate="20241030214028" doknr="BJNR081600021"><norm builddate="20241030214028" doknr="BJNR081600021"><metadaten><jurabk>PostG-ÜbertrV</jurabk><amtabk>PostG-ÜbertrV</amtabk><ausfertigung-datum manuell="ja">2021-04-16</ausfertigung-datum><fundstelle typ="amtlich"><periodikum>BGBl I</periodikum><zitstelle>2021, 816</zitstelle></fundstelle><kurzue>PostG-Übertragungsverordnung</kurzue><langue>Verordnung zur Übertragung der Befugnis zum Erlass einer Rechtsverordnung nach § 18a des Postgesetzes</langue><standangabe checked="ja"><standtyp>Stand</standtyp><standkommentar>Geändert durch Art. 34 G v. 15.7.2024 I Nr. 236, Nr. 331</standkommentar></standangabe></metadaten><textdaten><fussnoten><Content><P><BR/> <pre xml:space="preserve">(+++ Textnachweis ab: 23.4.2021 +++)<BR/><BR/></pre></P></Content></fussnoten></textdaten></norm>
<norm builddate="20241030214028" doknr="BJNR081600021BJNE000101119"><metadaten><jurabk>PostG-ÜbertrV</jurabk><enbez>Eingangsformel</enbez></metadaten><textdaten><text format="XML"><Content><P>Auf Grund des § 34 Absatz 8 Satz 2 des Postgesetzes vom 15. Juli 2024 (BGBl. 2024 I Nr. 236) verordnet das Bundesministerium für Wirtschaft und Energie:</P></Content></text><fussnoten/></textdaten></norm>
<norm builddate="20241030214028" doknr="BJNR081600021BJNE000201119"><metadaten><jurabk>PostG-ÜbertrV</jurabk><enbez>§ 1</enbez><titel format="XML">Übertragung der Verordnungsermächtigung</titel></metadaten><textdaten><text format="XML"><Content><P>Die Ermächtigung des § 34 Absatz 8 Satz 1 des Postgesetzes zum Erlass von Rechtsverordnungen wird auf die Bundesnetzagentur für Elektrizität, Gas, Telekommunikation, Post und Eisenbahnen übertragen.</P></Content></text><fussnoten/></textdaten></norm>
<norm builddate="20241030214028" doknr="BJNR081600021BJNE000300000"><metadaten><jurabk>PostG-ÜbertrV</jurabk><enbez>§ 2</enbez><titel format="XML">Inkrafttreten</titel></metadaten><textdaten><text format="XML"><Content><P>Diese Verordnung tritt am Tag nach der Verkündung in Kraft.</P></Content></text></textdaten></norm>
</dokumente>