<?xml version="1.0" encoding="UTF-8" ?><!DOCTYPE dokumente SYSTEM "http://www.gesetze-im-internet.de/dtd/1.01/gii-norm.dtd">
<dokumente builddate="20260112215514" doknr="BJNR261510016"><norm builddate="20260112215514" doknr="BJNR261510016"><metadaten><jurabk>NpSG</jurabk><amtabk>NpSG</amtabk><ausfertigung-datum manuell="ja">2016-11-21</ausfertigung-datum><fundstelle typ="amtlich"><periodikum>BGBl I</periodikum><zitstelle>2016, 2615</zitstelle></fundstelle><langue>Neue-psychoaktive-Stoffe-Gesetz</langue><standangabe checked="ja"><standtyp>Stand</standtyp><standkommentar>Zuletzt geändert durch Art. 1 V v. 1.12.2025 I Nr. 292</standkommentar></standangabe><standangabe checked="ja"><standtyp>Hinweis</standtyp><standkommentar>Änderung durch Art. 1 G v. 7.1.2026 I Nr. 2 textlich nachgewiesen, dokumentarisch noch nicht abschließend bearbeitet</standkommentar></standangabe></metadaten><textdaten><fussnoten><Content><P><BR/> <pre xml:space="preserve">(+++ Textnachweis ab: 26.11.2016 +++)<BR/>(+++ Zur Anwendung vgl. §§ 1, 5 +++)<BR/>(+++ Amtlicher Hinweis des Normgebers auf EG-Recht:<BR/>     Notifizierung der <BR/>      EURL 2015/1535 (CELEX Nr: 32015L1535) vgl. V v. 27.9.2022 I 1552 <BR/>                                            vgl. V v. 21.6.2024 I Nr. 210  <BR/>                                            vgl. V v. 26.11.2025 I Nr. 292<BR/>                                            vgl. G v. 7.1.2026 I Nr. 2 +++)<BR/>(+++ EU-Vollzitate: vgl. Liste EU-Rechtsakte G v. 7.1.2026 I Nr. 2 +++)<BR/><BR/></pre>Das G wurde als Artikel 1 des G v. 21.11.2016 I 2615 vom Bundestag beschlossen. Es ist gem. Art. 4 dieses G am 26.11.2016 in Kraft getreten.</P></Content></fussnoten></textdaten></norm>
<norm builddate="20260112215514" doknr="BJNR261510016BJNE000101116"><metadaten><jurabk>NpSG</jurabk><enbez>§ 1</enbez><titel format="XML">Anwendungsbereich</titel></metadaten><textdaten><text format="XML"><Content><P>(1) Dieses Gesetz ist anzuwenden auf neue psychoaktive Stoffe im Sinne des § 2 Nummer 1.</P><P>(2) Dieses Gesetz ist nicht anzuwenden auf <DL Type="arabic"><DT>1.</DT><DD Font="normal"><LA>Betäubungsmittel im Sinne des § 1 Absatz 1 des Betäubungsmittelgesetzes,</LA></DD><DT>2.</DT><DD Font="normal"><LA>Arzneimittel im Sinne des § 2 Absatz 1, 2, 3a und 4 Satz 1 des Arzneimittelgesetzes sowie</LA></DD><DT>3.</DT><DD Font="normal"><LA>Tierarzneimittel im Sinne des Artikels 4 Nummer 1 der Verordnung (EU) 2019/6 des Europäischen Parlaments und des Rates vom 11. Dezember 2018 über Tierarzneimittel und zur Aufhebung der Richtlinie 2001/82/EG (ABl. L 4 vom 7.1.2019, S. 43; L 163 vom 20.6.2019, S. 112; L 326 vom 8.10.2020, S. 15; L 241 vom 8.7.2021, S. 17).</LA></DD></DL></P></Content></text><fussnoten/></textdaten></norm>
<norm builddate="20260112215514" doknr="BJNR261510016BJNE000200000"><metadaten><jurabk>NpSG</jurabk><enbez>§ 2</enbez><titel format="XML">Begriffsbestimmungen</titel></metadaten><textdaten><text format="XML"><Content><P>Im Sinne dieses Gesetzes ist <DL Type="arabic"><DT>1.</DT><DD Font="normal"><LA>neuer psychoaktiver Stoff ein Stoff oder eine Zubereitung eines Stoffes aus einer der in der Anlage genannten Stoffgruppen;</LA></DD><DT>2.</DT><DD Font="normal"><LA>Zubereitung ohne Rücksicht auf den Aggregatzustand ein Stoffgemisch oder die Lösung eines Stoffes oder mehrerer Stoffe außer den natürlich vorkommenden Gemischen und Lösungen;</LA></DD><DT>3.</DT><DD Font="normal"><LA>Herstellen das Gewinnen, das Anfertigen, das Zubereiten, das Be- oder Verarbeiten, das Reinigen, das Umwandeln, das Abpacken und das Umfüllen einschließlich Abfüllen;</LA></DD><DT>4.</DT><DD Font="normal"><LA>Inverkehrbringen das Vorrätighalten zum Verkauf oder zu sonstiger Abgabe sowie das Feilhalten, das Feilbieten, die Abgabe und das Überlassen zum unmittelbaren Verbrauch an andere.</LA></DD></DL></P></Content></text></textdaten></norm>
<norm builddate="20260112215514" doknr="BJNR261510016BJNE000301116"><metadaten><jurabk>NpSG</jurabk><enbez>§ 3</enbez><titel format="XML">Unerlaubter Umgang mit neuen psychoaktiven Stoffen</titel></metadaten><textdaten><text format="XML"><Content><P>(1) Es ist verboten, mit einem neuen psychoaktiven Stoff Handel zu treiben, ihn in den Verkehr zu bringen, ihn herzustellen, ihn in den, aus dem oder durch den Geltungsbereich dieses Gesetzes zu verbringen, ihn zu erwerben, ihn zu besitzen oder ihn einem anderen zu verabreichen.</P><P>(2) Vom Verbot ausgenommen sind <DL Font="normal" Type="arabic"><DT>1.</DT><DD Font="normal"><LA Size="normal">nach dem jeweiligen Stand von Wissenschaft und Technik anerkannte Verwendungen eines neuen psychoaktiven Stoffes zu gewerblichen, industriellen oder wissenschaftlichen Zwecken und</LA></DD><DT>2.</DT><DD Font="normal"><LA Size="normal">Verwendungen eines neuen psychoaktiven Stoffes durch Bundes- oder Landesbehörden für den Bereich ihrer dienstlichen Tätigkeit sowie durch die von ihnen mit der Untersuchung von neuen psychoaktiven <NB>Stoffen</NB> beauftragten Behörden.</LA></DD></DL></P><P>(3) In den Fällen des Absatzes 1 erfolgen die Sicherstellung, die Verwahrung und die Vernichtung von neuen psychoaktiven Stoffen nach den §§ 47 bis 50 des Bundespolizeigesetzes und den Vorschriften der Polizeigesetze der Länder.</P><P>(4) Unbeschadet des Absatzes 3 können die Zollbehörden im Rahmen ihrer Aufgabenwahrnehmung nach § 1 Absatz 3 des Zollverwaltungsgesetzes Waren, bei denen Grund zu der Annahme besteht, dass es sich um neue psychoaktive Stoffe handelt, die entgegen Absatz 1 in den, aus dem oder durch den Geltungsbereich dieses Gesetzes verbracht worden sind oder verbracht werden sollen, sicherstellen. Die §§ 48 bis 50 des Bundespolizeigesetzes gelten entsprechend. Kosten, die den Zollbehörden durch die Sicherstellung und Verwahrung entstehen, sind vom Verantwortlichen zu tragen; die §§ 17 und 18 des Bundespolizeigesetzes gelten entsprechend. Mehrere Verantwortliche haften als Gesamtschuldner. Die Kosten können im Verwaltungsvollstreckungsverfahren beigetrieben werden.</P></Content></text><fussnoten/></textdaten></norm>
<norm builddate="20260112215514" doknr="BJNR261510016BJNE000400000"><metadaten><jurabk>NpSG</jurabk><enbez>§ 4</enbez><titel format="XML">Strafvorschriften</titel></metadaten><textdaten><text format="XML"><Content><P>(1) Mit Freiheitsstrafe bis zu drei Jahren oder mit Geldstrafe wird bestraft, wer entgegen § 3 Absatz 1 <DL Type="arabic"><DT>1.</DT><DD Font="normal"><LA>mit einem neuen psychoaktiven Stoff Handel treibt, ihn in den Verkehr bringt oder ihn einem anderen verabreicht oder</LA></DD><DT>2.</DT><DD Font="normal"><LA>einen neuen psychoaktiven Stoff zum Zweck des Inverkehrbringens <DL Type="alpha"><DT>a)</DT><DD Font="normal"><LA>herstellt oder</LA></DD><DT>b)</DT><DD Font="normal"><LA>in den Geltungsbereich dieses Gesetzes verbringt.</LA></DD></DL></LA></DD></DL></P><P>(2) Der Versuch ist strafbar.</P><P>(3) Mit Freiheitsstrafe von einem Jahr bis zu zehn Jahren wird bestraft, wer <DL Type="arabic"><DT>1.</DT><DD Font="normal"><LA>in den Fällen <DL Type="alpha"><DT>a)</DT><DD Font="normal"><LA>des Absatzes 1 gewerbsmäßig oder als Mitglied einer Bande handelt, die sich zur fortgesetzten Begehung solcher Taten verbunden hat, oder</LA></DD><DT>b)</DT><DD Font="normal"><LA>des Absatzes 1 Nummer 1 als Person über <NB>21 Jahre</NB> einen neuen psychoaktiven Stoff an eine Person unter 18 Jahren abgibt oder ihn ihr verabreicht oder zum unmittelbaren Verbrauch überlässt oder</LA></DD></DL></LA></DD><DT>2.</DT><DD Font="normal"><LA>durch eine in Absatz 1 genannte Handlung <DL Type="alpha"><DT>a)</DT><DD Font="normal"><LA>die Gesundheit einer großen Zahl von Menschen gefährdet oder</LA></DD><DT>b)</DT><DD Font="normal"><LA>einen anderen der Gefahr des Todes oder einer schweren Schädigung an Körper oder Gesundheit aussetzt.</LA></DD></DL></LA></DD></DL></P><P>(4) In minder schweren Fällen des Absatzes 3 ist die Strafe Freiheitsstrafe von drei Monaten bis zu fünf Jahren.</P><P>(5) Handelt der Täter in den Fällen des Absatzes 3 Nummer 1 Buchstabe b oder Nummer 2 in Verbindung mit Absatz 1 Nummer 1 fahrlässig, ist die Strafe Freiheitsstrafe bis zu drei Jahren oder Geldstrafe.</P><P>(6) Handelt der Täter in den Fällen des Absatzes 1 Nummer 1 fahrlässig, ist die Strafe Freiheitsstrafe bis zu einem Jahr oder Geldstrafe.</P></Content></text></textdaten></norm>
<norm builddate="20260112215514" doknr="BJNR261510016BJNE000501116"><metadaten><jurabk>NpSG</jurabk><enbez>§ 5</enbez><titel format="XML">Einziehung</titel></metadaten><textdaten><text format="XML"><Content><P>Gegenstände, auf die sich eine Straftat nach § 4 bezieht, können eingezogen werden. § 74a des Strafgesetzbuches ist anzuwenden.</P></Content></text><fussnoten/></textdaten></norm>
<norm builddate="20260112215514" doknr="BJNR261510016BJNE000600000"><metadaten><jurabk>NpSG</jurabk><enbez>§ 6</enbez><titel format="XML">Datenübermittlung</titel></metadaten><textdaten><text format="XML"><Content><P>Das Zollkriminalamt darf zu Straftaten nach § 4 Informationen, einschließlich personenbezogener Daten nach der aufgrund des § 7 Absatz 11 des Bundeskriminalamtgesetzes erlassenen Rechtsverordnung, dem Bundeskriminalamt zur Erfüllung von dessen Aufgaben als Zentralstelle übermitteln, soweit Zwecke des Strafverfahrens dem nicht entgegenstehen. Übermittlungen nach Satz 1 sind auch zulässig, sofern sie Daten betreffen, die dem Steuergeheimnis nach § 30 der Abgabenordnung unterliegen. Übermittlungsbefugnisse nach anderen Rechtsvorschriften bleiben unberührt.</P></Content></text></textdaten></norm>
<norm builddate="20260112215514" doknr="BJNR261510016BJNE000701116"><metadaten><jurabk>NpSG</jurabk><enbez>§ 7</enbez><titel format="XML">Verordnungsermächtigung</titel></metadaten><textdaten><text format="XML"><Content><P>Das Bundesministerium für Gesundheit wird ermächtigt, durch Rechtsverordnung, die der Zustimmung des Bundesrates bedarf, im Einvernehmen mit dem Bundesministerium des Innern, für Bau und Heimat, mit dem Bundesministerium der Justiz und für Verbraucherschutz und mit dem Bundesministerium der Finanzen und nach Anhörung von Sachverständigen die Liste der Stoffgruppen in der Anlage zu ändern, wenn dies nach wissenschaftlicher Erkenntnis wegen der Wirkungsweise von psychoaktiv wirksamen Stoffen, wegen des Ausmaßes ihrer missbräuchlichen Verwendung und wegen der unmittelbaren oder mittelbaren Gefährdung der Gesundheit erforderlich ist.</P></Content></text><fussnoten/></textdaten></norm>
<norm builddate="20260112215514" doknr="BJNR261510016BJNE000807125"><metadaten><jurabk>NpSG</jurabk><enbez>Anlage</enbez></metadaten><textdaten><text format="XML"><Content><P><noindex><kommentar typ="Fundstelle">(Fundstelle: BGBl. 2025 I Nr. 292, S. 3 – 21)</kommentar></noindex></P><P><B>Vorbemerkungen</B></P><P>Die Stoffgruppendefinitionen der Nummern 1 bis 9 schließen alle denkbaren geladenen Formen, Stereoisomere, Salze und isotopensubstituierte Verbindungen eines erfassten Stoffes ein. Die festgelegten Molekülmassenbegrenzungen gelten bei geladenen Formen und Salzen nur für den Molekülteil ausschließlich des Gegen-Ions. Ein Wasserstoffatom ist ein möglicher Substituent.<DL Font="normal" Indent="15" Type="arabic"><DT><B>1.</B></DT><DD Font="normal"><LA Size="normal"><B><SP>Von 2-Phenethylamin abgeleitete Verbindungen</SP></B></LA><LA Size="normal">Eine von 2-Phenethylamin abgeleitete Verbindung ist jede chemische Verbindung, die von einer 2-Phenylethan-1-amin-Grundstruktur abgeleitet werden kann (ausgenommen 2-Phenethylamin selbst), eine maximale Molekülmasse von 500 u hat und dem nachfolgend beschriebenen modularen Aufbau aus Strukturelement A und Strukturelement B entspricht.<table frame="none" pgwide="1" tocentry="%yes;"><tgroup align="left" char="" charoff="50" cols="2"><colspec colname="col1" colwidth="78*"/><colspec colname="col2" colwidth="78*"/><tbody valign="top"><row><entry VJ="1" align="center" nameend="col2" namest="col1" rowsep="0"><IMG Align="center" Height="241" Pos="inline" SRC="bgbl1_2025_j02920_0010.jpg" Type="jpg" Units="" Width="466" alt="Aus Strukturelement A und Strukturelement B bestehende chemische Struktur. Wird im Text genauer erklärt."/></entry></row><row><entry VJ="1" align="right" colname="col1" colsep="0"><B>Strukturelement A    </B></entry><entry VJ="1" colname="col2"><B>    Strukturelement B</B></entry></row></tbody></tgroup></table></LA><LA Size="normal">Dies schließt chemische Verbindungen mit einer Cathinon-Grundstruktur (2-Amino-1-phenyl-1-propanon) ein: <table frame="none" pgwide="1" tocentry="%yes;"><tgroup align="left" char="" charoff="50" cols="2"><colspec colname="col1" colwidth="78*"/><colspec colname="col2" colwidth="78*"/><tbody valign="top"><row><entry VJ="1" align="center" nameend="col2" namest="col1" rowsep="0"><IMG Align="center" Height="242" Pos="inline" SRC="bgbl1_2025_j02920_0020.jpg" Type="jpg" Units="" Width="463" alt="Aus Strukturelement A und Strukturelement B bestehende chemische Struktur. Wird im Text genauer erklärt."/></entry></row><row><entry VJ="1" align="right" colname="col1" colsep="0"><B>Strukturelement A    </B></entry><entry VJ="1" colname="col2"><B>    Strukturelement B</B></entry></row></tbody></tgroup></table></LA><LA Size="normal">Nicht von der Stoffgruppe Nummer 1 erfasst werden Stoffe, die zwar eine Definition dieser Stoffgruppe erfüllen, jedoch zugleich eine in den Stoffgruppendefinitionen der Nummern 2 bis 9 genannte Kern- oder Grundstruktur besitzen und von der Stoffgruppendefinition der jeweiligen Nummer nicht erfasst werden.</LA></DD><DT><B>1.1</B></DT><DD Font="normal"><LA Size="normal"><B>Strukturelement A</B></LA><LA Size="normal">Für das Strukturelement A sind die folgenden Ringsysteme eingeschlossen, wobei sich das Strukturelement B an jeder Position des Strukturelements A befinden kann: Phenyl‑, Furanyl‑, Pyrrolyl‑, Thienyl‑, Pyridyl‑, Cyclopentyl‑ und Cyclohexylring.<table frame="none" pgwide="1" tocentry="%yes;"><tgroup align="left" char="" charoff="50" cols="4"><colspec colname="col1"/><colspec colname="col2"/><colspec colname="col3"/><colspec colname="col4"/><tbody valign="top"><row><entry VJ="1" align="center" colname="col1" colsep="0" rowsep="0"><IMG Align="center" Height="76" Pos="inline" SRC="bgbl1_2025_j02920_0030.jpg" Type="jpg" Units="" Width="73" alt="Chemische Verbindung Phenyl-"/></entry><entry VJ="1" align="center" colname="col2" colsep="0" rowsep="0"><IMG Align="center" Height="87" Pos="inline" SRC="bgbl1_2025_j02920_0040.jpg" Type="jpg" Units="" Width="72" alt="Chemische Verbindung Furanyl-"/></entry><entry VJ="1" align="center" colname="col3" colsep="0" rowsep="0"><IMG Align="center" Height="87" Pos="inline" SRC="bgbl1_2025_j02920_0050.jpg" Type="jpg" Units="" Width="71" alt="Chemische Verbindung Pyrrolyl-"/></entry><entry VJ="1" align="center" colname="col4" rowsep="0"><IMG Align="center" Height="81" Pos="inline" SRC="bgbl1_2025_j02920_0060.jpg" Type="jpg" Units="" Width="67" alt="Chemische Verbindung Thienyl-"/></entry></row><row><entry VJ="1" align="center" colname="col1" colsep="0">Phenyl-</entry><entry VJ="1" align="center" colname="col2" colsep="0">Furanyl-</entry><entry VJ="1" align="center" colname="col3" colsep="0">Pyrrolyl-</entry><entry VJ="1" align="center" colname="col4">Thienyl-</entry></row></tbody></tgroup></table><table frame="none" pgwide="1" tocentry="%yes;"><tgroup align="left" char="" charoff="50" cols="3"><colspec colname="col1" colwidth="52*"/><colspec colname="col2" colwidth="52*"/><colspec colname="col3" colwidth="52*"/><tbody valign="top"><row><entry VJ="1" align="center" colname="col1" colsep="0" rowsep="0"><IMG Align="center" Height="91" Pos="inline" SRC="bgbl1_2025_j02920_0070.jpg" Type="jpg" Units="" Width="68" alt="Chemische Verbindung Pyridyl-"/></entry><entry VJ="1" align="center" colname="col2" colsep="0" rowsep="0"><IMG Align="center" Height="80" Pos="inline" SRC="bgbl1_2025_j02920_0080.jpg" Type="jpg" Units="" Width="81" alt="Chemische Verbindung Cyclopentyl-"/></entry><entry VJ="1" align="center" colname="col3" rowsep="0"><IMG Align="center" Height="81" Pos="inline" SRC="bgbl1_2025_j02920_0090.jpg" Type="jpg" Units="" Width="68" alt="Chemische Verbindung Cyclohexyl-"/></entry></row><row><entry VJ="1" align="center" colname="col1" colsep="0">Pyridyl-</entry><entry VJ="1" align="center" colname="col2" colsep="0">Cyclopentyl-</entry><entry VJ="1" align="center" colname="col3">Cyclohexyl-</entry></row></tbody></tgroup></table></LA><LA Size="normal">Darüber hinaus kann das Strukturelement A aus den folgenden bizyklischen oder trizyklischen Systemen bestehen, wobei sich das Strukturelement B an jeder Position des bizyklischen oder trizyklischen Systems befinden kann: <table frame="none" pgwide="1" tocentry="%yes;"><tgroup align="left" char="" charoff="50" cols="1"><colspec colname="col1" colwidth="156*"/><tbody valign="top"><row><entry VJ="1" align="center" colname="col1"><IMG Align="center" Height="134" Pos="inline" SRC="bgbl1_2025_j02920_0100.jpg" Type="jpg" Units="" Width="637" alt="Chemische Verbindung bi- und trizyklisches System"/></entry></row></tbody></tgroup></table></LA><LA Size="normal">Die anellierten Ringe R<SUB>m</SUB> und R<SUB>p</SUB> können aus gesättigten, ungesättigten oder aromatischen Ringstrukturen mit vier bis acht Ringatomen (inkl. der zwei Kohlenstoffatome des Rings Z) bestehen. Diese Ringe R<SUB>m</SUB> und R<SUB>p</SUB> können neben Kohlenstoff jeweils maximal zwei Atome aus den Elementen Sauerstoff, Stickstoff und Schwefel in beliebiger Kombination im Ring aufweisen. Das Heteroatom/die Heteroatome in den Ringen R<SUB>m</SUB> und R<SUB>p</SUB> dürfen ausschließlich direkt an den Ring Z angebunden sein. Eine mögliche freie Valenz eines Stickstoffatoms in den Ringen R<SUB>m</SUB> und R<SUB>p</SUB> kann ein Wasserstoffatom oder einen Methyl- oder Ethylrest tragen.</LA><LA Size="normal">Die Kohlenstoffatome der genannten Ringsysteme des Strukturelements A können an jeder Position mit folgenden Atomen oder Atomgruppen (R<SUB>n</SUB>) substituiert sein:</LA><LA Size="normal">Wasserstoff, Fluor, Chlor, Brom, Iod, Alkyl- (bis C<SUB>8</SUB>), Alkenyl- (bis C<SUB>8</SUB>), Alkinyl- (bis C<SUB>8</SUB>), Alkoxy- (bis C<SUB>7</SUB>), Carboxy-, Alkylsulfanyl- (bis C<SUB>7</SUB>) und Nitrogruppen.</LA><LA Size="normal">Die aufgeführten Atomgruppen können weiterhin mit beliebigen, chemisch möglichen Kombinationen der Elemente Kohlenstoff, Wasserstoff, Stickstoff, Sauerstoff, Schwefel, Fluor, Chlor, Brom und Iod substituiert sein. Die auf diese Weise entstehenden Substituenten dürfen dabei eine durchgehende Kettenlänge von maximal acht Atomen aufweisen (ohne Mitzählung von Wasserstoffatomen). Atome von Ringstrukturen werden dabei nicht in die Zählung einbezogen.</LA><LA Size="normal">Moleküle, bei denen durch R<SUB>n</SUB> zyklische Systeme entstehen, die an das Strukturelement A anelliert sind, werden von der Stoffgruppendefinition nicht erfasst.</LA></DD><DT><B>1.2</B></DT><DD Font="normal"><LA Size="normal"><B>Strukturelement B</B></LA><LA Size="normal">Die 2-Aminoethyl-Seitenkette des Strukturelements B kann mit folgenden Atomen, Atomgruppen oder Ringsystemen substituiert sein: <DL Font="normal" Type="alpha"><DT>a)</DT><DD Font="normal"><LA Size="normal">R<SUB>1</SUB> und R<SUB>2</SUB> am Stickstoffatom:</LA><LA Size="normal">Wasserstoff, Alkyl- (bis C<SUB>6</SUB>), Cycloalkyl- (Ringgröße bis C<SUB>6</SUB>), Benzyl-, Alkenyl- (bis C<SUB>6</SUB>), Alkinyl- (bis C<SUB>6</SUB>), Alkylcarbonyl- (bis C<SUB>6</SUB>), Alkyloxycarbonyl- (Alkylrest bis C<SUB>6</SUB>), Alkylthiocarbonyl- (Alkylrest bis C<SUB>6</SUB>), Alkylcarbamoyl- (Alkylrest bis C<SUB>6</SUB>), Arylcarbonyl- (Arylrest bis C<SUB>10</SUB>), Hydroxy- und Aminogruppen. Ferner sind Stoffe eingeschlossen, bei denen das Stickstoffatom Bestandteil eines nichtaromatischen gesättigten oder ungesättigten zyklischen Systems ist (beispielsweise Pyrrolidinyl-, Piperidinyl-Ringe). Ein Ringschluss des Stickstoffatoms unter Einbeziehung von Teilen des Strukturelements B (Reste R<SUB>3</SUB> bis R<SUB>6</SUB>) ist möglich. Die dabei entstehende Molekülstruktur muss hinsichtlich der Substituenten auch ohne den erfolgten Ringschluss zum Strukturelement B konform zu Nummer 1.2 Buchstabe a sein. Die dabei entstehenden Ringsysteme können die Elemente Kohlenstoff, Sauerstoff, Schwefel, Stickstoff und Wasserstoff enthalten. Diese Ringsysteme dürfen fünf bis sieben Atome umfassen. Eine Doppelbindung als Brücke zum Strukturelement B ist möglich. Die Reste R<SUB>1</SUB>/R<SUB>2</SUB> können ausschließlich in dem bei einem Ringschluss mit Teilen des Strukturelements B entstehenden Ringsystem als doppelt gebundener Rest (Iminstruktur) vorliegen.</LA><LA Size="normal">Ausgenommen von den erfassten Stoffen der Stoffgruppe der von 2-Phenethylamin abgeleiteten Verbindungen sind Verbindungen, bei denen das Stickstoffatom direkt in ein zyklisches System integriert ist, das an das Strukturelement A anelliert ist.</LA><LA Size="normal">Die Substituenten R<SUB>1</SUB> und R<SUB>2</SUB> können (bei Ringschlüssen nur nach dem Ringschluss) weiterhin mit beliebigen, chemisch möglichen Kombinationen der Elemente Kohlenstoff, Wasserstoff, Stickstoff, Sauerstoff, Schwefel, Fluor, Chlor, Brom und Iod substituiert sein. Die auf diese Weise entstehenden Substituenten R<SUB>1</SUB>/R<SUB>2</SUB> dürfen dabei eine durchgehende Kettenlänge von maximal zehn Atomen aufweisen (ohne Mitzählung von Wasserstoffatomen). Atome von Ringstrukturen werden dabei nicht in die Zählung einbezogen.</LA></DD><DT>b)</DT><DD Font="normal"><LA Size="normal">R<SUB>3</SUB> und R<SUB>4</SUB> am C<SUB>1</SUB>-Atom sowie R<SUB>5</SUB> und R<SUB>6</SUB> am C<SUB>2</SUB>-Atom:</LA><LA Size="normal">Wasserstoff, Fluor, Chlor, Brom, Iod, Alkyl- (bis C<SUB>10</SUB>), Cycloalkyl- (Ringgröße bis C<SUB>10</SUB>), Benzyl-, Phenyl-, Alkenyl- (bis C<SUB>10</SUB>), Alkinyl- (bis C<SUB>10</SUB>), Hydroxy-, Alkoxy- (bis C<SUB>10</SUB>), Alkylsulfanyl- (bis C<SUB>10</SUB>) und Alkyloxycarbonylgruppen (Alkylrest bis C<SUB>10</SUB>), einschließlich der chemischen Verbindungen, bei denen Substitutionen zu einem Ringschluss mit dem Strukturelement A oder zu Ringsystemen, die die Reste R<SUB>3</SUB> bis R<SUB>6</SUB> enthalten, führen können. Diese Ringsysteme dürfen vier bis sechs Atome umfassen.</LA><LA Size="normal">Die aufgeführten Atomgruppen und Ringsysteme können zudem mit beliebigen, chemisch möglichen Kombinationen der Elemente Kohlenstoff, Wasserstoff, Stickstoff, Sauerstoff, Schwefel, Fluor, Chlor, Brom und Iod substituiert sein. Die auf diese Weise entstehenden Substituenten R<SUB>3</SUB> bis R<SUB>6</SUB> dürfen dabei eine durchgehende Kettenlänge von maximal zwölf Atomen aufweisen (ohne Mitzählung von Wasserstoffatomen). Atome von Ringstrukturen werden dabei nicht in die Zählung einbezogen.</LA><LA Size="normal">Sofern die Reste R<SUB>3</SUB> bis R<SUB>6</SUB> Bestandteil eines Ringsystems sind, das das Stickstoffatom des Strukturelements B enthält, gelten für weitere Substituenten die Beschränkungen gemäß Buchstabe a.</LA></DD><DT>c)</DT><DD Font="normal"><LA Size="normal">Carbonylgruppe in beta-Stellung zum Stickstoffatom (sogenannte beta-keto-Derivate/Cathinone, siehe Abbildung der Cathinon-Grundstruktur unter Nummer 1: R<SUB>5</SUB> und R<SUB>6</SUB> am C<SUB>2</SUB>-Atom: Carbonylgruppe (C=O)).</LA></DD></DL></LA></DD><DT><B>2.</B></DT><DD Font="normal"><LA Size="normal"><B><SP>Cannabimimetika/synthetische Cannabinoide</SP></B></LA></DD><DT><B>2.1</B></DT><DD Font="normal"><LA Size="normal"><B>Von Indol, Indolizin, Pyrrol, Pyrazol und Chinolon abgeleitete Verbindungen</B></LA><LA Size="normal">Ein Cannabimimetikum bzw. ein synthetisches Cannabinoid der von Indol, Indolizin, Pyrrol, Pyrazol oder Chinolon abgeleiteten Verbindungen ist jede chemische Verbindung, die dem nachfolgend anhand eines Strukturbeispiels beschriebenen modularen Aufbau mit einer Kernstruktur entspricht. Die Verbindung ist an einer definierten Position über eine Brücke mit einem Brückenrest verknüpft und trägt an einer definierten Position der Kernstruktur eine Seitenkette.</LA><LA Size="normal">Die Abbildung verdeutlicht den modularen Aufbau am Beispiel des 1-Fluor-JWH-018: <table frame="none" pgwide="1" tocentry="%yes;"><tgroup align="left" char="" charoff="50" cols="1"><colspec colname="col1" colwidth="156*"/><tbody valign="top"><row><entry VJ="1" align="center" colname="col1"><IMG Align="center" Height="276" Pos="inline" SRC="bgbl1_2025_j02920_0110.jpg" Type="jpg" Units="" Width="666" alt="Chemische Verbindung die im Text zuvor erläutert wird."/></entry></row></tbody></tgroup></table></LA><LA Size="normal">1-Fluor-JWH-018 besitzt eine Indol-1,3-diyl-Kernstruktur, eine Carbonyl-Brücke in Position 3, einen 1-Naphthyl-Brückenrest und eine 1-Fluorpentyl-Seitenkette in Position 1.</LA><LA Size="normal">Kernstruktur, Brücke, Brückenrest und Seitenkette werden wie folgt definiert:</LA></DD><DT><B>2.1.1</B></DT><DD Font="normal"><LA Size="normal"><B>Kernstruktur</B></LA><LA Size="normal">Die Kernstruktur schließt die nachfolgend in den Buchstaben a bis l beschriebenen Ringsysteme ein. Die Ringsysteme der Buchstaben a bis j können an den in den nachfolgenden Abbildungen gekennzeichneten Positionen mit einer beliebigen Kombination der Atome Wasserstoff, Fluor, Chlor, Brom, Iod und Phenyl‑, Methyl‑, Trifluormethyl-, Trimethylsilyl-, Methoxy‑, Trifluormethoxy- und Nitrogruppen als Atomgruppen (Reste R<SUB>1</SUB> bis R<SUB>3</SUB>) substituiert sein.</LA><LA Size="normal">Die Wellenlinie gibt den Bindungsort für die Brücke an. Die durchbrochene Linie gibt den Bindungsort für die Seitenkette an: <table frame="none" pgwide="1" tocentry="%yes;"><tgroup align="left" char="" charoff="50" cols="4"><colspec colname="col1" colwidth="4*"/><colspec colname="col2" colwidth="39.5*"/><colspec colname="col3" colwidth="28*"/><colspec colname="col4" colwidth="49*"/><tbody valign="top"><row><entry VJ="1" colname="col1" colsep="0" rowsep="0">a)</entry><entry VJ="1" nameend="col4" namest="col2" rowsep="0">Indol-1,3-diyl (X = CH, C-CH<SUB>3</SUB>, C-F, C-Cl, C-Br und C-I) und Indazol-1,3-diyl (X = N)<BR/> (Bindungsort für die Brücke in Position 3, Bindungsort für die Seitenkette in Position 1)</entry></row><row><entry VJ="1" colname="col1" colsep="0"/><entry VJ="1" colname="col2" colsep="0"><IMG Align="center" Height="149" Pos="inline" SRC="bgbl1_2025_j02920_0120.jpg" Type="jpg" Units="" Width="224" alt="Kernstruktur der chemischen Verbindungen Indol-1,3-diyl beziehungsweise Indazol-1,3-diyl. Die Abbildung wird im Text erläutert."/></entry><entry VJ="1" align="left" nameend="col4" namest="col3"><BR/><BR/> X = CH, C-CH<SUB>3</SUB>, C-F, C-Cl, C-Br, C-I oder N</entry></row></tbody></tgroup></table><table frame="none" pgwide="1" tocentry="%yes;"><tgroup align="left" char="" charoff="50" cols="4"><colspec colname="col1" colwidth="4*"/><colspec colname="col2" colwidth="39.5*"/><colspec colname="col3" colwidth="43*"/><colspec colname="col4" colwidth="64*"/><tbody valign="top"><row><entry VJ="1" colname="col1" colsep="0" rowsep="0">b)</entry><entry VJ="1" align="justify" nameend="col4" namest="col2" rowsep="0">4-, 5-, 6- oder 7-Azaindol-1,3-diyl (X = CH, C-CH<SUB>3</SUB>, C-F, C-Cl, C-Br und C-I) und 4-, 5-, 6- oder <NB>7-Azaindazol-1,3-diyl (X = N)</NB><BR/> (Bindungsort für die Brücke in Position 3, Bindungsort für die Seitenkette in Position 1)</entry></row><row><entry VJ="1" colname="col1" colsep="0" rowsep="0"/><entry VJ="1" align="center" colname="col2" colsep="0" rowsep="0"><IMG Align="center" Height="338" Pos="inline" SRC="bgbl1_2025_j02920_0130.jpg" Type="jpg" Units="" Width="402" alt="Kernstruktur der 4-Aza-Derivate"/></entry><entry VJ="1" align="center" colname="col3" colsep="0" rowsep="0"><IMG Align="center" Height="339" Pos="inline" SRC="bgbl1_2025_j02920_0140.jpg" Type="jpg" Units="" Width="403" alt="Kernstruktur der 5-Aza-Derivate"/></entry><entry VJ="1" colname="col4" morerows="3" valign="middle">jeweils:<BR/> X = CH, C-CH<SUB>3</SUB>, C-F, C-Cl, C-Br, C-I oder N</entry></row><row><entry VJ="1" colname="col1" colsep="0" rowsep="0"/><entry VJ="1" align="center" colname="col2" colsep="0" rowsep="0">4-Aza-Derivate</entry><entry VJ="1" align="center" colname="col3" colsep="0" rowsep="0">5-Aza-Derivate</entry></row><row><entry VJ="1" colname="col1" colsep="0" rowsep="0"/><entry VJ="1" align="center" colname="col2" colsep="0" rowsep="0"><IMG Align="center" Height="362" Pos="inline" SRC="bgbl1_2025_j02920_0150.jpg" Type="jpg" Units="" Width="405" alt="Kernstruktur der 6-Aza-Derivate"/></entry><entry VJ="1" align="center" colname="col3" colsep="0" rowsep="0"><IMG Align="center" Height="293" Pos="inline" SRC="bgbl1_2025_j02920_0160.jpg" Type="jpg" Units="" Width="402" alt="Kernstruktur der 7-Aza-Derivate"/></entry></row><row><entry VJ="1" colname="col1" colsep="0"/><entry VJ="1" align="center" colname="col2" colsep="0">6-Aza-Derivate</entry><entry VJ="1" align="center" colname="col3" colsep="0">7-Aza-Derivate</entry></row></tbody></tgroup></table><table frame="none" pgwide="1" tocentry="%yes;"><tgroup align="left" char="" charoff="50" cols="4"><colspec colname="col1" colwidth="4*"/><colspec colname="col2" colwidth="71.5*"/><colspec colname="col3" colwidth="40*"/><colspec colname="col4" colwidth="40*"/><tbody valign="top"><row><entry VJ="1" colname="col1" colsep="0">c)</entry><entry VJ="1" colname="col2" colsep="0">1<I>H</I>-Indol-2-on-1,3-diyl<BR/> (Bindungsort für die Brücke in Position 3,<BR/> Bindungsort für die Seitenkette in Position 1)</entry><entry VJ="1" align="center" nameend="col4" namest="col3"><IMG Align="center" Height="153" Pos="inline" SRC="bgbl1_2025_j02920_0170.jpg" Type="jpg" Units="" Width="210" alt="Kernstruktur der chemischen Verbindung 1H-Indol-2-on-1,3-diyl"/></entry></row></tbody></tgroup></table><table frame="none" pgwide="1" tocentry="%yes;"><tgroup align="left" char="" charoff="50" cols="4"><colspec colname="col1" colwidth="4*"/><colspec colname="col2" colwidth="71.5*"/><colspec colname="col3" colwidth="40*"/><colspec colname="col4" colwidth="40*"/><tbody valign="top"><row><entry VJ="1" colname="col1" colsep="0">d)</entry><entry VJ="1" colname="col2" colsep="0">Carbazol-1,4-diyl<BR/> (Bindungsort für die Brücke in Position 4,<BR/> Bindungsort für die Seitenkette in Position 1)</entry><entry VJ="1" align="center" nameend="col4" namest="col3"><BR/><IMG Align="center" Height="374" Pos="inline" SRC="bgbl1_2025_j02920_0180.jpg" Type="jpg" Units="" Width="605" alt="Kernstruktur der chemischen Verbindung Carbazol-1,4-diyl die im Text zuvor erläutert wird."/></entry></row></tbody></tgroup></table><table frame="none" pgwide="1" tocentry="%yes;"><tgroup align="left" char="" charoff="50" cols="4"><colspec colname="col1" colwidth="4*"/><colspec colname="col2" colwidth="71.5*"/><colspec colname="col3" colwidth="40*"/><colspec colname="col4" colwidth="40*"/><tbody valign="top"><row><entry VJ="1" colname="col1" colsep="0" rowsep="0">e)</entry><entry VJ="1" colname="col2" colsep="0" rowsep="0">Benzimidazol-1,2-diyl-Isomer I<BR/> (Bindungsort für die Brücke in Position 2,<BR/> Bindungsort für die Seitenkette in Position 1)</entry><entry VJ="1" align="center" nameend="col4" namest="col3" rowsep="0"><IMG Align="center" Height="300" Pos="inline" SRC="bgbl1_2025_j02920_0190.jpg" Type="jpg" Units="" Width="470" alt="Kernstruktur der chemischen Verbindung Benzimidazol-1,2-diyl-Isomer I die im Text zuvor erläutert wird."/></entry></row><row><entry VJ="1" colname="col1" colsep="0" rowsep="0"/><entry VJ="1" colname="col2" colsep="0" rowsep="0">und</entry><entry VJ="1" align="center" colname="col3" colsep="0" rowsep="0"/><entry VJ="1" align="center" colname="col4" rowsep="0"/></row><row><entry VJ="1" colname="col1" colsep="0"/><entry VJ="1" colname="col2" colsep="0">Benzimidazol-1,2-diyl-Isomer II<BR/> (Bindungsort für die Brücke in Position 1,<BR/> Bindungsort für die Seitenkette in Position 2)</entry><entry VJ="1" align="center" nameend="col4" namest="col3"><IMG Align="center" Height="297" Pos="inline" SRC="bgbl1_2025_j02920_0200.jpg" Type="jpg" Units="" Width="469" alt="Kernstruktur der chemischen Verbindung Benzimidazol-1,2-diyl-Isomer II die im Text zuvor erläutert wird."/></entry></row></tbody></tgroup></table><table frame="none" pgwide="1" tocentry="%yes;"><tgroup align="left" char="" charoff="50" cols="4"><colspec colname="col1" colwidth="4*"/><colspec colname="col2" colwidth="71.5*"/><colspec colname="col3" colwidth="40*"/><colspec colname="col4" colwidth="40*"/><tbody valign="top"><row><entry VJ="1" colname="col1" colsep="0">f)</entry><entry VJ="1" colname="col2" colsep="0">Indolizin-1,3-diyl<BR/> (Bindungsort für die Brücke in Position 1,<BR/> Bindungsort für die Seitenkette in Position 3)</entry><entry VJ="1" align="center" nameend="col4" namest="col3"><IMG Align="center" Height="134" Pos="inline" SRC="bgbl1_2025_j02920_0210.jpg" Type="jpg" Units="" Width="148" alt="Kernstruktur der chemischen Verbindung Indolizin-1,3-diyl"/></entry></row></tbody></tgroup></table><table frame="none" pgwide="1" tocentry="%yes;"><tgroup align="left" char="" charoff="50" cols="4"><colspec colname="col1" colwidth="4*"/><colspec colname="col2" colwidth="39.5*"/><colspec colname="col3" colwidth="43*"/><colspec colname="col4" colwidth="64*"/><tbody valign="top"><row><entry VJ="1" colname="col1" colsep="0" rowsep="0">g)</entry><entry VJ="1" align="justify" nameend="col4" namest="col2" rowsep="0">6-, 7-, 8-Azaindolizin-1,3-diyl<BR/> (Bindungsort für die Brücke in Position 1,<BR/> Bindungsort für die Seitenkette in Position 3)</entry></row><row><entry VJ="1" colname="col1" colsep="0"/><entry VJ="1" align="left" nameend="col4" namest="col2"><IMG Align="center" Height="211" Pos="inline" SRC="bgbl1_2025_j02920_0220.jpg" Type="jpg" Units="" Width="848" alt="Kernstruktur der chemischen Verbindung 6-, 7-, 8-Azaindolizin-1,3-diyl"/></entry></row></tbody></tgroup></table><table frame="none" pgwide="1" tocentry="%yes;"><tgroup align="left" char="" charoff="50" cols="4"><colspec colname="col1" colwidth="4*"/><colspec colname="col2" colwidth="71.5*"/><colspec colname="col3" colwidth="40*"/><colspec colname="col4" colwidth="40*"/><tbody valign="top"><row><entry VJ="1" colname="col1" colsep="0">h)</entry><entry VJ="1" colname="col2" colsep="0">2-Chinolon-1,3-diyl<BR/> (Bindungsort für die Brücke in Position 3,<BR/> Bindungsort für die Seitenkette in Position 1)</entry><entry VJ="1" align="center" nameend="col4" namest="col3"><IMG Align="center" Height="125" Pos="inline" SRC="bgbl1_2025_j02920_0230.jpg" Type="jpg" Units="" Width="166" alt="Kernstruktur der chemischen Verbindung 2-Chinolon-1,3-diyl"/></entry></row></tbody></tgroup></table><table frame="none" pgwide="1" tocentry="%yes;"><tgroup align="left" char="" charoff="50" cols="4"><colspec colname="col1" colwidth="4*"/><colspec colname="col2" colwidth="39.5*"/><colspec colname="col3" colwidth="43*"/><colspec colname="col4" colwidth="64*"/><tbody valign="top"><row><entry VJ="1" colname="col1" colsep="0" rowsep="0">i)</entry><entry VJ="1" align="justify" nameend="col4" namest="col2" rowsep="0">5-,6-,7-,8-Aza-2-chinolon-1,3-diyl<BR/> (Bindungsort für die Brücke in Position 3,<BR/> Bindungsort für die Seitenkette in Position 1)</entry></row><row><entry VJ="1" colname="col1" colsep="0"/><entry VJ="1" align="left" nameend="col4" namest="col2"><IMG Align="center" Height="424" Pos="inline" SRC="bgbl1_2025_j02920_0240.jpg" Type="jpg" Units="" Width="576" alt="Kernstruktur der chemischen Verbindung 5-,6-,7-,8-Aza-2-chinolon-1,3-diyl"/></entry></row></tbody></tgroup></table><table frame="none" pgwide="1" tocentry="%yes;"><tgroup align="left" char="" charoff="50" cols="4"><colspec colname="col1" colwidth="4*"/><colspec colname="col2" colwidth="71.5*"/><colspec colname="col3" colwidth="40*"/><colspec colname="col4" colwidth="40*"/><tbody valign="top"><row><entry VJ="1" colname="col1" colsep="0" rowsep="0">j)</entry><entry VJ="1" colname="col2" colsep="0" rowsep="0">3-Phenylpyrazol-1,5-diyl<BR/> (Bindungsort für die Brücke in Position 5,<BR/> Bindungsort für die Seitenkette in Position 1)</entry><entry VJ="1" align="center" morerows="2" nameend="col4" namest="col3"><IMG Align="center" Height="315" Pos="inline" SRC="bgbl1_2025_j02920_0250.jpg" Type="jpg" Units="" Width="428" alt="Kernstruktur der chemischen Verbindung 3-Phenylpyrazol-1,5-diyl und 5-Phenylpyrazol-1,3-diyl"/></entry></row><row><entry VJ="1" colname="col1" colsep="0" rowsep="0"/><entry VJ="1" colname="col2" colsep="0" rowsep="0">und</entry></row><row><entry VJ="1" colname="col1" colsep="0"/><entry VJ="1" colname="col2" colsep="0">5-Phenylpyrazol-1,3-diyl<BR/> (Bindungsort für die Brücke in Position 3,<BR/> Bindungsort für die Seitenkette in Position 1)</entry></row></tbody></tgroup></table><table frame="none" pgwide="1" tocentry="%yes;"><tgroup align="left" char="" charoff="50" cols="4"><colspec colname="col1" colwidth="4*"/><colspec colname="col2" colwidth="39.5*"/><colspec colname="col3" colwidth="43*"/><colspec colname="col4" colwidth="64*"/><tbody valign="top"><row><entry VJ="1" colname="col1" colsep="0" rowsep="0">k)</entry><entry VJ="1" align="justify" nameend="col4" namest="col2" rowsep="0">Zusätzlich zu den unter den Buchstaben a und b genannten Kernstrukturen werden auch folgende vom Pyrrol und Pyrazol abgeleitete Kernstrukturen erfasst:</entry></row><row><entry VJ="1" colname="col1" colsep="0" rowsep="0"/><entry VJ="1" align="justify" nameend="col4" namest="col2" rowsep="0">Pyrrol-1,3-diyl (X = CH, C-CH<SUB>3</SUB>, C-F, C-Cl, C-Br und C-I) und Pyrazol-1,3-diyl (X = N) mit nichtaromatischer Ringanellierung in 4- und 5-Position<BR/> (Bindungsort für die Brücke in Position 3,<BR/> Bindungsort für die Seitenkette in Position 1)</entry></row><row><entry VJ="1" colname="col1" colsep="0" rowsep="0"/><entry VJ="1" align="justify" colname="col2" colsep="0" rowsep="0"><IMG Align="center" Height="199" Pos="inline" SRC="bgbl1_2025_j02920_0260.jpg" Type="jpg" Units="" Width="183" alt="Pyrrol und Pyrazol abgeleitete Kernstrukturen"/></entry><entry VJ="1" align="justify" colname="col3" colsep="0" rowsep="0"/><entry VJ="1" align="justify" colname="col4" rowsep="0"><BR/><BR/><BR/><BR/> X = CH, C-CH<SUB>3</SUB>, C-F, C-Cl, C-Br, C-I oder N</entry></row><row><entry VJ="1" colname="col1" colsep="0"/><entry VJ="1" align="justify" nameend="col4" namest="col2">Der anellierte Rest R<SUB>n</SUB> kann in dieser Untergruppe aus gesättigten oder ungesättigten, nicht jedoch aromatischen Mono- und Polyzyklen bestehen. Aromatisch anellierte Pyrrole und Pyrazole werden durch die unter den Buchstaben a und b genannten Kernstrukturen erfasst. Monozyklen können drei bis acht Ringatome (inklusive der beiden anellierten C-Atome an der Kernstruktur) aufweisen. Bei den Polyzyklen darf jeder Ring drei bis sieben Ringatome (inklusive der beiden anellierten C-Atome an der Kernstruktur) aufweisen. Die Ringatome von Mono- und Polyzyklen können aus den Atomen Kohlenstoff, Sauerstoff und Schwefel bestehen. Das anellierte Ringsystem R<SUB>n</SUB> kann an beliebigen Positionen mit einer beliebigen Kombination folgender Atome und Atomgruppen substituiert sein: Wasserstoff, Fluor, Chlor, Brom, Iod und Phenyl‑, Methyl‑, Trifluormethyl-, Trimethylsilyl-, Methoxy‑, Trifluormethoxy- und Nitrogruppen.</entry></row></tbody></tgroup></table><table frame="none" pgwide="1" tocentry="%yes;"><tgroup align="left" char="" charoff="50" cols="4"><colspec colname="col1" colwidth="4*"/><colspec colname="col2" colwidth="71.5*"/><colspec colname="col3" colwidth="40*"/><colspec colname="col4" colwidth="40*"/><tbody valign="top"><row><entry VJ="1" colname="col1" colsep="0" rowsep="0">l)</entry><entry VJ="1" colname="col2" colsep="0" rowsep="0">4-Chinolon-1,3-diyl<BR/> (Bindungsort für die Brücke in Position 3, <BR/> Bindungsort für die Seitenkette in Position 1)</entry><entry VJ="1" align="center" nameend="col4" namest="col3" rowsep="0"><IMG Align="center" Height="190" Pos="inline" SRC="bgbl1_2025_j02920_0270.jpg" Type="jpg" Units="" Width="256" alt="4-Chinolon-1,3-diyl"/></entry></row><row><entry VJ="1" colname="col1" colsep="0"/><entry VJ="1" nameend="col4" namest="col2">Der Rest R kann aus einem der folgenden Atome oder der folgenden Atomgruppe bestehen: Wasserstoff, Fluor, Chlor, Brom, Iod und Phenylthiogruppe (Anbindung über den Schwefel an die Kernstruktur).</entry></row></tbody></tgroup></table></LA></DD><DT><B>2.1.2</B></DT><DD Font="normal"><LA Size="normal"><B>Brücke an der Kernstruktur</B></LA><LA Size="normal">Die Brücke an der Kernstruktur schließt die folgenden Strukturelemente ein, die jeweils an der unter Nummer 2.1.1 bezeichneten Stelle an die Kernstruktur gebunden sind: <DL Font="normal" Type="alpha"><DT>a)</DT><DD Font="normal"><LA Size="normal">Carbonyl‑, Methylencarbonyl‑ (CH<SUB>2</SUB>-Gruppe an Kernstruktur geknüpft) und Azacarbonylgruppe,</LA></DD><DT>b)</DT><DD Font="normal"><LA Size="normal">Carboxamidogruppe (Carbonylgruppe an Kernstruktur geknüpft) unter Einschluss von kohlenstoff- und wasserstoffhaltigen Substituenten am Amidstickstoff, die mit Position 2 der Indolkernstruktur (Nummer 2.1.1 Buchstabe a: X = CH) einen Sechsring bilden, und Methylencarboxamidogruppe (CH<SUB>2</SUB>-Gruppe an Kernstruktur geknüpft),</LA></DD><DT>c)</DT><DD Font="normal"><LA Size="normal">Carboxyl- (Carbonylgruppe an Kernstruktur geknüpft) und Methylencarboxylgruppe (CH<SUB>2</SUB>-Gruppe an Kernstruktur geknüpft),</LA></DD><DT>d)</DT><DD Font="normal"><LA Size="normal">direkt an die Kernstruktur angebundene Stickstoffheterocyclen, die auch weitere Stickstoff-, Sauerstoff- oder Schwefelatome enthalten können, mit einer Ringgröße von bis zu fünf Atomen sowie einer Doppelbindung zum Stickstoffatom an der Anknüpfungsstelle,</LA></DD><DT>e)</DT><DD Font="normal"><LA Size="normal">Hydrazongruppe mit Doppelbindung vom Stickstoff zu Position 3 der Kernstruktur zu Nummer 2.1.1 Buchstabe c,</LA></DD><DT>f)</DT><DD Font="normal"><LA Size="normal">Oxaspirocycloalkylgruppen mit einem Sauerstoffatom benachbart zum Spirozentrum, die eine Ringgröße des Oxaspirocycloalkylrings bis zu sechs Atome insgesamt nicht übersteigen (x = 1 – 4).<table frame="none" pgwide="1" tocentry="%yes;"><tgroup align="left" char="" charoff="50" cols="1"><colspec colname="col1" colwidth="156*"/><tbody valign="top"><row><entry VJ="1" align="center" colname="col1"><IMG Align="center" Height="120" Pos="inline" SRC="bgbl1_2025_j02920_0280.jpg" Type="jpg" Units="" Width="148" alt="Oxaspirocycloalkylgruppen"/></entry></row></tbody></tgroup></table></LA></DD></DL></LA></DD><DT><B>2.1.3</B></DT><DD Font="normal"><LA Size="normal"><B>Brückenrest</B><DL Font="normal" Type="alpha"><DT>a)</DT><DD Font="normal"><LA Size="normal">Der Brückenrest kann Kombinationen der Atome Kohlenstoff, Wasserstoff, Stickstoff, Sauerstoff, Silizium, Schwefel, Fluor, Chlor, Brom und Iod enthalten, die eine maximale Molekülmasse von 400 u haben und folgende Strukturelemente beinhalten können: <DL Font="normal" Type="a-alpha"><DT>aa)</DT><DD Font="normal"><LA Size="normal">beliebig substituierte gesättigte, ungesättigte oder aromatische Ringstrukturen einschließlich Polyzyklen und Heterozyklen, wobei eine Anbindung an die Brücke auch über einen Substituenten möglich ist,</LA></DD><DT>bb)</DT><DD Font="normal"><LA Size="normal">beliebig substituierte Kettenstrukturen mit mindestens einem Kohlenstoffatom, die unter Einbeziehung der Heteroatome eine durchgehende Kettenlänge von maximal zwölf Atomen (ohne Mitzählung von Wasserstoffatomen) aufweisen.</LA></DD></DL></LA></DD><DT>b)</DT><DD Font="normal"><LA Size="normal">Brücken mit der Möglichkeit der Anbindung von mehreren Brückenresten, beispielsweise Brücken zu Nummer 2.1.2 Buchstabe b, d oder Buchstabe e, können auch mehrere Brückenreste gemäß den Definitionen zu Nummer 2.1.3 Buchstabe a Doppelbuchstabe aa und zu Nummer 2.1.3 Buchstabe a Doppelbuchstabe bb tragen. Die Molekülmassenbeschränkung von insgesamt 400 u gilt dann für die Summe der Brückenreste.</LA></DD></DL></LA></DD><DT><B>2.1.4</B></DT><DD Font="normal"><LA Size="normal"><B>Seitenkette</B></LA><LA Size="normal">Die Seitenkette kann beliebige Kombinationen der Atome Kohlenstoff, Wasserstoff, Stickstoff, Sauerstoff, Schwefel, Silizium, Fluor, Chlor, Brom und Iod aufweisen, soweit sie nicht gemäß den Buchstaben a und b eingeschränkt werden. Die Seitenkette darf eine maximale Molekülmasse von 300 u aufweisen und muss jeweils an der unter Nummer 2.1.1 bezeichneten Stelle der Kernstruktur angebunden sein. Die Seitenkette kann folgende Strukturelemente aufweisen: <DL Font="normal" Type="alpha"><DT>a)</DT><DD Font="normal"><LA Size="normal">beliebig substituierte Kettenstrukturen mit mindestens einem Kohlenstoffatom, die innerhalb der Kette neben weiteren Kohlenstoffatomen ausschließlich auch Sauerstoff‑, Schwefel- und Siliziumatome aufweisen können und unter Einbeziehung der Heteroatome eine durchgehende Kettenlänge von drei bis maximal zehn Atomen (ohne Mitzählung von Wasserstoffatomen) aufweisen,</LA></DD><DT>b)</DT><DD Font="normal"><LA Size="normal">direkt angebundene oder über eine Kohlenwasserstoffbrücke (gesättigt oder einfach ungesättigt, verzweigt oder nicht verzweigt, in Position 2 optional oxo-substituiert) mit insgesamt ein bis vier Kohlenstoffatomen gekoppelte, beliebig substituierte gesättigte, ungesättigte oder aromatische Ringstrukturen mit drei bis sieben Ringatomen einschließlich Polyzyklen und Heterozyklen. Bei den Polyzyklen darf jeder Ring drei bis sieben Ringatome aufweisen. Heterozyklen dürfen neben Kohlenstoff die Atome Sauerstoff, Stickstoff und Schwefel im Ring aufweisen. Eine mögliche freie Valenz eines Stickstoffatoms im Ring kann ein Wasserstoffatom oder einen Methyl- oder Ethylrest tragen.</LA></DD></DL></LA></DD><DT><B>2.2</B></DT><DD Font="normal"><LA Size="normal"><B>Von 3-Sulfonylamidobenzoesäure abgeleitete Verbindungen</B></LA><LA Size="normal">Zu dieser eigenständigen Gruppe der Cannabimimetika/synthetischen Cannabinoide, die nicht nach dem unter Nummer 2.1 beschriebenen modularen Aufbau zusammengesetzt ist, gehören die Stoffe, die eine der beiden unter Nummer 2.2.1 beschriebenen Kernstrukturen besitzen, mit den unter Nummer 2.2.2 beschriebenen Substituenten besetzt sein können und eine maximale Molekülmasse von 500 u haben.</LA></DD><DT><B>2.2.1</B></DT><DD Font="normal"><LA Size="normal"><B>Kernstruktur</B></LA><LA Size="normal">Die Kernstruktur schließt die nachfolgend in den Buchstaben a und b beschriebenen Moleküle ein. Diese können an den in den nachfolgenden Abbildungen gekennzeichneten Positionen mit den unter Nummer 2.2.2 genannten Atomen und Atomgruppen (Reste R<SUB>1</SUB> bis R<SUB>4</SUB>) substituiert sein: <table frame="none" pgwide="1" tocentry="%yes;"><tgroup align="left" char="" charoff="50" cols="4"><colspec colname="col1" colwidth="4*"/><colspec colname="col2" colwidth="41.5*"/><colspec colname="col3" colwidth="55*"/><colspec colname="col4" colwidth="55*"/><tbody valign="top"><row><entry VJ="1" colname="col1" colsep="0">a)</entry><entry VJ="1" colname="col2" colsep="0">3-Sulfonylamidobenzoate</entry><entry VJ="1" align="center" nameend="col4" namest="col3"><IMG Align="center" Height="243" Pos="inline" SRC="bgbl1_2025_j02920_0290.jpg" Type="jpg" Units="" Width="224" alt="Chemische Verbindung 3-Sulfonylamidobenzoate"/></entry></row></tbody></tgroup></table><table frame="none" pgwide="1" tocentry="%yes;"><tgroup align="left" char="" charoff="50" cols="4"><colspec colname="col1" colwidth="4*"/><colspec colname="col2" colwidth="41.5*"/><colspec colname="col3" colwidth="55*"/><colspec colname="col4" colwidth="55*"/><tbody valign="top"><row><entry VJ="1" colname="col1" colsep="0">b)</entry><entry VJ="1" colname="col2" colsep="0">3-Sulfonylamidobenzamide</entry><entry VJ="1" align="center" nameend="col4" namest="col3"><IMG Align="center" Height="241" Pos="inline" SRC="bgbl1_2025_j02920_0300.jpg" Type="jpg" Units="" Width="219" alt="Chemische Verbindung 3-Sulfonylamidobenzamide"/></entry></row></tbody></tgroup></table></LA></DD><DT><B>2.2.2</B></DT><DD Font="normal"><LA Size="normal"><B>Reste R<SUB>1</SUB></B><B>, R</B><B><SUB>2</SUB></B><B>, R</B><B><SUB>3</SUB></B><B>und R</B><B><SUB>4</SUB></B><DL Font="normal" Type="alpha"><DT>a)</DT><DD Font="normal"><LA Size="normal">Der Rest R<SUB>1</SUB> kann aus einem der folgenden Atome oder einer der folgenden Atomgruppen bestehen: Wasserstoff, Fluor, Chlor, Brom, Iod, Methyl-, Ethyl- und Methoxygruppe.</LA></DD><DT>b)</DT><DD Font="normal"><LA Size="normal">Der Rest R<SUB>2</SUB> kann aus einem der folgenden Ringsysteme bestehen: Phenyl-, Pyridyl-, Cumyl-,<NB>8-Chinolinyl-,</NB> 3-Isochinolinyl-, 1-Naphthyl- und Adamantylrest. Diese Ringsysteme können weiterhin mit beliebigen Kombinationen der folgenden Atome oder Atomgruppen substituiert sein: Wasserstoff, Fluor, Chlor, Brom, Iod, Methoxy-, Amino-, Hydroxy-, Cyano-, Methyl- und Phenoxygruppen.</LA></DD><DT>c)</DT><DD Font="normal"><LA Size="normal">Die Reste R<SUB>3</SUB> und R<SUB>4</SUB> können aus Wasserstoffatomen, Methyl-, Ethyl-, Propyl- und Isopropylgruppen in beliebiger Kombination bestehen. Die Reste R<SUB>3</SUB> und R<SUB>4</SUB> können auch ein gesättigtes Ringsystem bis zu einer Größe von sieben Atomen einschließlich des Stickstoffatoms bilden. Dieses Ringsystem kann die weiteren Elemente Stickstoff, Sauerstoff und Schwefel enthalten und eine beliebige Kombination der Elemente Wasserstoff, Fluor, Chlor, Brom und Iod tragen. Für die Substitution des Stickstoffatoms in einem solchen Ring gelten die für die Reste R<SUB>3</SUB> und R<SUB>4</SUB> in Satz 1 von Buchstabe c angegebenen Substitutionsmöglichkeiten.</LA></DD></DL></LA></DD><DT><B>2.3</B></DT><DD Font="normal"><LA Size="normal"><B>Von 6<I>H</I>-Benzo(c)chromen-1-ol (6<I>H</I>-Dibenzo(b,d)pyran-1-ol) abgeleitete Verbindungen</B></LA><LA Size="normal">Zu dieser eigenständigen Gruppe der Cannabimimetika/synthetischen Cannabinoide, die nicht nach dem unter den Nummern 2.1 und 2.2 beschriebenen modularen Aufbau zusammengesetzt sind, gehören die Stoffe, die eine unter Nummer 2.3.1 beschriebene Kernstruktur besitzen, mit den unter Nummer 2.3.2 beschriebenen Substituenten besetzt sein können und eine maximale Molekülmasse von 600 u haben.</LA></DD><DT><B>2.3.1</B></DT><DD Font="normal"><LA Size="normal"><B>Kernstruktur</B></LA><LA Size="normal">Die Kernstruktur schließt folgende von 6<I>H</I>-Benzo(c)chromen-1-ol (6<I>H</I>-Dibenzo(b,d)pyran-1-ol) abgeleiteten Verbindungen ein unabhängig vom Hydrierungsgrad des aromatischen Ringes A und der Position der dabei gegebenenfalls darin verbleibenden Doppelbindungen. Die Verbindungen können an den gekennzeichneten Positionen mit den unter Nummer 2.3.2 genannten Atomen und Atomgruppen (Reste R<SUB>1</SUB> bis R<SUB>5</SUB> und R<SUB>n</SUB>) substituiert sein: <table frame="none" pgwide="1" tocentry="%yes;"><tgroup align="left" char="" charoff="50" cols="1"><colspec colname="col1" colwidth="156*"/><tbody valign="top"><row><entry VJ="1" align="center" colname="col1"><IMG Align="center" Height="169" Pos="inline" SRC="bgbl1_2025_j02920_0310.jpg" Type="jpg" Units="" Width="292" alt="Chemische Verbindung die im Text zuvor erläutert wird."/></entry></row></tbody></tgroup></table></LA></DD><DT><B>2.3.2</B></DT><DD Font="normal"><LA Size="normal"><B>Reste R</B><B><SUB>1</SUB></B><B>, R</B><B><SUB>2</SUB></B><B>, R</B><B><SUB>3</SUB></B><B>, R</B><B><SUB>4</SUB></B><B>, R</B><B><SUB>5</SUB></B><B>und R</B><B><SUB>n</SUB></B><DL Font="normal" Type="alpha"><DT>a)</DT><DD Font="normal"><LA Size="normal">Der Ring A kann an jeder Position mit beliebigen Kombinationen folgender Atome und Atomgruppen (R<SUB>n</SUB>) substituiert sein: Wasserstoff, Brom, Chlor, Fluor, Iod, Hydroxy-, Alkylcarbonyloxy- (Alkylrest bis C<SUB>5</SUB>), Alkoxycarbonyloxy- (Alkylrest bis C<SUB>5</SUB>), Alkoxy- (Alkylrest bis C<SUB>5</SUB>), Hydroxymethyl-, Methyl- und Trialkylsilylgruppen (maximal zwölf C-Atome in den Trialkylresten insgesamt) sowie Kohlenstoffketten (gesättigt oder ungesättigt, verzweigt oder nicht verzweigt, bis C<SUB>10</SUB>). Die vorgenannten Atomgruppen, außer den Trialkylsilylgruppen, können mit folgenden Atomen und Atomgruppen substituiert sein: Wasserstoff, Fluor, Chlor, Brom, Iod und Trialkylsilylgruppen (maximal zwölf C-Atome in den Trialkylresten insgesamt).</LA></DD><DT>b)</DT><DD Font="normal"><LA Size="normal">Die Reste R<SUB>1</SUB> und R<SUB>2</SUB> können aus Wasserstoff oder den folgenden Atomgruppen bestehen: Alkyl- (bis C<SUB>5</SUB>) und Trialkylsilylgruppen (maximal zwölf C-Atome in den Trialkylresten insgesamt). Die vorgenannten Atomgruppen außer der Trialkylsilylgruppe können mit folgenden Atomen und Atomgruppen substituiert sein: Wasserstoff, Fluor, Chlor, Brom, Iod und Trialkylsilylgruppen (maximal zwölf C-Atome in den Trialkylresten insgesamt).</LA></DD><DT>c)</DT><DD Font="normal"><LA Size="normal">Der Rest R<SUB>3</SUB> kann aus Wasserstoff oder einer der folgenden Atomgruppen bestehen: Methylgruppe sowie Kohlenstoffkette (gesättigt oder ungesättigt, verzweigt oder nicht verzweigt, bis C<SUB>12</SUB>) und Trialkylsilylgruppe (maximal zwölf C-Atome in den Trialkylresten insgesamt). Die vorgenannten Atomgruppen außer der Trialkylsilylgruppe können mit folgenden Atomen und Atomgruppen substituiert sein: Wasserstoff, Fluor, Chlor, Brom, Iod und Trialkylsilylgruppen (maximal zwölf C-Atome in den Trialkylresten insgesamt).</LA></DD><DT>d)</DT><DD Font="normal"><LA Size="normal">Der Rest R<SUB>4</SUB> kann aus Wasserstoff oder aus einer der folgenden Atomgruppen bestehen: Alkyl- (bis C<SUB>5</SUB>), Alkenyl- (bis C<SUB>5</SUB>), Carboxyl- oder Alkyloxycarbonylgruppe (Alkylrest bis C<SUB>5</SUB>).</LA></DD><DT>e)</DT><DD Font="normal"><LA Size="normal">Der Rest R<SUB>5</SUB> kann aus Wasserstoff oder einer der folgenden Atomgruppen bestehen: Alkyl- (bis C<SUB>7</SUB>), Trialkylsilyl- (maximal zwölf C-Atome in den Trialkylresten insgesamt), Alkyloxycarbonyl- (Alkylrest bis C<SUB>7</SUB>), Alkylcarbonyl- (Alkylrest bis C<SUB>7</SUB>), Cycloalkylcarbonyl- und Cycloalkylmethylcarbonyl- (jeweils mit drei bis sieben Ringatomen einschließlich Polyzyklen), Arylcarbonyl- (mit drei bis sechs Ringatomen einschließlich Polyzyklen und Heterozyklen) und Arylmethylcarbonylgruppe (mit drei bis sechs Ringatomen einschließlich Polyzyklen und Heterozyklen). Bei den Polyzyklen darf jeder Ring jeweils drei bis sieben Ringatome aufweisen. Die vorgenannten Atomgruppen außer der Trialkylsilylgruppe können mit folgenden Atomen und Atomgruppen substituiert sein: Wasserstoff, Fluor, Chlor, Brom, Iod und Trialkylsilylgruppen (maximal zwölf C-Atome in den Trialkylresten insgesamt). Heterozyklen dürfen neben Kohlenstoff die Atome Sauerstoff, Stickstoff und Schwefel im Ring aufweisen. Eine mögliche freie Valenz eines Stickstoffatoms im Ring kann ein Wasserstoffatom oder einen Methyl- oder Ethylrest tragen.</LA></DD></DL></LA></DD><DT><B>3.</B></DT><DD Font="normal"><LA Size="normal"><B><SP>Benzodiazepine</SP></B></LA><LA Size="normal">Die Gruppe der Benzodiazepine umfasst 1,4- und 1,5-Benzodiazepine und ihre Triazolo- und Imidazolo-Derivate (Nummer 3.1.1 Buchstabe a und b), einige speziell substituierte Untergruppen dieser Benzodiazepine (Nummer 3.1.1 Buchstabe c bis g) sowie einige offenkettige Benzodiazepin-Prodrugs (Nummer 3.2.1). Die maximale Molekülmasse beträgt jeweils 600 u.</LA></DD><DT><B>3.1</B></DT><DD Font="normal"><LA Size="normal"><B>Zyklische Vertreter</B></LA></DD><DT><B>3.1.1</B></DT><DD Font="normal"><LA Size="normal"><B>Kernstruktur</B></LA><LA Size="normal">Die Kernstruktur schließt die nachfolgend in den Buchstaben a bis g beschriebenen Ringsysteme ein. Diese Ringsysteme können an den in den nachfolgenden Abbildungen gekennzeichneten Positionen mit den unter Nummer 3.1.2 genannten Atomen oder Atomgruppen (Reste R<SUB>1</SUB> bis R<SUB>8</SUB> und X) substituiert sein: <DL Font="normal" Type="alpha"><DT>a)</DT><DD Font="normal"><LA Size="normal">1,4-Benzodiazepine <table frame="none" pgwide="1" tocentry="%yes;"><tgroup align="left" char="" charoff="50" cols="3"><colspec colname="col1" colwidth="51*"/><colspec colname="col2" colwidth="50*"/><colspec colname="col3" colwidth="50*"/><tbody valign="top"><row><entry VJ="1" align="center" nameend="col3" namest="col1"><IMG Align="center" Height="563" Pos="inline" SRC="bgbl1_2025_j02920_0320.jpg" Type="jpg" Units="" Width="837" alt="Chemische Verbindung 1,4-Benzodiazepine"/></entry></row></tbody></tgroup></table></LA></DD><DT>b)</DT><DD Font="normal"><LA Size="normal">1,5-Benzodiazepine <table frame="none" pgwide="1" tocentry="%yes;"><tgroup align="left" char="" charoff="50" cols="3"><colspec colname="col1" colwidth="51*"/><colspec colname="col2" colwidth="50*"/><colspec colname="col3" colwidth="50*"/><tbody valign="top"><row><entry VJ="1" align="center" nameend="col3" namest="col1"><IMG Align="center" Height="228" Pos="inline" SRC="bgbl1_2025_j02920_0330.jpg" Type="jpg" Units="" Width="800" alt="Chemische Verbindung 1,5-Benzodiazepine"/></entry></row></tbody></tgroup></table></LA></DD><DT>c)</DT><DD Font="normal"><LA Size="normal">Loprazolam-Abkömmlinge <table frame="none" pgwide="1" tocentry="%yes;"><tgroup align="left" char="" charoff="50" cols="3"><colspec colname="col1" colwidth="51*"/><colspec colname="col2" colwidth="50*"/><colspec colname="col3" colwidth="50*"/><tbody valign="top"><row><entry VJ="1" align="center" nameend="col3" namest="col1"><IMG Align="center" Height="268" Pos="inline" SRC="bgbl1_2025_j02920_0340.jpg" Type="jpg" Units="" Width="332" alt="Chemische Verbindung Loprazolam-Abkömmlinge"/></entry></row></tbody></tgroup></table></LA></DD><DT>d)</DT><DD Font="normal"><LA Size="normal">Ketazolam-Abkömmlinge <table frame="none" pgwide="1" tocentry="%yes;"><tgroup align="left" char="" charoff="50" cols="3"><colspec colname="col1" colwidth="51*"/><colspec colname="col2" colwidth="50*"/><colspec colname="col3" colwidth="50*"/><tbody valign="top"><row><entry VJ="1" align="center" nameend="col3" namest="col1"><IMG Align="center" Height="257" Pos="inline" SRC="bgbl1_2025_j02920_0350.jpg" Type="jpg" Units="" Width="707" alt="Chemische Verbindung Ketazolam-Abkömmlinge"/></entry></row></tbody></tgroup></table></LA></DD><DT>e)</DT><DD Font="normal"><LA Size="normal">Oxazolam-Abkömmlinge <table frame="none" pgwide="1" tocentry="%yes;"><tgroup align="left" char="" charoff="50" cols="3"><colspec colname="col1" colwidth="51*"/><colspec colname="col2" colwidth="50*"/><colspec colname="col3" colwidth="50*"/><tbody valign="top"><row><entry VJ="1" align="center" nameend="col3" namest="col1"><IMG Align="center" Height="249" Pos="inline" SRC="bgbl1_2025_j02920_0360.jpg" Type="jpg" Units="" Width="707" alt="Chemische Verbindung Oxazolam-Abkömmlinge"/></entry></row></tbody></tgroup></table></LA></DD><DT>f)</DT><DD Font="normal"><LA Size="normal">Chlordiazepoxid-Abkömmlinge <table frame="none" pgwide="1" tocentry="%yes;"><tgroup align="left" char="" charoff="50" cols="3"><colspec colname="col1" colwidth="51*"/><colspec colname="col2" colwidth="50*"/><colspec colname="col3" colwidth="50*"/><tbody valign="top"><row><entry VJ="1" align="center" nameend="col3" namest="col1"><IMG Align="center" Height="204" Pos="inline" SRC="bgbl1_2025_j02920_0370.jpg" Type="jpg" Units="" Width="703" alt="Chemische Verbindung Chlordiazepoxid-Abkömmlinge"/></entry></row></tbody></tgroup></table></LA></DD><DT>g)</DT><DD Font="normal"><LA Size="normal">Bretazenil-Abkömmlinge <table frame="none" pgwide="1" tocentry="%yes;"><tgroup align="left" char="" charoff="50" cols="3"><colspec colname="col1" colwidth="51*"/><colspec colname="col2" colwidth="50*"/><colspec colname="col3" colwidth="50*"/><tbody valign="top"><row><entry VJ="1" align="center" nameend="col3" namest="col1"><IMG Align="center" Height="244" Pos="inline" SRC="bgbl1_2025_j02920_0380.jpg" Type="jpg" Units="" Width="915" alt="Chemische Verbindung Bretazenil-Abkömmlinge"/></entry></row></tbody></tgroup></table></LA></DD></DL></LA></DD><DT><B>3.1.2</B></DT><DD Font="normal"><LA Size="normal"><B>Reste R</B><B><SUB>1</SUB></B><B>bis R</B><B><SUB>8</SUB></B><B>und X</B><DL Font="normal" Type="alpha"><DT>a)</DT><DD Font="normal"><LA Size="normal">Der Rest R<SUB>1</SUB> schließt eines der folgenden an die Siebenringe der Kernstrukturen anellierten Ringsysteme ein:</LA><LA Size="normal">Phenyl-, Thienyl-, 4,5,6,7-Tetrahydrobenzo[b]thienyl-, Furanyl- und Pyridylring; die Heteroatome im Thienyl-, Furanyl- und Pyridylring können an jeder beliebigen Position außerhalb des Siebenringes der Kernstruktur stehen.</LA><LA Size="normal">Der Rest R<SUB>1</SUB> kann weiterhin mit einem oder mehreren der folgenden Atome oder Atomgruppen in beliebiger Kombination und an beliebigen Positionen außerhalb des Siebenringes substituiert sein: Wasserstoff, Fluor, Chlor, Brom, Iod, Methyl-, Ethyl-, Nitro- und Aminogruppen.</LA></DD><DT>b)</DT><DD Font="normal"><LA Size="normal">Der Rest R<SUB>2</SUB> schließt eines der folgenden Ringsysteme ein:</LA><LA Size="normal">Phenyl-, Pyridyl- (mit Stickstoffatom an beliebiger Position im Pyridylring) und Cyclohexenylring (mit Doppelbindung an beliebiger Position im Cyclohexenylring).</LA><LA Size="normal">Phenyl- und Pyridylring können einen oder mehrere der folgenden Substituenten in beliebiger Kombination und an beliebiger Position tragen: Wasserstoff, Fluor, Chlor, Brom, Iod, Methyl-, Ethyl-, Nitro- und Aminogruppen.</LA></DD><DT>c)</DT><DD Font="normal"><LA Size="normal">Der Rest R<SUB>3</SUB> kann aus Wasserstoff oder einer der folgenden Atomgruppen bestehen:</LA><LA Size="normal">Hydroxy-, Carboxyl-, Ethoxycarbonyl-, (N,N-Dimethyl)carbamoyl-, Succinyloxy-, Alkoxycarbonylalkyl- (Alkoxygruppe bis C<SUB>4</SUB>, Alkylgruppe bis C<SUB>4</SUB>) und Methylgruppe.</LA></DD><DT>d)</DT><DD Font="normal"><LA Size="normal">Der Rest R<SUB>4</SUB> kann aus Wasserstoff oder einer der folgenden Atomgruppen bestehen:</LA><LA Size="normal">Methyl- und Ethylgruppe.</LA></DD><DT>e)</DT><DD Font="normal"><LA Size="normal">Die Reste R<SUB>3</SUB> und R<SUB>4</SUB> können auch gemeinsam eine Carbonylgruppe (C=O) bilden.</LA></DD><DT>f)</DT><DD Font="normal"><LA Size="normal">Der Rest R<SUB>5</SUB> kann aus Wasserstoff oder einer der folgenden Atomgruppen bestehen:</LA><LA Size="normal">Methyl-, Ethyl-, (N,N-Dimethylamino)methyl-, (N,N-Diethylamino)methyl-, (N,N-Dimethylamino)ethyl-,<NB>(N,N-Diethylamino)ethyl-,</NB> (Cyclopropyl)methyl-, (Trifluormethyl)methyl-, Hydrazidomethyl- und Prop-2-in-1-ylgruppe.</LA></DD><DT>g)</DT><DD Font="normal"><LA Size="normal">Der Rest R<SUB>6</SUB> kann aus Wasserstoff oder einer der folgenden Atomgruppen bestehen:</LA><LA Size="normal">Hydroxy- und Methylgruppe.</LA></DD><DT>h)</DT><DD Font="normal"><LA Size="normal">Der Rest R<SUB>7</SUB> kann aus Wasserstoff oder einer der folgenden Atomgruppen bestehen:</LA><LA Size="normal">Methyl- und Ethylgruppe.</LA></DD><DT>i)</DT><DD Font="normal"><LA Size="normal">Die Reste R<SUB>6</SUB> und R<SUB>7</SUB> können bei den 1,5-Benzodiazepinen auch gemeinsam eine Carbonylgruppe (C=O) bilden.</LA></DD><DT>j)</DT><DD Font="normal"><LA Size="normal">Bei den 1,5-Benzodiazepinen kann statt R<SUB>2</SUB> und R<SUB>7</SUB> auch eine mit R<SUB>6</SUB> substituierte Doppelbindung zum 5-Stickstoff-Atom vorliegen.</LA></DD><DT>k)</DT><DD Font="normal"><LA Size="normal">Der Rest R<SUB>8</SUB> kann aus Wasserstoff oder einer Alkyloxycarbonyl- (Alkylrest bis C<SUB>6</SUB>) oder einer N,N-Dimethylcarbamoylgruppe bestehen.</LA></DD><DT>l)</DT><DD Font="normal"><LA Size="normal">Der Rest X schließt eines der folgenden Atome oder eine der folgenden Atomgruppen ein:</LA><LA Size="normal">Sauerstoff, Schwefel, Imino- und N-Methyliminogruppe. Wenn R<SUB>3</SUB>, R<SUB>4</SUB> oder R<SUB>5</SUB> aus Wasserstoff besteht, können als tautomere Formen auch die entsprechenden Enole, Thioenole oder Enamine vorliegen.</LA></DD></DL></LA></DD><DT><B>3.2</B></DT><DD Font="normal"><LA Size="normal"><B>Offenkettige Benzodiazepin-Prodrugs</B></LA><LA Size="normal">Zu dieser eigenständigen Gruppe der Benzodiazepin-Analoga, die nicht nach dem unter Nummer 3.1.1 beschriebenen modularen Aufbau zusammengesetzt sind, gehören die Stoffe, die eine unter Nummer 3.2.1 beschriebene Kernstruktur besitzen und mit den unter Nummer 3.2.2 beschriebenen Substituenten (Reste R<SUB>1</SUB> bis R<SUB>7</SUB> und X) besetzt sein können.</LA></DD><DT><B>3.2.1</B></DT><DD Font="normal"><LA Size="normal"><B>Kernstruktur</B><table frame="none" pgwide="1" tocentry="%yes;"><tgroup align="left" char="" charoff="50" cols="1"><colspec colname="col1" colwidth="156*"/><tbody valign="top"><row><entry VJ="1" align="center" colname="col1"><IMG Align="center" Height="716" Pos="inline" SRC="bgbl1_2025_j02920_0390.jpg" Type="jpg" Units="" Width="777" alt="Offenkettige Benzodiazepin-Prodrugs"/></entry></row></tbody></tgroup></table></LA></DD><DT><B>3.2.2</B></DT><DD Font="normal"><LA Size="normal"><B>Reste R</B><B><SUB>1</SUB></B><B>bis R</B><B><SUB>7</SUB></B><B>und X</B><DL Font="normal" Type="alpha"><DT>a)</DT><DD Font="normal"><LA Size="normal">Der Rest R<SUB>1</SUB> schließt eines der folgenden Ringsysteme ein:</LA><LA Size="normal">Phenyl-, Thienyl-, 4,5,6,7-Tetrahydrobenzo[b]thienyl-, Furanyl- und Pyridylring; die Heteroatome im Thienyl-, Furanyl- und Pyridylring können an jeder beliebigen Position des Restes R<SUB>1</SUB> stehen. Die von R<SUB>1</SUB> ausgehenden Bindungen müssen an benachbarten Positionen der vorgenannten Ringssysteme stehen.</LA><LA Size="normal">Der Rest R<SUB>1</SUB> kann weiterhin mit einem oder mehreren der folgenden Atome oder Atomgruppen in beliebiger Kombination und an beliebigen Positionen substituiert sein: Wasserstoff, Fluor, Chlor, Brom, Iod, Methyl-, Ethyl-, Nitro- und Aminogruppen.</LA></DD><DT>b)</DT><DD Font="normal"><LA Size="normal">Der Rest R<SUB>2</SUB> schließt eines der folgenden Ringsysteme ein:</LA><LA Size="normal">Phenyl-, Pyridyl- (mit Stickstoffatom an beliebiger Position im Pyridylring) und Cyclohexenylring (mit Doppelbindung an beliebiger Position im Cyclohexenylring).</LA><LA Size="normal">Phenyl- und Pyridylring können einen oder mehrere der folgenden Substituenten in beliebiger Kombination und an beliebiger Position tragen: Wasserstoff, Fluor, Chlor, Brom, Iod, Methyl-, Ethyl-, Nitro- und Aminogruppen.</LA></DD><DT>c)</DT><DD Font="normal"><LA Size="normal">Der Rest R<SUB>3</SUB> kann aus Wasserstoff oder einer der folgenden Atomgruppen bestehen:</LA><LA Size="normal">Hydroxy-, Carboxyl-, Ethoxycarbonyl-, (N,N-Dimethyl)carbamoyl-, Succinyloxy-, Alkoxycarbonylalkyl- (Alkoxygruppe bis C<SUB>4</SUB>, Alkylgruppe bis C<SUB>4</SUB>) und Methylgruppe.</LA></DD><DT>d)</DT><DD Font="normal"><LA Size="normal">Der Rest R<SUB>4</SUB> kann aus Wasserstoff oder einer der folgenden Atomgruppen bestehen:</LA><LA Size="normal">Methyl- und Ethylgruppe.</LA></DD><DT>e)</DT><DD Font="normal"><LA Size="normal">Die Reste R<SUB>3</SUB> und R<SUB>4</SUB> können auch gemeinsam eine Carbonylgruppe (C=O) bilden.</LA></DD><DT>f)</DT><DD Font="normal"><LA Size="normal">Der Rest R<SUB>5</SUB> kann aus Wasserstoff oder einer der folgenden Atomgruppen bestehen:</LA><LA Size="normal">Methyl-, Ethyl-, (N,N-Dimethylamino)methyl-, (N,N-Diethylamino)methyl-, (N,N-Dimethylamino)ethyl-,<NB>(N,N-Diethylamino)ethyl-,</NB> (Cyclopropyl)methyl-, (Trifluormethyl)methyl-, Hydrazidomethyl- und Prop-2-in-1-ylgruppe.</LA></DD><DT>g)</DT><DD Font="normal"><LA Size="normal">Der Rest R<SUB>6</SUB> kann aus Wasserstoff oder aus einer Alkylcarbamoyl-Gruppe (Alkylrest bis C<SUB>6</SUB>) bestehen. Weiterhin kann R<SUB>6</SUB> aus einem der folgenden Aminosäure-Reste (Bindung über den C-Terminus) bestehen: Glycin, Alanin und Lysin.</LA></DD><DT>h)</DT><DD Font="normal"><LA Size="normal">Der Rest R<SUB>7</SUB> kann aus Wasserstoff oder einer Alkyloxycarbonyl- (Alkyrest bis C<SUB>6</SUB>) oder einer N,N-Dimethylcarbamoylgruppe bestehen.</LA></DD><DT>i)</DT><DD Font="normal"><LA Size="normal">Der Rest X schließt eines der folgenden Atome oder eine der folgenden Atomgruppen ein:</LA><LA Size="normal">Sauerstoff, Schwefel, Imino- und N-Methyliminogruppe. Wenn R<SUB>3</SUB>, R<SUB>4</SUB> oder R<SUB>5</SUB> aus Wasserstoff besteht, können als tautomere Formen auch die entsprechenden Enole, Thioenole oder Enamine vorliegen.</LA></DD></DL></LA></DD><DT><B>4.</B></DT><DD Font="normal"><LA Size="normal"><B><SP>Von N-(2-Aminocyclohexyl)amid abgeleitete Verbindungen</SP></B></LA><LA Size="normal">Eine von N-(2-Aminocyclohexyl)amid abgeleitete Verbindung ist jede chemische Verbindung, die von der nachfolgend abgebildeten Grundstruktur abgeleitet werden kann, eine maximale Molekülmasse von 500 u hat und mit den nachfolgend beschriebenen Substituenten besetzt sein kann.<table frame="none" pgwide="1" tocentry="%yes;"><tgroup align="left" char="" charoff="50" cols="1"><colspec colname="col1" colwidth="156*"/><tbody valign="top"><row><entry VJ="1" align="center" colname="col1"><IMG Align="center" Height="207" Pos="inline" SRC="bgbl1_2025_j02920_0400.jpg" Type="jpg" Units="" Width="436" alt="Chemische Verbindung die im Text erläutert wird."/></entry></row></tbody></tgroup></table></LA><LA Size="normal">Die Anzahl x der Methylengruppen (-CH<SUB>2</SUB>)<SUB>x</SUB> zwischen dem Phenylring und der Carbonylgruppe in der Kernstruktur kann null oder eins betragen.</LA><LA Size="normal">Die Grundstruktur N-(2-Aminocyclohexyl)amid kann an den in der Abbildung gekennzeichneten Positionen mit einer beliebigen Kombination der folgenden Atome, verzweigten oder nicht verzweigten Atomgruppen oder Ringsystemen (Reste R<SUB>1</SUB> bis R<SUB>6</SUB>) substituiert sein: <DL Font="normal" Type="alpha"><DT>a)</DT><DD Font="normal"><LA Size="normal">R<SUB>1</SUB> und R<SUB>2</SUB>:</LA><LA Size="normal">Wasserstoff und Alkylgruppen (bis C<SUB>7</SUB>).</LA><LA Size="normal">Ferner sind Stoffe eingeschlossen, bei denen das Stickstoffatom Bestandteil eines zyklischen Systems ist (z. B. Pyrrolidinyl-).</LA><LA Size="normal">Der Rest R<SUB>1</SUB> oder R<SUB>2</SUB> kann auch an die Bindungsstelle der NR<SUB>1</SUB>R<SUB>2</SUB>-Gruppe am Sechsring anknüpfen (unter Bildung einer sogenannten Spiroverbindung). Diese stickstoffhaltigen Ringe dürfen eine Ringgröße von drei bis sieben Atomen aufweisen (ein Stickstoffatom und zwei bis sechs Kohlenstoffatome).</LA></DD><DT>b)</DT><DD Font="normal"><LA Size="normal">R<SUB>3</SUB>:</LA><LA Size="normal">Wasserstoff und Oxaspirogruppe (Ringgröße von drei bis acht Atomen einschließlich des Sauerstoffatoms).</LA></DD><DT>c)</DT><DD Font="normal"><LA Size="normal">R<SUB>4</SUB>:</LA><LA Size="normal">Wasserstoff und Alkylgruppe (bis C<SUB>5</SUB>).</LA></DD><DT>d)</DT><DD Font="normal"><LA Size="normal">R<SUB>5</SUB> und R<SUB>6</SUB>:</LA><LA Size="normal">Der Phenylring kann an den Positionen 2, 3, 4, 5 und 6 beliebige Kombinationen folgender Substituenten enthalten: Wasserstoff, Brom, Chlor, Fluor, Iod und Trifluormethylgruppen.</LA><LA Size="normal">Ferner sind Stoffe eingeschlossen, bei denen R<SUB>5</SUB> und R<SUB>6</SUB> gemeinsam an benachbarten C-Atomen ein Ringsystem (bis C<SUB>6</SUB>) unter Einbeziehung von Heteroatomen (Sauerstoff, Schwefel, Stickstoff) bilden. Im Fall eines Stickstoffs in diesem Ringsystem darf dieser die Substituenten Wasserstoff und Methylgruppe tragen.</LA></DD></DL></LA></DD><DT><B>5.</B></DT><DD Font="normal"><LA Size="normal"><B><SP>Von Tryptamin abgeleitete Verbindungen</SP></B></LA></DD><DT><B>5.1</B></DT><DD Font="normal"><LA Size="normal"><B>Indol-3-alkylamine</B></LA><LA Size="normal">Eine von Indol-3-alkylamin abgeleitete Verbindung ist jede chemische Verbindung, die von der nachfolgend abgebildeten Grundstruktur abgeleitet werden kann, eine maximale Molekülmasse von 500 u hat und mit den nachfolgend beschriebenen Substituenten besetzt sein kann. Ausgenommen hiervon sind Tryptamin, die natürlich vorkommenden Neurotransmitter Serotonin und Melatonin sowie deren aktive Metaboliten (z. B.: 6-Hydroxymelatonin).<table frame="none" pgwide="1" tocentry="%yes;"><tgroup align="left" char="" charoff="50" cols="1"><colspec colname="col1" colwidth="156*"/><tbody valign="top"><row><entry VJ="1" align="center" colname="col1"><IMG Align="center" Height="292" Pos="inline" SRC="bgbl1_2025_j02920_0410.jpg" Type="jpg" Units="" Width="331" alt="Chemische Verbindung die im Text erläutert wird."/></entry></row></tbody></tgroup></table></LA><LA Size="normal">Die Grundstruktur Indol-3-alkylamin kann an den in der Abbildung gekennzeichneten Positionen mit den folgenden Atomen, verzweigten oder nicht verzweigten Atomgruppen oder Ringsystemen (Reste R<SUB>1</SUB> bis R<SUB>5</SUB> und R<SUB>n</SUB>) substituiert sein: <DL Font="normal" Type="alpha"><DT>a)</DT><DD Font="normal"><LA Size="normal">R<SUB>1</SUB> und R<SUB>2</SUB>:</LA><LA Size="normal">Wasserstoff, Alkyl- (bis C<SUB>6</SUB>), Cycloalkyl- (Ringgröße bis C<SUB>6</SUB>), Cycloalkylmethyl- (Ringgröße bis C<SUB>6</SUB>), Allyl-, Alkyloxycarbonyl- (Alkylrest bis C<SUB>6</SUB>), Alkylthiocarbonyl- (Alkylrest bis C<SUB>6</SUB>) und Alkylcarbamoylgruppen (Alkylrest bis C<SUB>6</SUB>).</LA><LA Size="normal">Ferner sind Stoffe eingeschlossen, bei denen das Stickstoffatom Bestandteil eines Pyrrolidinyl-, Piperidinyl- oder Morpholinyl-Ringsystems ist.</LA></DD><DT>b)</DT><DD Font="normal"><LA Size="normal">R<SUB>3</SUB>:</LA><LA Size="normal">Wasserstoff und Alkylgruppe (bis C<SUB>3</SUB>).</LA></DD><DT>c)</DT><DD Font="normal"><LA Size="normal">R<SUB>4</SUB>:</LA><LA Size="normal">Wasserstoff und Alkylgruppe (bis C<SUB>2</SUB>).</LA></DD><DT>d)</DT><DD Font="normal"><LA Size="normal">R<SUB>5</SUB>:</LA><LA Size="normal">Wasserstoff, Alkyl- (bis C<SUB>3</SUB>), Alkylcarbonyl- (bis C<SUB>10</SUB>), Cycloalkylcarbonyl- (Ringgröße C<SUB>3</SUB> bis C<SUB>6</SUB>), Cycloalkylmethylcarbonyl- (Ringgröße C<SUB>3</SUB> bis C<SUB>6</SUB>), Cycloalkylethylcarbonyl- (Ringgröße C<SUB>3</SUB> bis C<SUB>6</SUB>), Cycloalkylpropylcarbonyl- (Ringgröße C<SUB>3</SUB> bis C<SUB>6</SUB>), Alkyloxycarbonyl- (Alkylrest bis C<SUB>6</SUB>), Alkylthiocarbonyl- (Alkylrest bis C<SUB>6</SUB>), Alkylcarbamoyl- (Alkylrest bis C<SUB>6</SUB>), Benzylcarbonyl- und (Trialkylsilyl)alkylcarbonylgruppe (Alkylreste bis C<SUB>6</SUB>, maximal zwölf C-Atome in den Trialkylresten insgesamt).</LA></DD><DT>e)</DT><DD Font="normal"><LA Size="normal">R<SUB>n</SUB>:</LA><LA Size="normal">Das Indolringsystem kann an den Positionen 4, 5, 6 und 7 mit folgenden Atomen oder Atomgruppen substituiert sein: Wasserstoff, Fluor, Chlor, Brom, Iod, Alkyl- (bis C<SUB>4</SUB>), Alkyloxy- (bis C<SUB>10</SUB>), Benzyloxy-, Carboxamido-, Methoxy-, Trialkylsilyl- (maximal zwölf C-Atome in den Trialkylresten insgesamt), Trifluormethyl-, Trifluormethoxy-, Acetoxy-, Hydroxy- und Methylthiogruppen, an Position 4 darüber hinaus mit Dihydrogenphosphat.</LA><LA Size="normal">Ferner sind Stoffe eingeschlossen, bei denen durch R<SUB>n</SUB> zwei benachbarte Kohlenstoffatome der Positionen 4, 5, 6 und 7 mit einer Methylendioxygruppe überbrückt werden.</LA></DD></DL></LA></DD><DT><B>5.2</B></DT><DD Font="normal"><LA Size="normal"><B>Δ<SUP>9,10</SUP>-Ergolene</B></LA><LA Size="normal">Eine von Δ<SUP>9,10</SUP>-Ergolen abgeleitete Verbindung ist jede chemische Verbindung, die von der nachfolgend abgebildeten Grundstruktur abgeleitet werden kann, eine maximale Molekülmasse von 600 u hat und mit den nachfolgend beschriebenen Substituenten besetzt sein kann.<table frame="none" pgwide="1" tocentry="%yes;"><tgroup align="left" char="" charoff="50" cols="1"><colspec colname="col1" colwidth="156*"/><tbody valign="top"><row><entry VJ="1" align="center" colname="col1"><IMG Align="center" Height="254" Pos="inline" SRC="bgbl1_2025_j02920_0420.jpg" Type="jpg" Units="" Width="223" alt="Chemische Verbindung die im Text erläutert wird."/></entry></row></tbody></tgroup></table></LA><LA Size="normal">Die Grundstruktur Δ<SUP>9,10</SUP>-Ergolen kann an den in der Abbildung gekennzeichneten Positionen mit den folgenden Atomen, verzweigten oder nicht verzweigten Atomgruppen oder Ringsystemen (Reste R<SUB>1</SUB> bis R<SUB>4</SUB>) substituiert sein: <DL Font="normal" Type="alpha"><DT>a)</DT><DD Font="normal"><LA Size="normal">R<SUB>1</SUB>:</LA><LA Size="normal">Der Rest R<SUB>1</SUB> kann aus beliebigen Kombinationen der Atome Kohlenstoff, Wasserstoff, Stickstoff, Silizium, Sauerstoff, Schwefel, Fluor, Chlor, Brom und Iod bestehen, soweit sie nicht gemäß den Doppelbuchstaben aa und bb eingeschränkt werden. Der Rest R<SUB>1</SUB> darf eine maximale Molekülmasse von 300 u und folgende Strukturelemente aufweisen: <DL Font="normal" Type="a-alpha"><DT>aa)</DT><DD Font="normal"><LA Size="normal">Wasserstoff oder beliebig substituierte Kettenstrukturen mit mindestens einem Kohlenstoffatom, die innerhalb der Kette neben weiteren Kohlenstoffatomen ausschließlich auch Silizium-, Sauerstoff- und Schwefelatome aufweisen können,</LA></DD><DT>bb)</DT><DD Font="normal"><LA Size="normal">direkt angebundene oder über eine Kohlenwasserstoffbrücke (gesättigt oder einfach ungesättigt, verzweigt oder nicht verzweigt mit insgesamt ein bis fünf Kohlenstoffatomen) oder eine Carbonylgruppe oder eine Alkylcarbonylgruppe (Alkylrest bis C<SUB>4</SUB>, Bindung der Carbonylgruppe an den Stickstoff des Ergolens) oder eine Alkyloxycarbonylgruppe (Alkylrest bis C<SUB>4</SUB>, Bindung der Carbonylgruppe an den Stickstoff des Ergolens) oder eine Sulfonylgruppe gekoppelte, beliebig substituierte gesättigte, ungesättigte oder aromatische Ringstrukturen mit drei bis sieben Ringatomen einschließlich Polyzyklen und Heterozyklen. Bei den Polyzyklen darf jeder Ring drei bis sieben Ringatome aufweisen. Heterozyklen dürfen neben Kohlenstoff die Atome Sauerstoff, Stickstoff und Schwefel im Ring aufweisen. Eine mögliche freie Valenz eines Stickstoffatoms im Ring kann ein Wasserstoffatom oder einen Methyl- oder Ethylrest tragen.</LA></DD></DL></LA></DD><DT>b)</DT><DD Font="normal"><LA Size="normal">R<SUB>2</SUB>:</LA><LA Size="normal">Wasserstoff, Alkyl- (bis C<SUB>4</SUB>), Allyl- und Prop-2-in-1-yl-Gruppe.</LA></DD><DT>c)</DT><DD Font="normal"><LA Size="normal">R<SUB>3</SUB> und R<SUB>4</SUB>:</LA><LA Size="normal">Wasserstoff, Alkyl- (bis C<SUB>5</SUB>), Cyclopropyl-, 1-Hydroxyalkyl- (bis C<SUB>2</SUB>) und Allylgruppen.</LA><LA Size="normal">Ferner sind Stoffe eingeschlossen, bei denen das Amid-Stickstoffatom Bestandteil eines Morpholino-, Pyrrolidino- oder Dimethylazetidid-Ringsystems ist.</LA></DD></DL></LA></DD><DT><B>6.</B></DT><DD Font="normal"><LA Size="normal"><B><SP>Von Arylcyclohexyl(methyl)amin abgeleitete Verbindungen</SP></B></LA><LA Size="normal">Eine von Arylcyclohexyl(methyl)amin abgeleitete Verbindung ist jede chemische Verbindung, die von einer der nachfolgend abgebildeten Grundstrukturen abgeleitet werden kann, eine maximale Molekülmasse von 500 u hat und mit den nachfolgend beschriebenen Substituenten besetzt sein kann.<table frame="none" pgwide="1" tocentry="%yes;"><tgroup align="left" char="" charoff="50" cols="2"><colspec colname="col1"/><colspec colname="col2"/><tbody valign="top"><row><entry VJ="1" align="center" colname="col1" colsep="0" rowsep="0"><IMG Align="center" Height="202" Pos="inline" SRC="bgbl1_2025_j02920_0430.jpg" Type="jpg" Units="" Width="177" alt="Chemische Verbindung die im Text erläutert wird."/></entry><entry VJ="1" align="center" colname="col2" rowsep="0"><IMG Align="center" Height="180" Pos="inline" SRC="bgbl1_2025_j02920_0440.jpg" Type="jpg" Units="" Width="278" alt="Chemische Verbindung die im Text erläutert wird."/></entry></row></tbody></tgroup></table></LA><LA Size="normal">Die Grundstrukturen können an den in den Abbildungen gekennzeichneten Positionen mit den folgenden Atomen, verzweigten oder nicht verzweigten Atomgruppen oder Ringsystemen (Reste R<SUB>1</SUB> bis R<SUB>4</SUB> und R<SUB>n</SUB>) substituiert sein: <DL Font="normal" Type="alpha"><DT>a)</DT><DD Font="normal"><LA Size="normal">R<SUB>1</SUB>/R<SUB>2</SUB>:</LA><LA Size="normal">Wasserstoff, Alkyl- (bis C<SUB>6</SUB>), Cycloalkyl- (Ringgröße bis C<SUB>6</SUB>), Alkenyl- (bis C<SUB>6</SUB>) und Alkinylgruppen (bis C<SUB>6</SUB>).</LA><LA Size="normal">Die aufgeführten Atomgruppen können weiterhin mit beliebigen chemisch möglichen Kombinationen der Elemente Kohlenstoff, Wasserstoff, Stickstoff und Sauerstoff substituiert sein. Die auf diese Weise entstehenden Substituenten R<SUB>1</SUB>/R<SUB>2</SUB> dürfen dabei eine durchgehende Kettenlänge von maximal neun Atomen (ohne Mitzählung von Wasserstoffatomen) aufweisen. Atome von Ringstrukturen werden dabei nicht in die Zählung einbezogen.</LA><LA Size="normal">Zudem gehören Stoffe dazu, bei denen das Stickstoffatom Bestandteil eines zyklischen Systems ist (beispielsweise Pyrrolyl-, Pyrrolidinyl-, Piperidinyl-, Morpholino-Reste). Diese Ringsysteme dürfen im Ring die Elemente Kohlenstoff, Sauerstoff, Schwefel und Stickstoff aufweisen und eine Ringgröße bis zu sieben Atomen aufweisen. Die Ringsysteme können an jeder Position mit folgenden Atomen oder Atomgruppen substituiert sein: Wasserstoff, Fluor, Chlor, Brom, Iod, Hydroxy-, Alkyl- (bis C<SUB>6</SUB>) und Phenylgruppen.</LA></DD><DT>b)</DT><DD Font="normal"><LA Size="normal">R<SUB>3</SUB>:</LA><LA Size="normal">Alkyl- (bis C<SUB>6</SUB>), Alkinylgruppe (bis C<SUB>6</SUB>) oder eines der folgenden Ringsysteme: Phenyl-, Pyrrolyl-,Pyridyl-, Thienyl-, Furanyl-, Methylendioxyphenyl-, Ethylendioxyphenyl-, Dihydrobenzofuranyl- und Benzothiophenyl-Ringsysteme.</LA><LA Size="normal">Die Ringsysteme können an jeder chemisch möglichen Position als R<SUB>3</SUB> an die Kernstruktur angebunden sein und an beliebiger Position mit folgenden Atomen oder Atomgruppen substituiert sein: Wasserstoff, Fluor, Chlor, Brom, Iod, Hydroxy-, Thiol-, Alkyl- (bis C<SUB>6</SUB>), Alkoxy- (bis C<SUB>6</SUB>), Alkylsulfanyl- (bis C<SUB>6</SUB>) und Aminogruppen, einschließlich der chemischen Verbindungen, bei denen Substitutionen oder eine direkte Anbindung zu einem Ringschluss mit dem Cyclohexylring führen. Diese Ringsysteme dürfen eine Ringgröße von vier bis sechs Atomen aufweisen.</LA></DD><DT>c)</DT><DD Font="normal"><LA Size="normal">R<SUB>4</SUB>:</LA><LA Size="normal">Wasserstoff, Methyl-, Ethyl-, Alkylcarbonyl- (bis C<SUB>4</SUB>), Alkoxycarbonyl- (Alkylrest bis C<SUB>4</SUB>) und Trialkylsilylgruppe (maximal zwölf C-Atome in den Trialkylresten insgesamt).</LA></DD><DT>d)</DT><DD Font="normal"><LA Size="normal">R<SUB>n</SUB>:</LA><LA Size="normal">Das Cyclohexylringsystem kann an den Positionen zwei bis sechs mit folgenden Atomen oder Atomgruppen substituiert sein: Wasserstoff, Alkyl- (bis C<SUB>6</SUB>), Alkoxy- (bis C<SUB>6</SUB>), Hydroxy-, Phenylalkylgruppen (in der Alkylkette C<SUB>1</SUB> bis C<SUB>4</SUB>) und Oxo-Gruppen (=O, doppelt gebundenes Sauerstoffatom am Ring).</LA></DD></DL></LA></DD><DT><B>7.</B></DT><DD Font="normal"><LA Size="normal"><B><SP>Von Benzimidazol abgeleitete Verbindungen</SP></B></LA><LA Size="normal">Eine von Benzimidazol abgeleitete Verbindung ist jede chemische Verbindung, die von der nachfolgend abgebildeten Grundstruktur abgeleitet werden kann, eine maximale Molekülmasse von 600 u hat und mit den nachfolgend beschriebenen Substituenten besetzt sein kann: <table frame="none" pgwide="1" tocentry="%yes;"><tgroup align="left" char="" charoff="50" cols="1"><colspec colname="col1" colwidth="156*"/><tbody valign="top"><row><entry VJ="1" align="center" colname="col1"><IMG Align="center" Height="327" Pos="inline" SRC="bgbl1_2025_j02920_0450.jpg" Type="jpg" Units="" Width="550" alt="Chemische Verbindung die im Text erläutert wird."/></entry></row></tbody></tgroup></table></LA><LA Size="normal">Die Anzahl x der Methylengruppen (CH<SUB>2</SUB>)<SUB>x</SUB> kann null oder eins betragen.</LA><LA Size="normal">Die Grundstruktur kann an den in der Abbildung gekennzeichneten Positionen mit den folgenden Atomen, verzweigten oder nicht verzweigten Atomgruppen oder Ringsystemen (Reste R<SUB>1</SUB> bis R<SUB>3</SUB>, R<SUB>m</SUB> und R<SUB>n</SUB>) substituiert sein: <DL Font="normal" Type="alpha"><DT>a)</DT><DD Font="normal"><LA Size="normal">R<SUB>1</SUB> und R<SUB>2</SUB>:</LA><LA Size="normal">Wasserstoff, Alkyl- (bis C<SUB>6</SUB>), Trialkylsilyl- (maximal zwölf C-Atome in den Trialkylresten insgesamt), Alkyloxycarbonyl- (Alkylrest bis C<SUB>6</SUB>), Alkylthiocarbonyl- (Alkylrest bis C<SUB>6</SUB>), Alkylcarbamoyl- (Alkylrest bis C<SUB>6</SUB>) und Benzylgruppen.</LA><LA Size="normal">Ferner sind Stoffe eingeschlossen, bei denen das Amin-Stickstoffatom Bestandteil eines Morpholino-, Pyrrolidino- oder Piperidinyl-Ringsystems ist.</LA></DD><DT>b)</DT><DD Font="normal"><LA Size="normal">R<SUB>3:</SUB></LA><LA Size="normal">Wasserstoff, Alkyl- (bis C<SUB>4</SUB>), Hydroxy-, Methoxy-, Alkylcarbamoyl- (Alkylrest bis C<SUB>6</SUB>) und Carbamoylgruppe.</LA></DD><DT>c)</DT><DD Font="normal"><LA Size="normal">R<SUB>m</SUB>:</LA><LA Size="normal">Der Benzimidazolkern kann an den Positionen 4, 5, 6 und 7 beliebige Kombinationen folgender Substituenten tragen: Wasserstoff, Fluor, Chlor, Brom, Iod, Alkyl- (bis C<SUB>6</SUB>), Trialkylsilyl- (maximal zwölf C-Atome in den Trialkylresten insgesamt), Nitro-, Trifluormethyl-, Methoxy-, Trifluormethoxy-, Cyano- und Acetylgruppen.</LA><LA Size="normal">Ferner sind Stoffe eingeschlossen, bei denen durch R<SUB>m</SUB> zwei benachbarte Kohlenstoffatome der Positionen 4, 5, 6 und 7 mit einer Vinylenoxy- (1-Oxyethen-2-yl-), Methylendioxy-, Ethylenoxy- oder Ethylendioxygruppe überbrückt werden.</LA></DD><DT>d)</DT><DD Font="normal"><LA Size="normal">R<SUB>n</SUB>:</LA><LA Size="normal">Der Phenylring kann an den Positionen zwei bis sechs mit folgenden Atomen oder Atomgruppen in beliebiger Kombination substituiert sein: Wasserstoff, Fluor, Chlor, Brom, Iod, Alkyl- (bis C<SUB>6</SUB>), Alkoxy- (bis C<SUB>5</SUB>), Acetoxy-, Alkylsulfanyl- (bis C<SUB>5</SUB>), Hydroxy- und Cyanogruppen. Die vorgenannten Atomgruppen können mit folgenden Atomen und Atomgruppen substituiert sein: Wasserstoff, Fluor, Chlor, Brom, Iod, Alkyloxy- (Alkylrest bis C<SUB>4</SUB>) und Trialkylsilylgruppen (maximal zwölf C-Atome in den Trialkylresten insgesamt).</LA><LA Size="normal">Ferner sind Stoffe eingeschlossen, bei denen durch R<SUB>n</SUB> zwei benachbarte Kohlenstoffatome der Positionen 2, 3, 4, 5 und 6 mit einer Vinylenoxy- (1-Oxyethen-2-yl-), Methylendioxy-, Ethylenoxy- oder Ethylendioxygruppe überbrückt werden.</LA></DD></DL></LA></DD><DT><B>8.</B></DT><DD Font="normal"><LA Size="normal"><B><SP>Von 3,3-Diphenylpropan-1-amin abgeleitete Verbindungen</SP></B></LA><LA Size="normal">Eine von 3,3-Diphenylpropan-1-amin abgeleitete Verbindung ist jede chemische Verbindung, die von der nachfolgend abgebildeten Grundstruktur abgeleitet werden kann, eine maximale Molekülmasse von 500 u hat und mit den nachfolgend beschriebenen Substituenten bzw. aromatischen Ringsystemen besetzt sein kann: <table frame="none" pgwide="1" tocentry="%yes;"><tgroup align="left" char="" charoff="50" cols="1"><colspec colname="col1" colwidth="156*"/><tbody valign="top"><row><entry VJ="1" align="center" colname="col1"><IMG Align="center" Height="242" Pos="inline" SRC="bgbl1_2025_j02920_0460.jpg" Type="jpg" Units="" Width="273" alt="Chemische Verbindung die im Text erläutert wird."/></entry></row></tbody></tgroup></table></LA><LA Size="normal">Die Grundstruktur kann an den in der Abbildung gekennzeichneten Positionen mit den folgenden Atomen, Atomgruppen oder aromatischen Ringsystemen (Reste R<SUB>1</SUB> bis R<SUB>5</SUB>, Ar<SUB>1</SUB> und Ar<SUB>2</SUB>) substituiert sein: <DL Font="normal" Type="alpha"><DT>a)</DT><DD Font="normal"><LA Size="normal">R<SUB>1</SUB>:</LA><LA Size="normal">Alkylcarbonyl- (Alkylrest bis C<SUB>6</SUB>), Alkylsulfonyl- (Alkylrest bis C<SUB>6</SUB>),<BR/> Piperidinyl-1-carbonyl-, Pyrrolidinyl-1-carbonyl- und Morpholinyl-4-carbonylgruppe.</LA></DD><DT>b)</DT><DD Font="normal"><LA Size="normal">R<SUB>2</SUB> und R<SUB>3</SUB>:</LA><LA Size="normal">Wasserstoff, Methyl- und Ethylgruppen.</LA></DD><DT>c)</DT><DD Font="normal"><LA Size="normal">R<SUB>4</SUB> und R<SUB>5</SUB>:</LA><LA Size="normal">Wasserstoff und Alkylgruppen (bis C<SUB>4</SUB>).</LA><LA Size="normal">Ferner sind Stoffe eingeschlossen, bei denen das Amin-Stickstoffatom Bestandteil eines Morpholino-, Pyrrolidino- oder Piperidinyl-Ringsystems ist.</LA></DD><DT>d)</DT><DD Font="normal"><LA Size="normal">Ar<SUB>1</SUB> und Ar<SUB>2</SUB>:</LA><LA Size="normal">Beliebige Kombinationen von Phenyl-, Pyrrolyl-, Pyridyl-, Thienyl- und Furanylringen; die Heteroatome in den Heterozyklen können an jeder beliebigen Stelle des Ringes stehen.</LA></DD></DL></LA></DD><DT><B>9.</B></DT><DD Font="normal"><LA Size="normal"><B><SP>Von 4-Amino-1-benzylpiperidin abgeleitete Verbindungen</SP></B></LA><LA Size="normal">Eine von 4-Amino-1-benzylpiperidin abgeleitete Verbindung ist jede chemische Verbindung, die von einer der nachfolgend abgebildeten Grundstrukturen abgeleitet werden kann, eine maximale Molekülmasse von 500 u hat und mit den nachfolgend beschriebenen Substituenten besetzt sein kann.<table frame="none" pgwide="1" tocentry="%yes;"><tgroup align="left" char="" charoff="50" cols="1"><colspec colname="col1" colwidth="156*"/><tbody valign="top"><row><entry VJ="1" align="center" colname="col1"><IMG Align="center" Height="263" Pos="inline" SRC="bgbl1_2025_j02920_0470.jpg" Type="jpg" Units="" Width="916" alt="Chemische Verbindung die im Text erläutert wird."/></entry></row></tbody></tgroup></table></LA><LA Size="normal">Die Grundstruktur kann an den in der Abbildung gekennzeichneten Positionen mit den folgenden Atomen, Atomgruppen oder Ringsystemen (Reste R<SUB>1</SUB>, R<SUB>2,</SUB> R<SUB>m</SUB> und R<SUB>n</SUB>) substituiert sein: <DL Font="normal" Type="alpha"><DT>a)</DT><DD Font="normal"><LA Size="normal">R<SUB>1</SUB>:</LA><LA Size="normal">Wasserstoff, Methyl- und Ethylgruppe.</LA></DD><DT>b)</DT><DD Font="normal"><LA Size="normal">R<SUB>2</SUB>:</LA><LA Size="normal">Wasserstoff, Methyl-, Ethyl-, Cyanoalkyl- (Alkylrest bis C<SUB>4</SUB>) und Phenylgruppe.</LA></DD><DT>c)</DT><DD Font="normal"><LA Size="normal">R<SUB>m</SUB> und R<SUB>n</SUB>:</LA><LA Size="normal">Die Phenylringe können an den Positionen zwei bis sechs (beim Benzimidazalonring entfällt die Position 2) mit folgenden Atomen oder Atomgruppen in beliebiger Kombination substituiert sein: Wasserstoff, Fluor, Chlor, Brom, Iod, Alkyl- (bis C<SUB>6</SUB>), Alkoxy- (bis C<SUB>5</SUB>), Acetoxy-, Alkylsulfanyl- (bis C<SUB>5</SUB>), Hydroxy- und Cyanogruppen. Die vorgenannten Atomgruppen können mit folgenden Atomen und Atomgruppen substituiert sein: Wasserstoff, Fluor, Chlor, Brom, Iod, Alkyloxy- (Alkylrest bis C<SUB>4</SUB>) und Trialkylsilylgruppen (maximal zwölf C-Atome in den Trialkylresten insgesamt).</LA><LA Size="normal">Ferner sind Stoffe eingeschlossen, bei denen in R<SUB>n</SUB> zwei benachbarte Kohlenstoffatome der Positionen 2, 3, 4, 5 und 6 mit einer Vinylenoxy- (1-Oxyethen-2-yl-), Methylendioxy-, Ethylenoxy- oder Ethylendioxygruppe überbrückt werden.</LA></DD></DL></LA></DD></DL></P></Content></text><fussnoten/></textdaten></norm>
</dokumente>