<?xml version="1.0" encoding="UTF-8" ?><!DOCTYPE dokumente SYSTEM "http://www.gesetze-im-internet.de/dtd/1.01/gii-norm.dtd">
<dokumente builddate="20230222213515" doknr="BJNR631400022"><norm builddate="20230222213515" doknr="BJNR631400022"><metadaten><jurabk>LuftVODV 174 2022</jurabk><ausfertigung-datum manuell="ja">2022-10-31</ausfertigung-datum><fundstelle typ="amtlich"><periodikum>BAnz</periodikum><zitstelle>AT 10.11.2022 V1</zitstelle></fundstelle><langue>Hundertvierundsiebzigste Durchführungsverordnung zur Luftverkehrs-Ordnung (Festlegung von Flugverfahren für An- und Abflüge nach Instrumentenflugregeln zum und vom Verkehrsflughafen Sylt)</langue><standangabe checked="ja"><standtyp>Sonst</standtyp><standkommentar>Ersetzt V 96-1-2-174 v. 4.11.1996 BAnz 1996, Nr 219, 12222 (LuftVODV 174)</standkommentar></standangabe></metadaten><textdaten><fussnoten><Content><P>V nur mit Überschrift aufgenommen</P></Content></fussnoten></textdaten></norm>
</dokumente>