<?xml version="1.0" encoding="UTF-8" ?><!DOCTYPE dokumente SYSTEM "http://www.gesetze-im-internet.de/dtd/1.01/gii-norm.dtd">
<dokumente builddate="20120625151706" doknr="BJNR006630953"><norm builddate="20120625151706" doknr="BJNR006630953"><metadaten><jurabk>GruWErlDBest</jurabk><ausfertigung-datum manuell="ja">1953-07-14</ausfertigung-datum><fundstelle typ="amtlich"><periodikum>BGBl I</periodikum><zitstelle>1953, 663</zitstelle></fundstelle><langue>Durchführungsbestimmungen zum Erlaß über die Stiftung des
Grubenwehr-Ehrenzeichens</langue></metadaten><textdaten><text format="XML"><Content><P/></Content></text><fussnoten><Content><P>(+++ Textnachweis Geltung ab:  1. 1.1964 +++)</P><P><BR/> Durchführungsbestimmungen im Saarland in Kraft gesetzt mWv 1.1.1957 durch Nr. 7 Anordnung v. 23.1.1957 I 1</P></Content></fussnoten></textdaten></norm>
<norm builddate="20120625151706" doknr="BJNR006630953BJNE000100319"><metadaten><jurabk>GruWErlDBest</jurabk><enbez>Eingangsformel</enbez></metadaten><textdaten><text format="XML"><Content><P>Auf Grund des § 6 des Erlasses über die Stiftung des Grubenwehr-Ehrenzeichens vom 14. Juli 1953 wird für die Einreichung und Behandlung der Vorschläge folgendes bestimmt:</P></Content></text></textdaten></norm>
<norm builddate="20120625151706" doknr="BJNR006630953BJNE000200319"><metadaten><jurabk>GruWErlDBest</jurabk><enbez>§ 1</enbez></metadaten><textdaten><text format="XML"><Content><P>(1) Die Vorschläge für die Verleihung des Grubenwehr-Ehrenzeichens sind von den Ministerpräsidenten der Länder, dem Regierenden Bürgermeister der Stadt Berlin, dem Präsidenten des Senats der Freien Hansestadt Bremen und dem Präsidenten des Senats der Freien und Hansestadt Hamburg für den Bereich ihrer Länder in doppelter Ausfertigung nach anliegendem Vordruck alphabetisch geordnet an den Chef des Bundespräsidialamtes einzureichen. Dieser holt die Entscheidung des Bundespräsidenten ein.</P><P>(2) Die Vorschläge für die Verleihung des Grubenwehr-Ehrenzeichens sind zu begründen.</P><P>(3) Den Vorschlagslisten sind die vorbereiteten Verleihungsurkunden und Karteikarten beizufügen. Vordrucke werden bei der Bundesdruckerei Bonn vorrätig gehalten.</P></Content>  </text><fussnoten/></textdaten></norm>
<norm builddate="20120625151706" doknr="BJNR006630953BJNE000300319"><metadaten><jurabk>GruWErlDBest</jurabk><enbez>§ 2</enbez></metadaten><textdaten><text format="XML"><Content><P>Die Verleihungsurkunden werden vom Chef des Bundespräsidialamtes nach Vollziehung der Unterschrift durch den Bundespräsidenten zusammen mit den Grubenwehr-Ehrenzeichen den in § 1 Abs. 1 Genannten übersandt. Diese veranlassen die Aushändigung an die Beliehenen und teilen dies dem Bundespräsidialamt zur Vervollständigung der Namenskartei (§ 1 Abs. 3) mit.</P></Content></text></textdaten></norm>
<norm builddate="20120625151706" doknr="BJNR006630953BJNE000400319"><metadaten><jurabk>GruWErlDBest</jurabk><enbez>§ 3</enbez></metadaten><textdaten><text format="XML"><Content><P>Personen, denen auf Grund der Verordnung vom 30. Januar 1938 (Reichsgesetzbl. I S. 83) das Grubenwehr-Ehrenzeichen verliehen worden ist, können den Umtausch dieses Ehrenzeichens in das neu gestiftete Grubenwehr-Ehrenzeichen in Silber bei den in § 1 genannten Vorschlagsberechtigten beantragen.</P></Content></text></textdaten></norm>
<norm builddate="20120625151706" doknr="BJNR006630953BJNE000500319"><metadaten><jurabk>GruWErlDBest</jurabk><enbez>§ 4</enbez></metadaten><textdaten><text format="XML"><Content><P>Verlorengegangene Grubenwehr-Ehrenzeichen werden nicht ersetzt. Der Inhaber ist berechtigt, sich auf seine Kosten ein Ersatzstück zu beschaffen.</P></Content></text></textdaten></norm>
<norm builddate="20120625151706" doknr="BJNR006630953BJNE000600319"><metadaten><jurabk>GruWErlDBest</jurabk><enbez>Schlußformel</enbez></metadaten><textdaten><text format="XML"><Content><P><SP>Der Bundespräsident</SP> <BR/><SP>Der Bundeskanzler</SP> <BR/><SP>Der Bundesminister für Wirtschaft</SP></P></Content></text></textdaten></norm>
</dokumente>