<?xml version="1.0" encoding="UTF-8" ?><!DOCTYPE dokumente SYSTEM "http://www.gesetze-im-internet.de/dtd/1.01/gii-norm.dtd">
<dokumente builddate="20120625150049" doknr="BJNR021020996"><norm builddate="20120625150049" doknr="BJNR021020996"><metadaten><jurabk>IntZLuftAbkProtG</jurabk><ausfertigung-datum manuell="ja">1996-02-09</ausfertigung-datum><fundstelle typ="amtlich"><periodikum>BGBl II</periodikum><zitstelle>1996, 210</zitstelle></fundstelle><langue>Gesetz zu dem Protokoll vom 10. Mai 1984 zur Änderung des Abkommens
vom 7. Dezember 1944 über die Internationale Zivilluftfahrt
(9. Änderung des Abkommens über die Internationale Zivilluftfahrt)</langue></metadaten><textdaten><text format="XML"><Content><P/></Content></text><fussnoten><Content><P>(+++ Textnachweis ab: 24. 2.1996 +++)</P></Content></fussnoten></textdaten></norm>
<norm builddate="20120625150049" doknr="BJNR021020996BJNE000100310"><metadaten><jurabk>IntZLuftAbkProtG</jurabk><enbez>Art 1</enbez></metadaten><textdaten><text format="XML"><Content><P>Dem in Montreal am 10. Mai 1984 von der Bundesrepublik Deutschland unterzeichneten Protokoll zur Änderung des Abkommens vom 7. Dezember 1944 über die Internationale Zivilluftfahrt (BGBl. 1956 II S. 411), zuletzt geändert durch das Protokoll vom 16. Oktober 1974 (BGBl. 1983 II S. 763), wird zugestimmt. Das Protokoll wird nachstehend mit einer amtlichen deutschen Übersetzung veröffentlicht.</P></Content></text></textdaten></norm>
<norm builddate="20120625150049" doknr="BJNR021020996BJNE000200310"><metadaten><jurabk>IntZLuftAbkProtG</jurabk><enbez>Art 2</enbez></metadaten><textdaten><text format="XML"><Content><P>(1) Der Führer eines zivilen Luftfahrzeugs hat Anweisungen einer ausländischen Stelle zu befolgen, die diese ihm in Wahrnehmung ihrer Lufthoheit nach Artikel <ABWFORMAT typ="A"/>3bis des Abkommens über die Internationale Zivilluftfahrt erteilt.</P><P>(2) Ordnungswidrig handelt, wer entgegen Absatz 1 eine Anweisung nicht, nicht richtig oder nicht rechtzeitig befolgt. Die Ordnungswidrigkeit kann mit einer Geldbuße bis zu zehntausend Deutsche Mark geahndet werden. Verwaltungsbehörde im Sinne des § 36 Abs. 1 Nr. 1 des Gesetzes über Ordnungswidrigkeiten ist das Luftfahrt-Bundesamt.</P></Content> </text></textdaten></norm>
<norm builddate="20120625150049" doknr="BJNR021020996BJNE000300310"><metadaten><jurabk>IntZLuftAbkProtG</jurabk><enbez>Art 3</enbez></metadaten><textdaten><text format="XML"><Content><P>(1) Artikel 2 dieses Gesetzes tritt an dem Tage in Kraft, an dem das Protokoll vom 10. Mai 1984 zur Änderung des Abkommens vom 7. Dezember 1944 über die Internationale Zivilluftfahrt für die Bundesrepublik Deutschland in Kraft tritt. Im übrigen tritt dieses Gesetz am Tage nach seiner Verkündung in Kraft.</P><P>(2) Der Tag, an dem das Protokoll für die Bundesrepublik Deutschland in Kraft tritt, ist im Bundesgesetzblatt bekanntzugeben.</P></Content> </text></textdaten></norm>
</dokumente>