<?xml version="1.0" encoding="UTF-8" ?><!DOCTYPE dokumente SYSTEM "http://www.gesetze-im-internet.de/dtd/1.01/gii-norm.dtd">
<dokumente builddate="20230308213039" doknr="BJNR234700007"><norm builddate="20230308213039" doknr="BJNR234700007"><metadaten><jurabk>BMVBSBNichtrSchGZustV</jurabk><ausfertigung-datum manuell="ja">2007-10-05</ausfertigung-datum><fundstelle typ="amtlich"><periodikum>BGBl I</periodikum><zitstelle>2007, 2347</zitstelle></fundstelle><kurzue>BMVI-Bundesnichtraucherschutzgesetz-Zuständigkeitsverordnung</kurzue><langue>Verordnung zur Verfolgung und Ahndung von Ordnungswidrigkeiten nach dem Bundesnichtraucherschutzgesetz im Geschäftsbereich des Bundesministeriums für Verkehr und digitale Infrastruktur</langue><standangabe checked="ja"><standtyp>Stand</standtyp><standkommentar>Zuletzt geändert durch Art. 8 G v. 2.3.2023 I Nr. 56</standkommentar></standangabe></metadaten><textdaten><fussnoten><Content><P><BR/> <pre xml:space="preserve">(+++ Textnachweis ab: 2.9.2007 +++)<BR/><BR/></pre>Lang- und Kurzüberschrift: IdF d. Art. 222 V v. 31.8.2015 I 1474 mWv 8.9.2015</P></Content></fussnoten></textdaten></norm>
<norm builddate="20230308213039" doknr="BJNR234700007BJNE000100000"><metadaten><jurabk>BMVBSBNichtrSchGZustV</jurabk><enbez>Eingangsformel</enbez></metadaten><textdaten><text format="XML"><Content><P>Auf Grund des § 5 Abs. 3 Halbsatz 2 des Bundesnichtraucherschutzgesetzes vom 20. Juli 2007 (BGBl. I S. 1595) in Verbindung mit § 36 Abs. 3 des Gesetzes über Ordnungswidrigkeiten in der Fassung der Bekanntmachung vom 19. Februar 1987 (BGBl. I S. 602), der durch Artikel 1 Nr. 5 Buchstabe b des Gesetzes vom 26. Januar 1998 (BGBl. I S. 156, 340, 1999 I S. 1237) geändert worden ist, verordnet das Bundesministerium für Verkehr, Bau und Stadtentwicklung:</P></Content></text></textdaten></norm>
<norm builddate="20230308213039" doknr="BJNR234700007BJNE000202360"><metadaten><jurabk>BMVBSBNichtrSchGZustV</jurabk><enbez>§ 1</enbez></metadaten><textdaten><text format="XML"><Content><P>(1) Die Zuständigkeit für die Verfolgung und Ahndung von Ordnungswidrigkeiten nach § 5 Abs. 1 des Bundesnichtraucherschutzgesetzes, die in Einrichtungen nach § 2 Nr. 1 dieses Gesetzes begangen werden, wird auf die nachfolgend genannten Behörden jeweils für die Räumlichkeiten, in denen sie das Hausrecht ausüben, übertragen:<DL Font="normal" Type="Dash"><DT>–</DT><DD Font="normal"><LA Size="normal">Kraftfahrt-Bundesamt,</LA></DD><DT>–</DT><DD Font="normal"><LA Size="normal">Luftfahrt-Bundesamt,</LA></DD><DT>–</DT><DD Font="normal"><LA Size="normal">Bundesamt für Bauwesen und Raumordnung,</LA></DD><DT>–</DT><DD Font="normal"><LA Size="normal">Eisenbahn-Bundesamt,</LA></DD><DT>–</DT><DD Font="normal"><LA Size="normal">Bundeseisenbahnvermögen,</LA></DD><DT>–</DT><DD Font="normal"><LA Size="normal">Deutscher Wetterdienst,</LA></DD><DT>–</DT><DD Font="normal"><LA Size="normal">Bundesanstalt für Straßenwesen,</LA></DD><DT>–</DT><DD Font="normal"><LA Size="normal">Bundesamt für Logistik und Mobilität,</LA></DD><DT>–</DT><DD Font="normal"><LA Size="normal">Bundesamt für Seeschifffahrt und Hydrographie,</LA></DD><DT>–</DT><DD Font="normal"><LA Size="normal">Generaldirektion Wasserstraßen und Schifffahrt.</LA></DD></DL></P><P>(2) Die Zuständigkeit für die Verfolgung und Ahndung von Ordnungswidrigkeiten nach § 5 Abs. 1 des Bundesnichtraucherschutzgesetzes wird auf<DL Font="normal" Type="arabic"><DT>1.</DT><DD Font="normal"><LA Size="normal">die Generaldirektion Wasserstraßen und Schifffahrt für die Ordnungswidrigkeiten übertragen, die in Räumlichkeiten der ihr nachgeordneten Wasserstraßen- und Schifffahrtsämter, einschließlich der Außenbezirke, Bauhöfe, Revierzentralen und sonstigen Einrichtungen, sowie der Wasserstraßen-Neubauämter begangen werden,</LA></DD><DT>2.</DT><DD Font="normal"><LA Size="normal">die Generaldirektion Wasserstraßen und Schifffahrt für die Ordnungswidrigkeiten übertragen, die in den Räumlichkeiten der Bundesanstalt für Wasserbau und der Bundesanstalt für Gewässerkunde begangen werden,</LA></DD><DT>3.</DT><DD Font="normal"><LA Size="normal">das Luftfahrt-Bundesamt für die Ordnungswidrigkeiten übertragen, die in den Räumlichkeiten der Bundesstelle für Flugunfalluntersuchung begangen werden, und</LA></DD><DT>4.</DT><DD Font="normal"><LA Size="normal">das Bundesamt für Seeschifffahrt und Hydrographie für die Ordnungswidrigkeiten übertragen, die in den Räumlichkeiten der Bundesstelle für Seeunfalluntersuchung begangen werden.</LA></DD></DL></P></Content></text><fussnoten/></textdaten></norm>
<norm builddate="20230308213039" doknr="BJNR234700007BJNE000300000"><metadaten><jurabk>BMVBSBNichtrSchGZustV</jurabk><enbez>§ 2</enbez></metadaten><textdaten><text format="XML"><Content><P>Die Zuständigkeit für die Verfolgung und Ahndung von Ordnungswidrigkeiten nach § 5 Abs. 1 des Bundesnichtraucherschutzgesetzes, die in<DL Type="arabic"><DT>1.</DT><DD Font="normal"><LA>Verkehrsmitteln und Personenbahnhöfen nach § 2 Nr. 2 Buchstabe a und Nr. 3 des Bundesnichtraucherschutzgesetzes begangen werden, wird auf das Eisenbahn-Bundesamt übertragen;</LA></DD><DT>2.</DT><DD Font="normal"><LA>Verkehrsmitteln nach § 2 Nr. 2 Buchstabe c des Bundesnichtraucherschutzgesetzes begangen werden, wird auf das Luftfahrt-Bundesamt übertragen.</LA></DD></DL></P></Content></text></textdaten></norm>
<norm builddate="20230308213039" doknr="BJNR234700007BJNE000400000"><metadaten><jurabk>BMVBSBNichtrSchGZustV</jurabk><enbez>§ 3</enbez></metadaten><textdaten><text format="XML"><Content><P>Diese Verordnung tritt mit Wirkung vom 2. September 2007 in Kraft.</P></Content></text></textdaten></norm>
</dokumente>