<?xml version="1.0" encoding="UTF-8" ?><!DOCTYPE dokumente SYSTEM "http://www.gesetze-im-internet.de/dtd/1.01/gii-norm.dtd">
<dokumente builddate="20120625154023" doknr="BJNR033420994"><norm builddate="20120625154023" doknr="BJNR033420994"><metadaten><jurabk>DopingÜbkG</jurabk><ausfertigung-datum manuell="ja">1994-03-02</ausfertigung-datum><fundstelle typ="amtlich"><periodikum>BGBl II</periodikum><zitstelle>1994, 334</zitstelle></fundstelle><langue>Gesetz zu dem Übereinkommen vom 16. November 1989 gegen Doping</langue></metadaten><textdaten><text format="decorated"/></textdaten></norm>
</dokumente>