<?xml version="1.0" encoding="UTF-8" ?><!DOCTYPE dokumente SYSTEM "http://www.gesetze-im-internet.de/dtd/1.01/gii-norm.dtd">
<dokumente builddate="20120625150020" doknr="BJNR345600004"><norm builddate="20120625150020" doknr="BJNR345600004"><metadaten><jurabk>DWGÄndG</jurabk><ausfertigung-datum manuell="ja">2004-12-15</ausfertigung-datum><fundstelle typ="amtlich"><periodikum>BGBl I</periodikum><zitstelle>2004, 3456</zitstelle></fundstelle><langue>Gesetz zur Änderung des Deutsche-Welle-Gesetzes</langue></metadaten><textdaten><text format="XML"><Content><P/></Content></text><fussnoten><Content><P><BR/> <pre xml:space="preserve">(+++ Textnachweis ab: 21.12.2004 +++)<BR/><BR/></pre></P></Content></fussnoten></textdaten></norm>
<norm builddate="20120625150020" doknr="BJNR345600004BJNE000100000"><metadaten><jurabk>DWGÄndG</jurabk><enbez>(XXXX) Art 1</enbez><titel format="XML">(weggefallen)</titel></metadaten><textdaten><text format="XML"><Content><P>-</P></Content></text><fussnoten/></textdaten></norm>
<norm builddate="20120625150020" doknr="BJNR345600004BJNE000200000"><metadaten><jurabk>DWGÄndG</jurabk><enbez>Art 2</enbez><titel format="parat">Übergangsregelung</titel></metadaten><textdaten><text format="XML"><Content><P>Die Deutsche Welle erarbeitet ihre Aufgabenplanung nach dem Verfahren gemäß den §§ 4 bis 4b des Deutsche-Welle-Gesetzes erstmals für die Jahre 2006 bis 2009. Der Wirtschaftsplan mit Überleitungsrechnung, Stellenplan und Bewirtschaftungsgrundsätzen gemäß § 48 des Deutsche-Welle-Gesetzes wird von der Deutschen Welle erstmals für das Jahr 2006 erstellt. Der Jahresabschluss gemäß § 55 des Deutsche-Welle-Gesetzes ist von der Deutschen Welle erstmals für das Jahr 2004 zu erstellen.</P></Content></text></textdaten></norm>
<norm builddate="20120625150020" doknr="BJNR345600004BJNE000300000"><metadaten><jurabk>DWGÄndG</jurabk><enbez>Art 3</enbez></metadaten><textdaten><text format="XML"><Content><P>Die Beauftragte der Bundesregierung für Kultur und Medien kann den Wortlaut des Deutsche-Welle-Gesetzes in der vom Inkrafttreten dieses Gesetzes an geltenden Fassung im Bundesgesetzblatt bekannt machen.</P></Content></text><fussnoten/></textdaten></norm>
</dokumente>