<?xml version="1.0" encoding="UTF-8" ?><!DOCTYPE dokumente SYSTEM "http://www.gesetze-im-internet.de/dtd/1.01/gii-norm.dtd">
<dokumente builddate="20130405132159" doknr="BJNR216800001"><norm builddate="20130405132159" doknr="BJNR216800001"><metadaten><jurabk>PBefGKostV</jurabk><amtabk>PBefGKostV</amtabk><ausfertigung-datum manuell="ja">2001-08-15</ausfertigung-datum><fundstelle typ="amtlich"><periodikum>BGBl I</periodikum><zitstelle>2001, 2168</zitstelle></fundstelle><langue>Kostenverordnung für Amtshandlungen im entgeltlichen oder geschäftsmäßigen Personenverkehr mit Kraftfahrzeugen</langue><standangabe checked="ja"><standtyp>Stand</standtyp><standkommentar>Zuletzt geändert durch Art. 1 V v. 4.5.2012 I 1042</standkommentar></standangabe></metadaten><textdaten><fussnoten><Content><P><BR/> <pre xml:space="preserve">(+++ Textnachweis ab: 1.9.2001 +++)<BR/><BR/></pre></P></Content></fussnoten></textdaten></norm>
<norm builddate="20130405132159" doknr="BJNR216800001BJNE000300000"><metadaten><jurabk>PBefGKostV</jurabk><enbez>Eingangsformel</enbez></metadaten><textdaten><text format="XML"><Content><P>Auf Grund des § 57 Abs. 1 Nr. 10 des Personenbeförderungsgesetzes in der Fassung der Bekanntmachung vom 8. August 1990 (BGBl. I S. 1690), der durch Artikel 1 Nr. 2 des Gesetzes vom 23. Juli 1992 (BGBl. I S. 1379) geändert worden ist, und auf Grund des § 56 des Personenbeförderungsgesetzes, der durch Artikel 4 Nr. 1 des Gesetzes vom 19. März 2001 (BGBl. I S. 386) geändert worden ist, in Verbindung mit dem 2. Abschnitt des Verwaltungskostengesetzes vom 23. Juni 1970 (BGBl. I S. 821), dem Artikel 56 Abs. 1 des Zuständigkeitsanpassungs-Gesetzes vom 18. März 1975 (BGBl. I S. 705) und dem Organisationserlass des Bundeskanzlers vom 27. Oktober 1998 (BGBl. I S. 3288) verordnet das Bundesministerium für Verkehr, Bau- und Wohnungswesen:</P></Content></text></textdaten></norm>
<norm builddate="20130405132159" doknr="BJNR216800001BJNE000400000"><metadaten><jurabk>PBefGKostV</jurabk><enbez>§ 1</enbez></metadaten><textdaten><text format="XML"><Content><P>Kosten (Gebühren und Auslagen) werden für die im anliegenden Gebührenverzeichnis aufgeführten Amtshandlungen erhoben.</P></Content></text></textdaten></norm>
<norm builddate="20130405132159" doknr="BJNR216800001BJNE000500000"><metadaten><jurabk>PBefGKostV</jurabk><enbez>§ 2</enbez></metadaten><textdaten><text format="XML"><Content><P>Gebührenfrei sind: <DL Font="normal" Type="arabic"><DT>1.</DT><DD Font="normal"><LA Size="normal">Amtshandlungen, die im Zusammenhang mit einer nach § 21 Abs. 3 des Personenbeförderungsgesetzes angeordneten Erweiterung oder Änderung eines Verkehrs erforderlich sind,</LA></DD> <DT>2.</DT><DD Font="normal"><LA Size="normal">Amtshandlungen im Zusammenhang mit dem Ausgleich gemeinwirtschaftlicher Leistungen im Linienverkehr mit Kraftfahrzeugen nach § 45a des Personenbeförderungsgesetzes und der Verordnung über den Ausgleich gemeinwirtschaftlicher Leistungen im Straßenpersonenverkehr vom 2. August 1977 (BGBl. I S. 1460), zuletzt geändert durch Artikel 3 Abs. 14 des Gesetzes vom 17. Dezember 1993 (BGBl. I S. 2118).</LA></DD> </DL></P></Content></text></textdaten></norm>
<norm builddate="20130405132159" doknr="BJNR216800001BJNE000600000"><metadaten><jurabk>PBefGKostV</jurabk><enbez>§ 3</enbez></metadaten><textdaten><text format="XML"><Content><P>Im grenzüberschreitenden Verkehr sowie im Transitverkehr sind Unternehmen, die ihren Betriebssitz außerhalb des Geltungsbereichs des Personenbeförderungsgesetzes haben, von der Kostenpflicht befreit, soweit die Gegenseitigkeit verbürgt ist.</P></Content></text></textdaten></norm>
<norm builddate="20130405132159" doknr="BJNR216800001BJNE000101140"><metadaten><jurabk>PBefGKostV</jurabk><enbez>§ 4</enbez><titel format="XML">Widerspruch</titel></metadaten><textdaten><text format="XML"><Content><P>Für die vollständige oder teilweise Zurückweisung eines Widerspruchs wird eine Gebühr bis zur Höhe der für die angefochtene Amtshandlung festgesetzten Gebühr erhoben; dies gilt nicht, wenn der Widerspruch nur deshalb keinen Erfolg hat, weil die Verletzung einer Verfahrens- oder Formvorschrift nach den landesrechtlichen Vorschriften, die dem § 45 des Verwaltungsverfahrensgesetzes entsprechen, unbeachtlich ist. Bei einem erfolglosen Widerspruch, der sich ausschließlich gegen eine Kostenentscheidung richtet, beträgt die Gebühr höchstens 10 vom Hundert des streitigen Betrags, jedoch mindestens 30 Euro. Wird ein Widerspruch nach Beginn seiner Bearbeitung, jedoch vor deren Beendigung zurückgenommen, beträgt die Gebühr höchstens 75 vom Hundert der Widerspruchsgebühr.</P></Content></text><fussnoten/></textdaten></norm>
<norm builddate="20130405132159" doknr="BJNR216800001BJNE000200000"><metadaten><jurabk>PBefGKostV</jurabk><enbez>§ 5</enbez><titel format="parat">Widerruf, Rücknahme, Ablehnung und Zurücknahme von Anträgen</titel></metadaten><textdaten><text format="XML"><Content><P>Für den Widerruf oder die Rücknahme einer Amtshandlung, die Ablehnung eines Antrags auf Vornahme einer Amtshandlung sowie in den Fällen der Zurücknahme eines Antrags auf Vornahme einer Amtshandlung werden Gebühren nach Maßgabe des § 15 des Verwaltungskostengesetzes erhoben.</P></Content></text></textdaten></norm>
<norm builddate="20130405132159" doknr="BJNR216800001BJNE000700000"><metadaten><jurabk>PBefGKostV</jurabk><enbez>§ 6</enbez></metadaten><textdaten><text format="XML"><Content><P>Diese Verordnung tritt am ersten Tage des auf die Verkündung folgenden Kalendermonats in Kraft.</P></Content></text><fussnoten/></textdaten></norm>
<norm builddate="20130405132159" doknr="BJNR216800001BJNE000800000"><metadaten><jurabk>PBefGKostV</jurabk><enbez>Schlussformel</enbez></metadaten><textdaten><text format="XML"><Content><P>Der Bundesrat hat zugestimmt.</P></Content></text></textdaten></norm>
<norm builddate="20130405132159" doknr="BJNR216800001BJNE000903308"><metadaten><jurabk>PBefGKostV</jurabk><enbez>Anlage</enbez><titel format="XML">(zu § 1) <BR/> Gebührenverzeichnis</titel></metadaten><textdaten><text format="XML"><Content><kommentar typ="Fundstelle">(Fundstelle: BGBl. I 2007, 2571 - 2573;<BR/>bzgl. der einzelnen Änderungen vgl. Fußnote) <BR/></kommentar><table frame="top" tabstyle="tabelle" tocentry="%yes;"><tgroup align="left" char="" charoff="50" cols="5" colsep="0" rowsep="0"><colspec colname="col1" colnum="1" colwidth="1.00*"/><colspec colname="col2" colnum="2" colwidth="3.00*"/><colspec colname="col3" colnum="3" colwidth="21*"/><colspec colname="col4" colnum="4" colwidth="21*"/><colspec colname="col5" colnum="5" colwidth="9.00*"/><thead valign="bottom"><row><entry VJ="1" align="left" colname="col1" colsep="0" rowsep="1" valign="top"/><entry VJ="1" align="center" colname="col2" colsep="0" rowsep="1" valign="middle">Lfd.<BR/> Nr.</entry><entry VJ="1" align="center" colname="col3" colsep="0" rowsep="1" valign="middle">Gegenstand</entry><entry VJ="1" align="center" colname="col4" colsep="0" rowsep="1" valign="middle">Rechtsgrundlage</entry><entry VJ="1" align="center" colname="col5" colsep="0" rowsep="1" valign="middle">Gebühr<BR/> Euro</entry></row></thead><tbody valign="top"><row><entry VJ="1" align="left" colsep="0" nameend="col5" namest="col1" valign="top">I. Linienverkehr mit Kraftfahrzeugen</entry></row><row><entry VJ="1" align="left" colname="col1" colsep="0" valign="top"/><entry VJ="1" align="left" colname="col2" colsep="0" valign="top">1.</entry><entry VJ="1" align="left" colname="col3" colsep="0" valign="top">Genehmigung für die Einrichtung und den Betrieb eines Linienverkehrs mit Kraftfahrzeugen einschließlich der Genehmigung von Beförderungsentgelten, Beförderungsbedingungen und Fahrplänen</entry><entry VJ="1" align="left" colname="col4" colsep="0" valign="top">§ 2 Absatz 1 Nummer 3 PBefG in Verbindung mit den §§ 42, 52, 53 PBefG, Artikel 5 Absatz 1 und 2 der Verordnung (EG) Nr. 1073/2009 des Europäischen Parlaments und des Rates vom 21. Oktober 2009 über gemeinsame Regeln für den Zugang zum grenzüberschreitenden Personenkraftverkehrsmarkt und zur Änderung der Verordnung (EG) Nr. 561/2006 (ABl. L 300 vom 14.11.2009, S. 88) oder Artikel 18 Absatz 4 des Abkommens zwischen der Europäischen Gemeinschaft und der Schweizerischen Eidgenossenschaft über den Güter- und Personenverkehr auf Schiene und Straße vom 21. Juni 1999 (ABl. L 114 vom 30.4.2002, S. 1)</entry><entry VJ="1" align="center" colname="col5" colsep="0" valign="top">100 bis 2 440</entry></row><row><entry VJ="1" align="left" colname="col1" colsep="0" valign="top"/><entry VJ="1" align="left" colname="col2" colsep="0" valign="top">2.</entry><entry VJ="1" align="left" colname="col3" colsep="0" valign="top">Genehmigung für die Einrichtung und den Betrieb einer Sonderform des Linienverkehrs mit Kraftfahrzeugen einschließlich der Genehmigung von Beförderungsentgelten, Beförderungsbedingungen und Fahrplänen</entry><entry VJ="1" align="left" colname="col4" colsep="0" valign="top">§ 2 Absatz 1 Nummer 3 PBefG in Verbindung mit den §§ 43, 52, 53 PBefG, Artikel 5 Absatz 1 und 2 der Verordnung (EG) Nr. 1073/2009 oder Artikel 18 Absatz 5 Unterabsatz 1 des Abkommens zwischen der Europäischen Gemeinschaft und der Schweizerischen Eidgenossenschaft über den Güter- und Personenverkehr auf Schiene und Straße</entry><entry VJ="1" align="center" colname="col5" colsep="0" valign="top">100 bis 2 440</entry></row><row><entry VJ="1" align="left" colname="col1" colsep="0" valign="top"/><entry VJ="1" align="left" colname="col2" colsep="0" valign="top">3.</entry><entry VJ="1" align="left" colname="col3" colsep="0" valign="top">Erteilung einer einstweiligen Erlaubnis einschließlich der Genehmigung von Beförderungsentgelten, Beförderungsbedingungen und Fahrplänen</entry><entry VJ="1" align="left" colname="col4" colsep="0" valign="top">§ 20 PBefG</entry><entry VJ="1" align="center" colname="col5" colsep="0" valign="top">25 bis 250</entry></row><row><entry VJ="1" align="left" colname="col1" colsep="0" valign="top"/><entry VJ="1" align="left" colname="col2" colsep="0" valign="top">4.</entry><entry VJ="1" align="left" colname="col3" colsep="0" valign="top">Genehmigung zur Einstellung des Betriebs – Mitteilung an die Genehmigungsbehörde</entry><entry VJ="1" align="left" colname="col4" colsep="0" valign="top">§ 21 Abs. 4 PBefG, Artikel 9 Abs. 1 der Verordnung (EWG) Nr. 684/92 des Rates vom 16. März 1992 (ABl. EG Nr. L 74 S. 1), die zuletzt durch die Verordnung (EG) Nr. 11/98 des Rates vom 11. Dezember 1997 (ABl. EG 1998 Nr. L 4 S. 1) geändert worden ist, oder Anhang 7 Artikel 6 des Abkommens zwischen der Europäischen Gemeinschaft und der Schweizerischen Eidgenossenschaft über den Güter- und Personenverkehr auf Schiene und Straße vom 21. Juni 1999 (ABl. EG 2002 Nr. L 114 S. 1)</entry><entry VJ="1" align="center" colname="col5" colsep="0" valign="top">25 bis 250</entry></row><row><entry VJ="1" align="left" colname="col1" colsep="0" valign="top"/><entry VJ="1" align="left" colname="col2" colsep="0" valign="top">5.</entry><entry VJ="1" align="left" colname="col3" colsep="0" valign="top">Zustimmung zu Änderungen der Beförderungsentgelte</entry><entry VJ="1" align="left" colname="col4" colsep="0" valign="top">§ 39 Absatz 1 PBefG, Artikel 9 der Verordnung (EG) Nr. 1073/2009 oder Anhang 7 Artikel 5 Absatz 3 des Abkommens zwischen der Europäischen Gemeinschaft und der Schweizerischen Eidgenossenschaft über den Güter- und Personenverkehr auf Schiene und Straße</entry><entry VJ="1" align="center" colname="col5" colsep="0" valign="top">50 bis 1 500</entry></row><row><entry VJ="1" align="left" colname="col1" colsep="0" valign="top"/><entry VJ="1" align="left" colname="col2" colsep="0" valign="top">6.</entry><entry VJ="1" align="left" colname="col3" colsep="0" valign="top">Zustimmung zu Änderungen der Beförderungsbedingungen</entry><entry VJ="1" align="left" colname="col4" colsep="0" valign="top">§ 39 Absatz 6 Satz 1 und 2 PBefG, Artikel 9 der Verordnung (EG) Nr. 1073/2009 oder Anhang 7 Artikel 5 Absatz 3 des Abkommens zwischen der Europäischen Gemeinschaft und der Schweizerischen Eidgenossenschaft über den Güter- und Personenverkehr auf Schiene und Straße</entry><entry VJ="1" align="center" colname="col5" colsep="0" valign="top">25 bis 150</entry></row><row><entry VJ="1" align="left" colname="col1" colsep="0" valign="top"/><entry VJ="1" align="left" colname="col2" colsep="0" valign="top">7.</entry><entry VJ="1" align="left" colname="col3" colsep="0" valign="top">Zustimmung zu Änderungen des Fahrplans</entry><entry VJ="1" align="left" colname="col4" colsep="0" valign="top">§ 40 Absatz 2 Satz 1 PBefG, Artikel 9 der Verordnung (EG) Nr. 1073/2009 oder Anhang 7 Artikel 5 Absatz 3 des Abkommens zwischen der Europäischen Gemeinschaft und der Schweizerischen Eidgenossenschaft über den Güter- und Personenverkehr auf Schiene und Straße</entry><entry VJ="1" align="center" colname="col5" colsep="0" valign="top">25 bis 150</entry></row><row><entry VJ="1" align="left" colsep="0" nameend="col5" namest="col1" valign="top">II. Gelegenheitsverkehr</entry></row><row><entry VJ="1" align="left" colname="col1" colsep="0" valign="top"/><entry VJ="1" align="left" colname="col2" colsep="0" valign="top">1.</entry><entry VJ="1" align="left" colname="col3" colsep="0" valign="top">Genehmigung für den Betrieb mit Kraftomnibussen</entry><entry VJ="1" align="left" colname="col4" colsep="0" valign="top">§ 2 Abs. 1 Nr. 4 PBefG in Verbindung mit § 9 Abs. 1 Nr. 4 PBefG</entry><entry VJ="1" align="center" colname="col5" colsep="0" valign="top">100 bis 1 465</entry></row><row><entry VJ="1" align="left" colname="col1" colsep="0" valign="top"/><entry VJ="1" align="left" colname="col2" colsep="0" valign="top">2.</entry><entry VJ="1" align="left" colname="col3" colsep="0" valign="top">Genehmigung für die Ausführung von<BR/> Ausflugsfahrten mit Personenkraftwagen</entry><entry VJ="1" align="left" colname="col4" colsep="0" valign="top">§ 2 Abs. 1 Nr. 4 PBefG in Verbindung mit § 9 Abs. 1 Nr. 5 und § 48 Abs. 1 PBefG</entry><entry VJ="1" align="center" colname="col5" colsep="0" valign="top">50 bis 500</entry></row><row><entry VJ="1" align="left" colname="col1" colsep="0" valign="top"/><entry VJ="1" align="left" colname="col2" colsep="0" valign="top">3.</entry><entry VJ="1" align="left" colname="col3" colsep="0" valign="top">Genehmigung für die Ausführung von<BR/> Ferienziel-Reisen mit Personenkraftwagen</entry><entry VJ="1" align="left" colname="col4" colsep="0" valign="top">§ 2 Abs. 1 Nr. 4 PBefG in Verbindung mit § 9 Abs. 1 Nr. 5 und § 48 Abs. 2 PBefG</entry><entry VJ="1" align="center" colname="col5" colsep="0" valign="top">50 bis 500</entry></row><row><entry VJ="1" align="left" colname="col1" colsep="0" valign="top"/><entry VJ="1" align="left" colname="col2" colsep="0" valign="top">4.</entry><entry VJ="1" align="left" colname="col3" colsep="0" valign="top">Genehmigung für die Ausführung von<BR/> Verkehr mit Mietwagen</entry><entry VJ="1" align="left" colname="col4" colsep="0" valign="top">§ 2 Abs. 1 Nr. 4 PBefG in Verbindung mit § 9 Abs. 1 Nr. 5 und § 49 Abs. 4 PBefG</entry><entry VJ="1" align="center" colname="col5" colsep="0" valign="top">50 bis 500</entry></row><row><entry VJ="1" align="left" colname="col1" colsep="0" valign="top"/><entry VJ="1" align="left" colname="col2" colsep="0" valign="top">5.</entry><entry VJ="1" align="left" colname="col3" colsep="0" valign="top">Genehmigung für die Ausführung<BR/> eines Verkehrs mit Taxen</entry><entry VJ="1" align="left" colname="col4" colsep="0" valign="top">§ 2 Abs. 1 Nr. 4 PBefG in Verbindung mit § 47 PBefG</entry><entry VJ="1" align="center" colname="col5" colsep="0" valign="top">100 bis 1 465</entry></row><row><entry VJ="1" align="left" colname="col1" colsep="0" valign="top"/><entry VJ="1" align="left" colname="col2" colsep="0" valign="top">6.</entry><entry VJ="1" align="left" colname="col3" colsep="0" valign="top">Genehmigung für die Ausführung eines Verkehrs mit Taxen und eines Verkehrs<BR/> mit Mietwagen</entry><entry VJ="1" align="left" colname="col4" colsep="0" valign="top">§ 2 Abs. 1 Nr. 4 PBefG in Verbindung mit den §§ 47 und 49 Abs. 4 PBefG</entry><entry VJ="1" align="center" colname="col5" colsep="0" valign="top">100 bis 1 465</entry></row><row><entry VJ="1" align="left" colname="col1" colsep="0" valign="top"/><entry VJ="1" align="left" colname="col2" colsep="0" valign="top">7.</entry><entry VJ="1" align="left" colname="col3" colsep="0" valign="top">Genehmigung für die Ausführung grenz-<BR/> überschreitender Gelegenheitsverkehre und von Transit-Gelegenheitsverkehren<BR/> mit Kraftfahrzeugen</entry><entry VJ="1" align="left" colname="col4" colsep="0" valign="top">§ 2 Abs. 1 Nr. 4 PBefG in Verbindung mit § 52 Abs. 3 und § 53 Abs. 3 PBefG oder Artikel 7 in Verbindung mit Artikel 16 Abs. 5 des Übereinkommens über die Personenbeförderung im grenzüberschreitenden Gelegenheitsverkehr mit Omnibussen<BR/> (ABl. EG 2002 Nr. L 321 S. 11)</entry><entry VJ="1" align="center" colname="col5" colsep="0" valign="top">100 bis 1 465</entry></row><row><entry VJ="1" align="left" colname="col1" colsep="0" valign="top"/><entry VJ="1" align="left" colname="col2" colsep="0" valign="top">8.</entry><entry VJ="1" align="left" colname="col3" colsep="0" valign="top">Ergänzung der Genehmigungsurkunde beim Austausch von Personenkraftwagen (Gebühr je Personenkraftwagen)</entry><entry VJ="1" align="left" colname="col4" colsep="0" valign="top">§ 17 Abs. 2 Satz 1 PBefG</entry><entry VJ="1" align="center" colname="col5" colsep="0" valign="top">25</entry></row><row><entry VJ="1" align="left" colsep="0" nameend="col5" namest="col1" valign="top">III. Sonstige Gebühren</entry></row><row><entry VJ="1" align="left" colname="col1" colsep="0" valign="top"/><entry VJ="1" align="center" colname="col2" colsep="0" valign="top"> 1.</entry><entry VJ="1" align="left" colname="col3" colsep="0" valign="top">Erteilung oder Verlängerung einer Gemeinschaftslizenz</entry><entry VJ="1" align="left" colname="col4" colsep="0" valign="top">Artikel 4 der Verordnung (EG) Nr. 1073/2009 oder Artikel 17 Absatz 3 des Abkommens zwischen der Europäischen Gemeinschaft und der Schweizerischen Eidgenossenschaft über den Güter- und Personenverkehr auf Schiene und Straße</entry><entry VJ="1" align="center" colname="col5" colsep="0" valign="top">50 bis 700</entry></row><row><entry VJ="1" align="left" colname="col1" colsep="0" valign="top"/><entry VJ="1" align="center" colname="col2" colsep="0" valign="top"> 2.</entry><entry VJ="1" align="left" colname="col3" colsep="0" valign="top">Genehmigung einer Erweiterung oder einer wesentlichen Änderung des Unternehmens</entry><entry VJ="1" align="left" colname="col4" colsep="0" valign="top">§ 2 Abs. 2 Nr. 1 PBefG</entry><entry VJ="1" align="center" colname="col5" colsep="0" valign="top">50 bis 1 000</entry></row><row><entry VJ="1" align="left" colname="col1" colsep="0" valign="top"/><entry VJ="1" align="center" colname="col2" colsep="0" valign="top"> 3.</entry><entry VJ="1" align="left" colname="col3" colsep="0" valign="top">Genehmigung einer Übertragung der Rechte und Pflichten aus einer Genehmigung</entry><entry VJ="1" align="left" colname="col4" colsep="0" valign="top">§ 2 Abs. 2 Nr. 2 PBefG</entry><entry VJ="1" align="center" colname="col5" colsep="0" valign="top">50 bis 1 000</entry></row><row><entry VJ="1" align="left" colname="col1" colsep="0" valign="top"/><entry VJ="1" align="center" colname="col2" colsep="0" valign="top"> 4.</entry><entry VJ="1" align="left" colname="col3" colsep="0" valign="top">Genehmigung einer Übertragung der<BR/> Betriebsführung auf einen anderen</entry><entry VJ="1" align="left" colname="col4" colsep="0" valign="top">§ 2 Abs. 2 Nr. 3 PBefG</entry><entry VJ="1" align="center" colname="col5" colsep="0" valign="top">50 bis 1 000</entry></row><row><entry VJ="1" align="left" colname="col1" colsep="0" valign="top"/><entry VJ="1" align="center" colname="col2" colsep="0" valign="top"> 5.</entry><entry VJ="1" align="left" colname="col3" colsep="0" valign="top">Entscheidung in Zweifelsfällen</entry><entry VJ="1" align="left" colname="col4" colsep="0" valign="top">§ 10 PBefG</entry><entry VJ="1" align="center" colname="col5" colsep="0" valign="top">50 bis 1 000</entry></row><row><entry VJ="1" align="left" colname="col1" colsep="0" valign="top"/><entry VJ="1" align="center" colname="col2" colsep="0" valign="top"> 6.</entry><entry VJ="1" align="left" colname="col3" colsep="0" valign="top">Berichtigung einer Genehmigungsurkunde, soweit nicht von II. 7 oder III. 2 bis 4 erfasst</entry><entry VJ="1" align="left" colname="col4" colsep="0" valign="top">§ 17 Absatz 1 und 2 Satz 2 PBefG, Artikel 9 der Verordnung (EG) Nr. 1073/2009 oder Anhang 7 Artikel 5 Absatz 3 des Abkommens zwischen der Europäischen Gemeinschaft und der Schweizerischen Eidgenossenschaft über den Güter- und Personenverkehr auf Schiene und Straße</entry><entry VJ="1" align="center" colname="col5" colsep="0" valign="top">25 bis 50</entry></row><row><entry VJ="1" align="left" colname="col1" colsep="0" valign="top"/><entry VJ="1" align="center" colname="col2" colsep="0" valign="top"> 7.</entry><entry VJ="1" align="left" colname="col3" colsep="0" valign="top">Genehmigung von Ausnahmen</entry><entry VJ="1" align="left" colname="col4" colsep="0" valign="top">§ 43 BOKraft</entry><entry VJ="1" align="center" colname="col5" colsep="0" valign="top">25 bis 500</entry></row><row><entry VJ="1" align="left" colname="col1" colsep="0" valign="top"/><entry VJ="1" align="center" colname="col2" colsep="0" valign="top"> 8.</entry><entry VJ="1" align="left" colname="col3" colsep="0" valign="top">Bestätigung des Betriebsleiters oder dessen Stellvertreters oder Bestätigung des Vertreters des auswärtigen Unternehmers</entry><entry VJ="1" align="left" colname="col4" colsep="0" valign="top">§§ 4 und 5 BOKraft</entry><entry VJ="1" align="center" colname="col5" colsep="0" valign="top">50 bis 500</entry></row><row><entry VJ="1" align="left" colname="col1" colsep="0" valign="top"/><entry VJ="1" align="center" colname="col2" colsep="0" valign="top"> 9.</entry><entry VJ="1" align="left" colname="col3" colsep="0" valign="top">Ausstellung einer Bescheinigung über den Nachweis der fachlichen Eignung</entry><entry VJ="1" align="left" colname="col4" colsep="0" valign="top">§ 7 Berufszugangs-Verordnung PBefG</entry><entry VJ="1" align="center" colname="col5" colsep="0" valign="top">25 bis 150</entry></row><row><entry VJ="1" align="left" colname="col1" colsep="0" valign="top"/><entry VJ="1" align="center" colname="col2" colsep="0" valign="top">10.</entry><entry VJ="1" align="left" colname="col3" colsep="0" valign="top">Beaufsichtigung und Überprüfung des<BR/> Unternehmens, sofern dieses hierzu<BR/> begründeten Anlass gegeben hat<BR/> Bei Unternehmen des Linienverkehrs<BR/> Bei Unternehmen des Gelegenheitsverkehrs</entry><entry VJ="1" align="left" colname="col4" colsep="0" valign="top">§§ 54, 54a PBefG</entry><entry VJ="1" align="center" colname="col5" colsep="0" valign="top"> <BR/> <BR/> <BR/>25 bis 1 000<BR/> 25 bis 650</entry></row><row><entry VJ="1" align="left" colname="col1" colsep="0" valign="top"/><entry VJ="1" align="center" colname="col2" colsep="0" valign="top">11.</entry><entry VJ="1" align="left" colname="col3" colsep="0" valign="top">Prüfung der Berufszugangsvoraussetzungen</entry><entry VJ="1" align="left" colname="col4" colsep="0" valign="top">§ 9 Berufszugangs-Verordnung PBefG</entry><entry VJ="1" align="center" colname="col5" colsep="0" valign="top">25 bis 1 000</entry></row><row><entry VJ="1"/><entry VJ="1" align="center">12.</entry><entry VJ="1">Wiedergestattung der Führung von Personenkraftverkehrsgeschäften</entry><entry VJ="1">§ 25a Satz 3 PBefG</entry><entry VJ="1" align="center">bis zu 50 % der Gebühr für die Vornahme der entsprechenden Amtshandlung (Genehmigung) vorgesehenen Gebühr</entry></row><row><entry VJ="1" align="left" colsep="0" nameend="col3" namest="col1" valign="top">IV. Für Amtshandlungen, die unter I. bis III. nicht aufgeführt sind, können Gebühren erhoben werden</entry><entry VJ="1" align="justify" colname="col4" colsep="0" valign="top"/><entry VJ="1" align="center" colname="col5" colsep="0" valign="top">40 bis 160</entry></row></tbody></tgroup></table></Content></text><fussnoten/></textdaten></norm>
</dokumente>