<?xml version="1.0" encoding="UTF-8" ?><!DOCTYPE dokumente SYSTEM "http://www.gesetze-im-internet.de/dtd/1.01/gii-norm.dtd">
<dokumente builddate="20120625153411" doknr="BJNR108320009"><norm builddate="20120625153411" doknr="BJNR108320009"><metadaten><jurabk>SAA MNE</jurabk><ausfertigung-datum manuell="ja">2007-10-15</ausfertigung-datum><fundstelle typ="amtlich"><periodikum>BGBl II</periodikum><zitstelle>2009, 1083</zitstelle></fundstelle><langue>Stabilisierungs- und Assoziierungsabkommen zwischen den Europäischen Gemeinschaften und ihren Mitgliedstaaten einerseits und der Republik Montenegro andererseits</langue></metadaten><textdaten><fussnoten><Content><P>In Kraft gem. Bek. v. 2.7.2010 II 863 mWv 1.5.2010</P></Content></fussnoten></textdaten></norm>
</dokumente>