<?xml version="1.0" encoding="UTF-8" ?><!DOCTYPE dokumente SYSTEM "http://www.gesetze-im-internet.de/dtd/1.01/gii-norm.dtd">
<dokumente builddate="20120625155258" doknr="BJNR201090984"><norm builddate="20120625155258" doknr="BJNR201090984"><metadaten><jurabk>FluSiGebVbg</jurabk><ausfertigung-datum manuell="ja">1981-02-12</ausfertigung-datum><fundstelle typ="amtlich"><periodikum>BGBl II</periodikum><zitstelle>1984, 109</zitstelle></fundstelle><langue>Mehrseitige Vereinbarung über Flugsicherungs-Streckengebühren</langue></metadaten><textdaten><text format="decorated"/><fussnoten><Content><P>G v. 2.2.1984 II 69 <BR/>Vereinbarung in Kraft gem. Bek. v. 7.1.1986 II 409 mWv 1.1.1986</P></Content></fussnoten></textdaten></norm>
</dokumente>