<?xml version="1.0" encoding="UTF-8" ?><!DOCTYPE dokumente SYSTEM "http://www.gesetze-im-internet.de/dtd/1.01/gii-norm.dtd">
<dokumente builddate="20120625153310" doknr="BJNR090800993"><norm builddate="20120625153310" doknr="BJNR090800993"><metadaten><jurabk>SortSchBek 1993</jurabk><ausfertigung-datum manuell="ja">1993-06-01</ausfertigung-datum><fundstelle typ="amtlich"><periodikum>BGBl I</periodikum><zitstelle>1993, 908</zitstelle></fundstelle><langue>Bekanntmachung über die Gewährung eines dem Sortenschutz entsprechenden
Schutzes im Ausland</langue></metadaten><textdaten><text format="XML"><Content><P/></Content></text><fussnoten><Content><P>(+++ Textnachweis ab: 16. 6.1993 +++)</P></Content></fussnoten></textdaten></norm>
<norm builddate="20120625153310" doknr="BJNR090800993BJNE000100307"><metadaten><jurabk>SortSchBek 1993</jurabk><enbez>(XXXX)</enbez></metadaten><textdaten><text format="XML"><Content><P>Auf Grund des § 15 Abs. 1 Nr. 4 des Sortenschutzgesetzes vom 11. Dezember 1985 (BGBl. I S. 2170), der durch Artikel 1 Nr. 4 des Gesetzes vom 27. März 1992 (BGBl. I S. 727) geändert worden ist, gibt das Bundesministerium für Ernährung, Landwirtschaft und Forsten bekannt: <BR/>Ein dem Sortenschutz nach dem Sortenschutzgesetz entsprechender Schutz wird deutschen Staatsangehörigen oder Personen mit Wohnsitz oder Sitz im Inland gewährt in Österreich für Sorten der Arten, die nach den österreichischen Vorschriften Sortenschutz erhalten können.</P></Content></text></textdaten></norm>
</dokumente>