<?xml version="1.0" encoding="UTF-8" ?><!DOCTYPE dokumente SYSTEM "http://www.gesetze-im-internet.de/dtd/1.01/gii-norm.dtd">
<dokumente builddate="20120625153930" doknr="BJNR053400995"><norm builddate="20120625153930" doknr="BJNR053400995"><metadaten><jurabk>PatG§41Abs2Bek 95-04</jurabk><ausfertigung-datum manuell="ja">1995-04-10</ausfertigung-datum><fundstelle typ="amtlich"><periodikum>BGBl I</periodikum><zitstelle>1995, 534</zitstelle></fundstelle><langue>Bekanntmachung zu § 41 Abs. 2 des Patentgesetzes</langue></metadaten><textdaten><text format="XML"><Content><P/></Content></text><fussnoten><Content><P>(+++ Textnachweis ab: 27.4.1995 +++)</P></Content></fussnoten></textdaten></norm>
<norm builddate="20120625153930" doknr="BJNR053400995BJNE000100307"><metadaten><jurabk>PatG§41Abs2Bek 95-04</jurabk><enbez>(XXXX)</enbez></metadaten><textdaten><text format="XML"><Content><P>Auf Grund des § 41 Abs. 2 des Patentgesetzes in der Fassung der Bekanntmachung vom 16. Dezember 1980 (BGBl. 1981 I S. 1) und des § 7b Abs. 2 des Geschmacksmustergesetzes in der im Bundesgesetzblatt Teil III, Gliederungsnummer 442-1, veröffentlichten bereinigten Fassung, die durch Artikel 13 Abs. 1 und 2 des Markenrechtsreformgesetzes vom 25. Oktober 1994 (BGBl. I S. 3082, 1995 I S. 156) eingefügt worden sind, und des § 6 Abs. 2 des Gebrauchsmustergesetzes in der Fassung der Bekanntmachung vom 28. August 1986 (BGBl. I S. 1455) in Verbindung mit § 41 Abs. 2 des Patentgesetzes wird bekanntgemacht: <BR/>Deutsche genießen auf Grund einer ersten Anmeldung einer Erfindung zum Patent beim Deutschen Patentamt für eine Patentanmeldung in Ecuador ein Prioritätsrecht, das nach Voraussetzungen und Inhalt mit dem Prioritätsrecht nach der Pariser Verbandsübereinkunft vergleichbar ist.<BR/>Gleiches gilt für eine Gebrauchsmusteranmeldung in Ecuador auf Grund einer Gebrauchsmusteranmeldung beim Deutschen Patentamt und für eine Geschmacksmusteranmeldung in Ecuador auf Grund einer Geschmacksmusteranmeldung beim Deutschen Patentamt.<BR/>Diese Bekanntmachung ergeht im Anschluß an die Bekanntmachung vom 1. Januar 1995 (BGBl. I S. 25).</P><P>Die Bundesministerin der Justiz</P></Content></text></textdaten></norm>
</dokumente>