<?xml version="1.0" encoding="UTF-8" ?><!DOCTYPE dokumente SYSTEM "http://www.gesetze-im-internet.de/dtd/1.01/gii-norm.dtd">
<dokumente builddate="20131008093827" doknr="BJNR201140962"><norm builddate="20131008093827" doknr="BJNR201140962"><metadaten><jurabk>NATO/BRDVbg</jurabk><ausfertigung-datum manuell="ja">1961-11-30</ausfertigung-datum><fundstelle typ="amtlich"><periodikum>BGBl II</periodikum><zitstelle>1962, 114</zitstelle></fundstelle><langue>Vereinbarung zwischen der Nordatlantikvertrags-Organisation und der
Regierung der Bundesrepublik Deutschland über die Durchführung von Teil IV
des am 20. September 1951 in Ottawa unterzeichneten &quot;Übereinkommens über
den Status der Nordatlantikvertrags-Organisation, der nationalen
Vertreter und des internationalen Personals&quot;</langue></metadaten><textdaten><text format="decorated"/><fussnoten><Content><P>V v. 29.3.1962 II 113 <BR/>Inkraft gem. Bek. v. 11.10.1962 II 1523 mWv 21.6.1962</P></Content></fussnoten></textdaten></norm>
</dokumente>