<?xml version="1.0" encoding="UTF-8" ?><!DOCTYPE dokumente SYSTEM "http://www.gesetze-im-internet.de/dtd/1.01/gii-norm.dtd">
<dokumente builddate="20130405125348" doknr="BJNR009780973"><norm builddate="20130405125348" doknr="BJNR009780973"><metadaten><jurabk>BPräsAmtsbezAnO 1973-08</jurabk><ausfertigung-datum manuell="ja">1973-08-02</ausfertigung-datum><fundstelle typ="amtlich"><periodikum>BGBl I</periodikum><zitstelle>1973, 978</zitstelle></fundstelle><langue>Anordnung des Bundespräsidenten über die Festsetzung von
Amtsbezeichnungen</langue></metadaten><textdaten><text format="XML"><Content><P/></Content></text><fussnoten><Content><P>(+++ Textnachweis ab: 11. 8.1973 +++)</P></Content></fussnoten></textdaten></norm>
<norm builddate="20130405125348" doknr="BJNR009780973BJNE000100303"><metadaten><jurabk>BPräsAmtsbezAnO 1973-08</jurabk><enbez>(XXXX)</enbez></metadaten><textdaten><text format="XML"><Content><P>Gemäß § 81 Abs. 1 des Bundesbeamtengesetzes setze ich folgende Amtsbezeichnungen fest: <DL Font="normal" Type="arabic"><DT/><DD Font="normal"><LA Size="normal">Präsident der Bundesstelle für Umweltangelegenheiten,</LA><LA Size="normal">Vizepräsident der Bundesstelle für Umweltangelegenheiten,</LA><LA Size="normal">Erster Direktor und Professor bei der Bundesstelle für Umweltangelegenheiten.</LA></DD></DL></P></Content></text></textdaten></norm>
</dokumente>